{
  "gene": "TREM2",
  "chr": 6,
  "pop": "IBS",
  "super": "EUR",
  "midpoint": 41160846,
  "gstart": 41158506,
  "gend": 41163186,
  "win_lo": 40660846,
  "win_hi": 41660846,
  "n_variants": 24712,
  "n_enriched": 3917,
  "n_depleted": 20795,
  "depleted_to_enriched_ratio": 5.308909880010212,
  "max_fst": 0.2868717662569479,
  "mean_top10_fst": 0.22307211562008855,
  "most_diff_variant_pos": 41485209,
  "most_diff_variant_focal_af": 0.16878980891719744,
  "most_diff_variant_other_af": 0.5638380692876606,
  "most_diff_variant_diff": -0.39504826037046314
}