n_samples,n_haplotypes,n_pairs,n_sites,tmrca_cu_seconds,gamma_smc_seconds,speedup
50,100,4950,99501,0.806373119354248,45.910656452178955,56.93475557437317
100,200,19900,117259,4.169840574264526,184.57011381785074,44.26311043088382
200,400,79800,130296,457.0374381542206,740.1354312896729,1.619419700667771
500,1000,499500,154137,nan,4632.802605628967,nan
1000,2000,1999000,167436,nan,18540.485302607216,nan
