rsid,chrom,center_pos,window_half_bp,akbari_X,akbari_S,akbari_posterior,geom_mean_tmrca,arith_mean_tmrca,min_tmrca,n_pairs,n_sites
rs2377474,20,30964673,25000,-8.026562891448458,-0.006762887838184,0.9901,21805.86,28964.94,80.98,26796,1080
rs293709,20,31938106,25000,-6.838210805930133,-0.0213729757522212,0.9901,9630.18,12761.65,6.77,26796,375
rs62209647,20,32505658,25000,6.625393001299577,0.0231339739793037,0.9901,11722.69,16611.82,6.20,26796,392
rs2424995,20,33164515,25000,6.429142221030742,0.0230051868141794,0.9901,13669.96,23524.37,3.72,26796,539
rs35786764,20,5020018,25000,-6.394289790970368,-0.0105578357950929,0.9901,19433.73,26585.76,4.09,26796,763
rs369604532,20,37426160,25000,6.356333504867397,0.0053878444216426,0.9901,15192.20,22044.13,6.87,26796,589
rs6069740,20,55005002,25000,6.200433716049113,0.0176438989212581,0.9901,14620.61,21570.20,3.35,26796,605
rs73123161,20,18441988,25000,6.052024478582207,0.0110992644707954,0.9901,12406.98,18416.60,7.47,26796,457
rs62211528,20,33943897,25000,5.982354386609737,0.0204863468572285,0.9901,15440.36,23725.79,6.23,26796,500
rs117265989,20,62210244,25000,5.967554347827302,0.017753906776889,0.9901,18088.03,24622.87,3.28,26796,607
rs147297128,20,31414185,25000,5.952959714075422,0.0216963304852677,0.9901,15035.36,22450.88,18.73,26796,493
rs6074164,20,10621305,25000,5.859906774515788,0.0074196424552969,0.9901,7178.15,11350.62,4.01,26796,349
rs80054178,20,30294682,25000,5.756658863682691,0.0233635181679674,0.9901,21015.55,29133.97,109.59,26796,815
rs62208255,20,48654983,25000,5.73863803181343,0.0179109477724467,0.9901,8053.02,15363.10,3.46,26796,542
rs1204552,20,34638903,25000,5.573712338715916,0.0181324511913622,0.9901,7465.29,12960.84,6.47,26796,405
