rsid,chrom,center_pos,window_half_bp,akbari_X,akbari_S,akbari_posterior,geom_mean_tmrca,arith_mean_tmrca,min_tmrca,n_pairs,n_sites
rs2377474,20,32376870,25000,-8.026562891448458,-0.006762887838184,0.9901,9974.01,14596.36,7.04,26796,362
rs293709,20,33350300,25000,-6.838210805930133,-0.0213729757522212,0.9901,10891.81,16037.43,3.89,26796,447
rs62209647,20,33917852,25000,6.625393001299577,0.0231339739793037,0.9901,15012.27,23060.37,6.20,26796,507
rs2424995,20,34576711,25000,6.429142221030742,0.0230051868141794,0.9901,8620.05,14841.12,7.17,26796,312
rs35786764,20,5039372,25000,-6.394289790970368,-0.0105578357950929,0.9901,21464.69,28763.08,4.08,26796,772
rs369604532,20,38797517,25000,6.356333504867397,0.0053878444216426,0.9901,7499.71,18450.31,3.47,26796,534
rs6069740,20,56429946,25000,6.200433716049113,0.0176438989212581,0.9901,14213.42,19528.20,3.31,26796,460
rs73123161,20,18461344,25000,6.052024478582207,0.0110992644707954,0.9901,12141.75,17981.36,7.45,26796,442
rs62211528,20,35356094,25000,5.982354386609737,0.0204863468572285,0.9901,7867.83,12628.71,4.21,26796,338
rs117265989,20,63578891,25000,5.967554347827302,0.017753906776889,0.9901,15136.58,21394.72,7.20,26796,559
rs147297128,20,32826379,25000,5.952959714075422,0.0216963304852677,0.9901,11813.59,17116.86,5.68,26796,464
rs6074164,20,10640657,25000,5.859906774515788,0.0074196424552969,0.9901,10431.31,16055.35,4.01,26796,381
rs80054178,20,31706879,25000,5.756658863682691,0.0233635181679674,0.9901,6861.09,12898.09,6.98,26796,318
rs62208255,20,50038446,25000,5.73863803181343,0.0179109477724467,0.9901,14123.57,18336.08,3.55,26796,480
rs1204552,20,36050981,25000,5.573712338715916,0.0181324511913622,0.9901,9261.03,15073.63,3.82,26796,379
