rsid,chrom,center_pos,window_half_bp,akbari_X,akbari_S,akbari_posterior,geom_mean_tmrca,arith_mean_tmrca,min_tmrca,n_pairs,n_sites
rs2377474,20,30964673,25000,-8.026562891448458,-0.006762887838184,0.9901,22132.63,31437.26,35.30,10878,917
rs293709,20,31938106,25000,-6.838210805930133,-0.0213729757522212,0.9901,9914.34,13148.63,7.32,10878,309
rs62209647,20,32505658,25000,6.625393001299577,0.0231339739793037,0.9901,12254.35,17349.95,9.70,10878,360
rs2424995,20,33164515,25000,6.429142221030742,0.0230051868141794,0.9901,11119.81,20864.97,3.55,10878,454
rs35786764,20,5020018,25000,-6.394289790970368,-0.0105578357950929,0.9901,18589.29,25284.21,4.10,10878,696
rs369604532,20,37426160,25000,6.356333504867397,0.0053878444216426,0.9901,15931.92,23103.25,3.69,10878,532
rs6069740,20,55005002,25000,6.200433716049113,0.0176438989212581,0.9901,14448.04,21730.74,3.32,10878,545
rs73123161,20,18441988,25000,6.052024478582207,0.0110992644707954,0.9901,12577.28,18503.77,4.06,10878,432
rs62211528,20,33943897,25000,5.982354386609737,0.0204863468572285,0.9901,17032.56,24609.90,3.72,10878,498
rs117265989,20,62210244,25000,5.967554347827302,0.017753906776889,0.9901,19008.15,25623.62,10.24,10878,576
rs147297128,20,31414185,25000,5.952959714075422,0.0216963304852677,0.9901,14231.60,21832.99,27.75,10878,442
rs6074164,20,10621305,25000,5.859906774515788,0.0074196424552969,0.9901,7030.95,11156.66,4.02,10878,292
rs80054178,20,30294682,25000,5.756658863682691,0.0233635181679674,0.9901,21247.03,29687.61,93.53,10878,699
rs62208255,20,48654983,25000,5.73863803181343,0.0179109477724467,0.9901,8497.22,16028.44,21.33,10878,479
rs1204552,20,34638903,25000,5.573712338715916,0.0181324511913622,0.9901,7777.35,13548.92,6.92,10878,330
