rsid,chrom,center_pos,window_half_bp,akbari_X,akbari_S,akbari_posterior,geom_mean_tmrca,arith_mean_tmrca,min_tmrca,n_pairs,n_sites
rs2377474,20,32376870,25000,-8.026562891448458,-0.006762887838184,0.9901,10328.54,14901.07,10.46,10878,313
rs293709,20,33350300,25000,-6.838210805930133,-0.0213729757522212,0.9901,11926.65,16835.93,3.55,10878,403
rs62209647,20,33917852,25000,6.625393001299577,0.0231339739793037,0.9901,16727.38,24283.52,3.70,10878,487
rs2424995,20,34576711,25000,6.429142221030742,0.0230051868141794,0.9901,8060.91,14242.96,6.33,10878,239
rs35786764,20,5039372,25000,-6.394289790970368,-0.0105578357950929,0.9901,20249.98,27292.07,4.09,10878,696
rs369604532,20,38797517,25000,6.356333504867397,0.0053878444216426,0.9901,8867.84,20144.66,3.53,10878,469
rs6069740,20,56429946,25000,6.200433716049113,0.0176438989212581,0.9901,14917.54,20565.48,3.43,10878,421
rs73123161,20,18461344,25000,6.052024478582207,0.0110992644707954,0.9901,11933.50,17647.92,4.09,10878,405
rs62211528,20,35356094,25000,5.982354386609737,0.0204863468572285,0.9901,7631.14,12985.55,6.66,10878,281
rs117265989,20,63578891,25000,5.967554347827302,0.017753906776889,0.9901,14766.49,21449.72,12.36,10878,505
rs147297128,20,32826379,25000,5.952959714075422,0.0216963304852677,0.9901,12748.59,17852.11,6.61,10878,423
rs6074164,20,10640657,25000,5.859906774515788,0.0074196424552969,0.9901,10883.84,16564.94,4.02,10878,374
rs80054178,20,31706879,25000,5.756658863682691,0.0233635181679674,0.9901,7330.01,13545.70,7.53,10878,254
rs62208255,20,50038446,25000,5.73863803181343,0.0179109477724467,0.9901,14023.94,18915.44,3.52,10878,447
rs1204552,20,36050981,25000,5.573712338715916,0.0181324511913622,0.9901,8920.51,14776.44,3.75,10878,358
