rsid,chrom,center_pos,window_half_bp,akbari_X,akbari_S,akbari_posterior,geom_mean_tmrca,arith_mean_tmrca,min_tmrca,n_pairs,n_sites
rs2377474,20,30964673,25000,-8.026562891448458,-0.006762887838184,0.9901,15327.93,27445.41,36.20,34191,785
rs293709,20,31938106,25000,-6.838210805930133,-0.0213729757522212,0.9901,4486.16,9865.97,4.86,34191,218
rs62209647,20,32505658,25000,6.625393001299577,0.0231339739793037,0.9901,6942.12,13867.51,4.47,34191,266
rs2424995,20,33164515,25000,6.429142221030742,0.0230051868141794,0.9901,2332.92,6024.54,4.56,34191,210
rs35786764,20,5020018,25000,-6.394289790970368,-0.0105578357950929,0.9901,20050.16,30602.75,5.32,34191,472
rs369604532,20,37426160,25000,6.356333504867397,0.0053878444216426,0.9901,6019.69,12771.34,4.54,34191,335
rs6069740,20,55005002,25000,6.200433716049113,0.0176438989212581,0.9901,5121.25,11960.74,4.37,34191,278
rs73123161,20,18441988,25000,6.052024478582207,0.0110992644707954,0.9901,10950.55,19693.56,5.56,34191,294
rs62211528,20,33943897,25000,5.982354386609737,0.0204863468572285,0.9901,10048.00,20721.79,4.46,34191,357
rs117265989,20,62210244,25000,5.967554347827302,0.017753906776889,0.9901,16762.93,26520.29,4.78,34191,451
rs147297128,20,31414185,25000,5.952959714075422,0.0216963304852677,0.9901,6943.01,19426.46,20.22,34191,356
rs6074164,20,10621305,25000,5.859906774515788,0.0074196424552969,0.9901,10956.06,17646.07,4.94,34191,261
rs80054178,20,30294682,25000,5.756658863682691,0.0233635181679674,0.9901,10125.12,22838.78,75.99,34191,540
rs62208255,20,48654983,25000,5.73863803181343,0.0179109477724467,0.9901,12097.97,24647.48,4.63,34191,394
rs1204552,20,34638903,25000,5.573712338715916,0.0181324511913622,0.9901,6357.21,12260.75,4.49,34191,245
