rsid,chrom,center_pos,window_half_bp,akbari_X,akbari_S,akbari_posterior,geom_mean_tmrca,arith_mean_tmrca,min_tmrca,n_pairs,n_sites
rs2377474,20,32376870,25000,-8.026562891448458,-0.006762887838184,0.9901,6723.55,16842.62,4.47,34191,277
rs293709,20,33350300,25000,-6.838210805930133,-0.0213729757522212,0.9901,9207.73,15798.73,4.84,34191,259
rs62209647,20,33917852,25000,6.625393001299577,0.0231339739793037,0.9901,10705.74,21669.92,4.46,34191,333
rs2424995,20,34576711,25000,6.429142221030742,0.0230051868141794,0.9901,8854.28,17088.17,4.46,34191,230
rs35786764,20,5039372,25000,-6.394289790970368,-0.0105578357950929,0.9901,18838.12,30297.11,5.34,34191,461
rs369604532,20,38797517,25000,6.356333504867397,0.0053878444216426,0.9901,9436.30,22976.54,4.42,34191,376
rs6069740,20,56429946,25000,6.200433716049113,0.0176438989212581,0.9901,6102.91,13951.51,4.37,34191,283
rs73123161,20,18461344,25000,6.052024478582207,0.0110992644707954,0.9901,10501.17,18611.88,6.59,34191,299
rs62211528,20,35356094,25000,5.982354386609737,0.0204863468572285,0.9901,6803.98,14719.93,4.73,34191,195
rs117265989,20,63578891,25000,5.967554347827302,0.017753906776889,0.9901,17025.43,25820.50,8.57,34191,444
rs147297128,20,32826379,25000,5.952959714075422,0.0216963304852677,0.9901,10010.42,19561.20,4.52,34191,280
rs6074164,20,10640657,25000,5.859906774515788,0.0074196424552969,0.9901,13613.69,21593.74,4.95,34191,284
rs80054178,20,31706879,25000,5.756658863682691,0.0233635181679674,0.9901,1557.99,5284.24,8.38,34191,214
rs62208255,20,50038446,25000,5.73863803181343,0.0179109477724467,0.9901,8647.08,16479.02,7.06,34191,309
rs1204552,20,36050981,25000,5.573712338715916,0.0181324511913622,0.9901,3500.34,8512.21,4.44,34191,244
