rsid,chrom,center_pos,window_half_bp,akbari_X,akbari_S,akbari_posterior,geom_mean_tmrca,arith_mean_tmrca,min_tmrca,n_pairs,n_sites
rs2377474,20,32376870,25000,-8.026562891448458,-0.006762887838184,0.9901,5492.43,14836.02,25.71,17205,191
rs293709,20,33350300,25000,-6.838210805930133,-0.0213729757522212,0.9901,9676.48,18366.38,20.63,17205,196
rs62209647,20,33917852,25000,6.625393001299577,0.0231339739793037,0.9901,11187.45,22897.34,36.59,17205,261
rs2424995,20,34576711,25000,6.429142221030742,0.0230051868141794,0.9901,9027.56,18094.41,18.71,17205,180
rs35786764,20,5039372,25000,-6.394289790970368,-0.0105578357950929,0.9901,11020.30,19614.24,23.86,17205,359
rs369604532,20,38797517,25000,6.356333504867397,0.0053878444216426,0.9901,8806.01,23122.64,12.94,17205,279
rs6069740,20,56429946,25000,6.200433716049113,0.0176438989212581,0.9901,6899.44,15534.12,23.18,17205,174
rs73123161,20,18461344,25000,6.052024478582207,0.0110992644707954,0.9901,7937.16,18119.46,21.51,17205,256
rs62211528,20,35356094,25000,5.982354386609737,0.0204863468572285,0.9901,5035.74,13833.16,19.49,17205,152
rs117265989,20,63578891,25000,5.967554347827302,0.017753906776889,0.9901,12098.71,22199.04,112.22,17205,331
rs147297128,20,32826379,25000,5.952959714075422,0.0216963304852677,0.9901,5061.48,14118.79,30.97,17205,244
rs6074164,20,10640657,25000,5.859906774515788,0.0074196424552969,0.9901,9206.20,18561.32,34.89,17205,237
rs80054178,20,31706879,25000,5.756658863682691,0.0233635181679674,0.9901,868.09,1337.99,13.17,17205,110
rs62208255,20,50038446,25000,5.73863803181343,0.0179109477724467,0.9901,12132.34,19717.03,23.03,17205,245
rs1204552,20,36050981,25000,5.573712338715916,0.0181324511913622,0.9901,4793.82,11007.05,16.85,17205,172
