rsid,chrom,center_pos,window_half_bp,akbari_X,akbari_S,akbari_posterior,geom_mean_tmrca,arith_mean_tmrca,min_tmrca,n_pairs,n_sites
rs2377474,20,30964673,25000,-8.026562891448458,-0.006762887838184,0.9901,11175.25,19166.57,132.66,17205,654
rs293709,20,31938106,25000,-6.838210805930133,-0.0213729757522212,0.9901,3543.67,7860.40,23.40,17205,137
rs62209647,20,32505658,25000,6.625393001299577,0.0231339739793037,0.9901,5025.51,12229.51,21.38,17205,197
rs2424995,20,33164515,25000,6.429142221030742,0.0230051868141794,0.9901,2104.75,5031.16,15.82,17205,229
rs35786764,20,5020018,25000,-6.394289790970368,-0.0105578357950929,0.9901,10693.84,18427.42,23.82,17205,406
rs369604532,20,37426160,25000,6.356333504867397,0.0053878444216426,0.9901,9668.40,19048.31,27.28,17205,290
rs6069740,20,55005002,25000,6.200433716049113,0.0176438989212581,0.9901,6794.01,15222.46,9.36,17205,204
rs73123161,20,18441988,25000,6.052024478582207,0.0110992644707954,0.9901,6438.00,16447.02,21.72,17205,332
rs62211528,20,33943897,25000,5.982354386609737,0.0204863468572285,0.9901,10666.67,22434.87,41.45,17205,269
rs117265989,20,62210244,25000,5.967554347827302,0.017753906776889,0.9901,12978.10,24233.98,34.32,17205,352
rs147297128,20,31414185,25000,5.952959714075422,0.0216963304852677,0.9901,4664.84,14474.99,62.85,17205,204
rs6074164,20,10621305,25000,5.859906774515788,0.0074196424552969,0.9901,7641.99,15992.03,35.69,17205,205
rs80054178,20,30294682,25000,5.756658863682691,0.0233635181679674,0.9901,6082.26,16340.65,122.85,17205,320
rs62208255,20,48654983,25000,5.73863803181343,0.0179109477724467,0.9901,6276.38,20407.70,45.43,17205,332
rs1204552,20,34638903,25000,5.573712338715916,0.0181324511913622,0.9901,7136.03,14727.47,19.26,17205,159
