rsid,chrom,center_pos,window_half_bp,akbari_X,akbari_S,akbari_posterior,geom_mean_tmrca,arith_mean_tmrca,min_tmrca,n_pairs,n_sites
rs2377474,20,30964673,25000,-8.026562891448458,-0.006762887838184,0.9901,14007.41,23632.05,25.99,63903,774
rs293709,20,31938106,25000,-6.838210805930133,-0.0213729757522212,0.9901,7326.58,12811.41,4.48,63903,209
rs62209647,20,32505658,25000,6.625393001299577,0.0231339739793037,0.9901,4995.49,11144.05,4.47,63903,253
rs2424995,20,33164515,25000,6.429142221030742,0.0230051868141794,0.9901,3350.18,9260.27,4.46,63903,202
rs35786764,20,5020018,25000,-6.394289790970368,-0.0105578357950929,0.9901,15876.79,26844.16,5.27,63903,508
rs369604532,20,37426160,25000,6.356333504867397,0.0053878444216426,0.9901,6722.45,13487.26,4.44,63903,379
rs6069740,20,55005002,25000,6.200433716049113,0.0176438989212581,0.9901,5234.96,12181.57,4.37,63903,286
rs73123161,20,18441988,25000,6.052024478582207,0.0110992644707954,0.9901,11144.74,19816.55,4.82,63903,348
rs62211528,20,33943897,25000,5.982354386609737,0.0204863468572285,0.9901,11111.63,24169.12,4.46,63903,319
rs117265989,20,62210244,25000,5.967554347827302,0.017753906776889,0.9901,16701.03,26224.08,4.37,63903,429
rs147297128,20,31414185,25000,5.952959714075422,0.0216963304852677,0.9901,11571.77,24461.98,7.87,63903,384
rs6074164,20,10621305,25000,5.859906774515788,0.0074196424552969,0.9901,9228.46,15775.86,4.95,63903,280
rs80054178,20,30294682,25000,5.756658863682691,0.0233635181679674,0.9901,15890.76,28959.70,47.88,63903,466
rs62208255,20,48654983,25000,5.73863803181343,0.0179109477724467,0.9901,8347.69,20701.98,4.38,63903,362
rs1204552,20,34638903,25000,5.573712338715916,0.0181324511913622,0.9901,6269.02,13516.59,4.46,63903,244
