rsid,chrom,center_pos,window_half_bp,akbari_X,akbari_S,akbari_posterior,geom_mean_tmrca,arith_mean_tmrca,min_tmrca,n_pairs,n_sites
rs2377474,20,32376870,25000,-8.026562891448458,-0.006762887838184,0.9901,7334.10,17800.23,4.48,63903,216
rs293709,20,33350300,25000,-6.838210805930133,-0.0213729757522212,0.9901,8325.01,15251.37,4.47,63903,254
rs62209647,20,33917852,25000,6.625393001299577,0.0231339739793037,0.9901,9904.99,20785.99,4.46,63903,300
rs2424995,20,34576711,25000,6.429142221030742,0.0230051868141794,0.9901,6770.87,15313.02,4.46,63903,196
rs35786764,20,5039372,25000,-6.394289790970368,-0.0105578357950929,0.9901,16811.79,28685.60,5.27,63903,512
rs369604532,20,38797517,25000,6.356333504867397,0.0053878444216426,0.9901,9991.90,23938.76,4.42,63903,374
rs6069740,20,56429946,25000,6.200433716049113,0.0176438989212581,0.9901,5876.31,13975.52,4.37,63903,261
rs73123161,20,18461344,25000,6.052024478582207,0.0110992644707954,0.9901,10857.89,19123.39,4.85,63903,359
rs62211528,20,35356094,25000,5.982354386609737,0.0204863468572285,0.9901,4284.92,12359.41,4.45,63903,181
rs117265989,20,63578891,25000,5.967554347827302,0.017753906776889,0.9901,12759.69,23333.37,4.37,63903,426
rs147297128,20,32826379,25000,5.952959714075422,0.0216963304852677,0.9901,10754.75,20191.21,4.47,63903,312
rs6074164,20,10640657,25000,5.859906774515788,0.0074196424552969,0.9901,11242.64,19086.96,4.95,63903,300
rs80054178,20,31706879,25000,5.756658863682691,0.0233635181679674,0.9901,4170.61,12124.45,4.56,63903,232
rs62208255,20,50038446,25000,5.73863803181343,0.0179109477724467,0.9901,9990.34,17840.94,4.39,63903,257
rs1204552,20,36050981,25000,5.573712338715916,0.0181324511913622,0.9901,2475.83,6319.99,4.44,63903,228
