rsid,chrom,center_pos,window_half_bp,akbari_X,akbari_S,akbari_posterior,geom_mean_tmrca,arith_mean_tmrca,min_tmrca,n_pairs,n_sites
rs2377474,20,30964673,25000,-8.026562891448458,-0.006762887838184,0.9901,15467.96,29129.94,111.95,21115,712
rs293709,20,31938106,25000,-6.838210805930133,-0.0213729757522212,0.9901,2862.71,6792.30,42.69,21115,177
rs62209647,20,32505658,25000,6.625393001299577,0.0231339739793037,0.9901,4840.96,10964.23,55.79,21115,222
rs2424995,20,33164515,25000,6.429142221030742,0.0230051868141794,0.9901,2461.77,7378.55,26.42,21115,228
rs35786764,20,5020018,25000,-6.394289790970368,-0.0105578357950929,0.9901,9055.14,15525.67,8.15,21115,293
rs369604532,20,37426160,25000,6.356333504867397,0.0053878444216426,0.9901,7972.66,16984.97,64.01,21115,319
rs6069740,20,55005002,25000,6.200433716049113,0.0176438989212581,0.9901,6082.37,14361.40,111.64,21115,219
rs73123161,20,18441988,25000,6.052024478582207,0.0110992644707954,0.9901,8609.57,18359.89,51.77,21115,336
rs62211528,20,33943897,25000,5.982354386609737,0.0204863468572285,0.9901,9631.35,21757.81,86.06,21115,274
rs117265989,20,62210244,25000,5.967554347827302,0.017753906776889,0.9901,14477.18,26081.27,103.74,21115,340
rs147297128,20,31414185,25000,5.952959714075422,0.0216963304852677,0.9901,5195.38,16054.16,23.77,21115,235
rs6074164,20,10621305,25000,5.859906774515788,0.0074196424552969,0.9901,6412.34,13663.99,91.64,21115,179
rs80054178,20,30294682,25000,5.756658863682691,0.0233635181679674,0.9901,6863.80,17704.43,143.31,21115,354
rs62208255,20,48654983,25000,5.73863803181343,0.0179109477724467,0.9901,7619.60,22067.04,72.47,21115,349
rs1204552,20,34638903,25000,5.573712338715916,0.0181324511913622,0.9901,6828.00,14913.74,26.01,21115,199
