rsid,chrom,center_pos,window_half_bp,akbari_X,akbari_S,akbari_posterior,geom_mean_tmrca,arith_mean_tmrca,min_tmrca,n_pairs,n_sites
rs2377474,20,30964673,25000,-8.026562891448458,-0.006762887838184,0.9901,11294.26,22964.75,21.77,52975,678
rs293709,20,31938106,25000,-6.838210805930133,-0.0213729757522212,0.9901,3186.12,6973.61,4.53,52975,171
rs62209647,20,32505658,25000,6.625393001299577,0.0231339739793037,0.9901,4393.59,10189.73,4.52,52975,228
rs2424995,20,33164515,25000,6.429142221030742,0.0230051868141794,0.9901,2672.29,7737.67,4.51,52975,260
rs35786764,20,5020018,25000,-6.394289790970368,-0.0105578357950929,0.9901,8700.06,15189.84,5.38,52975,401
rs369604532,20,37426160,25000,6.356333504867397,0.0053878444216426,0.9901,8823.07,18026.25,4.48,52975,342
rs6069740,20,55005002,25000,6.200433716049113,0.0176438989212581,0.9901,6902.31,15690.22,4.42,52975,243
rs73123161,20,18441988,25000,6.052024478582207,0.0110992644707954,0.9901,9066.06,19334.15,4.74,52975,356
rs62211528,20,33943897,25000,5.982354386609737,0.0204863468572285,0.9901,11167.54,23562.76,4.51,52975,309
rs117265989,20,62210244,25000,5.967554347827302,0.017753906776889,0.9901,13431.13,24655.54,4.90,52975,371
rs147297128,20,31414185,25000,5.952959714075422,0.0216963304852677,0.9901,6156.79,17972.13,4.93,52975,282
rs6074164,20,10621305,25000,5.859906774515788,0.0074196424552969,0.9901,8070.13,15727.23,5.03,52975,229
rs80054178,20,30294682,25000,5.756658863682691,0.0233635181679674,0.9901,8434.00,20997.92,48.87,52975,426
rs62208255,20,48654983,25000,5.73863803181343,0.0179109477724467,0.9901,9259.99,23838.45,4.43,52975,365
rs1204552,20,34638903,25000,5.573712338715916,0.0181324511913622,0.9901,7358.09,15041.81,4.51,52975,216
