rsid,chrom,center_pos,window_half_bp,akbari_X,akbari_S,akbari_posterior,geom_mean_tmrca,arith_mean_tmrca,min_tmrca,n_pairs,n_sites
rs2377474,20,30964673,25000,-8.026562891448458,-0.006762887838184,0.9901,19570.36,32706.09,39.74,34716,888
rs293709,20,31938106,25000,-6.838210805930133,-0.0213729757522212,0.9901,8077.48,13256.54,4.65,34716,257
rs62209647,20,32505658,25000,6.625393001299577,0.0231339739793037,0.9901,7026.35,13843.72,4.45,34716,304
rs2424995,20,33164515,25000,6.429142221030742,0.0230051868141794,0.9901,3664.72,10230.45,4.44,34716,390
rs35786764,20,5020018,25000,-6.394289790970368,-0.0105578357950929,0.9901,13624.16,22702.80,5.20,34716,596
rs369604532,20,37426160,25000,6.356333504867397,0.0053878444216426,0.9901,7863.28,15805.09,4.41,34716,414
rs6069740,20,55005002,25000,6.200433716049113,0.0176438989212581,0.9901,6936.13,15449.55,4.36,34716,386
rs73123161,20,18441988,25000,6.052024478582207,0.0110992644707954,0.9901,12211.01,20797.40,4.64,34716,466
rs62211528,20,33943897,25000,5.982354386609737,0.0204863468572285,0.9901,11343.33,23335.46,4.44,34716,434
rs117265989,20,62210244,25000,5.967554347827302,0.017753906776889,0.9901,16187.28,25487.80,4.80,34716,497
rs147297128,20,31414185,25000,5.952959714075422,0.0216963304852677,0.9901,11229.58,23309.69,11.59,34716,439
rs6074164,20,10621305,25000,5.859906774515788,0.0074196424552969,0.9901,9183.89,16594.56,4.91,34716,298
rs80054178,20,30294682,25000,5.756658863682691,0.0233635181679674,0.9901,15359.26,27424.49,84.93,34716,581
rs62208255,20,48654983,25000,5.73863803181343,0.0179109477724467,0.9901,11381.60,22702.16,8.69,34716,429
rs1204552,20,34638903,25000,5.573712338715916,0.0181324511913622,0.9901,6379.44,13041.17,4.44,34716,291
