rsid,chrom,center_pos,window_half_bp,akbari_X,akbari_S,akbari_posterior,geom_mean_tmrca,arith_mean_tmrca,min_tmrca,n_pairs,n_sites
rs2377474,20,32376870,25000,-8.026562891448458,-0.006762887838184,0.9901,9092.31,18515.02,5.17,34716,272
rs293709,20,33350300,25000,-6.838210805930133,-0.0213729757522212,0.9901,10804.57,18351.66,4.44,34716,322
rs62209647,20,33917852,25000,6.625393001299577,0.0231339739793037,0.9901,9157.01,20237.91,4.44,34716,390
rs2424995,20,34576711,25000,6.429142221030742,0.0230051868141794,0.9901,6459.78,13764.47,4.44,34716,251
rs35786764,20,5039372,25000,-6.394289790970368,-0.0105578357950929,0.9901,15326.33,25323.77,5.19,34716,575
rs369604532,20,38797517,25000,6.356333504867397,0.0053878444216426,0.9901,11707.49,24679.65,4.40,34716,437
rs6069740,20,56429946,25000,6.200433716049113,0.0176438989212581,0.9901,7763.64,16298.73,4.36,34716,334
rs73123161,20,18461344,25000,6.052024478582207,0.0110992644707954,0.9901,12419.26,20587.24,4.64,34716,421
rs62211528,20,35356094,25000,5.982354386609737,0.0204863468572285,0.9901,3969.13,11620.57,4.43,34716,259
rs117265989,20,63578891,25000,5.967554347827302,0.017753906776889,0.9901,12171.80,21808.60,5.11,34716,455
rs147297128,20,32826379,25000,5.952959714075422,0.0216963304852677,0.9901,10965.82,19694.89,4.45,34716,377
rs6074164,20,10640657,25000,5.859906774515788,0.0074196424552969,0.9901,11798.47,20478.08,4.91,34716,336
rs80054178,20,31706879,25000,5.756658863682691,0.0233635181679674,0.9901,3844.46,11104.79,4.60,34716,240
rs62208255,20,50038446,25000,5.73863803181343,0.0179109477724467,0.9901,11096.63,18689.89,7.18,34716,429
rs1204552,20,36050981,25000,5.573712338715916,0.0181324511913622,0.9901,3029.07,8911.15,4.43,34716,289
