rsid,chrom,center_pos,window_half_bp,akbari_X,akbari_S,akbari_posterior,geom_mean_tmrca,arith_mean_tmrca,min_tmrca,n_pairs,n_sites
rs2377474,20,32376870,25000,-8.026562891448458,-0.006762887838184,0.9901,7764.69,12294.75,3.57,44253,376
rs293709,20,33350300,25000,-6.838210805930133,-0.0213729757522212,0.9901,11454.14,16831.07,3.54,44253,444
rs62209647,20,33917852,25000,6.625393001299577,0.0231339739793037,0.9901,12836.30,21071.82,3.54,44253,491
rs2424995,20,34576711,25000,6.429142221030742,0.0230051868141794,0.9901,8434.73,15090.33,3.94,44253,321
rs35786764,20,5039372,25000,-6.394289790970368,-0.0105578357950929,0.9901,21597.43,29282.63,4.15,44253,728
rs369604532,20,38797517,25000,6.356333504867397,0.0053878444216426,0.9901,8015.52,19053.57,3.47,44253,521
rs6069740,20,56429946,25000,6.200433716049113,0.0176438989212581,0.9901,13373.68,19412.78,3.31,44253,456
rs73123161,20,18461344,25000,6.052024478582207,0.0110992644707954,0.9901,11353.93,17709.66,3.81,44253,379
rs62211528,20,35356094,25000,5.982354386609737,0.0204863468572285,0.9901,8011.69,12706.69,3.52,44253,350
rs117265989,20,63578891,25000,5.967554347827302,0.017753906776889,0.9901,14619.21,21042.30,3.49,44253,493
rs147297128,20,32826379,25000,5.952959714075422,0.0216963304852677,0.9901,11741.43,17273.61,3.56,44253,410
rs6074164,20,10640657,25000,5.859906774515788,0.0074196424552969,0.9901,9677.78,15870.87,4.01,44253,366
rs80054178,20,31706879,25000,5.756658863682691,0.0233635181679674,0.9901,6193.65,12672.41,3.65,44253,306
rs62208255,20,50038446,25000,5.73863803181343,0.0179109477724467,0.9901,13412.11,18300.10,3.36,44253,436
rs1204552,20,36050981,25000,5.573712338715916,0.0181324511913622,0.9901,11125.36,17264.03,3.52,44253,390
