rsid,chrom,center_pos,window_half_bp,akbari_X,akbari_S,akbari_posterior,geom_mean_tmrca,arith_mean_tmrca,min_tmrca,n_pairs,n_sites
rs2377474,20,30964673,25000,-8.026562891448458,-0.006762887838184,0.9901,20330.45,28151.72,26.75,44253,830
rs293709,20,31938106,25000,-6.838210805930133,-0.0213729757522212,0.9901,9041.36,12512.51,3.68,44253,359
rs62209647,20,32505658,25000,6.625393001299577,0.0231339739793037,0.9901,12108.84,17426.43,3.56,44253,396
rs2424995,20,33164515,25000,6.429142221030742,0.0230051868141794,0.9901,11848.59,21987.77,3.55,44253,494
rs35786764,20,5020018,25000,-6.394289790970368,-0.0105578357950929,0.9901,19786.99,27400.64,4.14,44253,732
rs369604532,20,37426160,25000,6.356333504867397,0.0053878444216426,0.9901,15465.00,22486.75,3.49,44253,573
rs6069740,20,55005002,25000,6.200433716049113,0.0176438989212581,0.9901,15683.37,22306.82,3.32,44253,546
rs73123161,20,18441988,25000,6.052024478582207,0.0110992644707954,0.9901,11540.83,17934.85,3.81,44253,399
rs62211528,20,33943897,25000,5.982354386609737,0.0204863468572285,0.9901,13688.27,22479.38,3.54,44253,471
rs117265989,20,62210244,25000,5.967554347827302,0.017753906776889,0.9901,18074.52,24974.15,5.48,44253,559
rs147297128,20,31414185,25000,5.952959714075422,0.0216963304852677,0.9901,15742.77,23628.86,4.98,44253,460
rs6074164,20,10621305,25000,5.859906774515788,0.0074196424552969,0.9901,6328.50,10994.27,4.01,44253,322
rs80054178,20,30294682,25000,5.756658863682691,0.0233635181679674,0.9901,21180.47,29665.61,78.42,44253,788
rs62208255,20,48654983,25000,5.73863803181343,0.0179109477724467,0.9901,8971.14,16505.64,21.47,44253,571
rs1204552,20,34638903,25000,5.573712338715916,0.0181324511913622,0.9901,7828.09,14057.82,6.08,44253,401
