rsid,chrom,center_pos,window_half_bp,akbari_X,akbari_S,akbari_posterior,geom_mean_tmrca,arith_mean_tmrca,min_tmrca,n_pairs,n_sites
rs2377474,20,30964673,25000,-8.026562891448458,-0.006762887838184,0.9901,14721.52,22746.40,102.99,19503,587
rs293709,20,31938106,25000,-6.838210805930133,-0.0213729757522212,0.9901,6912.67,12244.89,8.86,19503,173
rs62209647,20,32505658,25000,6.625393001299577,0.0231339739793037,0.9901,7297.89,14664.24,4.85,19503,216
rs2424995,20,33164515,25000,6.429142221030742,0.0230051868141794,0.9901,3582.18,10644.67,4.89,19503,170
rs35786764,20,5020018,25000,-6.394289790970368,-0.0105578357950929,0.9901,13251.73,22882.88,19.39,19503,461
rs369604532,20,37426160,25000,6.356333504867397,0.0053878444216426,0.9901,5333.16,10419.17,9.61,19503,282
rs6069740,20,55005002,25000,6.200433716049113,0.0176438989212581,0.9901,5597.06,13225.70,7.67,19503,230
rs73123161,20,18441988,25000,6.052024478582207,0.0110992644707954,0.9901,11707.60,20746.13,14.14,19503,265
rs62211528,20,33943897,25000,5.982354386609737,0.0204863468572285,0.9901,11124.20,23582.67,13.24,19503,287
rs117265989,20,62210244,25000,5.967554347827302,0.017753906776889,0.9901,18344.94,28008.05,23.21,19503,374
rs147297128,20,31414185,25000,5.952959714075422,0.0216963304852677,0.9901,11342.72,24509.20,43.49,19503,331
rs6074164,20,10621305,25000,5.859906774515788,0.0074196424552969,0.9901,8323.24,14945.68,5.39,19503,226
rs80054178,20,30294682,25000,5.756658863682691,0.0233635181679674,0.9901,14092.11,27353.06,126.98,19503,420
rs62208255,20,48654983,25000,5.73863803181343,0.0179109477724467,0.9901,6760.13,18669.27,37.20,19503,307
rs1204552,20,34638903,25000,5.573712338715916,0.0181324511913622,0.9901,5706.50,13601.61,6.49,19503,168
