rsid,chrom,center_pos,window_half_bp,akbari_X,akbari_S,akbari_posterior,geom_mean_tmrca,arith_mean_tmrca,min_tmrca,n_pairs,n_sites
rs2377474,20,32376870,25000,-8.026562891448458,-0.006762887838184,0.9901,8480.49,18752.71,8.27,19503,181
rs293709,20,33350300,25000,-6.838210805930133,-0.0213729757522212,0.9901,8696.50,15829.69,4.76,19503,212
rs62209647,20,33917852,25000,6.625393001299577,0.0231339739793037,0.9901,10042.09,21948.25,12.93,19503,267
rs2424995,20,34576711,25000,6.429142221030742,0.0230051868141794,0.9901,5802.41,14086.20,5.35,19503,158
rs35786764,20,5039372,25000,-6.394289790970368,-0.0105578357950929,0.9901,14004.80,24721.79,26.76,19503,453
rs369604532,20,38797517,25000,6.356333504867397,0.0053878444216426,0.9901,9483.78,23356.72,4.53,19503,318
rs6069740,20,56429946,25000,6.200433716049113,0.0176438989212581,0.9901,4563.33,12080.00,8.21,19503,228
rs73123161,20,18461344,25000,6.052024478582207,0.0110992644707954,0.9901,12075.22,20797.66,14.28,19503,257
rs62211528,20,35356094,25000,5.982354386609737,0.0204863468572285,0.9901,5044.41,13706.16,4.79,19503,145
rs117265989,20,63578891,25000,5.967554347827302,0.017753906776889,0.9901,14628.19,25145.20,47.67,19503,357
rs147297128,20,32826379,25000,5.952959714075422,0.0216963304852677,0.9901,10652.43,20649.50,4.93,19503,261
rs6074164,20,10640657,25000,5.859906774515788,0.0074196424552969,0.9901,10073.65,18016.41,5.42,19503,251
rs80054178,20,31706879,25000,5.756658863682691,0.0233635181679674,0.9901,5148.36,13631.78,9.07,19503,178
rs62208255,20,50038446,25000,5.73863803181343,0.0179109477724467,0.9901,10004.43,18386.95,13.98,19503,240
rs1204552,20,36050981,25000,5.573712338715916,0.0181324511913622,0.9901,2926.02,7669.69,4.69,19503,187
