rsid,chrom,center_pos,window_half_bp,akbari_X,akbari_S,akbari_posterior,geom_mean_tmrca,arith_mean_tmrca,min_tmrca,n_pairs,n_sites
rs2377474,20,30964673,25000,-8.026562891448458,-0.006762887838184,0.9901,15985.39,26633.89,84.92,16471,614
rs293709,20,31938106,25000,-6.838210805930133,-0.0213729757522212,0.9901,6674.41,12058.66,13.90,16471,172
rs62209647,20,32505658,25000,6.625393001299577,0.0231339739793037,0.9901,4945.91,11625.58,12.74,16471,213
rs2424995,20,33164515,25000,6.429142221030742,0.0230051868141794,0.9901,3159.14,8709.35,8.58,16471,178
rs35786764,20,5020018,25000,-6.394289790970368,-0.0105578357950929,0.9901,14496.40,24457.19,45.46,16471,478
rs369604532,20,37426160,25000,6.356333504867397,0.0053878444216426,0.9901,7180.22,14352.56,20.88,16471,314
rs6069740,20,55005002,25000,6.200433716049113,0.0176438989212581,0.9901,5848.34,13265.34,9.46,16471,244
rs73123161,20,18441988,25000,6.052024478582207,0.0110992644707954,0.9901,9803.28,18649.14,12.07,16471,289
rs62211528,20,33943897,25000,5.982354386609737,0.0204863468572285,0.9901,11493.32,24248.88,20.31,16471,318
rs117265989,20,62210244,25000,5.967554347827302,0.017753906776889,0.9901,17098.26,26370.06,82.94,16471,393
rs147297128,20,31414185,25000,5.952959714075422,0.0216963304852677,0.9901,10438.17,23290.82,31.37,16471,322
rs6074164,20,10621305,25000,5.859906774515788,0.0074196424552969,0.9901,8402.58,15416.14,9.84,16471,254
rs80054178,20,30294682,25000,5.756658863682691,0.0233635181679674,0.9901,14854.25,28114.88,145.53,16471,412
rs62208255,20,48654983,25000,5.73863803181343,0.0179109477724467,0.9901,9259.47,21754.85,43.54,16471,312
rs1204552,20,34638903,25000,5.573712338715916,0.0181324511913622,0.9901,6664.20,14345.69,22.49,16471,208
