rsid,chrom,center_pos,window_half_bp,akbari_X,akbari_S,akbari_posterior,geom_mean_tmrca,arith_mean_tmrca,min_tmrca,n_pairs,n_sites
rs2377474,20,32376870,25000,-8.026562891448458,-0.006762887838184,0.9901,6900.71,17538.76,27.80,16471,180
rs293709,20,33350300,25000,-6.838210805930133,-0.0213729757522212,0.9901,8382.91,15367.70,5.25,16471,187
rs62209647,20,33917852,25000,6.625393001299577,0.0231339739793037,0.9901,9966.93,21075.03,17.78,16471,277
rs2424995,20,34576711,25000,6.429142221030742,0.0230051868141794,0.9901,6930.47,15590.84,17.49,16471,173
rs35786764,20,5039372,25000,-6.394289790970368,-0.0105578357950929,0.9901,15773.30,26763.40,46.05,16471,475
rs369604532,20,38797517,25000,6.356333504867397,0.0053878444216426,0.9901,10559.21,25142.94,8.59,16471,339
rs6069740,20,56429946,25000,6.200433716049113,0.0176438989212581,0.9901,6017.33,13705.19,4.76,16471,234
rs73123161,20,18461344,25000,6.052024478582207,0.0110992644707954,0.9901,9634.66,17691.73,14.29,16471,306
rs62211528,20,35356094,25000,5.982354386609737,0.0204863468572285,0.9901,4254.71,12729.72,4.91,16471,159
rs117265989,20,63578891,25000,5.967554347827302,0.017753906776889,0.9901,10593.52,21691.67,37.20,16471,378
rs147297128,20,32826379,25000,5.952959714075422,0.0216963304852677,0.9901,11487.56,20976.71,23.12,16471,277
rs6074164,20,10640657,25000,5.859906774515788,0.0074196424552969,0.9901,10510.57,19068.61,10.11,16471,263
rs80054178,20,31706879,25000,5.756658863682691,0.0233635181679674,0.9901,3131.45,10631.81,6.48,16471,160
rs62208255,20,50038446,25000,5.73863803181343,0.0179109477724467,0.9901,10739.93,18693.75,40.23,16471,225
rs1204552,20,36050981,25000,5.573712338715916,0.0181324511913622,0.9901,2745.15,7668.57,13.57,16471,168
