rsid,chrom,center_pos,window_half_bp,akbari_X,akbari_S,akbari_posterior,geom_mean_tmrca,arith_mean_tmrca,min_tmrca,n_pairs,n_sites
rs2377474,20,30964673,25000,-8.026562891448458,-0.006762887838184,0.9901,14299.65,28487.66,97.47,21115,701
rs293709,20,31938106,25000,-6.838210805930133,-0.0213729757522212,0.9901,3426.21,8345.69,17.08,21115,187
rs62209647,20,32505658,25000,6.625393001299577,0.0231339739793037,0.9901,6604.24,14304.95,10.87,21115,239
rs2424995,20,33164515,25000,6.429142221030742,0.0230051868141794,0.9901,2567.74,8074.13,8.53,21115,146
rs35786764,20,5020018,25000,-6.394289790970368,-0.0105578357950929,0.9901,20261.49,30788.55,5.97,21115,495
rs369604532,20,37426160,25000,6.356333504867397,0.0053878444216426,0.9901,5053.74,10433.94,12.77,21115,323
rs6069740,20,55005002,25000,6.200433716049113,0.0176438989212581,0.9901,6042.43,13572.64,13.62,21115,261
rs73123161,20,18441988,25000,6.052024478582207,0.0110992644707954,0.9901,11530.27,20094.38,18.56,21115,301
rs62211528,20,33943897,25000,5.982354386609737,0.0204863468572285,0.9901,10502.63,21423.85,18.67,21115,314
rs117265989,20,62210244,25000,5.967554347827302,0.017753906776889,0.9901,15319.20,25604.79,38.57,21115,373
rs147297128,20,31414185,25000,5.952959714075422,0.0216963304852677,0.9901,6609.57,17659.71,52.95,21115,380
rs6074164,20,10621305,25000,5.859906774515788,0.0074196424552969,0.9901,11424.12,17919.56,10.67,21115,267
rs80054178,20,30294682,25000,5.756658863682691,0.0233635181679674,0.9901,8372.47,20795.24,113.99,21115,503
rs62208255,20,48654983,25000,5.73863803181343,0.0179109477724467,0.9901,13367.05,26022.19,43.28,21115,376
rs1204552,20,34638903,25000,5.573712338715916,0.0181324511913622,0.9901,6556.34,12550.13,8.49,21115,228
