rsid,chrom,center_pos,window_half_bp,akbari_X,akbari_S,akbari_posterior,geom_mean_tmrca,arith_mean_tmrca,min_tmrca,n_pairs,n_sites
rs2377474,20,32376870,25000,-8.026562891448458,-0.006762887838184,0.9901,7032.12,17086.14,12.84,21115,257
rs293709,20,33350300,25000,-6.838210805930133,-0.0213729757522212,0.9901,8377.03,15625.27,9.79,21115,235
rs62209647,20,33917852,25000,6.625393001299577,0.0231339739793037,0.9901,11511.37,23180.73,17.37,21115,301
rs2424995,20,34576711,25000,6.429142221030742,0.0230051868141794,0.9901,8896.20,17247.95,10.26,21115,196
rs35786764,20,5039372,25000,-6.394289790970368,-0.0105578357950929,0.9901,18815.69,30377.15,6.12,21115,494
rs369604532,20,38797517,25000,6.356333504867397,0.0053878444216426,0.9901,7228.96,20511.37,8.25,21115,362
rs6069740,20,56429946,25000,6.200433716049113,0.0176438989212581,0.9901,3955.58,10233.20,13.69,21115,262
rs73123161,20,18461344,25000,6.052024478582207,0.0110992644707954,0.9901,11836.63,19889.30,20.59,21115,304
rs62211528,20,35356094,25000,5.982354386609737,0.0204863468572285,0.9901,6371.34,13950.76,13.82,21115,157
rs117265989,20,63578891,25000,5.967554347827302,0.017753906776889,0.9901,16967.38,26185.10,35.60,21115,399
rs147297128,20,32826379,25000,5.952959714075422,0.0216963304852677,0.9901,10317.09,19595.27,12.46,21115,283
rs6074164,20,10640657,25000,5.859906774515788,0.0074196424552969,0.9901,13782.92,21582.80,10.65,21115,279
rs80054178,20,31706879,25000,5.756658863682691,0.0233635181679674,0.9901,1266.99,3486.46,14.49,21115,220
rs62208255,20,50038446,25000,5.73863803181343,0.0179109477724467,0.9901,9407.15,17668.53,23.55,21115,278
rs1204552,20,36050981,25000,5.573712338715916,0.0181324511913622,0.9901,3832.13,8908.24,12.76,21115,228
