rsid,chrom,center_pos,window_half_bp,akbari_X,akbari_S,akbari_posterior,geom_mean_tmrca,arith_mean_tmrca,min_tmrca,n_pairs,n_sites
rs2377474,20,30964673,25000,-8.026562891448458,-0.006762887838184,0.9901,21894.59,29220.25,10.31,63190,1071
rs293709,20,31938106,25000,-6.838210805930133,-0.0213729757522212,0.9901,9165.06,12341.62,3.87,63190,304
rs62209647,20,32505658,25000,6.625393001299577,0.0231339739793037,0.9901,11862.93,16930.46,3.56,63190,409
rs2424995,20,33164515,25000,6.429142221030742,0.0230051868141794,0.9901,12983.10,22779.08,3.54,63190,509
rs35786764,20,5020018,25000,-6.394289790970368,-0.0105578357950929,0.9901,18180.82,25155.60,4.09,63190,777
rs369604532,20,37426160,25000,6.356333504867397,0.0053878444216426,0.9901,17097.65,23357.78,3.83,63190,651
rs6069740,20,55005002,25000,6.200433716049113,0.0176438989212581,0.9901,14437.28,21548.12,3.31,63190,607
rs73123161,20,18441988,25000,6.052024478582207,0.0110992644707954,0.9901,12429.99,18577.23,3.81,63190,460
rs62211528,20,33943897,25000,5.982354386609737,0.0204863468572285,0.9901,12069.86,21111.92,3.54,63190,540
rs117265989,20,62210244,25000,5.967554347827302,0.017753906776889,0.9901,17215.14,24393.49,3.35,63190,618
rs147297128,20,31414185,25000,5.952959714075422,0.0216963304852677,0.9901,14975.28,22620.94,6.98,63190,507
rs6074164,20,10621305,25000,5.859906774515788,0.0074196424552969,0.9901,6865.02,11350.08,4.01,63190,304
rs80054178,20,30294682,25000,5.756658863682691,0.0233635181679674,0.9901,22945.98,30744.84,62.93,63190,858
rs62208255,20,48654983,25000,5.73863803181343,0.0179109477724467,0.9901,7079.63,14164.66,3.48,63190,522
rs1204552,20,34638903,25000,5.573712338715916,0.0181324511913622,0.9901,7031.63,13085.29,3.62,63190,402
