rsid,chrom,center_pos,window_half_bp,akbari_X,akbari_S,akbari_posterior,geom_mean_tmrca,arith_mean_tmrca,min_tmrca,n_pairs,n_sites
rs2377474,20,32376870,25000,-8.026562891448458,-0.006762887838184,0.9901,9619.73,14412.89,3.74,63190,370
rs293709,20,33350300,25000,-6.838210805930133,-0.0213729757522212,0.9901,11777.84,17214.07,3.54,63190,433
rs62209647,20,33917852,25000,6.625393001299577,0.0231339739793037,0.9901,12072.07,20980.06,3.54,63190,543
rs2424995,20,34576711,25000,6.429142221030742,0.0230051868141794,0.9901,7090.64,14034.29,3.57,63190,322
rs35786764,20,5039372,25000,-6.394289790970368,-0.0105578357950929,0.9901,20558.53,27825.15,4.08,63190,760
rs369604532,20,38797517,25000,6.356333504867397,0.0053878444216426,0.9901,8301.16,19832.48,3.47,63190,554
rs6069740,20,56429946,25000,6.200433716049113,0.0176438989212581,0.9901,12737.45,19042.15,3.31,63190,477
rs73123161,20,18461344,25000,6.052024478582207,0.0110992644707954,0.9901,11493.37,17538.27,3.81,63190,455
rs62211528,20,35356094,25000,5.982354386609737,0.0204863468572285,0.9901,9303.02,14219.05,6.74,63190,340
rs117265989,20,63578891,25000,5.967554347827302,0.017753906776889,0.9901,13986.69,20219.83,3.50,63190,609
rs147297128,20,32826379,25000,5.952959714075422,0.0216963304852677,0.9901,10996.19,16339.68,3.55,63190,456
rs6074164,20,10640657,25000,5.859906774515788,0.0074196424552969,0.9901,10411.21,16543.14,4.01,63190,365
rs80054178,20,31706879,25000,5.756658863682691,0.0233635181679674,0.9901,6575.45,12741.53,3.68,63190,318
rs62208255,20,50038446,25000,5.73863803181343,0.0179109477724467,0.9901,13695.11,18903.36,3.36,63190,486
rs1204552,20,36050981,25000,5.573712338715916,0.0181324511913622,0.9901,9588.68,15159.16,3.60,63190,427
