rsid,chrom,center_pos,window_half_bp,akbari_X,akbari_S,akbari_posterior,geom_mean_tmrca,arith_mean_tmrca,min_tmrca,n_pairs,n_sites
rs2377474,20,30964673,25000,-8.026562891448458,-0.006762887838184,0.9901,13346.92,21957.02,39.64,49141,732
rs293709,20,31938106,25000,-6.838210805930133,-0.0213729757522212,0.9901,7681.54,13008.03,4.54,49141,193
rs62209647,20,32505658,25000,6.625393001299577,0.0231339739793037,0.9901,5401.88,12140.02,4.47,49141,275
rs2424995,20,33164515,25000,6.429142221030742,0.0230051868141794,0.9901,3069.88,8507.76,4.46,49141,365
rs35786764,20,5020018,25000,-6.394289790970368,-0.0105578357950929,0.9901,13721.80,23249.74,5.26,49141,557
rs369604532,20,37426160,25000,6.356333504867397,0.0053878444216426,0.9901,6273.26,12696.22,4.43,49141,365
rs6069740,20,55005002,25000,6.200433716049113,0.0176438989212581,0.9901,6614.96,14749.01,4.37,49141,288
rs73123161,20,18441988,25000,6.052024478582207,0.0110992644707954,0.9901,11515.56,20300.04,4.67,49141,325
rs62211528,20,33943897,25000,5.982354386609737,0.0204863468572285,0.9901,10674.38,23234.66,4.46,49141,352
rs117265989,20,62210244,25000,5.967554347827302,0.017753906776889,0.9901,15982.18,25584.68,4.37,49141,466
rs147297128,20,31414185,25000,5.952959714075422,0.0216963304852677,0.9901,13178.49,26118.66,13.81,49141,338
rs6074164,20,10621305,25000,5.859906774515788,0.0074196424552969,0.9901,9056.72,15971.35,4.95,49141,277
rs80054178,20,30294682,25000,5.756658863682691,0.0233635181679674,0.9901,17209.90,29645.39,8.84,49141,469
rs62208255,20,48654983,25000,5.73863803181343,0.0179109477724467,0.9901,9008.82,21281.22,4.38,49141,341
rs1204552,20,34638903,25000,5.573712338715916,0.0181324511913622,0.9901,6613.26,14016.87,4.46,49141,220
