rsid,chrom,center_pos,window_half_bp,akbari_X,akbari_S,akbari_posterior,geom_mean_tmrca,arith_mean_tmrca,min_tmrca,n_pairs,n_sites
rs2377474,20,32376870,25000,-8.026562891448458,-0.006762887838184,0.9901,7803.42,17605.82,4.48,49141,238
rs293709,20,33350300,25000,-6.838210805930133,-0.0213729757522212,0.9901,8085.73,14961.95,4.46,49141,238
rs62209647,20,33917852,25000,6.625393001299577,0.0231339739793037,0.9901,9555.99,20030.04,4.46,49141,348
rs2424995,20,34576711,25000,6.429142221030742,0.0230051868141794,0.9901,6831.93,15116.73,4.46,49141,206
rs35786764,20,5039372,25000,-6.394289790970368,-0.0105578357950929,0.9901,15256.47,25785.91,5.25,49141,563
rs369604532,20,38797517,25000,6.356333504867397,0.0053878444216426,0.9901,10347.21,24259.66,4.42,49141,376
rs6069740,20,56429946,25000,6.200433716049113,0.0176438989212581,0.9901,5890.98,13706.17,4.37,49141,276
rs73123161,20,18461344,25000,6.052024478582207,0.0110992644707954,0.9901,11440.57,19948.87,4.67,49141,332
rs62211528,20,35356094,25000,5.982354386609737,0.0204863468572285,0.9901,4510.38,13059.58,4.45,49141,197
rs117265989,20,63578891,25000,5.967554347827302,0.017753906776889,0.9901,8863.82,18851.27,6.39,49141,429
rs147297128,20,32826379,25000,5.952959714075422,0.0216963304852677,0.9901,9341.51,18778.48,4.47,49141,347
rs6074164,20,10640657,25000,5.859906774515788,0.0074196424552969,0.9901,10947.23,19087.54,4.95,49141,303
rs80054178,20,31706879,25000,5.756658863682691,0.0233635181679674,0.9901,3975.04,11408.97,4.48,49141,206
rs62208255,20,50038446,25000,5.73863803181343,0.0179109477724467,0.9901,9823.46,17687.08,4.41,49141,313
rs1204552,20,36050981,25000,5.573712338715916,0.0181324511913622,0.9901,2973.32,7782.05,4.46,49141,243
