rsid,chrom,center_pos,window_half_bp,akbari_X,akbari_S,akbari_posterior,geom_mean_tmrca,arith_mean_tmrca,min_tmrca,n_pairs,n_sites
rs2377474,20,32376870,25000,-8.026562891448458,-0.006762887838184,0.9901,7044.28,17109.59,8.67,22791,254
rs293709,20,33350300,25000,-6.838210805930133,-0.0213729757522212,0.9901,8653.09,15146.12,4.57,22791,246
rs62209647,20,33917852,25000,6.625393001299577,0.0231339739793037,0.9901,9767.46,19726.40,8.83,22791,319
rs2424995,20,34576711,25000,6.429142221030742,0.0230051868141794,0.9901,9007.85,17302.43,8.41,22791,189
rs35786764,20,5039372,25000,-6.394289790970368,-0.0105578357950929,0.9901,18199.22,29457.50,5.26,22791,525
rs369604532,20,38797517,25000,6.356333504867397,0.0053878444216426,0.9901,5999.42,19091.87,5.06,22791,366
rs6069740,20,56429946,25000,6.200433716049113,0.0176438989212581,0.9901,4660.29,11699.91,22.76,22791,264
rs73123161,20,18461344,25000,6.052024478582207,0.0110992644707954,0.9901,11580.36,20239.50,13.06,22791,295
rs62211528,20,35356094,25000,5.982354386609737,0.0204863468572285,0.9901,6850.24,14627.51,4.68,22791,175
rs117265989,20,63578891,25000,5.967554347827302,0.017753906776889,0.9901,16865.54,26022.97,17.71,22791,417
rs147297128,20,32826379,25000,5.952959714075422,0.0216963304852677,0.9901,10872.47,20308.21,8.25,22791,269
rs6074164,20,10640657,25000,5.859906774515788,0.0074196424552969,0.9901,12864.97,21032.07,5.41,22791,271
rs80054178,20,31706879,25000,5.756658863682691,0.0233635181679674,0.9901,1969.26,6463.83,7.91,22791,234
rs62208255,20,50038446,25000,5.73863803181343,0.0179109477724467,0.9901,7411.07,15060.12,13.33,22791,282
rs1204552,20,36050981,25000,5.573712338715916,0.0181324511913622,0.9901,4148.57,9730.59,13.21,22791,209
