rsid,chrom,center_pos,window_half_bp,akbari_X,akbari_S,akbari_posterior,geom_mean_tmrca,arith_mean_tmrca,min_tmrca,n_pairs,n_sites
rs2377474,20,32376870,25000,-8.026562891448458,-0.006762887838184,0.9901,5316.53,14793.89,18.68,21528,192
rs293709,20,33350300,25000,-6.838210805930133,-0.0213729757522212,0.9901,9112.66,17394.66,19.10,21528,207
rs62209647,20,33917852,25000,6.625393001299577,0.0231339739793037,0.9901,8986.67,18943.97,17.26,21528,269
rs2424995,20,34576711,25000,6.429142221030742,0.0230051868141794,0.9901,7430.58,16585.83,12.72,21528,170
rs35786764,20,5039372,25000,-6.394289790970368,-0.0105578357950929,0.9901,8644.06,14903.80,145.23,21528,282
rs369604532,20,38797517,25000,6.356333504867397,0.0053878444216426,0.9901,7136.26,22259.31,44.40,21528,269
rs6069740,20,56429946,25000,6.200433716049113,0.0176438989212581,0.9901,7376.98,16695.89,9.13,21528,165
rs73123161,20,18461344,25000,6.052024478582207,0.0110992644707954,0.9901,10067.91,19857.85,15.06,21528,300
rs62211528,20,35356094,25000,5.982354386609737,0.0204863468572285,0.9901,3500.58,11584.58,11.42,21528,154
rs117265989,20,63578891,25000,5.967554347827302,0.017753906776889,0.9901,10869.79,20538.41,129.44,21528,283
rs147297128,20,32826379,25000,5.952959714075422,0.0216963304852677,0.9901,6206.58,16168.61,27.16,21528,198
rs6074164,20,10640657,25000,5.859906774515788,0.0074196424552969,0.9901,9442.82,19067.93,59.02,21528,231
rs80054178,20,31706879,25000,5.756658863682691,0.0233635181679674,0.9901,751.09,916.67,13.82,21528,91
rs62208255,20,50038446,25000,5.73863803181343,0.0179109477724467,0.9901,11500.70,19542.21,100.36,21528,234
rs1204552,20,36050981,25000,5.573712338715916,0.0181324511913622,0.9901,2809.19,7815.47,18.30,21528,161
