rsid,chrom,center_pos,window_half_bp,akbari_X,akbari_S,akbari_posterior,geom_mean_tmrca,arith_mean_tmrca,min_tmrca,n_pairs,n_sites
rs2377474,20,30964673,25000,-8.026562891448458,-0.006762887838184,0.9901,11171.65,23357.07,167.38,21528,621
rs293709,20,31938106,25000,-6.838210805930133,-0.0213729757522212,0.9901,2530.74,6357.81,10.00,21528,146
rs62209647,20,32505658,25000,6.625393001299577,0.0231339739793037,0.9901,3979.72,8667.32,29.02,21528,186
rs2424995,20,33164515,25000,6.429142221030742,0.0230051868141794,0.9901,2800.52,9052.95,20.39,21528,247
rs35786764,20,5020018,25000,-6.394289790970368,-0.0105578357950929,0.9901,9580.48,15409.72,212.41,21528,310
rs369604532,20,37426160,25000,6.356333504867397,0.0053878444216426,0.9901,7278.90,15735.15,11.93,21528,281
rs6069740,20,55005002,25000,6.200433716049113,0.0176438989212581,0.9901,6532.12,15383.98,13.77,21528,208
rs73123161,20,18441988,25000,6.052024478582207,0.0110992644707954,0.9901,8613.39,18507.91,14.60,21528,349
rs62211528,20,33943897,25000,5.982354386609737,0.0204863468572285,0.9901,10577.87,23903.14,17.90,21528,275
rs117265989,20,62210244,25000,5.967554347827302,0.017753906776889,0.9901,12492.07,24437.82,81.73,21528,339
rs147297128,20,31414185,25000,5.952959714075422,0.0216963304852677,0.9901,5209.01,16399.95,56.09,21528,221
rs6074164,20,10621305,25000,5.859906774515788,0.0074196424552969,0.9901,7084.52,14653.97,51.27,21528,196
rs80054178,20,30294682,25000,5.756658863682691,0.0233635181679674,0.9901,6633.90,17014.41,186.14,21528,284
rs62208255,20,48654983,25000,5.73863803181343,0.0179109477724467,0.9901,9048.27,24359.26,50.26,21528,351
rs1204552,20,34638903,25000,5.573712338715916,0.0181324511913622,0.9901,6753.32,15274.86,9.94,21528,170
