rsid,chrom,center_pos,window_half_bp,akbari_X,akbari_S,akbari_posterior,geom_mean_tmrca,arith_mean_tmrca,min_tmrca,n_pairs,n_sites
rs2377474,20,30964673,25000,-8.026562891448458,-0.006762887838184,0.9901,12483.01,22185.75,29.91,29646,729
rs293709,20,31938106,25000,-6.838210805930133,-0.0213729757522212,0.9901,3181.59,6657.87,8.53,29646,159
rs62209647,20,32505658,25000,6.625393001299577,0.0231339739793037,0.9901,4659.58,11226.41,7.94,29646,240
rs2424995,20,33164515,25000,6.429142221030742,0.0230051868141794,0.9901,2708.60,7917.91,4.53,29646,246
rs35786764,20,5020018,25000,-6.394289790970368,-0.0105578357950929,0.9901,8990.44,16190.70,5.39,29646,397
rs369604532,20,37426160,25000,6.356333504867397,0.0053878444216426,0.9901,9820.68,19159.09,4.49,29646,345
rs6069740,20,55005002,25000,6.200433716049113,0.0176438989212581,0.9901,6576.54,15429.99,4.42,29646,225
rs73123161,20,18441988,25000,6.052024478582207,0.0110992644707954,0.9901,8730.14,18238.85,4.74,29646,268
rs62211528,20,33943897,25000,5.982354386609737,0.0204863468572285,0.9901,9329.94,20651.78,4.73,29646,276
rs117265989,20,62210244,25000,5.967554347827302,0.017753906776889,0.9901,15160.75,26477.47,4.75,29646,360
rs147297128,20,31414185,25000,5.952959714075422,0.0216963304852677,0.9901,4704.47,14367.63,15.92,29646,290
rs6074164,20,10621305,25000,5.859906774515788,0.0074196424552969,0.9901,7410.78,15560.54,5.04,29646,238
rs80054178,20,30294682,25000,5.756658863682691,0.0233635181679674,0.9901,6299.58,16091.22,110.48,29646,378
rs62208255,20,48654983,25000,5.73863803181343,0.0179109477724467,0.9901,7944.05,22190.57,7.01,29646,364
rs1204552,20,34638903,25000,5.573712338715916,0.0181324511913622,0.9901,7173.91,14709.42,4.51,29646,200
