rsid,chrom,center_pos,window_half_bp,akbari_X,akbari_S,akbari_posterior,geom_mean_tmrca,arith_mean_tmrca,min_tmrca,n_pairs,n_sites
rs2377474,20,32376870,25000,-8.026562891448458,-0.006762887838184,0.9901,3674.28,11080.60,4.94,29646,262
rs293709,20,33350300,25000,-6.838210805930133,-0.0213729757522212,0.9901,9101.52,17287.70,4.51,29646,225
rs62209647,20,33917852,25000,6.625393001299577,0.0231339739793037,0.9901,9226.77,19931.73,4.71,29646,279
rs2424995,20,34576711,25000,6.429142221030742,0.0230051868141794,0.9901,8709.45,17651.56,4.51,29646,188
rs35786764,20,5039372,25000,-6.394289790970368,-0.0105578357950929,0.9901,9382.92,17515.28,5.38,29646,398
rs369604532,20,38797517,25000,6.356333504867397,0.0053878444216426,0.9901,9163.68,24026.61,4.47,29646,301
rs6069740,20,56429946,25000,6.200433716049113,0.0176438989212581,0.9901,7117.86,15612.04,4.42,29646,205
rs73123161,20,18461344,25000,6.052024478582207,0.0110992644707954,0.9901,10192.30,19521.02,4.74,29646,275
rs62211528,20,35356094,25000,5.982354386609737,0.0204863468572285,0.9901,5229.44,14364.60,4.50,29646,156
rs117265989,20,63578891,25000,5.967554347827302,0.017753906776889,0.9901,11207.97,20985.67,4.84,29646,312
rs147297128,20,32826379,25000,5.952959714075422,0.0216963304852677,0.9901,4478.08,13259.23,4.52,29646,257
rs6074164,20,10640657,25000,5.859906774515788,0.0074196424552969,0.9901,8970.33,18211.67,5.04,29646,266
rs80054178,20,31706879,25000,5.756658863682691,0.0233635181679674,0.9901,881.91,1711.14,4.83,29646,135
rs62208255,20,50038446,25000,5.73863803181343,0.0179109477724467,0.9901,13008.11,20240.41,4.43,29646,248
rs1204552,20,36050981,25000,5.573712338715916,0.0181324511913622,0.9901,4747.47,10882.21,4.49,29646,194
