rsid,chrom,center_pos,window_half_bp,akbari_X,akbari_S,akbari_posterior,geom_mean_tmrca,arith_mean_tmrca,min_tmrca,n_pairs,n_sites
rs2377474,20,32376870,25000,-8.026562891448458,-0.006762887838184,0.9901,9050.97,13666.78,18.06,19503,396
rs293709,20,33350300,25000,-6.838210805930133,-0.0213729757522212,0.9901,12573.16,17741.25,6.94,19503,450
rs62209647,20,33917852,25000,6.625393001299577,0.0231339739793037,0.9901,15058.33,22678.25,8.27,19503,509
rs2424995,20,34576711,25000,6.429142221030742,0.0230051868141794,0.9901,8170.02,14153.19,3.91,19503,307
rs35786764,20,5039372,25000,-6.394289790970368,-0.0105578357950929,0.9901,20718.39,28240.26,30.06,19503,698
rs369604532,20,38797517,25000,6.356333504867397,0.0053878444216426,0.9901,10358.51,20249.82,14.27,19503,493
rs6069740,20,56429946,25000,6.200433716049113,0.0176438989212581,0.9901,14458.51,19403.97,12.39,19503,439
rs73123161,20,18461344,25000,6.052024478582207,0.0110992644707954,0.9901,11072.64,17402.51,16.25,19503,441
rs62211528,20,35356094,25000,5.982354386609737,0.0204863468572285,0.9901,8803.49,13051.66,17.98,19503,327
rs117265989,20,63578891,25000,5.967554347827302,0.017753906776889,0.9901,14328.63,20558.72,39.44,19503,499
rs147297128,20,32826379,25000,5.952959714075422,0.0216963304852677,0.9901,12135.68,17646.90,12.50,19503,395
rs6074164,20,10640657,25000,5.859906774515788,0.0074196424552969,0.9901,10407.91,16406.56,4.39,19503,356
rs80054178,20,31706879,25000,5.756658863682691,0.0233635181679674,0.9901,6588.67,12599.60,38.67,19503,349
rs62208255,20,50038446,25000,5.73863803181343,0.0179109477724467,0.9901,14436.60,18999.36,33.06,19503,460
rs1204552,20,36050981,25000,5.573712338715916,0.0181324511913622,0.9901,11000.66,16406.00,18.64,19503,404
