rsid,chrom,center_pos,window_half_bp,akbari_X,akbari_S,akbari_posterior,geom_mean_tmrca,arith_mean_tmrca,min_tmrca,n_pairs,n_sites
rs2377474,20,30964673,25000,-8.026562891448458,-0.006762887838184,0.9901,23943.63,31894.28,112.45,19503,1015
rs293709,20,31938106,25000,-6.838210805930133,-0.0213729757522212,0.9901,9722.23,12469.37,32.31,19503,342
rs62209647,20,32505658,25000,6.625393001299577,0.0231339739793037,0.9901,12066.56,17177.71,7.53,19503,388
rs2424995,20,33164515,25000,6.429142221030742,0.0230051868141794,0.9901,15144.20,24792.42,12.46,19503,519
rs35786764,20,5020018,25000,-6.394289790970368,-0.0105578357950929,0.9901,18328.01,25533.03,32.33,19503,691
rs369604532,20,37426160,25000,6.356333504867397,0.0053878444216426,0.9901,17538.75,23759.54,22.39,19503,633
rs6069740,20,55005002,25000,6.200433716049113,0.0176438989212581,0.9901,15044.01,21817.45,12.20,19503,583
rs73123161,20,18441988,25000,6.052024478582207,0.0110992644707954,0.9901,11054.98,16901.71,23.84,19503,432
rs62211528,20,33943897,25000,5.982354386609737,0.0204863468572285,0.9901,15609.72,23481.50,11.10,19503,512
rs117265989,20,62210244,25000,5.967554347827302,0.017753906776889,0.9901,18259.11,24835.34,58.77,19503,573
rs147297128,20,31414185,25000,5.952959714075422,0.0216963304852677,0.9901,16449.31,23376.34,63.46,19503,491
rs6074164,20,10621305,25000,5.859906774515788,0.0074196424552969,0.9901,6855.17,10994.78,7.29,19503,307
rs80054178,20,30294682,25000,5.756658863682691,0.0233635181679674,0.9901,19889.14,28383.69,104.73,19503,753
rs62208255,20,48654983,25000,5.73863803181343,0.0179109477724467,0.9901,9608.52,18077.63,40.42,19503,537
rs1204552,20,34638903,25000,5.573712338715916,0.0181324511913622,0.9901,7530.37,13242.72,4.11,19503,372
