rsid,chrom,center_pos,window_half_bp,akbari_X,akbari_S,akbari_posterior,geom_mean_tmrca,arith_mean_tmrca,min_tmrca,n_pairs,n_sites
rs2377474,20,32376870,25000,-8.026562891448458,-0.006762887838184,0.9901,9147.60,13602.99,5.62,19503,335
rs293709,20,33350300,25000,-6.838210805930133,-0.0213729757522212,0.9901,11481.20,16728.27,3.75,19503,390
rs62209647,20,33917852,25000,6.625393001299577,0.0231339739793037,0.9901,12855.14,21646.68,6.86,19503,468
rs2424995,20,34576711,25000,6.429142221030742,0.0230051868141794,0.9901,7282.98,13630.59,5.47,19503,280
rs35786764,20,5039372,25000,-6.394289790970368,-0.0105578357950929,0.9901,21732.52,28828.81,5.51,19503,707
rs369604532,20,38797517,25000,6.356333504867397,0.0053878444216426,0.9901,8220.46,19090.82,3.82,19503,523
rs6069740,20,56429946,25000,6.200433716049113,0.0176438989212581,0.9901,14608.10,20050.73,3.56,19503,436
rs73123161,20,18461344,25000,6.052024478582207,0.0110992644707954,0.9901,10949.85,17292.57,4.15,19503,388
rs62211528,20,35356094,25000,5.982354386609737,0.0204863468572285,0.9901,8161.74,12967.93,6.31,19503,288
rs117265989,20,63578891,25000,5.967554347827302,0.017753906776889,0.9901,13111.15,19971.34,8.85,19503,500
rs147297128,20,32826379,25000,5.952959714075422,0.0216963304852677,0.9901,11512.03,16706.85,3.56,19503,410
rs6074164,20,10640657,25000,5.859906774515788,0.0074196424552969,0.9901,10912.88,16527.21,4.01,19503,351
rs80054178,20,31706879,25000,5.756658863682691,0.0233635181679674,0.9901,7623.77,13824.40,5.08,19503,305
rs62208255,20,50038446,25000,5.73863803181343,0.0179109477724467,0.9901,13229.41,17973.34,4.33,19503,450
rs1204552,20,36050981,25000,5.573712338715916,0.0181324511913622,0.9901,8621.64,14690.77,3.55,19503,349
