rsid,chrom,center_pos,window_half_bp,akbari_X,akbari_S,akbari_posterior,geom_mean_tmrca,arith_mean_tmrca,min_tmrca,n_pairs,n_sites
rs2377474,20,30964673,25000,-8.026562891448458,-0.006762887838184,0.9901,23529.52,31421.82,69.15,19503,990
rs293709,20,31938106,25000,-6.838210805930133,-0.0213729757522212,0.9901,10205.11,13137.28,9.63,19503,345
rs62209647,20,32505658,25000,6.625393001299577,0.0231339739793037,0.9901,12012.68,16963.76,7.13,19503,375
rs2424995,20,33164515,25000,6.429142221030742,0.0230051868141794,0.9901,14074.84,23251.31,3.60,19503,497
rs35786764,20,5020018,25000,-6.394289790970368,-0.0105578357950929,0.9901,19869.05,26620.48,5.22,19503,726
rs369604532,20,37426160,25000,6.356333504867397,0.0053878444216426,0.9901,17673.25,24465.04,3.49,19503,580
rs6069740,20,55005002,25000,6.200433716049113,0.0176438989212581,0.9901,14626.39,21169.27,4.08,19503,536
rs73123161,20,18441988,25000,6.052024478582207,0.0110992644707954,0.9901,11525.88,18112.38,4.28,19503,378
rs62211528,20,33943897,25000,5.982354386609737,0.0204863468572285,0.9901,13196.31,21546.83,6.93,19503,483
rs117265989,20,62210244,25000,5.967554347827302,0.017753906776889,0.9901,18520.38,25321.40,4.15,19503,574
rs147297128,20,31414185,25000,5.952959714075422,0.0216963304852677,0.9901,15402.85,22718.64,11.99,19503,469
rs6074164,20,10621305,25000,5.859906774515788,0.0074196424552969,0.9901,7259.25,11407.89,4.01,19503,281
rs80054178,20,30294682,25000,5.756658863682691,0.0233635181679674,0.9901,23033.90,30386.10,75.76,19503,803
rs62208255,20,48654983,25000,5.73863803181343,0.0179109477724467,0.9901,9251.91,16867.24,17.22,19503,490
rs1204552,20,34638903,25000,5.573712338715916,0.0181324511913622,0.9901,7135.08,13094.58,6.84,19503,352
