rsid,chrom,center_pos,window_half_bp,akbari_X,akbari_S,akbari_posterior,geom_mean_tmrca,arith_mean_tmrca,min_tmrca,n_pairs,n_sites
rs2377474,20,30964673,25000,-8.026562891448458,-0.006762887838184,0.9901,23394.08,40738.42,42.37,18721,755
rs293709,20,31938106,25000,-6.838210805930133,-0.0213729757522212,0.9901,6668.84,12318.50,4.88,18721,200
rs62209647,20,32505658,25000,6.625393001299577,0.0231339739793037,0.9901,6383.88,13591.06,4.69,18721,250
rs2424995,20,33164515,25000,6.429142221030742,0.0230051868141794,0.9901,2046.39,4983.87,4.46,18721,297
rs35786764,20,5020018,25000,-6.394289790970368,-0.0105578357950929,0.9901,11845.45,21930.62,5.28,18721,515
rs369604532,20,37426160,25000,6.356333504867397,0.0053878444216426,0.9901,9110.70,18017.84,4.44,18721,377
rs6069740,20,55005002,25000,6.200433716049113,0.0176438989212581,0.9901,6378.57,15309.99,4.37,18721,274
rs73123161,20,18441988,25000,6.052024478582207,0.0110992644707954,0.9901,13558.66,22884.34,4.67,18721,400
rs62211528,20,33943897,25000,5.982354386609737,0.0204863468572285,0.9901,10211.45,22616.24,4.46,18721,341
rs117265989,20,62210244,25000,5.967554347827302,0.017753906776889,0.9901,15474.26,26038.30,4.83,18721,402
rs147297128,20,31414185,25000,5.952959714075422,0.0216963304852677,0.9901,8612.24,21755.11,12.04,18721,323
rs6074164,20,10621305,25000,5.859906774515788,0.0074196424552969,0.9901,8465.02,16742.93,4.95,18721,256
rs80054178,20,30294682,25000,5.756658863682691,0.0233635181679674,0.9901,11949.61,25547.58,61.89,18721,423
rs62208255,20,48654983,25000,5.73863803181343,0.0179109477724467,0.9901,12016.45,25227.39,4.38,18721,355
rs1204552,20,34638903,25000,5.573712338715916,0.0181324511913622,0.9901,5609.51,13127.33,4.46,18721,189
