rsid,chrom,center_pos,window_half_bp,akbari_X,akbari_S,akbari_posterior,geom_mean_tmrca,arith_mean_tmrca,min_tmrca,n_pairs,n_sites
rs2377474,20,32376870,25000,-8.026562891448458,-0.006762887838184,0.9901,10417.36,19788.09,8.19,18721,229
rs293709,20,33350300,25000,-6.838210805930133,-0.0213729757522212,0.9901,10460.62,19390.16,4.46,18721,220
rs62209647,20,33917852,25000,6.625393001299577,0.0231339739793037,0.9901,8103.02,18452.85,4.46,18721,306
rs2424995,20,34576711,25000,6.429142221030742,0.0230051868141794,0.9901,5074.91,12743.76,4.46,18721,171
rs35786764,20,5039372,25000,-6.394289790970368,-0.0105578357950929,0.9901,13124.27,24119.15,5.25,18721,494
rs369604532,20,38797517,25000,6.356333504867397,0.0053878444216426,0.9901,6894.42,20798.86,4.42,18721,355
rs6069740,20,56429946,25000,6.200433716049113,0.0176438989212581,0.9901,6210.80,14918.56,4.37,18721,301
rs73123161,20,18461344,25000,6.052024478582207,0.0110992644707954,0.9901,14545.67,23728.88,4.67,18721,347
rs62211528,20,35356094,25000,5.982354386609737,0.0204863468572285,0.9901,3009.70,9907.69,4.65,18721,156
rs117265989,20,63578891,25000,5.967554347827302,0.017753906776889,0.9901,12719.25,23006.08,5.72,18721,366
rs147297128,20,32826379,25000,5.952959714075422,0.0216963304852677,0.9901,9646.41,19862.03,4.49,18721,259
rs6074164,20,10640657,25000,5.859906774515788,0.0074196424552969,0.9901,10703.81,20249.45,4.95,18721,286
rs80054178,20,31706879,25000,5.756658863682691,0.0233635181679674,0.9901,2945.84,9322.23,4.55,18721,171
rs62208255,20,50038446,25000,5.73863803181343,0.0179109477724467,0.9901,11934.43,19990.85,4.62,18721,369
rs1204552,20,36050981,25000,5.573712338715916,0.0181324511913622,0.9901,2572.51,7156.24,4.69,18721,192
