rsid,chrom,center_pos,window_half_bp,akbari_X,akbari_S,akbari_posterior,geom_mean_tmrca,arith_mean_tmrca,min_tmrca,n_pairs,n_sites
rs2377474,20,30964673,25000,-8.026562891448458,-0.006762887838184,0.9901,19257.37,35271.73,27.05,29646,630
rs293709,20,31938106,25000,-6.838210805930133,-0.0213729757522212,0.9901,5125.98,11963.34,4.83,29646,187
rs62209647,20,32505658,25000,6.625393001299577,0.0231339739793037,0.9901,3741.95,9324.00,4.76,29646,240
rs2424995,20,33164515,25000,6.429142221030742,0.0230051868141794,0.9901,2128.06,6465.12,4.55,29646,236
rs35786764,20,5020018,25000,-6.394289790970368,-0.0105578357950929,0.9901,10294.66,20040.94,5.37,29646,489
rs369604532,20,37426160,25000,6.356333504867397,0.0053878444216426,0.9901,6666.85,16771.36,4.49,29646,318
rs6069740,20,55005002,25000,6.200433716049113,0.0176438989212581,0.9901,5421.91,14903.00,4.42,29646,354
rs73123161,20,18441988,25000,6.052024478582207,0.0110992644707954,0.9901,13559.58,24358.89,4.74,29646,360
rs62211528,20,33943897,25000,5.982354386609737,0.0204863468572285,0.9901,7816.12,23272.63,4.56,29646,282
rs117265989,20,62210244,25000,5.967554347827302,0.017753906776889,0.9901,15571.03,27077.57,4.42,29646,419
rs147297128,20,31414185,25000,5.952959714075422,0.0216963304852677,0.9901,5072.33,17442.23,10.88,29646,314
rs6074164,20,10621305,25000,5.859906774515788,0.0074196424552969,0.9901,7653.49,17170.24,5.03,29646,259
rs80054178,20,30294682,25000,5.756658863682691,0.0233635181679674,0.9901,7073.67,19883.49,85.64,29646,533
rs62208255,20,48654983,25000,5.73863803181343,0.0179109477724467,0.9901,9180.45,23212.02,4.49,29646,366
rs1204552,20,34638903,25000,5.573712338715916,0.0181324511913622,0.9901,2916.28,9486.39,7.43,29646,151
