rsid,chrom,center_pos,window_half_bp,akbari_X,akbari_S,akbari_posterior,geom_mean_tmrca,arith_mean_tmrca,min_tmrca,n_pairs,n_sites
rs2377474,20,30964673,25000,-8.026562891448458,-0.006762887838184,0.9901,12257.39,24008.78,52.04,42486,744
rs293709,20,31938106,25000,-6.838210805930133,-0.0213729757522212,0.9901,4923.21,10079.82,4.74,42486,220
rs62209647,20,32505658,25000,6.625393001299577,0.0231339739793037,0.9901,4982.95,11555.00,4.53,42486,264
rs2424995,20,33164515,25000,6.429142221030742,0.0230051868141794,0.9901,2796.12,8274.47,4.47,42486,226
rs35786764,20,5020018,25000,-6.394289790970368,-0.0105578357950929,0.9901,19498.98,29716.42,5.28,42486,540
rs369604532,20,37426160,25000,6.356333504867397,0.0053878444216426,0.9901,5941.83,12227.24,4.44,42486,382
rs6069740,20,55005002,25000,6.200433716049113,0.0176438989212581,0.9901,6001.56,13959.39,4.37,42486,273
rs73123161,20,18441988,25000,6.052024478582207,0.0110992644707954,0.9901,10529.11,19199.98,4.67,42486,355
rs62211528,20,33943897,25000,5.982354386609737,0.0204863468572285,0.9901,11366.30,22985.07,4.46,42486,364
rs117265989,20,62210244,25000,5.967554347827302,0.017753906776889,0.9901,16911.00,26390.96,4.37,42486,470
rs147297128,20,31414185,25000,5.952959714075422,0.0216963304852677,0.9901,6208.23,17815.43,17.05,42486,349
rs6074164,20,10621305,25000,5.859906774515788,0.0074196424552969,0.9901,10842.46,17403.95,4.94,42486,280
rs80054178,20,30294682,25000,5.756658863682691,0.0233635181679674,0.9901,8568.23,20016.15,52.88,42486,532
rs62208255,20,48654983,25000,5.73863803181343,0.0179109477724467,0.9901,12725.43,25379.95,8.72,42486,394
rs1204552,20,34638903,25000,5.573712338715916,0.0181324511913622,0.9901,6689.34,12662.29,4.46,42486,227
