rsid,chrom,center_pos,window_half_bp,akbari_X,akbari_S,akbari_posterior,geom_mean_tmrca,arith_mean_tmrca,min_tmrca,n_pairs,n_sites
rs2377474,20,32376870,25000,-8.026562891448458,-0.006762887838184,0.9901,5414.85,15335.70,4.54,42486,243
rs293709,20,33350300,25000,-6.838210805930133,-0.0213729757522212,0.9901,8786.78,15522.09,4.46,42486,253
rs62209647,20,33917852,25000,6.625393001299577,0.0231339739793037,0.9901,11272.85,22449.91,4.46,42486,324
rs2424995,20,34576711,25000,6.429142221030742,0.0230051868141794,0.9901,8854.76,17256.44,4.46,42486,206
rs35786764,20,5039372,25000,-6.394289790970368,-0.0105578357950929,0.9901,19277.38,30647.36,5.29,42486,530
rs369604532,20,38797517,25000,6.356333504867397,0.0053878444216426,0.9901,7856.65,21785.92,4.42,42486,371
rs6069740,20,56429946,25000,6.200433716049113,0.0176438989212581,0.9901,5644.12,13296.71,4.37,42486,285
rs73123161,20,18461344,25000,6.052024478582207,0.0110992644707954,0.9901,10359.50,18219.08,4.67,42486,370
rs62211528,20,35356094,25000,5.982354386609737,0.0204863468572285,0.9901,6766.18,14839.68,4.70,42486,174
rs117265989,20,63578891,25000,5.967554347827302,0.017753906776889,0.9901,15764.63,25258.01,5.33,42486,433
rs147297128,20,32826379,25000,5.952959714075422,0.0216963304852677,0.9901,10621.74,19732.58,4.47,42486,308
rs6074164,20,10640657,25000,5.859906774515788,0.0074196424552969,0.9901,13222.12,21082.20,4.95,42486,314
rs80054178,20,31706879,25000,5.756658863682691,0.0233635181679674,0.9901,1579.91,5097.47,4.54,42486,214
rs62208255,20,50038446,25000,5.73863803181343,0.0179109477724467,0.9901,7855.84,15666.60,4.50,42486,322
rs1204552,20,36050981,25000,5.573712338715916,0.0181324511913622,0.9901,4336.06,9543.45,4.44,42486,240
