rsid,chrom,center_pos,window_half_bp,akbari_X,akbari_S,akbari_posterior,geom_mean_tmrca,arith_mean_tmrca,min_tmrca,n_pairs,n_sites
rs2377474,20,32376870,25000,-8.026562891448458,-0.006762887838184,0.9901,8806.02,17150.46,7.91,38503,331
rs293709,20,33350300,25000,-6.838210805930133,-0.0213729757522212,0.9901,9900.86,16777.31,4.44,38503,365
rs62209647,20,33917852,25000,6.625393001299577,0.0231339739793037,0.9901,12385.05,22168.43,4.41,38503,469
rs2424995,20,34576711,25000,6.429142221030742,0.0230051868141794,0.9901,7138.97,14362.18,4.40,38503,306
rs35786764,20,5039372,25000,-6.394289790970368,-0.0105578357950929,0.9901,16203.90,26160.70,5.14,38503,625
rs369604532,20,38797517,25000,6.356333504867397,0.0053878444216426,0.9901,7789.04,20057.39,4.37,38503,431
rs6069740,20,56429946,25000,6.200433716049113,0.0176438989212581,0.9901,8635.36,16970.85,4.33,38503,380
rs73123161,20,18461344,25000,6.052024478582207,0.0110992644707954,0.9901,11828.59,19511.81,4.60,38503,464
rs62211528,20,35356094,25000,5.982354386609737,0.0204863468572285,0.9901,5883.28,13840.80,4.53,38503,272
rs117265989,20,63578891,25000,5.967554347827302,0.017753906776889,0.9901,12444.87,21737.16,4.45,38503,490
rs147297128,20,32826379,25000,5.952959714075422,0.0216963304852677,0.9901,9466.91,18268.83,4.44,38503,443
rs6074164,20,10640657,25000,5.859906774515788,0.0074196424552969,0.9901,11989.52,19112.16,4.95,38503,372
rs80054178,20,31706879,25000,5.756658863682691,0.0233635181679674,0.9901,5649.70,13381.73,4.52,38503,341
rs62208255,20,50038446,25000,5.73863803181343,0.0179109477724467,0.9901,10898.02,17979.49,4.33,38503,401
rs1204552,20,36050981,25000,5.573712338715916,0.0181324511913622,0.9901,5009.93,11222.89,4.39,38503,331
