rsid,chrom,center_pos,window_half_bp,akbari_X,akbari_S,akbari_posterior,geom_mean_tmrca,arith_mean_tmrca,min_tmrca,n_pairs,n_sites
rs2377474,20,30964673,25000,-8.026562891448458,-0.006762887838184,0.9901,17101.81,28052.10,19.49,38503,925
rs293709,20,31938106,25000,-6.838210805930133,-0.0213729757522212,0.9901,7047.13,12267.54,4.80,38503,285
rs62209647,20,32505658,25000,6.625393001299577,0.0231339739793037,0.9901,7691.63,14797.22,4.79,38503,348
rs2424995,20,33164515,25000,6.429142221030742,0.0230051868141794,0.9901,3824.82,10925.81,4.43,38503,449
rs35786764,20,5020018,25000,-6.394289790970368,-0.0105578357950929,0.9901,14666.19,23754.34,5.15,38503,624
rs369604532,20,37426160,25000,6.356333504867397,0.0053878444216426,0.9901,8721.81,16788.61,4.38,38503,529
rs6069740,20,55005002,25000,6.200433716049113,0.0176438989212581,0.9901,6276.68,14192.57,4.32,38503,446
rs73123161,20,18441988,25000,6.052024478582207,0.0110992644707954,0.9901,11667.26,19403.68,4.60,38503,515
rs62211528,20,33943897,25000,5.982354386609737,0.0204863468572285,0.9901,14611.26,25802.57,4.40,38503,460
rs117265989,20,62210244,25000,5.967554347827302,0.017753906776889,0.9901,15839.09,24833.51,6.01,38503,519
rs147297128,20,31414185,25000,5.952959714075422,0.0216963304852677,0.9901,11205.06,22752.08,8.99,38503,458
rs6074164,20,10621305,25000,5.859906774515788,0.0074196424552969,0.9901,9584.50,15624.99,4.93,38503,328
rs80054178,20,30294682,25000,5.756658863682691,0.0233635181679674,0.9901,17126.99,28702.99,94.33,38503,735
rs62208255,20,48654983,25000,5.73863803181343,0.0179109477724467,0.9901,9791.01,21180.04,4.33,38503,440
rs1204552,20,34638903,25000,5.573712338715916,0.0181324511913622,0.9901,6727.72,13348.24,4.40,38503,386
