rsid,chrom,center_pos,window_half_bp,akbari_X,akbari_S,akbari_posterior,geom_mean_tmrca,arith_mean_tmrca,min_tmrca,n_pairs,n_sites
rs2377474,20,32376870,25000,-8.026562891448458,-0.006762887838184,0.9901,7634.04,17553.86,4.64,25878,254
rs293709,20,33350300,25000,-6.838210805930133,-0.0213729757522212,0.9901,8407.26,15149.62,4.47,25878,236
rs62209647,20,33917852,25000,6.625393001299577,0.0231339739793037,0.9901,9982.40,20281.84,4.46,25878,324
rs2424995,20,34576711,25000,6.429142221030742,0.0230051868141794,0.9901,9395.66,17507.23,4.56,25878,217
rs35786764,20,5039372,25000,-6.394289790970368,-0.0105578357950929,0.9901,17947.17,29677.52,5.70,25878,516
rs369604532,20,38797517,25000,6.356333504867397,0.0053878444216426,0.9901,8677.57,22423.30,4.93,25878,339
rs6069740,20,56429946,25000,6.200433716049113,0.0176438989212581,0.9901,4863.87,12373.42,4.51,25878,227
rs73123161,20,18461344,25000,6.052024478582207,0.0110992644707954,0.9901,11057.75,19002.88,5.17,25878,310
rs62211528,20,35356094,25000,5.982354386609737,0.0204863468572285,0.9901,6822.72,14742.17,5.99,25878,179
rs117265989,20,63578891,25000,5.967554347827302,0.017753906776889,0.9901,16689.63,25694.44,7.63,25878,442
rs147297128,20,32826379,25000,5.952959714075422,0.0216963304852677,0.9901,9385.42,18863.71,4.52,25878,259
rs6074164,20,10640657,25000,5.859906774515788,0.0074196424552969,0.9901,13646.20,21351.20,5.26,25878,289
rs80054178,20,31706879,25000,5.756658863682691,0.0233635181679674,0.9901,1364.41,4121.38,4.48,25878,183
rs62208255,20,50038446,25000,5.73863803181343,0.0179109477724467,0.9901,7538.94,15598.49,4.78,25878,316
rs1204552,20,36050981,25000,5.573712338715916,0.0181324511913622,0.9901,3678.21,8408.29,4.53,25878,216
