rsid,chrom,center_pos,window_half_bp,akbari_X,akbari_S,akbari_posterior,geom_mean_tmrca,arith_mean_tmrca,min_tmrca,n_pairs,n_sites
rs2377474,20,30964673,25000,-8.026562891448458,-0.006762887838184,0.9901,14237.84,25905.94,37.83,25878,765
rs293709,20,31938106,25000,-6.838210805930133,-0.0213729757522212,0.9901,4650.37,9495.98,4.48,25878,195
rs62209647,20,32505658,25000,6.625393001299577,0.0231339739793037,0.9901,6934.42,14357.78,4.77,25878,253
rs2424995,20,33164515,25000,6.429142221030742,0.0230051868141794,0.9901,1974.83,5067.31,4.47,25878,198
rs35786764,20,5020018,25000,-6.394289790970368,-0.0105578357950929,0.9901,19805.55,30167.64,5.68,25878,537
rs369604532,20,37426160,25000,6.356333504867397,0.0053878444216426,0.9901,6010.46,12219.18,4.44,25878,335
rs6069740,20,55005002,25000,6.200433716049113,0.0176438989212581,0.9901,5491.67,12625.67,4.38,25878,284
rs73123161,20,18441988,25000,6.052024478582207,0.0110992644707954,0.9901,11714.75,20390.60,5.14,25878,293
rs62211528,20,33943897,25000,5.982354386609737,0.0204863468572285,0.9901,10175.82,20455.60,4.46,25878,347
rs117265989,20,62210244,25000,5.967554347827302,0.017753906776889,0.9901,16179.28,26373.64,7.73,25878,387
rs147297128,20,31414185,25000,5.952959714075422,0.0216963304852677,0.9901,6639.04,18726.75,13.72,25878,371
rs6074164,20,10621305,25000,5.859906774515788,0.0074196424552969,0.9901,10832.79,17053.45,5.24,25878,256
rs80054178,20,30294682,25000,5.756658863682691,0.0233635181679674,0.9901,7921.87,20292.73,99.15,25878,498
rs62208255,20,48654983,25000,5.73863803181343,0.0179109477724467,0.9901,13611.87,26379.42,24.18,25878,381
rs1204552,20,34638903,25000,5.573712338715916,0.0181324511913622,0.9901,6401.83,12267.85,4.64,25878,235
