rsid,chrom,center_pos,window_half_bp,akbari_X,akbari_S,akbari_posterior,geom_mean_tmrca,arith_mean_tmrca,min_tmrca,n_pairs,n_sites
rs2377474,20,30964673,25000,-8.026562891448458,-0.006762887838184,0.9901,16621.03,26778.72,93.89,22791,741
rs293709,20,31938106,25000,-6.838210805930133,-0.0213729757522212,0.9901,7419.88,12796.89,6.14,22791,193
rs62209647,20,32505658,25000,6.625393001299577,0.0231339739793037,0.9901,4230.70,9847.85,19.09,22791,233
rs2424995,20,33164515,25000,6.429142221030742,0.0230051868141794,0.9901,3202.17,8759.20,13.37,22791,301
rs35786764,20,5020018,25000,-6.394289790970368,-0.0105578357950929,0.9901,14976.37,24636.02,116.59,22791,495
rs369604532,20,37426160,25000,6.356333504867397,0.0053878444216426,0.9901,7243.02,14886.09,28.21,22791,339
rs6069740,20,55005002,25000,6.200433716049113,0.0176438989212581,0.9901,6272.27,13975.29,14.75,22791,241
rs73123161,20,18441988,25000,6.052024478582207,0.0110992644707954,0.9901,11132.36,19616.92,32.57,22791,328
rs62211528,20,33943897,25000,5.982354386609737,0.0204863468572285,0.9901,11580.45,24557.93,23.63,22791,324
rs117265989,20,62210244,25000,5.967554347827302,0.017753906776889,0.9901,15639.49,25545.76,22.35,22791,409
rs147297128,20,31414185,25000,5.952959714075422,0.0216963304852677,0.9901,14409.75,27079.49,46.22,22791,359
rs6074164,20,10621305,25000,5.859906774515788,0.0074196424552969,0.9901,8902.44,15934.23,60.74,22791,242
rs80054178,20,30294682,25000,5.756658863682691,0.0233635181679674,0.9901,17743.37,30396.07,114.19,22791,434
rs62208255,20,48654983,25000,5.73863803181343,0.0179109477724467,0.9901,8488.75,20800.66,37.53,22791,327
rs1204552,20,34638903,25000,5.573712338715916,0.0181324511913622,0.9901,6210.21,13526.98,17.66,22791,192
