rsid,chrom,center_pos,window_half_bp,akbari_X,akbari_S,akbari_posterior,geom_mean_tmrca,arith_mean_tmrca,min_tmrca,n_pairs,n_sites
rs2377474,20,30964673,25000,-8.026562891448458,-0.006762887838184,0.9901,21058.27,29340.20,23.90,63190,1056
rs293709,20,31938106,25000,-6.838210805930133,-0.0213729757522212,0.9901,9723.19,12901.71,6.52,63190,383
rs62209647,20,32505658,25000,6.625393001299577,0.0231339739793037,0.9901,11823.38,17184.86,3.89,63190,430
rs2424995,20,33164515,25000,6.429142221030742,0.0230051868141794,0.9901,12539.00,22980.85,3.54,63190,512
rs35786764,20,5020018,25000,-6.394289790970368,-0.0105578357950929,0.9901,18823.01,26191.26,4.16,63190,762
rs369604532,20,37426160,25000,6.356333504867397,0.0053878444216426,0.9901,15902.88,22850.57,3.49,63190,600
rs6069740,20,55005002,25000,6.200433716049113,0.0176438989212581,0.9901,15505.03,22106.32,3.37,63190,605
rs73123161,20,18441988,25000,6.052024478582207,0.0110992644707954,0.9901,11843.05,18365.59,3.81,63190,417
rs62211528,20,33943897,25000,5.982354386609737,0.0204863468572285,0.9901,13740.52,22416.67,3.67,63190,512
rs117265989,20,62210244,25000,5.967554347827302,0.017753906776889,0.9901,17347.90,24379.05,6.04,63190,631
rs147297128,20,31414185,25000,5.952959714075422,0.0216963304852677,0.9901,13547.95,21555.33,7.46,63190,502
rs6074164,20,10621305,25000,5.859906774515788,0.0074196424552969,0.9901,5514.25,10157.62,4.01,63190,289
rs80054178,20,30294682,25000,5.756658863682691,0.0233635181679674,0.9901,20390.51,28878.71,54.31,63190,845
rs62208255,20,48654983,25000,5.73863803181343,0.0179109477724467,0.9901,7996.36,15115.05,10.72,63190,535
rs1204552,20,34638903,25000,5.573712338715916,0.0181324511913622,0.9901,6900.17,11978.72,3.63,63190,388
