rsid,chrom,center_pos,window_half_bp,akbari_X,akbari_S,akbari_posterior,geom_mean_tmrca,arith_mean_tmrca,min_tmrca,n_pairs,n_sites
rs2516747,14,106144684,25000,10.613088284891704,0.012105777265411,0.9901,3101.46,6849.39,51.39,26796,464
rs11160318,14,96659919,25000,-7.73597647338828,-0.0062678068802795,0.9901,16735.02,24587.44,4.33,26796,472
rs7146689,14,93100024,25000,6.30042107205071,0.0070522106430522,0.9901,14163.56,22629.66,5.88,26796,539
rs229644,14,65195794,25000,-6.0241400270434005,-0.0052145885542709,0.9901,19115.33,26919.37,4.32,26796,553
rs1244349,14,34672770,25000,-5.967757495422988,-0.0063370153405226,0.9901,23220.71,28326.53,5.08,26796,592
chr14_64778362,14,64778362,25000,5.778452193804209,0.0116700396836732,0.9901,19439.25,28005.68,4.43,26796,548
rs138109476,14,86059152,25000,5.773594887248887,0.012230519147131,0.9901,12201.82,19955.24,4.32,26796,503
chr14_91263200,14,91263200,25000,5.641567070271652,0.0093697074298189,0.9901,10231.90,16953.86,4.76,26796,435
rs72731889,14,70685658,25000,5.605461821326679,0.0123945854155283,0.9901,19066.47,23065.17,4.32,26796,505
rs17098279,14,61831910,25000,-5.598516192746403,-0.0085487611775885,0.9901,8931.41,18143.88,4.32,26796,529
rs145496844,14,94472733,25000,5.5869840826704005,0.0257674681353887,0.9901,22881.55,28832.23,4.44,26796,628
rs144854104,14,64096914,25000,5.483290416480025,0.0120432947005698,0.9901,15289.15,22139.45,4.32,26796,489
