rsid,chrom,center_pos,window_half_bp,akbari_X,akbari_S,akbari_posterior,geom_mean_tmrca,arith_mean_tmrca,min_tmrca,n_pairs,n_sites
rs2516747,14,105678347,25000,10.613088284891704,0.012105777265411,0.9901,31012.77,35975.05,50.98,26796,879
rs11160318,14,96193582,25000,-7.73597647338828,-0.0062678068802795,0.9901,22338.52,27063.81,4.32,26796,643
rs7146689,14,92633679,25000,6.30042107205071,0.0070522106430522,0.9901,15280.78,22282.28,4.57,26796,534
rs229644,14,64729076,25000,-6.0241400270434005,-0.0052145885542709,0.9901,10290.35,16649.62,4.38,26796,481
rs1244349,14,34203564,25000,-5.967757495422988,-0.0063370153405226,0.9901,19532.35,25715.96,5.26,26796,497
chr14_64311644,14,64311644,25000,5.778452193804209,0.0116700396836732,0.9901,11596.19,17363.04,4.43,26796,509
rs138109476,14,85592808,25000,5.773594887248887,0.012230519147131,0.9901,21027.28,28947.46,4.32,26796,506
chr14_90796856,14,90796856,25000,5.641567070271652,0.0093697074298189,0.9901,17634.95,27114.35,4.81,26796,595
rs72731889,14,70218941,25000,5.605461821326679,0.0123945854155283,0.9901,14077.35,20547.59,7.49,26796,463
rs17098279,14,61365192,25000,-5.598516192746403,-0.0085487611775885,0.9901,14951.43,19506.77,4.35,26796,441
rs145496844,14,94006387,25000,5.5869840826704005,0.0257674681353887,0.9901,21858.41,28951.91,4.32,26796,611
rs144854104,14,63630196,25000,5.483290416480025,0.0120432947005698,0.9901,16529.55,24499.37,4.60,26796,572
