rsid,chrom,center_pos,window_half_bp,akbari_X,akbari_S,akbari_posterior,geom_mean_tmrca,arith_mean_tmrca,min_tmrca,n_pairs,n_sites
rs2516747,14,105678347,25000,10.613088284891704,0.012105777265411,0.9901,29902.82,35388.74,271.59,10878,768
rs11160318,14,96193582,25000,-7.73597647338828,-0.0062678068802795,0.9901,22111.85,26872.34,4.86,10878,563
rs7146689,14,92633679,25000,6.30042107205071,0.0070522106430522,0.9901,15517.74,21961.20,4.57,10878,490
rs229644,14,64729076,25000,-6.0241400270434005,-0.0052145885542709,0.9901,10041.87,15731.17,5.54,10878,403
rs1244349,14,34203564,25000,-5.967757495422988,-0.0063370153405226,0.9901,19647.91,25397.22,8.66,10878,477
chr14_64311644,14,64311644,25000,5.778452193804209,0.0116700396836732,0.9901,12131.66,17709.28,7.98,10878,454
rs138109476,14,85592808,25000,5.773594887248887,0.012230519147131,0.9901,20447.89,28542.08,4.32,10878,488
chr14_90796856,14,90796856,25000,5.641567070271652,0.0093697074298189,0.9901,17380.09,26958.30,4.32,10878,447
rs72731889,14,70218941,25000,5.605461821326679,0.0123945854155283,0.9901,16422.17,22308.21,8.21,10878,442
rs17098279,14,61365192,25000,-5.598516192746403,-0.0085487611775885,0.9901,14724.11,19552.75,8.20,10878,398
rs145496844,14,94006387,25000,5.5869840826704005,0.0257674681353887,0.9901,18995.59,26802.56,4.41,10878,538
rs144854104,14,63630196,25000,5.483290416480025,0.0120432947005698,0.9901,13588.72,22071.86,4.32,10878,534
