rsid,chrom,center_pos,window_half_bp,akbari_X,akbari_S,akbari_posterior,geom_mean_tmrca,arith_mean_tmrca,min_tmrca,n_pairs,n_sites
rs2516747,14,106144684,25000,10.613088284891704,0.012105777265411,0.9901,944.92,4324.80,52.11,34191,357
rs11160318,14,96659919,25000,-7.73597647338828,-0.0062678068802795,0.9901,19827.17,29811.10,4.42,34191,347
rs7146689,14,93100024,25000,6.30042107205071,0.0070522106430522,0.9901,8080.27,18896.35,4.42,34191,336
rs229644,14,65195794,25000,-6.0241400270434005,-0.0052145885542709,0.9901,13054.34,23136.69,4.42,34191,359
rs1244349,14,34672770,25000,-5.967757495422988,-0.0063370153405226,0.9901,16561.21,24392.11,4.74,34191,398
chr14_64778362,14,64778362,25000,5.778452193804209,0.0116700396836732,0.9901,9255.98,20095.36,4.54,34191,372
rs138109476,14,86059152,25000,5.773594887248887,0.012230519147131,0.9901,11005.24,19286.60,4.75,34191,314
chr14_91263200,14,91263200,25000,5.641567070271652,0.0093697074298189,0.9901,10135.27,17851.08,4.42,34191,344
rs72731889,14,70685658,25000,5.605461821326679,0.0123945854155283,0.9901,10711.97,18078.84,4.75,34191,342
rs17098279,14,61831910,25000,-5.598516192746403,-0.0085487611775885,0.9901,5142.43,12144.23,4.42,34191,336
rs145496844,14,94472733,25000,5.5869840826704005,0.0257674681353887,0.9901,20441.90,30353.86,4.45,34191,427
rs144854104,14,64096914,25000,5.483290416480025,0.0120432947005698,0.9901,5640.30,13138.49,4.45,34191,339
