rsid,chrom,center_pos,window_half_bp,akbari_X,akbari_S,akbari_posterior,geom_mean_tmrca,arith_mean_tmrca,min_tmrca,n_pairs,n_sites
rs2516747,14,105678347,25000,10.613088284891704,0.012105777265411,0.9901,25156.92,32197.25,62.25,34191,612
rs11160318,14,96193582,25000,-7.73597647338828,-0.0062678068802795,0.9901,22064.20,29313.33,4.42,34191,431
rs7146689,14,92633679,25000,6.30042107205071,0.0070522106430522,0.9901,18815.10,28400.32,4.60,34191,395
rs229644,14,64729076,25000,-6.0241400270434005,-0.0052145885542709,0.9901,6199.09,12776.32,4.50,34191,271
rs1244349,14,34203564,25000,-5.967757495422988,-0.0063370153405226,0.9901,16783.94,26586.68,4.55,34191,322
chr14_64311644,14,64311644,25000,5.778452193804209,0.0116700396836732,0.9901,8011.31,13710.42,4.42,34191,316
rs138109476,14,85592808,25000,5.773594887248887,0.012230519147131,0.9901,21269.26,31317.01,4.42,34191,389
chr14_90796856,14,90796856,25000,5.641567070271652,0.0093697074298189,0.9901,12965.44,25719.01,4.61,34191,416
rs72731889,14,70218941,25000,5.605461821326679,0.0123945854155283,0.9901,10386.82,19274.45,4.42,34191,324
rs17098279,14,61365192,25000,-5.598516192746403,-0.0085487611775885,0.9901,6434.38,15317.23,4.42,34191,271
rs145496844,14,94006387,25000,5.5869840826704005,0.0257674681353887,0.9901,11411.24,22252.82,4.42,34191,427
rs144854104,14,63630196,25000,5.483290416480025,0.0120432947005698,0.9901,4602.78,12441.23,4.66,34191,405
