rsid,chrom,center_pos,window_half_bp,akbari_X,akbari_S,akbari_posterior,geom_mean_tmrca,arith_mean_tmrca,min_tmrca,n_pairs,n_sites
rs2516747,14,105678347,25000,10.613088284891704,0.012105777265411,0.9901,13250.47,19182.13,430.46,17205,460
rs11160318,14,96193582,25000,-7.73597647338828,-0.0062678068802795,0.9901,22294.25,30742.36,6.23,17205,356
rs7146689,14,92633679,25000,6.30042107205071,0.0070522106430522,0.9901,17144.90,28691.37,25.53,17205,295
rs229644,14,64729076,25000,-6.0241400270434005,-0.0052145885542709,0.9901,2583.50,4654.92,30.51,17205,218
rs1244349,14,34203564,25000,-5.967757495422988,-0.0063370153405226,0.9901,15955.44,24167.40,17.76,17205,271
chr14_64311644,14,64311644,25000,5.778452193804209,0.0116700396836732,0.9901,8840.21,16392.26,16.85,17205,251
rs138109476,14,85592808,25000,5.773594887248887,0.012230519147131,0.9901,16106.95,28443.54,25.73,17205,297
chr14_90796856,14,90796856,25000,5.641567070271652,0.0093697074298189,0.9901,10931.45,25241.90,35.79,17205,218
rs72731889,14,70218941,25000,5.605461821326679,0.0123945854155283,0.9901,11696.80,22230.67,33.43,17205,210
rs17098279,14,61365192,25000,-5.598516192746403,-0.0085487611775885,0.9901,7227.11,14758.72,25.71,17205,150
rs145496844,14,94006387,25000,5.5869840826704005,0.0257674681353887,0.9901,7295.67,17460.74,11.78,17205,240
rs144854104,14,63630196,25000,5.483290416480025,0.0120432947005698,0.9901,3513.38,9043.19,25.03,17205,253
