rsid,chrom,center_pos,window_half_bp,akbari_X,akbari_S,akbari_posterior,geom_mean_tmrca,arith_mean_tmrca,min_tmrca,n_pairs,n_sites
rs2516747,14,106144684,25000,10.613088284891704,0.012105777265411,0.9901,1190.89,3577.76,69.26,17205,218
rs11160318,14,96659919,25000,-7.73597647338828,-0.0062678068802795,0.9901,13056.18,25358.13,27.52,17205,270
rs7146689,14,93100024,25000,6.30042107205071,0.0070522106430522,0.9901,6840.54,16871.26,10.40,17205,259
rs229644,14,65195794,25000,-6.0241400270434005,-0.0052145885542709,0.9901,14226.56,25756.76,24.49,17205,252
rs1244349,14,34672770,25000,-5.967757495422988,-0.0063370153405226,0.9901,13514.33,25083.18,32.71,17205,282
chr14_64778362,14,64778362,25000,5.778452193804209,0.0116700396836732,0.9901,7978.82,18735.37,33.44,17205,299
rs138109476,14,86059152,25000,5.773594887248887,0.012230519147131,0.9901,9142.83,19109.55,22.63,17205,235
chr14_91263200,14,91263200,25000,5.641567070271652,0.0093697074298189,0.9901,8611.40,17790.29,21.22,17205,200
rs72731889,14,70685658,25000,5.605461821326679,0.0123945854155283,0.9901,12666.02,20668.25,14.67,17205,219
rs17098279,14,61831910,25000,-5.598516192746403,-0.0085487611775885,0.9901,3390.49,6872.76,22.92,17205,211
rs145496844,14,94472733,25000,5.5869840826704005,0.0257674681353887,0.9901,21843.29,32616.14,19.05,17205,342
rs144854104,14,64096914,25000,5.483290416480025,0.0120432947005698,0.9901,9805.57,18220.55,17.74,17205,238
