rsid,chrom,center_pos,window_half_bp,akbari_X,akbari_S,akbari_posterior,geom_mean_tmrca,arith_mean_tmrca,min_tmrca,n_pairs,n_sites
rs2516747,14,106144684,25000,10.613088284891704,0.012105777265411,0.9901,511.65,4516.10,32.83,63903,237
rs11160318,14,96659919,25000,-7.73597647338828,-0.0062678068802795,0.9901,14999.66,27220.40,5.66,63903,316
rs7146689,14,93100024,25000,6.30042107205071,0.0070522106430522,0.9901,7252.60,17757.41,5.67,63903,264
rs229644,14,65195794,25000,-6.0241400270434005,-0.0052145885542709,0.9901,10828.18,22861.53,5.66,63903,361
rs1244349,14,34672770,25000,-5.967757495422988,-0.0063370153405226,0.9901,13365.64,21684.72,5.67,63903,380
chr14_64778362,14,64778362,25000,5.778452193804209,0.0116700396836732,0.9901,7808.30,20482.08,5.66,63903,357
rs138109476,14,86059152,25000,5.773594887248887,0.012230519147131,0.9901,7403.31,16705.32,5.67,63903,256
chr14_91263200,14,91263200,25000,5.641567070271652,0.0093697074298189,0.9901,6701.97,12663.98,5.66,63903,307
rs72731889,14,70685658,25000,5.605461821326679,0.0123945854155283,0.9901,12890.99,20218.69,5.67,63903,322
rs17098279,14,61831910,25000,-5.598516192746403,-0.0085487611775885,0.9901,3974.51,11672.71,5.67,63903,320
rs145496844,14,94472733,25000,5.5869840826704005,0.0257674681353887,0.9901,18205.67,29916.05,5.66,63903,428
rs144854104,14,64096914,25000,5.483290416480025,0.0120432947005698,0.9901,4153.26,10515.33,5.66,63903,300
