rsid,chrom,center_pos,window_half_bp,akbari_X,akbari_S,akbari_posterior,geom_mean_tmrca,arith_mean_tmrca,min_tmrca,n_pairs,n_sites
rs2516747,14,105678347,25000,10.613088284891704,0.012105777265411,0.9901,21878.05,30615.26,128.32,63903,563
rs11160318,14,96193582,25000,-7.73597647338828,-0.0062678068802795,0.9901,18007.54,27058.76,5.67,63903,394
rs7146689,14,92633679,25000,6.30042107205071,0.0070522106430522,0.9901,18136.95,27378.46,5.66,63903,348
rs229644,14,64729076,25000,-6.0241400270434005,-0.0052145885542709,0.9901,5705.08,12124.88,5.66,63903,267
rs1244349,14,34203564,25000,-5.967757495422988,-0.0063370153405226,0.9901,11977.83,20922.93,5.67,63903,326
chr14_64311644,14,64311644,25000,5.778452193804209,0.0116700396836732,0.9901,10856.23,17660.80,5.67,63903,342
rs138109476,14,85592808,25000,5.773594887248887,0.012230519147131,0.9901,17897.31,30677.17,5.66,63903,325
chr14_90796856,14,90796856,25000,5.641567070271652,0.0093697074298189,0.9901,10983.63,24990.12,5.66,63903,414
rs72731889,14,70218941,25000,5.605461821326679,0.0123945854155283,0.9901,11672.84,22597.20,5.66,63903,287
rs17098279,14,61365192,25000,-5.598516192746403,-0.0085487611775885,0.9901,4567.74,10871.71,5.66,63903,218
rs145496844,14,94006387,25000,5.5869840826704005,0.0257674681353887,0.9901,9204.96,21231.94,5.67,63903,363
rs144854104,14,63630196,25000,5.483290416480025,0.0120432947005698,0.9901,2783.65,5755.60,5.66,63903,371
