rsid,chrom,center_pos,window_half_bp,akbari_X,akbari_S,akbari_posterior,geom_mean_tmrca,arith_mean_tmrca,min_tmrca,n_pairs,n_sites
rs2516747,14,105678347,25000,10.613088284891704,0.012105777265411,0.9901,29190.58,36522.78,1821.39,21115,542
rs11160318,14,96193582,25000,-7.73597647338828,-0.0062678068802795,0.9901,22858.57,31181.28,314.95,21115,395
rs7146689,14,92633679,25000,6.30042107205071,0.0070522106430522,0.9901,15687.07,28244.32,188.49,21115,299
rs229644,14,64729076,25000,-6.0241400270434005,-0.0052145885542709,0.9901,3183.95,6188.60,73.11,21115,174
rs1244349,14,34203564,25000,-5.967757495422988,-0.0063370153405226,0.9901,15445.87,23103.85,155.79,21115,261
chr14_64311644,14,64311644,25000,5.778452193804209,0.0116700396836732,0.9901,10478.36,18653.86,37.83,21115,282
rs138109476,14,85592808,25000,5.773594887248887,0.012230519147131,0.9901,13687.37,27070.35,35.09,21115,295
chr14_90796856,14,90796856,25000,5.641567070271652,0.0093697074298189,0.9901,11633.35,25865.11,63.61,21115,268
rs72731889,14,70218941,25000,5.605461821326679,0.0123945854155283,0.9901,10714.99,21264.74,80.98,21115,267
rs17098279,14,61365192,25000,-5.598516192746403,-0.0085487611775885,0.9901,6627.58,13713.32,12.54,21115,190
rs145496844,14,94006387,25000,5.5869840826704005,0.0257674681353887,0.9901,9887.80,21023.10,103.25,21115,293
rs144854104,14,63630196,25000,5.483290416480025,0.0120432947005698,0.9901,2673.55,5351.53,44.90,21115,213
