rsid,chrom,center_pos,window_half_bp,akbari_X,akbari_S,akbari_posterior,geom_mean_tmrca,arith_mean_tmrca,min_tmrca,n_pairs,n_sites
rs2516747,14,106144684,25000,10.613088284891704,0.012105777265411,0.9901,1321.06,4512.53,68.41,21115,275
rs11160318,14,96659919,25000,-7.73597647338828,-0.0062678068802795,0.9901,13331.39,25416.29,81.97,21115,273
rs7146689,14,93100024,25000,6.30042107205071,0.0070522106430522,0.9901,5653.36,13556.29,62.66,21115,268
rs229644,14,65195794,25000,-6.0241400270434005,-0.0052145885542709,0.9901,12814.18,25403.78,31.50,21115,307
rs1244349,14,34672770,25000,-5.967757495422988,-0.0063370153405226,0.9901,12289.53,23666.21,73.94,21115,268
chr14_64778362,14,64778362,25000,5.778452193804209,0.0116700396836732,0.9901,8909.53,19938.41,43.20,21115,298
rs138109476,14,86059152,25000,5.773594887248887,0.012230519147131,0.9901,11708.58,22236.05,114.16,21115,250
chr14_91263200,14,91263200,25000,5.641567070271652,0.0093697074298189,0.9901,9844.80,19342.26,62.73,21115,218
rs72731889,14,70685658,25000,5.605461821326679,0.0123945854155283,0.9901,14107.69,21753.66,77.64,21115,254
rs17098279,14,61831910,25000,-5.598516192746403,-0.0085487611775885,0.9901,3524.10,8535.77,28.74,21115,219
rs145496844,14,94472733,25000,5.5869840826704005,0.0257674681353887,0.9901,20627.34,32044.93,26.39,21115,374
rs144854104,14,64096914,25000,5.483290416480025,0.0120432947005698,0.9901,7006.91,14325.56,33.12,21115,207
