rsid,chrom,center_pos,window_half_bp,akbari_X,akbari_S,akbari_posterior,geom_mean_tmrca,arith_mean_tmrca,min_tmrca,n_pairs,n_sites
rs2516747,14,105678347,25000,10.613088284891704,0.012105777265411,0.9901,25099.50,33720.62,95.84,52975,561
rs11160318,14,96193582,25000,-7.73597647338828,-0.0062678068802795,0.9901,22308.07,30810.66,5.70,52975,390
rs7146689,14,92633679,25000,6.30042107205071,0.0070522106430522,0.9901,16284.64,28279.48,5.69,52975,317
rs229644,14,64729076,25000,-6.0241400270434005,-0.0052145885542709,0.9901,2591.13,4549.82,5.69,52975,268
rs1244349,14,34203564,25000,-5.967757495422988,-0.0063370153405226,0.9901,14957.60,22728.67,5.70,52975,296
chr14_64311644,14,64311644,25000,5.778452193804209,0.0116700396836732,0.9901,8704.84,16703.07,5.70,52975,301
rs138109476,14,85592808,25000,5.773594887248887,0.012230519147131,0.9901,14812.01,26933.99,5.69,52975,329
chr14_90796856,14,90796856,25000,5.641567070271652,0.0093697074298189,0.9901,11913.99,26492.44,5.69,52975,259
rs72731889,14,70218941,25000,5.605461821326679,0.0123945854155283,0.9901,10860.15,21235.00,5.69,52975,261
rs17098279,14,61365192,25000,-5.598516192746403,-0.0085487611775885,0.9901,7271.12,14845.76,5.69,52975,204
rs145496844,14,94006387,25000,5.5869840826704005,0.0257674681353887,0.9901,9212.12,20048.68,5.69,52975,341
rs144854104,14,63630196,25000,5.483290416480025,0.0120432947005698,0.9901,3041.22,6780.51,5.70,52975,299
