rsid,chrom,center_pos,window_half_bp,akbari_X,akbari_S,akbari_posterior,geom_mean_tmrca,arith_mean_tmrca,min_tmrca,n_pairs,n_sites
rs2516747,14,105678347,25000,10.613088284891704,0.012105777265411,0.9901,24365.64,32404.23,89.76,34716,703
rs11160318,14,96193582,25000,-7.73597647338828,-0.0062678068802795,0.9901,20451.59,28887.19,4.42,34716,448
rs7146689,14,92633679,25000,6.30042107205071,0.0070522106430522,0.9901,18594.51,27490.09,4.42,34716,393
rs229644,14,64729076,25000,-6.0241400270434005,-0.0052145885542709,0.9901,4829.05,11223.05,4.49,34716,376
rs1244349,14,34203564,25000,-5.967757495422988,-0.0063370153405226,0.9901,14193.94,23534.56,4.50,34716,401
chr14_64311644,14,64311644,25000,5.778452193804209,0.0116700396836732,0.9901,10191.90,18641.11,4.42,34716,402
rs138109476,14,85592808,25000,5.773594887248887,0.012230519147131,0.9901,17267.93,28874.86,4.42,34716,424
chr14_90796856,14,90796856,25000,5.641567070271652,0.0093697074298189,0.9901,10690.78,23405.99,4.42,34716,434
rs72731889,14,70218941,25000,5.605461821326679,0.0123945854155283,0.9901,10985.11,21053.34,4.42,34716,404
rs17098279,14,61365192,25000,-5.598516192746403,-0.0085487611775885,0.9901,6195.99,13143.50,4.42,34716,301
rs145496844,14,94006387,25000,5.5869840826704005,0.0257674681353887,0.9901,12868.85,24853.71,4.42,34716,446
rs144854104,14,63630196,25000,5.483290416480025,0.0120432947005698,0.9901,3958.73,10695.79,4.42,34716,436
