rsid,chrom,center_pos,window_half_bp,akbari_X,akbari_S,akbari_posterior,geom_mean_tmrca,arith_mean_tmrca,min_tmrca,n_pairs,n_sites
rs2516747,14,106144684,25000,10.613088284891704,0.012105777265411,0.9901,1299.71,5278.56,39.66,34716,333
rs11160318,14,96659919,25000,-7.73597647338828,-0.0062678068802795,0.9901,14326.47,25767.96,4.42,34716,350
rs7146689,14,93100024,25000,6.30042107205071,0.0070522106430522,0.9901,7253.32,17271.50,4.42,34716,394
rs229644,14,65195794,25000,-6.0241400270434005,-0.0052145885542709,0.9901,10928.47,21377.33,4.42,34716,434
rs1244349,14,34672770,25000,-5.967757495422988,-0.0063370153405226,0.9901,15881.56,24325.04,4.71,34716,488
chr14_64778362,14,64778362,25000,5.778452193804209,0.0116700396836732,0.9901,6345.55,16641.54,4.42,34716,439
rs138109476,14,86059152,25000,5.773594887248887,0.012230519147131,0.9901,9252.65,18330.83,4.42,34716,394
chr14_91263200,14,91263200,25000,5.641567070271652,0.0093697074298189,0.9901,5634.46,10972.36,4.42,34716,310
rs72731889,14,70685658,25000,5.605461821326679,0.0123945854155283,0.9901,12402.26,19724.82,4.42,34716,390
rs17098279,14,61831910,25000,-5.598516192746403,-0.0085487611775885,0.9901,6070.51,15530.59,4.42,34716,478
rs145496844,14,94472733,25000,5.5869840826704005,0.0257674681353887,0.9901,18349.45,29156.78,4.42,34716,516
rs144854104,14,64096914,25000,5.483290416480025,0.0120432947005698,0.9901,6489.75,14695.21,4.42,34716,395
