rsid,chrom,center_pos,window_half_bp,akbari_X,akbari_S,akbari_posterior,geom_mean_tmrca,arith_mean_tmrca,min_tmrca,n_pairs,n_sites
rs2516747,14,105678347,25000,10.613088284891704,0.012105777265411,0.9901,28206.18,34512.12,65.74,44253,790
rs11160318,14,96193582,25000,-7.73597647338828,-0.0062678068802795,0.9901,20525.56,26198.13,4.32,44253,568
rs7146689,14,92633679,25000,6.30042107205071,0.0070522106430522,0.9901,15945.30,23469.01,4.32,44253,481
rs229644,14,64729076,25000,-6.0241400270434005,-0.0052145885542709,0.9901,11519.12,17527.72,4.37,44253,436
rs1244349,14,34203564,25000,-5.967757495422988,-0.0063370153405226,0.9901,19247.67,25987.19,4.41,44253,485
chr14_64311644,14,64311644,25000,5.778452193804209,0.0116700396836732,0.9901,10706.40,17389.53,4.32,44253,460
rs138109476,14,85592808,25000,5.773594887248887,0.012230519147131,0.9901,20150.59,28337.34,4.32,44253,488
chr14_90796856,14,90796856,25000,5.641567070271652,0.0093697074298189,0.9901,13444.61,23396.03,4.32,44253,548
rs72731889,14,70218941,25000,5.605461821326679,0.0123945854155283,0.9901,13229.19,20054.58,4.32,44253,446
rs17098279,14,61365192,25000,-5.598516192746403,-0.0085487611775885,0.9901,14748.48,19317.63,4.32,44253,413
rs145496844,14,94006387,25000,5.5869840826704005,0.0257674681353887,0.9901,22397.63,30074.05,4.32,44253,583
rs144854104,14,63630196,25000,5.483290416480025,0.0120432947005698,0.9901,17060.18,24774.25,4.35,44253,542
