rsid,chrom,center_pos,window_half_bp,akbari_X,akbari_S,akbari_posterior,geom_mean_tmrca,arith_mean_tmrca,min_tmrca,n_pairs,n_sites
rs2516747,14,106144684,25000,10.613088284891704,0.012105777265411,0.9901,3164.50,6799.77,38.71,44253,520
rs11160318,14,96659919,25000,-7.73597647338828,-0.0062678068802795,0.9901,15213.26,24212.14,4.32,44253,411
rs7146689,14,93100024,25000,6.30042107205071,0.0070522106430522,0.9901,13154.51,21855.03,4.43,44253,511
rs229644,14,65195794,25000,-6.0241400270434005,-0.0052145885542709,0.9901,19194.34,27986.77,4.63,44253,487
rs1244349,14,34672770,25000,-5.967757495422988,-0.0063370153405226,0.9901,22659.89,28448.23,7.86,44253,569
chr14_64778362,14,64778362,25000,5.778452193804209,0.0116700396836732,0.9901,18181.20,27362.02,4.41,44253,502
rs138109476,14,86059152,25000,5.773594887248887,0.012230519147131,0.9901,11081.88,19460.51,4.46,44253,410
chr14_91263200,14,91263200,25000,5.641567070271652,0.0093697074298189,0.9901,11794.69,19782.08,4.32,44253,382
rs72731889,14,70685658,25000,5.605461821326679,0.0123945854155283,0.9901,17971.22,22994.74,4.35,44253,488
rs17098279,14,61831910,25000,-5.598516192746403,-0.0085487611775885,0.9901,7149.96,15669.44,4.32,44253,439
rs145496844,14,94472733,25000,5.5869840826704005,0.0257674681353887,0.9901,22269.11,28949.19,4.45,44253,583
rs144854104,14,64096914,25000,5.483290416480025,0.0120432947005698,0.9901,15562.11,22644.81,4.32,44253,443
