rsid,chrom,center_pos,window_half_bp,akbari_X,akbari_S,akbari_posterior,geom_mean_tmrca,arith_mean_tmrca,min_tmrca,n_pairs,n_sites
rs2516747,14,105678347,25000,10.613088284891704,0.012105777265411,0.9901,24179.87,32933.35,568.51,19503,472
rs11160318,14,96193582,25000,-7.73597647338828,-0.0062678068802795,0.9901,18460.35,28068.63,17.29,19503,339
rs7146689,14,92633679,25000,6.30042107205071,0.0070522106430522,0.9901,18245.09,28162.93,6.29,19503,307
rs229644,14,64729076,25000,-6.0241400270434005,-0.0052145885542709,0.9901,6331.68,12750.23,14.34,19503,227
rs1244349,14,34203564,25000,-5.967757495422988,-0.0063370153405226,0.9901,13481.35,23334.64,6.29,19503,271
chr14_64311644,14,64311644,25000,5.778452193804209,0.0116700396836732,0.9901,10199.25,17920.67,10.55,19503,291
rs138109476,14,85592808,25000,5.773594887248887,0.012230519147131,0.9901,18010.59,31289.60,6.19,19503,284
chr14_90796856,14,90796856,25000,5.641567070271652,0.0093697074298189,0.9901,9860.81,24741.94,13.56,19503,365
rs72731889,14,70218941,25000,5.605461821326679,0.0123945854155283,0.9901,9859.55,21060.87,10.49,19503,268
rs17098279,14,61365192,25000,-5.598516192746403,-0.0085487611775885,0.9901,4551.22,11122.67,10.66,19503,174
rs145496844,14,94006387,25000,5.5869840826704005,0.0257674681353887,0.9901,13024.45,25492.10,6.20,19503,366
rs144854104,14,63630196,25000,5.483290416480025,0.0120432947005698,0.9901,3025.47,6571.86,6.34,19503,265
