rsid,chrom,center_pos,window_half_bp,akbari_X,akbari_S,akbari_posterior,geom_mean_tmrca,arith_mean_tmrca,min_tmrca,n_pairs,n_sites
rs2516747,14,106144684,25000,10.613088284891704,0.012105777265411,0.9901,1412.04,6466.58,66.43,19503,260
rs11160318,14,96659919,25000,-7.73597647338828,-0.0062678068802795,0.9901,14963.13,26640.80,10.49,19503,295
rs7146689,14,93100024,25000,6.30042107205071,0.0070522106430522,0.9901,6956.02,17005.72,6.06,19503,243
rs229644,14,65195794,25000,-6.0241400270434005,-0.0052145885542709,0.9901,10048.31,22840.30,8.97,19503,329
rs1244349,14,34672770,25000,-5.967757495422988,-0.0063370153405226,0.9901,15581.79,23969.92,23.50,19503,354
chr14_64778362,14,64778362,25000,5.778452193804209,0.0116700396836732,0.9901,8224.03,20436.91,12.75,19503,306
rs138109476,14,86059152,25000,5.773594887248887,0.012230519147131,0.9901,8449.50,17173.99,21.86,19503,243
chr14_91263200,14,91263200,25000,5.641567070271652,0.0093697074298189,0.9901,7640.80,15894.26,12.35,19503,254
rs72731889,14,70685658,25000,5.605461821326679,0.0123945854155283,0.9901,11662.67,19592.38,10.91,19503,288
rs17098279,14,61831910,25000,-5.598516192746403,-0.0085487611775885,0.9901,4550.86,12466.37,6.12,19503,275
rs145496844,14,94472733,25000,5.5869840826704005,0.0257674681353887,0.9901,14875.24,26762.97,11.72,19503,344
rs144854104,14,64096914,25000,5.483290416480025,0.0120432947005698,0.9901,3790.44,10032.21,12.01,19503,239
