rsid,chrom,center_pos,window_half_bp,akbari_X,akbari_S,akbari_posterior,geom_mean_tmrca,arith_mean_tmrca,min_tmrca,n_pairs,n_sites
rs2516747,14,106144684,25000,10.613088284891704,0.012105777265411,0.9901,1117.62,6088.76,50.21,16471,231
rs11160318,14,96659919,25000,-7.73597647338828,-0.0062678068802795,0.9901,15411.53,27418.07,18.32,16471,280
rs7146689,14,93100024,25000,6.30042107205071,0.0070522106430522,0.9901,6718.76,15961.21,17.30,16471,250
rs229644,14,65195794,25000,-6.0241400270434005,-0.0052145885542709,0.9901,10599.76,23055.07,32.07,16471,319
rs1244349,14,34672770,25000,-5.967757495422988,-0.0063370153405226,0.9901,14239.52,22151.39,31.86,16471,341
chr14_64778362,14,64778362,25000,5.778452193804209,0.0116700396836732,0.9901,7452.41,20213.92,6.61,16471,317
rs138109476,14,86059152,25000,5.773594887248887,0.012230519147131,0.9901,8364.24,17050.84,11.50,16471,236
chr14_91263200,14,91263200,25000,5.641567070271652,0.0093697074298189,0.9901,6351.71,12667.24,11.61,16471,268
rs72731889,14,70685658,25000,5.605461821326679,0.0123945854155283,0.9901,12671.25,20127.90,22.58,16471,313
rs17098279,14,61831910,25000,-5.598516192746403,-0.0085487611775885,0.9901,5702.60,15602.80,11.32,16471,294
rs145496844,14,94472733,25000,5.5869840826704005,0.0257674681353887,0.9901,19111.22,30333.71,11.59,16471,378
rs144854104,14,64096914,25000,5.483290416480025,0.0120432947005698,0.9901,3335.30,8413.72,16.38,16471,246
