rsid,chrom,center_pos,window_half_bp,akbari_X,akbari_S,akbari_posterior,geom_mean_tmrca,arith_mean_tmrca,min_tmrca,n_pairs,n_sites
rs2516747,14,105678347,25000,10.613088284891704,0.012105777265411,0.9901,22315.97,31599.52,428.53,16471,429
rs11160318,14,96193582,25000,-7.73597647338828,-0.0062678068802795,0.9901,17886.18,27142.93,21.87,16471,330
rs7146689,14,92633679,25000,6.30042107205071,0.0070522106430522,0.9901,18120.64,27754.34,14.38,16471,305
rs229644,14,64729076,25000,-6.0241400270434005,-0.0052145885542709,0.9901,6656.02,13678.01,6.26,16471,218
rs1244349,14,34203564,25000,-5.967757495422988,-0.0063370153405226,0.9901,12016.02,21121.15,18.35,16471,278
chr14_64311644,14,64311644,25000,5.778452193804209,0.0116700396836732,0.9901,9534.49,17214.27,18.51,16471,225
rs138109476,14,85592808,25000,5.773594887248887,0.012230519147131,0.9901,17891.68,30571.57,17.37,16471,295
chr14_90796856,14,90796856,25000,5.641567070271652,0.0093697074298189,0.9901,10182.19,24148.84,24.97,16471,376
rs72731889,14,70218941,25000,5.605461821326679,0.0123945854155283,0.9901,11096.31,21923.89,25.00,16471,232
rs17098279,14,61365192,25000,-5.598516192746403,-0.0085487611775885,0.9901,3821.10,9954.77,14.83,16471,178
rs145496844,14,94006387,25000,5.5869840826704005,0.0257674681353887,0.9901,9454.18,21495.20,16.43,16471,332
rs144854104,14,63630196,25000,5.483290416480025,0.0120432947005698,0.9901,3066.22,6086.96,19.78,16471,282
