rsid,chrom,center_pos,window_half_bp,akbari_X,akbari_S,akbari_posterior,geom_mean_tmrca,arith_mean_tmrca,min_tmrca,n_pairs,n_sites
rs2516747,14,106144684,25000,10.613088284891704,0.012105777265411,0.9901,1486.95,7519.76,40.34,21115,292
rs11160318,14,96659919,25000,-7.73597647338828,-0.0062678068802795,0.9901,18353.12,29599.02,11.18,21115,308
rs7146689,14,93100024,25000,6.30042107205071,0.0070522106430522,0.9901,9023.16,21162.23,12.16,21115,282
rs229644,14,65195794,25000,-6.0241400270434005,-0.0052145885542709,0.9901,13066.23,25020.05,12.44,21115,349
rs1244349,14,34672770,25000,-5.967757495422988,-0.0063370153405226,0.9901,15016.08,22639.06,6.17,21115,391
chr14_64778362,14,64778362,25000,5.778452193804209,0.0116700396836732,0.9901,12478.92,24719.90,11.12,21115,331
rs138109476,14,86059152,25000,5.773594887248887,0.012230519147131,0.9901,10387.93,17875.09,11.08,21115,268
chr14_91263200,14,91263200,25000,5.641567070271652,0.0093697074298189,0.9901,8944.85,15597.73,10.43,21115,319
rs72731889,14,70685658,25000,5.605461821326679,0.0123945854155283,0.9901,11400.45,18674.28,6.62,21115,315
rs17098279,14,61831910,25000,-5.598516192746403,-0.0085487611775885,0.9901,5917.98,13539.75,22.94,21115,319
rs145496844,14,94472733,25000,5.5869840826704005,0.0257674681353887,0.9901,18406.00,29194.18,11.92,21115,378
rs144854104,14,64096914,25000,5.483290416480025,0.0120432947005698,0.9901,5574.41,13285.26,18.11,21115,342
