rsid,chrom,center_pos,window_half_bp,akbari_X,akbari_S,akbari_posterior,geom_mean_tmrca,arith_mean_tmrca,min_tmrca,n_pairs,n_sites
rs2516747,14,105678347,25000,10.613088284891704,0.012105777265411,0.9901,22385.70,30587.48,632.46,21115,532
rs11160318,14,96193582,25000,-7.73597647338828,-0.0062678068802795,0.9901,20846.06,28601.93,10.21,21115,392
rs7146689,14,92633679,25000,6.30042107205071,0.0070522106430522,0.9901,19680.27,28479.36,11.22,21115,358
rs229644,14,64729076,25000,-6.0241400270434005,-0.0052145885542709,0.9901,9102.81,16443.54,11.20,21115,293
rs1244349,14,34203564,25000,-5.967757495422988,-0.0063370153405226,0.9901,15893.18,26384.18,27.57,21115,297
chr14_64311644,14,64311644,25000,5.778452193804209,0.0116700396836732,0.9901,7874.64,13247.08,17.37,21115,287
rs138109476,14,85592808,25000,5.773594887248887,0.012230519147131,0.9901,21178.82,31971.59,6.36,21115,342
chr14_90796856,14,90796856,25000,5.641567070271652,0.0093697074298189,0.9901,12438.40,25575.44,31.59,21115,409
rs72731889,14,70218941,25000,5.605461821326679,0.0123945854155283,0.9901,11055.64,20701.52,6.05,21115,287
rs17098279,14,61365192,25000,-5.598516192746403,-0.0085487611775885,0.9901,5449.70,13147.12,16.36,21115,232
rs145496844,14,94006387,25000,5.5869840826704005,0.0257674681353887,0.9901,12265.25,24772.36,12.44,21115,395
rs144854104,14,63630196,25000,5.483290416480025,0.0120432947005698,0.9901,5525.19,15130.34,17.42,21115,342
