rsid,chrom,center_pos,window_half_bp,akbari_X,akbari_S,akbari_posterior,geom_mean_tmrca,arith_mean_tmrca,min_tmrca,n_pairs,n_sites
rs2516747,14,105678347,25000,10.613088284891704,0.012105777265411,0.9901,28593.50,34748.92,94.27,63190,814
rs11160318,14,96193582,25000,-7.73597647338828,-0.0062678068802795,0.9901,19828.70,25732.45,4.39,63190,574
rs7146689,14,92633679,25000,6.30042107205071,0.0070522106430522,0.9901,14448.16,21292.53,4.34,63190,520
rs229644,14,64729076,25000,-6.0241400270434005,-0.0052145885542709,0.9901,11570.10,17789.75,4.47,63190,460
rs1244349,14,34203564,25000,-5.967757495422988,-0.0063370153405226,0.9901,19908.15,26042.68,4.41,63190,534
chr14_64311644,14,64311644,25000,5.778452193804209,0.0116700396836732,0.9901,12180.48,18318.09,4.51,63190,494
rs138109476,14,85592808,25000,5.773594887248887,0.012230519147131,0.9901,20637.40,28733.46,4.35,63190,561
chr14_90796856,14,90796856,25000,5.641567070271652,0.0093697074298189,0.9901,15879.39,27380.32,4.33,63190,583
rs72731889,14,70218941,25000,5.605461821326679,0.0123945854155283,0.9901,15650.42,21560.08,4.33,63190,471
rs17098279,14,61365192,25000,-5.598516192746403,-0.0085487611775885,0.9901,15164.08,19591.43,4.35,63190,475
rs145496844,14,94006387,25000,5.5869840826704005,0.0257674681353887,0.9901,22547.39,29739.97,4.33,63190,629
rs144854104,14,63630196,25000,5.483290416480025,0.0120432947005698,0.9901,15505.50,24006.36,4.51,63190,540
