rsid,chrom,center_pos,window_half_bp,akbari_X,akbari_S,akbari_posterior,geom_mean_tmrca,arith_mean_tmrca,min_tmrca,n_pairs,n_sites
rs2516747,14,106144684,25000,10.613088284891704,0.012105777265411,0.9901,2643.23,5880.86,47.37,63190,481
rs11160318,14,96659919,25000,-7.73597647338828,-0.0062678068802795,0.9901,16085.32,25158.16,4.33,63190,434
rs7146689,14,93100024,25000,6.30042107205071,0.0070522106430522,0.9901,14525.77,23814.18,4.34,63190,534
rs229644,14,65195794,25000,-6.0241400270434005,-0.0052145885542709,0.9901,19427.66,27948.83,4.33,63190,539
rs1244349,14,34672770,25000,-5.967757495422988,-0.0063370153405226,0.9901,22910.39,28165.00,4.40,63190,623
chr14_64778362,14,64778362,25000,5.778452193804209,0.0116700396836732,0.9901,17151.11,26957.32,4.33,63190,531
rs138109476,14,86059152,25000,5.773594887248887,0.012230519147131,0.9901,10640.33,18692.46,4.34,63190,473
chr14_91263200,14,91263200,25000,5.641567070271652,0.0093697074298189,0.9901,12268.20,19051.36,4.33,63190,482
rs72731889,14,70685658,25000,5.605461821326679,0.0123945854155283,0.9901,18693.27,22865.59,4.34,63190,510
rs17098279,14,61831910,25000,-5.598516192746403,-0.0085487611775885,0.9901,7152.00,15727.71,4.34,63190,510
rs145496844,14,94472733,25000,5.5869840826704005,0.0257674681353887,0.9901,21268.03,27576.76,4.47,63190,621
rs144854104,14,64096914,25000,5.483290416480025,0.0120432947005698,0.9901,15717.88,22108.75,4.43,63190,428
