rsid,chrom,center_pos,window_half_bp,akbari_X,akbari_S,akbari_posterior,geom_mean_tmrca,arith_mean_tmrca,min_tmrca,n_pairs,n_sites
rs2516747,14,106144684,25000,10.613088284891704,0.012105777265411,0.9901,982.97,5672.90,45.30,49141,344
rs11160318,14,96659919,25000,-7.73597647338828,-0.0062678068802795,0.9901,15840.33,27194.41,5.66,49141,332
rs7146689,14,93100024,25000,6.30042107205071,0.0070522106430522,0.9901,7649.32,17734.09,5.66,49141,318
rs229644,14,65195794,25000,-6.0241400270434005,-0.0052145885542709,0.9901,11872.34,23752.08,5.65,49141,341
rs1244349,14,34672770,25000,-5.967757495422988,-0.0063370153405226,0.9901,14990.57,22731.81,5.66,49141,428
chr14_64778362,14,64778362,25000,5.778452193804209,0.0116700396836732,0.9901,8960.43,21917.92,5.66,49141,337
rs138109476,14,86059152,25000,5.773594887248887,0.012230519147131,0.9901,7878.10,16302.00,5.66,49141,216
chr14_91263200,14,91263200,25000,5.641567070271652,0.0093697074298189,0.9901,7227.01,14755.36,5.66,49141,314
rs72731889,14,70685658,25000,5.605461821326679,0.0123945854155283,0.9901,12683.88,20269.00,5.66,49141,353
rs17098279,14,61831910,25000,-5.598516192746403,-0.0085487611775885,0.9901,5625.89,15346.38,5.66,49141,353
rs145496844,14,94472733,25000,5.5869840826704005,0.0257674681353887,0.9901,20033.88,30800.56,5.65,49141,472
rs144854104,14,64096914,25000,5.483290416480025,0.0120432947005698,0.9901,4351.56,10887.21,5.66,49141,283
