rsid,chrom,center_pos,window_half_bp,akbari_X,akbari_S,akbari_posterior,geom_mean_tmrca,arith_mean_tmrca,min_tmrca,n_pairs,n_sites
rs2516747,14,105678347,25000,10.613088284891704,0.012105777265411,0.9901,20758.14,30353.55,166.68,49141,590
rs11160318,14,96193582,25000,-7.73597647338828,-0.0062678068802795,0.9901,18266.24,26796.65,5.66,49141,417
rs7146689,14,92633679,25000,6.30042107205071,0.0070522106430522,0.9901,17407.62,26826.29,5.66,49141,373
rs229644,14,64729076,25000,-6.0241400270434005,-0.0052145885542709,0.9901,5946.14,12655.44,5.65,49141,250
rs1244349,14,34203564,25000,-5.967757495422988,-0.0063370153405226,0.9901,12289.30,21654.82,5.66,49141,330
chr14_64311644,14,64311644,25000,5.778452193804209,0.0116700396836732,0.9901,9282.16,15382.97,5.66,49141,259
rs138109476,14,85592808,25000,5.773594887248887,0.012230519147131,0.9901,18092.32,30514.29,5.66,49141,358
chr14_90796856,14,90796856,25000,5.641567070271652,0.0093697074298189,0.9901,11882.31,26119.73,5.65,49141,399
rs72731889,14,70218941,25000,5.605461821326679,0.0123945854155283,0.9901,11266.43,22147.14,5.66,49141,303
rs17098279,14,61365192,25000,-5.598516192746403,-0.0085487611775885,0.9901,4975.61,11721.18,5.66,49141,271
rs145496844,14,94006387,25000,5.5869840826704005,0.0257674681353887,0.9901,8419.82,20546.87,5.66,49141,371
rs144854104,14,63630196,25000,5.483290416480025,0.0120432947005698,0.9901,2599.92,7366.28,5.66,49141,321
