rsid,chrom,center_pos,window_half_bp,akbari_X,akbari_S,akbari_posterior,geom_mean_tmrca,arith_mean_tmrca,min_tmrca,n_pairs,n_sites
rs2516747,14,105678347,25000,10.613088284891704,0.012105777265411,0.9901,20789.01,27937.67,108.51,22791,593
rs11160318,14,96193582,25000,-7.73597647338828,-0.0062678068802795,0.9901,21974.39,29770.25,9.20,22791,398
rs7146689,14,92633679,25000,6.30042107205071,0.0070522106430522,0.9901,19294.32,28179.87,7.36,22791,348
rs229644,14,64729076,25000,-6.0241400270434005,-0.0052145885542709,0.9901,6929.40,13335.94,17.20,22791,254
rs1244349,14,34203564,25000,-5.967757495422988,-0.0063370153405226,0.9901,17069.19,27420.89,39.54,22791,314
chr14_64311644,14,64311644,25000,5.778452193804209,0.0116700396836732,0.9901,8056.73,13812.70,26.34,22791,287
rs138109476,14,85592808,25000,5.773594887248887,0.012230519147131,0.9901,22553.59,32844.13,5.99,22791,367
chr14_90796856,14,90796856,25000,5.641567070271652,0.0093697074298189,0.9901,13507.27,26687.11,6.80,22791,390
rs72731889,14,70218941,25000,5.605461821326679,0.0123945854155283,0.9901,10889.30,19897.73,11.81,22791,303
rs17098279,14,61365192,25000,-5.598516192746403,-0.0085487611775885,0.9901,5917.18,13720.62,11.01,22791,247
rs145496844,14,94006387,25000,5.5869840826704005,0.0257674681353887,0.9901,13518.37,25764.30,17.04,22791,409
rs144854104,14,63630196,25000,5.483290416480025,0.0120432947005698,0.9901,4781.82,12713.53,27.20,22791,344
