rsid,chrom,center_pos,window_half_bp,akbari_X,akbari_S,akbari_posterior,geom_mean_tmrca,arith_mean_tmrca,min_tmrca,n_pairs,n_sites
rs2516747,14,106144684,25000,10.613088284891704,0.012105777265411,0.9901,1532.02,6649.69,63.07,22791,361
rs11160318,14,96659919,25000,-7.73597647338828,-0.0062678068802795,0.9901,18655.44,29374.52,10.80,22791,321
rs7146689,14,93100024,25000,6.30042107205071,0.0070522106430522,0.9901,9981.80,22328.90,6.22,22791,286
rs229644,14,65195794,25000,-6.0241400270434005,-0.0052145885542709,0.9901,14209.42,25311.45,25.00,22791,360
rs1244349,14,34672770,25000,-5.967757495422988,-0.0063370153405226,0.9901,16596.67,24347.95,31.47,22791,344
chr14_64778362,14,64778362,25000,5.778452193804209,0.0116700396836732,0.9901,11530.32,23044.92,17.02,22791,354
rs138109476,14,86059152,25000,5.773594887248887,0.012230519147131,0.9901,10226.09,18105.07,5.65,22791,290
chr14_91263200,14,91263200,25000,5.641567070271652,0.0093697074298189,0.9901,9484.09,17093.69,34.13,22791,307
rs72731889,14,70685658,25000,5.605461821326679,0.0123945854155283,0.9901,11453.41,18455.98,5.90,22791,325
rs17098279,14,61831910,25000,-5.598516192746403,-0.0085487611775885,0.9901,5135.60,11572.14,17.20,22791,369
rs145496844,14,94472733,25000,5.5869840826704005,0.0257674681353887,0.9901,19950.35,29769.06,5.65,22791,390
rs144854104,14,64096914,25000,5.483290416480025,0.0120432947005698,0.9901,7013.46,15752.61,28.66,22791,322
