rsid,chrom,center_pos,window_half_bp,akbari_X,akbari_S,akbari_posterior,geom_mean_tmrca,arith_mean_tmrca,min_tmrca,n_pairs,n_sites
rs2516747,14,106144684,25000,10.613088284891704,0.012105777265411,0.9901,1046.81,3067.26,68.40,21528,147
rs11160318,14,96659919,25000,-7.73597647338828,-0.0062678068802795,0.9901,15929.27,26977.73,91.18,21528,235
rs7146689,14,93100024,25000,6.30042107205071,0.0070522106430522,0.9901,4449.11,11917.11,26.79,21528,255
rs229644,14,65195794,25000,-6.0241400270434005,-0.0052145885542709,0.9901,12139.60,23830.27,18.58,21528,293
rs1244349,14,34672770,25000,-5.967757495422988,-0.0063370153405226,0.9901,10748.04,22600.00,71.89,21528,274
chr14_64778362,14,64778362,25000,5.778452193804209,0.0116700396836732,0.9901,9760.10,21374.35,25.36,21528,283
rs138109476,14,86059152,25000,5.773594887248887,0.012230519147131,0.9901,11792.63,22625.48,51.72,21528,233
chr14_91263200,14,91263200,25000,5.641567070271652,0.0093697074298189,0.9901,6968.85,14696.55,36.07,21528,197
rs72731889,14,70685658,25000,5.605461821326679,0.0123945854155283,0.9901,15048.25,22682.44,24.55,21528,255
rs17098279,14,61831910,25000,-5.598516192746403,-0.0085487611775885,0.9901,4251.98,13598.84,21.53,21528,210
rs145496844,14,94472733,25000,5.5869840826704005,0.0257674681353887,0.9901,20516.96,31618.89,22.34,21528,349
rs144854104,14,64096914,25000,5.483290416480025,0.0120432947005698,0.9901,7230.41,16213.10,26.64,21528,215
