rsid,chrom,center_pos,window_half_bp,akbari_X,akbari_S,akbari_posterior,geom_mean_tmrca,arith_mean_tmrca,min_tmrca,n_pairs,n_sites
rs2516747,14,105678347,25000,10.613088284891704,0.012105777265411,0.9901,25053.14,32207.96,423.33,21528,532
rs11160318,14,96193582,25000,-7.73597647338828,-0.0062678068802795,0.9901,23074.84,31640.96,108.01,21528,329
rs7146689,14,92633679,25000,6.30042107205071,0.0070522106430522,0.9901,16004.03,28177.91,85.87,21528,285
rs229644,14,64729076,25000,-6.0241400270434005,-0.0052145885542709,0.9901,3312.46,6392.96,24.64,21528,193
rs1244349,14,34203564,25000,-5.967757495422988,-0.0063370153405226,0.9901,14799.04,22465.19,137.87,21528,255
chr14_64311644,14,64311644,25000,5.778452193804209,0.0116700396836732,0.9901,8709.47,16267.31,38.73,21528,270
rs138109476,14,85592808,25000,5.773594887248887,0.012230519147131,0.9901,15859.97,29112.47,16.48,21528,292
chr14_90796856,14,90796856,25000,5.641567070271652,0.0093697074298189,0.9901,12022.56,26200.86,47.17,21528,242
rs72731889,14,70218941,25000,5.605461821326679,0.0123945854155283,0.9901,9918.09,20127.91,19.44,21528,223
rs17098279,14,61365192,25000,-5.598516192746403,-0.0085487611775885,0.9901,6081.65,13203.10,21.80,21528,180
rs145496844,14,94006387,25000,5.5869840826704005,0.0257674681353887,0.9901,7329.25,18306.92,25.18,21528,275
rs144854104,14,63630196,25000,5.483290416480025,0.0120432947005698,0.9901,3140.19,6575.82,29.59,21528,260
