rsid,chrom,center_pos,window_half_bp,akbari_X,akbari_S,akbari_posterior,geom_mean_tmrca,arith_mean_tmrca,min_tmrca,n_pairs,n_sites
rs2516747,14,106144684,25000,10.613088284891704,0.012105777265411,0.9901,1378.23,5735.46,58.39,29646,327
rs11160318,14,96659919,25000,-7.73597647338828,-0.0062678068802795,0.9901,13323.87,26117.94,5.68,29646,292
rs7146689,14,93100024,25000,6.30042107205071,0.0070522106430522,0.9901,6596.79,15689.55,5.69,29646,294
rs229644,14,65195794,25000,-6.0241400270434005,-0.0052145885542709,0.9901,13868.34,25591.82,5.68,29646,306
rs1244349,14,34672770,25000,-5.967757495422988,-0.0063370153405226,0.9901,12469.61,24246.65,5.99,29646,295
chr14_64778362,14,64778362,25000,5.778452193804209,0.0116700396836732,0.9901,8513.29,19979.08,5.88,29646,340
rs138109476,14,86059152,25000,5.773594887248887,0.012230519147131,0.9901,9912.57,19129.42,5.79,29646,265
chr14_91263200,14,91263200,25000,5.641567070271652,0.0093697074298189,0.9901,7725.75,16683.88,5.68,29646,222
rs72731889,14,70685658,25000,5.605461821326679,0.0123945854155283,0.9901,13954.56,21743.40,5.97,29646,243
rs17098279,14,61831910,25000,-5.598516192746403,-0.0085487611775885,0.9901,3500.66,7187.49,5.68,29646,238
rs145496844,14,94472733,25000,5.5869840826704005,0.0257674681353887,0.9901,21611.74,32093.44,5.68,29646,387
rs144854104,14,64096914,25000,5.483290416480025,0.0120432947005698,0.9901,8600.44,16506.06,5.68,29646,221
