rsid,chrom,center_pos,window_half_bp,akbari_X,akbari_S,akbari_posterior,geom_mean_tmrca,arith_mean_tmrca,min_tmrca,n_pairs,n_sites
rs2516747,14,105678347,25000,10.613088284891704,0.012105777265411,0.9901,20337.59,28403.37,257.04,29646,559
rs11160318,14,96193582,25000,-7.73597647338828,-0.0062678068802795,0.9901,23032.99,30921.66,5.69,29646,375
rs7146689,14,92633679,25000,6.30042107205071,0.0070522106430522,0.9901,18244.60,29277.14,5.68,29646,337
rs229644,14,64729076,25000,-6.0241400270434005,-0.0052145885542709,0.9901,2471.54,4650.86,5.99,29646,225
rs1244349,14,34203564,25000,-5.967757495422988,-0.0063370153405226,0.9901,16020.10,24367.18,5.69,29646,291
chr14_64311644,14,64311644,25000,5.778452193804209,0.0116700396836732,0.9901,6872.38,13701.13,5.69,29646,292
rs138109476,14,85592808,25000,5.773594887248887,0.012230519147131,0.9901,17322.65,29493.54,5.69,29646,337
chr14_90796856,14,90796856,25000,5.641567070271652,0.0093697074298189,0.9901,12437.48,26978.64,5.73,29646,246
rs72731889,14,70218941,25000,5.605461821326679,0.0123945854155283,0.9901,11086.91,21591.30,5.68,29646,239
rs17098279,14,61365192,25000,-5.598516192746403,-0.0085487611775885,0.9901,6730.99,13904.05,5.68,29646,205
rs145496844,14,94006387,25000,5.5869840826704005,0.0257674681353887,0.9901,8514.52,19106.15,5.68,29646,345
rs144854104,14,63630196,25000,5.483290416480025,0.0120432947005698,0.9901,3422.06,8420.25,5.72,29646,275
