rsid,chrom,center_pos,window_half_bp,akbari_X,akbari_S,akbari_posterior,geom_mean_tmrca,arith_mean_tmrca,min_tmrca,n_pairs,n_sites
rs2516747,14,105678347,25000,10.613088284891704,0.012105777265411,0.9901,28607.77,34995.41,390.59,19503,841
rs11160318,14,96193582,25000,-7.73597647338828,-0.0062678068802795,0.9901,21814.33,26454.87,28.62,19503,592
rs7146689,14,92633679,25000,6.30042107205071,0.0070522106430522,0.9901,17254.90,24254.28,24.17,19503,472
rs229644,14,64729076,25000,-6.0241400270434005,-0.0052145885542709,0.9901,10296.47,16139.10,18.10,19503,441
rs1244349,14,34203564,25000,-5.967757495422988,-0.0063370153405226,0.9901,21177.33,26506.21,4.90,19503,515
chr14_64311644,14,64311644,25000,5.778452193804209,0.0116700396836732,0.9901,12357.58,18329.90,18.52,19503,452
rs138109476,14,85592808,25000,5.773594887248887,0.012230519147131,0.9901,19719.03,27954.95,4.93,19503,498
chr14_90796856,14,90796856,25000,5.641567070271652,0.0093697074298189,0.9901,16652.95,25434.73,27.63,19503,519
rs72731889,14,70218941,25000,5.605461821326679,0.0123945854155283,0.9901,14569.15,20820.33,13.34,19503,439
rs17098279,14,61365192,25000,-5.598516192746403,-0.0085487611775885,0.9901,14309.78,18567.36,4.85,19503,403
rs145496844,14,94006387,25000,5.5869840826704005,0.0257674681353887,0.9901,22455.86,29577.11,12.31,19503,596
rs144854104,14,63630196,25000,5.483290416480025,0.0120432947005698,0.9901,14528.13,23201.15,17.44,19503,519
