rsid,chrom,center_pos,window_half_bp,akbari_X,akbari_S,akbari_posterior,geom_mean_tmrca,arith_mean_tmrca,min_tmrca,n_pairs,n_sites
rs2516747,14,106144684,25000,10.613088284891704,0.012105777265411,0.9901,4260.58,8253.38,36.73,19503,428
rs11160318,14,96659919,25000,-7.73597647338828,-0.0062678068802795,0.9901,17678.79,24793.42,15.53,19503,464
rs7146689,14,93100024,25000,6.30042107205071,0.0070522106430522,0.9901,11052.52,19874.57,4.98,19503,476
rs229644,14,65195794,25000,-6.0241400270434005,-0.0052145885542709,0.9901,21593.31,28780.81,12.24,19503,524
rs1244349,14,34672770,25000,-5.967757495422988,-0.0063370153405226,0.9901,24420.88,28753.69,45.29,19503,590
chr14_64778362,14,64778362,25000,5.778452193804209,0.0116700396836732,0.9901,18464.23,27583.82,18.35,19503,477
rs138109476,14,86059152,25000,5.773594887248887,0.012230519147131,0.9901,12761.23,20010.00,44.78,19503,426
chr14_91263200,14,91263200,25000,5.641567070271652,0.0093697074298189,0.9901,11038.83,18163.82,22.50,19503,356
rs72731889,14,70685658,25000,5.605461821326679,0.0123945854155283,0.9901,18615.61,22994.40,22.81,19503,473
rs17098279,14,61831910,25000,-5.598516192746403,-0.0085487611775885,0.9901,8642.86,17467.28,13.61,19503,464
rs145496844,14,94472733,25000,5.5869840826704005,0.0257674681353887,0.9901,22950.18,28564.69,8.35,19503,625
rs144854104,14,64096914,25000,5.483290416480025,0.0120432947005698,0.9901,16054.33,22909.62,14.41,19503,437
