rsid,chrom,center_pos,window_half_bp,akbari_X,akbari_S,akbari_posterior,geom_mean_tmrca,arith_mean_tmrca,min_tmrca,n_pairs,n_sites
rs2516747,14,105678347,25000,10.613088284891704,0.012105777265411,0.9901,29402.14,35285.74,369.72,19503,686
rs11160318,14,96193582,25000,-7.73597647338828,-0.0062678068802795,0.9901,21367.68,26797.10,3.20,19503,540
rs7146689,14,92633679,25000,6.30042107205071,0.0070522106430522,0.9901,16560.23,23523.56,3.34,19503,474
rs229644,14,64729076,25000,-6.0241400270434005,-0.0052145885542709,0.9901,10330.39,16010.87,3.48,19503,434
rs1244349,14,34203564,25000,-5.967757495422988,-0.0063370153405226,0.9901,20347.18,26337.85,7.61,19503,471
chr14_64311644,14,64311644,25000,5.778452193804209,0.0116700396836732,0.9901,12978.98,18756.25,3.49,19503,461
rs138109476,14,85592808,25000,5.773594887248887,0.012230519147131,0.9901,20766.47,28326.33,3.23,19503,514
chr14_90796856,14,90796856,25000,5.641567070271652,0.0093697074298189,0.9901,14373.09,24121.97,3.37,19503,519
rs72731889,14,70218941,25000,5.605461821326679,0.0123945854155283,0.9901,14574.60,21273.33,3.37,19503,457
rs17098279,14,61365192,25000,-5.598516192746403,-0.0085487611775885,0.9901,15089.46,19657.62,3.55,19503,426
rs145496844,14,94006387,25000,5.5869840826704005,0.0257674681353887,0.9901,21315.48,29029.61,3.21,19503,565
rs144854104,14,63630196,25000,5.483290416480025,0.0120432947005698,0.9901,16082.58,24138.21,6.90,19503,553
