rsid,chrom,center_pos,window_half_bp,akbari_X,akbari_S,akbari_posterior,geom_mean_tmrca,arith_mean_tmrca,min_tmrca,n_pairs,n_sites
rs2516747,14,106144684,25000,10.613088284891704,0.012105777265411,0.9901,3320.16,7102.95,36.53,19503,365
rs11160318,14,96659919,25000,-7.73597647338828,-0.0062678068802795,0.9901,15463.08,24084.02,3.20,19503,382
rs7146689,14,93100024,25000,6.30042107205071,0.0070522106430522,0.9901,13641.46,22296.11,3.21,19503,463
rs229644,14,65195794,25000,-6.0241400270434005,-0.0052145885542709,0.9901,19717.51,27887.36,6.02,19503,499
rs1244349,14,34672770,25000,-5.967757495422988,-0.0063370153405226,0.9901,23003.12,28588.65,3.92,19503,554
chr14_64778362,14,64778362,25000,5.778452193804209,0.0116700396836732,0.9901,18696.03,27943.51,3.52,19503,481
rs138109476,14,86059152,25000,5.773594887248887,0.012230519147131,0.9901,12814.65,21091.72,3.30,19503,474
chr14_91263200,14,91263200,25000,5.641567070271652,0.0093697074298189,0.9901,12048.01,19189.95,3.35,19503,445
rs72731889,14,70685658,25000,5.605461821326679,0.0123945854155283,0.9901,18232.68,22730.35,3.30,19503,455
rs17098279,14,61831910,25000,-5.598516192746403,-0.0085487611775885,0.9901,10438.48,19926.81,3.35,19503,466
rs145496844,14,94472733,25000,5.5869840826704005,0.0257674681353887,0.9901,21574.27,27717.07,3.23,19503,602
rs144854104,14,64096914,25000,5.483290416480025,0.0120432947005698,0.9901,16057.48,22632.12,3.57,19503,435
