rsid,chrom,center_pos,window_half_bp,akbari_X,akbari_S,akbari_posterior,geom_mean_tmrca,arith_mean_tmrca,min_tmrca,n_pairs,n_sites
rs2516747,14,105678347,25000,10.613088284891704,0.012105777265411,0.9901,23325.38,31781.20,132.06,18721,472
rs11160318,14,96193582,25000,-7.73597647338828,-0.0062678068802795,0.9901,17028.64,27992.39,5.66,18721,371
rs7146689,14,92633679,25000,6.30042107205071,0.0070522106430522,0.9901,18836.77,29158.82,5.66,18721,358
rs229644,14,64729076,25000,-6.0241400270434005,-0.0052145885542709,0.9901,3137.72,7608.08,5.66,18721,246
rs1244349,14,34203564,25000,-5.967757495422988,-0.0063370153405226,0.9901,16216.14,25611.24,5.66,18721,377
chr14_64311644,14,64311644,25000,5.778452193804209,0.0116700396836732,0.9901,10741.96,20258.71,5.66,18721,335
rs138109476,14,85592808,25000,5.773594887248887,0.012230519147131,0.9901,18927.86,30937.96,5.66,18721,353
chr14_90796856,14,90796856,25000,5.641567070271652,0.0093697074298189,0.9901,10939.42,24818.84,5.66,18721,388
rs72731889,14,70218941,25000,5.605461821326679,0.0123945854155283,0.9901,8621.47,19329.90,5.66,18721,336
rs17098279,14,61365192,25000,-5.598516192746403,-0.0085487611775885,0.9901,5647.86,12875.48,5.66,18721,228
rs145496844,14,94006387,25000,5.5869840826704005,0.0257674681353887,0.9901,11451.65,23835.23,5.66,18721,321
rs144854104,14,63630196,25000,5.483290416480025,0.0120432947005698,0.9901,2688.75,6359.73,5.66,18721,301
