rsid,chrom,center_pos,window_half_bp,akbari_X,akbari_S,akbari_posterior,geom_mean_tmrca,arith_mean_tmrca,min_tmrca,n_pairs,n_sites
rs2516747,14,106144684,25000,10.613088284891704,0.012105777265411,0.9901,1287.56,6555.85,36.99,18721,249
rs11160318,14,96659919,25000,-7.73597647338828,-0.0062678068802795,0.9901,10313.17,23395.01,5.66,18721,299
rs7146689,14,93100024,25000,6.30042107205071,0.0070522106430522,0.9901,7704.83,19558.16,5.66,18721,309
rs229644,14,65195794,25000,-6.0241400270434005,-0.0052145885542709,0.9901,8988.70,19864.81,5.76,18721,334
rs1244349,14,34672770,25000,-5.967757495422988,-0.0063370153405226,0.9901,18489.59,26625.91,5.66,18721,431
chr14_64778362,14,64778362,25000,5.778452193804209,0.0116700396836732,0.9901,4976.07,14441.08,5.66,18721,365
rs138109476,14,86059152,25000,5.773594887248887,0.012230519147131,0.9901,8918.60,18927.14,5.66,18721,271
chr14_91263200,14,91263200,25000,5.641567070271652,0.0093697074298189,0.9901,6583.40,12694.03,5.66,18721,295
rs72731889,14,70685658,25000,5.605461821326679,0.0123945854155283,0.9901,8234.63,16619.70,5.66,18721,310
rs17098279,14,61831910,25000,-5.598516192746403,-0.0085487611775885,0.9901,3292.41,7780.80,5.66,18721,261
rs145496844,14,94472733,25000,5.5869840826704005,0.0257674681353887,0.9901,19544.67,31749.79,5.65,18721,415
rs144854104,14,64096914,25000,5.483290416480025,0.0120432947005698,0.9901,5249.55,13067.72,5.66,18721,308
