rsid,chrom,center_pos,window_half_bp,akbari_X,akbari_S,akbari_posterior,geom_mean_tmrca,arith_mean_tmrca,min_tmrca,n_pairs,n_sites
rs2516747,14,106144684,25000,10.613088284891704,0.012105777265411,0.9901,819.72,2352.59,42.81,29646,258
rs11160318,14,96659919,25000,-7.73597647338828,-0.0062678068802795,0.9901,7557.62,22975.55,5.69,29646,285
rs7146689,14,93100024,25000,6.30042107205071,0.0070522106430522,0.9901,6729.00,19267.81,5.70,29646,289
rs229644,14,65195794,25000,-6.0241400270434005,-0.0052145885542709,0.9901,7092.64,16148.96,5.69,29646,389
rs1244349,14,34672770,25000,-5.967757495422988,-0.0063370153405226,0.9901,13320.73,24357.18,5.72,29646,445
chr14_64778362,14,64778362,25000,5.778452193804209,0.0116700396836732,0.9901,4850.50,14439.50,5.70,29646,347
rs138109476,14,86059152,25000,5.773594887248887,0.012230519147131,0.9901,10933.45,24829.85,5.70,29646,281
chr14_91263200,14,91263200,25000,5.641567070271652,0.0093697074298189,0.9901,5467.20,11214.22,5.69,29646,253
rs72731889,14,70685658,25000,5.605461821326679,0.0123945854155283,0.9901,8237.58,17624.55,5.70,29646,329
rs17098279,14,61831910,25000,-5.598516192746403,-0.0085487611775885,0.9901,3237.63,7521.39,5.93,29646,310
rs145496844,14,94472733,25000,5.5869840826704005,0.0257674681353887,0.9901,17549.90,30791.40,5.69,29646,434
rs144854104,14,64096914,25000,5.483290416480025,0.0120432947005698,0.9901,6173.63,15382.80,5.69,29646,320
