rsid,chrom,center_pos,window_half_bp,akbari_X,akbari_S,akbari_posterior,geom_mean_tmrca,arith_mean_tmrca,min_tmrca,n_pairs,n_sites
rs2516747,14,105678347,25000,10.613088284891704,0.012105777265411,0.9901,15806.46,22984.56,70.68,29646,542
rs11160318,14,96193582,25000,-7.73597647338828,-0.0062678068802795,0.9901,13474.26,26494.80,5.70,29646,370
rs7146689,14,92633679,25000,6.30042107205071,0.0070522106430522,0.9901,16672.65,28651.04,5.69,29646,347
rs229644,14,64729076,25000,-6.0241400270434005,-0.0052145885542709,0.9901,2617.79,5536.84,5.69,29646,285
rs1244349,14,34203564,25000,-5.967757495422988,-0.0063370153405226,0.9901,15649.10,27318.44,5.70,29646,378
chr14_64311644,14,64311644,25000,5.778452193804209,0.0116700396836732,0.9901,10128.67,21340.26,5.70,29646,334
rs138109476,14,85592808,25000,5.773594887248887,0.012230519147131,0.9901,16102.83,30583.23,5.70,29646,356
chr14_90796856,14,90796856,25000,5.641567070271652,0.0093697074298189,0.9901,9321.28,23889.50,5.69,29646,369
rs72731889,14,70218941,25000,5.605461821326679,0.0123945854155283,0.9901,7654.31,19380.98,5.70,29646,317
rs17098279,14,61365192,25000,-5.598516192746403,-0.0085487611775885,0.9901,5319.36,12978.02,5.69,29646,220
rs145496844,14,94006387,25000,5.5869840826704005,0.0257674681353887,0.9901,9437.98,23091.40,5.70,29646,352
rs144854104,14,63630196,25000,5.483290416480025,0.0120432947005698,0.9901,2942.90,6895.01,5.84,29646,393
