rsid,chrom,center_pos,window_half_bp,akbari_X,akbari_S,akbari_posterior,geom_mean_tmrca,arith_mean_tmrca,min_tmrca,n_pairs,n_sites
rs2516747,14,106144684,25000,10.613088284891704,0.012105777265411,0.9901,1303.99,6487.04,48.76,42486,359
rs11160318,14,96659919,25000,-7.73597647338828,-0.0062678068802795,0.9901,18658.86,29399.42,5.64,42486,331
rs7146689,14,93100024,25000,6.30042107205071,0.0070522106430522,0.9901,10221.30,23452.14,5.65,42486,305
rs229644,14,65195794,25000,-6.0241400270434005,-0.0052145885542709,0.9901,14530.15,25232.63,5.64,42486,402
rs1244349,14,34672770,25000,-5.967757495422988,-0.0063370153405226,0.9901,16267.61,24128.49,5.80,42486,366
chr14_64778362,14,64778362,25000,5.778452193804209,0.0116700396836732,0.9901,10423.02,21899.76,5.65,42486,345
rs138109476,14,86059152,25000,5.773594887248887,0.012230519147131,0.9901,9916.31,17610.79,5.79,42486,288
chr14_91263200,14,91263200,25000,5.641567070271652,0.0093697074298189,0.9901,10265.30,18263.56,5.65,42486,344
rs72731889,14,70685658,25000,5.605461821326679,0.0123945854155283,0.9901,12347.81,19516.37,5.65,42486,337
rs17098279,14,61831910,25000,-5.598516192746403,-0.0085487611775885,0.9901,5499.01,13141.50,5.65,42486,383
rs145496844,14,94472733,25000,5.5869840826704005,0.0257674681353887,0.9901,19963.09,30487.20,5.64,42486,418
rs144854104,14,64096914,25000,5.483290416480025,0.0120432947005698,0.9901,6095.67,13680.94,5.65,42486,359
