rsid,chrom,center_pos,window_half_bp,akbari_X,akbari_S,akbari_posterior,geom_mean_tmrca,arith_mean_tmrca,min_tmrca,n_pairs,n_sites
rs2516747,14,105678347,25000,10.613088284891704,0.012105777265411,0.9901,24989.28,32872.10,101.47,42486,588
rs11160318,14,96193582,25000,-7.73597647338828,-0.0062678068802795,0.9901,21814.47,29624.34,5.65,42486,442
rs7146689,14,92633679,25000,6.30042107205071,0.0070522106430522,0.9901,18217.41,27695.28,5.65,42486,344
rs229644,14,64729076,25000,-6.0241400270434005,-0.0052145885542709,0.9901,7159.12,13727.18,5.64,42486,292
rs1244349,14,34203564,25000,-5.967757495422988,-0.0063370153405226,0.9901,16624.60,27049.69,5.67,42486,334
chr14_64311644,14,64311644,25000,5.778452193804209,0.0116700396836732,0.9901,6164.44,11747.32,5.64,42486,283
rs138109476,14,85592808,25000,5.773594887248887,0.012230519147131,0.9901,21845.69,32902.87,5.65,42486,369
chr14_90796856,14,90796856,25000,5.641567070271652,0.0093697074298189,0.9901,13701.44,27295.46,5.65,42486,429
rs72731889,14,70218941,25000,5.605461821326679,0.0123945854155283,0.9901,8896.09,18294.14,5.65,42486,310
rs17098279,14,61365192,25000,-5.598516192746403,-0.0085487611775885,0.9901,6605.23,13998.72,5.65,42486,292
rs145496844,14,94006387,25000,5.5869840826704005,0.0257674681353887,0.9901,13168.67,25584.45,5.65,42486,405
rs144854104,14,63630196,25000,5.483290416480025,0.0120432947005698,0.9901,5222.12,14144.06,5.65,42486,344
