rsid,chrom,center_pos,window_half_bp,akbari_X,akbari_S,akbari_posterior,geom_mean_tmrca,arith_mean_tmrca,min_tmrca,n_pairs,n_sites
rs2516747,14,105678347,25000,10.613088284891704,0.012105777265411,0.9901,23776.16,32290.83,52.01,38503,748
rs11160318,14,96193582,25000,-7.73597647338828,-0.0062678068802795,0.9901,20364.57,28427.35,4.42,38503,472
rs7146689,14,92633679,25000,6.30042107205071,0.0070522106430522,0.9901,18983.20,27250.03,4.42,38503,481
rs229644,14,64729076,25000,-6.0241400270434005,-0.0052145885542709,0.9901,5284.50,11511.73,4.41,38503,363
rs1244349,14,34203564,25000,-5.967757495422988,-0.0063370153405226,0.9901,15202.57,23661.82,4.50,38503,439
chr14_64311644,14,64311644,25000,5.778452193804209,0.0116700396836732,0.9901,11748.98,18538.91,4.42,38503,428
rs138109476,14,85592808,25000,5.773594887248887,0.012230519147131,0.9901,18616.32,29890.86,4.42,38503,464
chr14_90796856,14,90796856,25000,5.641567070271652,0.0093697074298189,0.9901,13223.83,26234.23,4.41,38503,492
rs72731889,14,70218941,25000,5.605461821326679,0.0123945854155283,0.9901,10526.24,20276.47,4.42,38503,406
rs17098279,14,61365192,25000,-5.598516192746403,-0.0085487611775885,0.9901,4651.29,11542.24,4.42,38503,315
rs145496844,14,94006387,25000,5.5869840826704005,0.0257674681353887,0.9901,14905.03,26204.70,4.42,38503,505
rs144854104,14,63630196,25000,5.483290416480025,0.0120432947005698,0.9901,3818.83,9878.71,4.42,38503,458
