rsid,chrom,center_pos,window_half_bp,akbari_X,akbari_S,akbari_posterior,geom_mean_tmrca,arith_mean_tmrca,min_tmrca,n_pairs,n_sites
rs2516747,14,106144684,25000,10.613088284891704,0.012105777265411,0.9901,1360.17,5945.33,52.55,38503,436
rs11160318,14,96659919,25000,-7.73597647338828,-0.0062678068802795,0.9901,14566.23,25553.10,4.41,38503,377
rs7146689,14,93100024,25000,6.30042107205071,0.0070522106430522,0.9901,10416.98,21104.88,4.42,38503,409
rs229644,14,65195794,25000,-6.0241400270434005,-0.0052145885542709,0.9901,11634.50,22585.86,4.44,38503,456
rs1244349,14,34672770,25000,-5.967757495422988,-0.0063370153405226,0.9901,17283.73,24838.36,4.64,38503,526
chr14_64778362,14,64778362,25000,5.778452193804209,0.0116700396836732,0.9901,9467.37,21259.60,4.42,38503,475
rs138109476,14,86059152,25000,5.773594887248887,0.012230519147131,0.9901,9864.83,18751.08,4.53,38503,323
chr14_91263200,14,91263200,25000,5.641567070271652,0.0093697074298189,0.9901,8014.79,15347.12,4.41,38503,429
rs72731889,14,70685658,25000,5.605461821326679,0.0123945854155283,0.9901,13384.08,20329.93,4.42,38503,416
rs17098279,14,61831910,25000,-5.598516192746403,-0.0085487611775885,0.9901,7092.79,17194.35,4.42,38503,426
rs145496844,14,94472733,25000,5.5869840826704005,0.0257674681353887,0.9901,20630.90,30504.46,4.41,38503,550
rs144854104,14,64096914,25000,5.483290416480025,0.0120432947005698,0.9901,5571.93,13300.87,4.41,38503,377
