rsid,chrom,center_pos,window_half_bp,akbari_X,akbari_S,akbari_posterior,geom_mean_tmrca,arith_mean_tmrca,min_tmrca,n_pairs,n_sites
rs2516747,14,105678347,25000,10.613088284891704,0.012105777265411,0.9901,23395.40,30399.57,229.65,25878,578
rs11160318,14,96193582,25000,-7.73597647338828,-0.0062678068802795,0.9901,23080.73,30290.34,6.40,25878,422
rs7146689,14,92633679,25000,6.30042107205071,0.0070522106430522,0.9901,20548.79,29760.53,5.65,25878,352
rs229644,14,64729076,25000,-6.0241400270434005,-0.0052145885542709,0.9901,7072.16,14116.34,5.88,25878,267
rs1244349,14,34203564,25000,-5.967757495422988,-0.0063370153405226,0.9901,17618.97,27364.66,6.10,25878,332
chr14_64311644,14,64311644,25000,5.778452193804209,0.0116700396836732,0.9901,6928.41,13611.75,10.63,25878,318
rs138109476,14,85592808,25000,5.773594887248887,0.012230519147131,0.9901,21790.92,32628.75,5.94,25878,350
chr14_90796856,14,90796856,25000,5.641567070271652,0.0093697074298189,0.9901,15235.56,29041.21,9.29,25878,412
rs72731889,14,70218941,25000,5.605461821326679,0.0123945854155283,0.9901,11159.74,20597.60,5.65,25878,296
rs17098279,14,61365192,25000,-5.598516192746403,-0.0085487611775885,0.9901,6032.05,13487.15,5.80,25878,266
rs145496844,14,94006387,25000,5.5869840826704005,0.0257674681353887,0.9901,12707.56,25110.65,5.89,25878,377
rs144854104,14,63630196,25000,5.483290416480025,0.0120432947005698,0.9901,4512.27,12000.90,6.29,25878,348
