rsid,chrom,center_pos,window_half_bp,akbari_X,akbari_S,akbari_posterior,geom_mean_tmrca,arith_mean_tmrca,min_tmrca,n_pairs,n_sites
rs2516747,14,106144684,25000,10.613088284891704,0.012105777265411,0.9901,1592.60,7503.59,54.53,25878,334
rs11160318,14,96659919,25000,-7.73597647338828,-0.0062678068802795,0.9901,19043.09,29781.93,7.78,25878,319
rs7146689,14,93100024,25000,6.30042107205071,0.0070522106430522,0.9901,7661.60,19024.41,5.65,25878,300
rs229644,14,65195794,25000,-6.0241400270434005,-0.0052145885542709,0.9901,13676.79,25364.51,6.05,25878,343
rs1244349,14,34672770,25000,-5.967757495422988,-0.0063370153405226,0.9901,16139.77,24180.98,6.31,25878,359
chr14_64778362,14,64778362,25000,5.778452193804209,0.0116700396836732,0.9901,10485.78,22539.20,5.94,25878,365
rs138109476,14,86059152,25000,5.773594887248887,0.012230519147131,0.9901,10756.22,18714.26,6.22,25878,288
chr14_91263200,14,91263200,25000,5.641567070271652,0.0093697074298189,0.9901,10450.83,18504.59,6.07,25878,313
rs72731889,14,70685658,25000,5.605461821326679,0.0123945854155283,0.9901,9795.18,17004.46,5.65,25878,307
rs17098279,14,61831910,25000,-5.598516192746403,-0.0085487611775885,0.9901,4751.52,10301.66,5.65,25878,351
rs145496844,14,94472733,25000,5.5869840826704005,0.0257674681353887,0.9901,19591.06,30162.40,5.94,25878,409
rs144854104,14,64096914,25000,5.483290416480025,0.0120432947005698,0.9901,6181.76,14246.01,11.59,25878,314
