rsid,chrom,center_pos,window_half_bp,akbari_X,akbari_S,akbari_posterior,geom_mean_tmrca,arith_mean_tmrca,min_tmrca,n_pairs,n_sites
rs2516747,14,105678347,25000,10.613088284891704,0.012105777265411,0.9901,20936.79,30158.71,591.59,22791,600
rs11160318,14,96193582,25000,-7.73597647338828,-0.0062678068802795,0.9901,18379.18,27237.04,34.01,22791,362
rs7146689,14,92633679,25000,6.30042107205071,0.0070522106430522,0.9901,18682.59,27788.76,28.14,22791,331
rs229644,14,64729076,25000,-6.0241400270434005,-0.0052145885542709,0.9901,6828.71,13542.35,17.91,22791,226
rs1244349,14,34203564,25000,-5.967757495422988,-0.0063370153405226,0.9901,10927.25,19934.77,47.67,22791,303
chr14_64311644,14,64311644,25000,5.778452193804209,0.0116700396836732,0.9901,9733.54,15847.44,19.78,22791,264
rs138109476,14,85592808,25000,5.773594887248887,0.012230519147131,0.9901,15984.94,28659.13,5.66,22791,352
chr14_90796856,14,90796856,25000,5.641567070271652,0.0093697074298189,0.9901,11714.69,26013.38,29.06,22791,386
rs72731889,14,70218941,25000,5.605461821326679,0.0123945854155283,0.9901,11281.14,21738.75,11.26,22791,267
rs17098279,14,61365192,25000,-5.598516192746403,-0.0085487611775885,0.9901,5051.05,11839.83,27.20,22791,206
rs145496844,14,94006387,25000,5.5869840826704005,0.0257674681353887,0.9901,8114.32,20602.44,16.05,22791,307
rs144854104,14,63630196,25000,5.483290416480025,0.0120432947005698,0.9901,2841.00,8286.58,80.79,22791,298
