rsid,chrom,center_pos,window_half_bp,akbari_X,akbari_S,akbari_posterior,geom_mean_tmrca,arith_mean_tmrca,min_tmrca,n_pairs,n_sites
rs2516747,14,106144684,25000,10.613088284891704,0.012105777265411,0.9901,1242.37,5348.54,64.34,22791,318
rs11160318,14,96659919,25000,-7.73597647338828,-0.0062678068802795,0.9901,13920.59,27278.38,33.20,22791,281
rs7146689,14,93100024,25000,6.30042107205071,0.0070522106430522,0.9901,8050.14,19659.82,11.73,22791,261
rs229644,14,65195794,25000,-6.0241400270434005,-0.0052145885542709,0.9901,12020.14,24638.62,32.22,22791,365
rs1244349,14,34672770,25000,-5.967757495422988,-0.0063370153405226,0.9901,15741.62,23533.17,45.93,22791,398
chr14_64778362,14,64778362,25000,5.778452193804209,0.0116700396836732,0.9901,8157.69,20253.90,17.62,22791,337
rs138109476,14,86059152,25000,5.773594887248887,0.012230519147131,0.9901,8164.71,16834.93,5.81,22791,268
chr14_91263200,14,91263200,25000,5.641567070271652,0.0093697074298189,0.9901,6974.93,13496.61,6.31,22791,310
rs72731889,14,70685658,25000,5.605461821326679,0.0123945854155283,0.9901,12095.23,19020.62,10.22,22791,291
rs17098279,14,61831910,25000,-5.598516192746403,-0.0085487611775885,0.9901,4741.54,13044.39,24.88,22791,306
rs145496844,14,94472733,25000,5.5869840826704005,0.0257674681353887,0.9901,19730.93,30529.63,18.01,22791,380
rs144854104,14,64096914,25000,5.483290416480025,0.0120432947005698,0.9901,4949.30,11893.02,18.23,22791,289
