rsid,chrom,center_pos,window_half_bp,akbari_X,akbari_S,akbari_posterior,geom_mean_tmrca,arith_mean_tmrca,min_tmrca,n_pairs,n_sites
rs2516747,14,105678347,25000,10.613088284891704,0.012105777265411,0.9901,27950.91,34037.87,50.97,63190,840
rs11160318,14,96193582,25000,-7.73597647338828,-0.0062678068802795,0.9901,21275.88,26445.56,4.32,63190,593
rs7146689,14,92633679,25000,6.30042107205071,0.0070522106430522,0.9901,16610.39,23701.49,4.32,63190,529
rs229644,14,64729076,25000,-6.0241400270434005,-0.0052145885542709,0.9901,10411.53,16031.31,4.37,63190,460
rs1244349,14,34203564,25000,-5.967757495422988,-0.0063370153405226,0.9901,18974.27,25441.76,4.45,63190,514
chr14_64311644,14,64311644,25000,5.778452193804209,0.0116700396836732,0.9901,10170.30,16524.89,4.32,63190,486
rs138109476,14,85592808,25000,5.773594887248887,0.012230519147131,0.9901,18659.76,27218.67,4.32,63190,504
chr14_90796856,14,90796856,25000,5.641567070271652,0.0093697074298189,0.9901,15195.96,24600.34,4.32,63190,577
rs72731889,14,70218941,25000,5.605461821326679,0.0123945854155283,0.9901,14470.12,21497.49,4.34,63190,453
rs17098279,14,61365192,25000,-5.598516192746403,-0.0085487611775885,0.9901,15662.14,20177.13,4.32,63190,417
rs145496844,14,94006387,25000,5.5869840826704005,0.0257674681353887,0.9901,22677.27,30070.24,4.32,63190,590
rs144854104,14,63630196,25000,5.483290416480025,0.0120432947005698,0.9901,17502.01,25507.01,4.32,63190,562
