rsid,chrom,center_pos,window_half_bp,akbari_X,akbari_S,akbari_posterior,geom_mean_tmrca,arith_mean_tmrca,min_tmrca,n_pairs,n_sites
rs2516747,14,106144684,25000,10.613088284891704,0.012105777265411,0.9901,2715.64,5920.07,38.97,63190,453
rs11160318,14,96659919,25000,-7.73597647338828,-0.0062678068802795,0.9901,15273.59,23926.37,4.32,63190,436
rs7146689,14,93100024,25000,6.30042107205071,0.0070522106430522,0.9901,12809.84,21986.51,4.33,63190,512
rs229644,14,65195794,25000,-6.0241400270434005,-0.0052145885542709,0.9901,19341.36,27898.54,4.32,63190,500
rs1244349,14,34672770,25000,-5.967757495422988,-0.0063370153405226,0.9901,23475.74,28757.79,6.29,63190,597
chr14_64778362,14,64778362,25000,5.778452193804209,0.0116700396836732,0.9901,18068.48,27517.57,4.42,63190,511
rs138109476,14,86059152,25000,5.773594887248887,0.012230519147131,0.9901,10844.58,19335.57,4.33,63190,453
chr14_91263200,14,91263200,25000,5.641567070271652,0.0093697074298189,0.9901,11243.18,18497.48,4.35,63190,453
rs72731889,14,70685658,25000,5.605461821326679,0.0123945854155283,0.9901,18660.66,23162.25,4.33,63190,498
rs17098279,14,61831910,25000,-5.598516192746403,-0.0085487611775885,0.9901,7404.17,15843.17,4.32,63190,504
rs145496844,14,94472733,25000,5.5869840826704005,0.0257674681353887,0.9901,22009.57,28110.55,4.32,63190,659
rs144854104,14,64096914,25000,5.483290416480025,0.0120432947005698,0.9901,14728.36,22172.48,4.32,63190,450
