rsid,chrom,center_pos,window_half_bp,akbari_X,akbari_S,akbari_posterior,geom_mean_tmrca,arith_mean_tmrca,min_tmrca,n_pairs,n_sites
rs34343843,18,47412335,25000,6.188443280275794,0.0057133238081142,0.9901,13512.31,19599.42,3.52,26796,655
rs72896886,18,45052687,25000,5.978824292762741,0.0073649270349172,0.9901,8426.82,14893.99,3.42,26796,375
rs58993513,18,46894891,25000,5.965514703302602,0.0047970860428547,0.9901,7820.64,12647.25,3.39,26796,384
rs62092498,18,22302738,25000,5.954829709973829,0.0108834254456667,0.9901,14924.01,22130.48,8.80,26796,452
rs77951681,18,21587191,25000,5.940260167031275,0.0105074868834348,0.9901,9749.76,14259.47,4.02,26796,386
rs76499354,18,28894654,25000,5.889437810816927,0.0125256725623352,0.9901,13238.48,22786.02,3.63,26796,439
rs784235,18,55755913,25000,-5.883008645287313,-0.00672967587741,0.9901,6925.79,12928.41,3.33,26796,276
rs12965811,18,65506098,25000,5.807264348476704,0.0148131281906871,0.9901,14835.77,20676.16,3.34,26796,603
rs641445,18,76341311,25000,-5.655282428289228,-0.0162309953360902,0.9901,7122.58,12247.86,3.42,26796,504
