rsid,chrom,center_pos,window_half_bp,akbari_X,akbari_S,akbari_posterior,geom_mean_tmrca,arith_mean_tmrca,min_tmrca,n_pairs,n_sites
rs34343843,18,44938706,25000,6.188443280275794,0.0057133238081142,0.9901,7907.30,13405.68,3.42,26796,386
rs72896886,18,42632652,25000,5.978824292762741,0.0073649270349172,0.9901,17856.12,27011.53,3.43,26796,591
rs58993513,18,44474854,25000,5.965514703302602,0.0047970860428547,0.9901,4283.52,11275.04,3.42,26796,450
rs62092498,18,19882701,25000,5.954829709973829,0.0108834254456667,0.9901,26.92,32.34,3.86,26796,6
rs77951681,18,19167152,25000,5.940260167031275,0.0105074868834348,0.9901,113.95,143.11,3.92,26796,25
rs76499354,18,26474619,25000,5.889437810816927,0.0125256725623352,0.9901,12262.08,15410.65,3.76,26796,424
rs784235,18,53423144,25000,-5.883008645287313,-0.00672967587741,0.9901,11356.06,22189.51,3.33,26796,462
rs12965811,18,63173334,25000,5.807264348476704,0.0148131281906871,0.9901,12968.69,19113.14,3.27,26796,459
rs641445,18,74053266,25000,-5.655282428289228,-0.0162309953360902,0.9901,10862.13,18297.99,3.21,26796,520
