rsid,chrom,center_pos,window_half_bp,akbari_X,akbari_S,akbari_posterior,geom_mean_tmrca,arith_mean_tmrca,min_tmrca,n_pairs,n_sites
rs34343843,18,47412335,25000,6.188443280275794,0.0057133238081142,0.9901,13109.99,19746.67,3.63,10878,522
rs72896886,18,45052687,25000,5.978824292762741,0.0073649270349172,0.9901,7918.60,14406.84,3.45,10878,361
rs58993513,18,46894891,25000,5.965514703302602,0.0047970860428547,0.9901,6778.88,11749.38,3.47,10878,374
rs62092498,18,22302738,25000,5.954829709973829,0.0108834254456667,0.9901,15214.46,22049.82,7.53,10878,437
rs77951681,18,21587191,25000,5.940260167031275,0.0105074868834348,0.9901,10873.18,15125.34,6.93,10878,351
rs76499354,18,28894654,25000,5.889437810816927,0.0125256725623352,0.9901,14257.54,24321.39,3.66,10878,411
rs784235,18,55755913,25000,-5.883008645287313,-0.00672967587741,0.9901,7764.94,13760.24,3.36,10878,250
rs12965811,18,65506098,25000,5.807264348476704,0.0148131281906871,0.9901,14479.91,20195.63,3.49,10878,481
rs641445,18,76341311,25000,-5.655282428289228,-0.0162309953360902,0.9901,7603.12,13597.57,3.33,10878,401
