rsid,chrom,center_pos,window_half_bp,akbari_X,akbari_S,akbari_posterior,geom_mean_tmrca,arith_mean_tmrca,min_tmrca,n_pairs,n_sites
rs34343843,18,44938706,25000,6.188443280275794,0.0057133238081142,0.9901,9685.01,15234.82,3.45,10878,358
rs72896886,18,42632652,25000,5.978824292762741,0.0073649270349172,0.9901,19339.32,28331.91,3.47,10878,563
rs58993513,18,44474854,25000,5.965514703302602,0.0047970860428547,0.9901,5721.04,14439.57,3.49,10878,382
rs62092498,18,19882701,25000,5.954829709973829,0.0108834254456667,0.9901,,,,0,0
rs77951681,18,19167152,25000,5.940260167031275,0.0105074868834348,0.9901,123.84,163.28,4.20,10878,19
rs76499354,18,26474619,25000,5.889437810816927,0.0125256725623352,0.9901,12038.27,15304.20,3.97,10878,332
rs784235,18,53423144,25000,-5.883008645287313,-0.00672967587741,0.9901,12381.42,23523.28,3.53,10878,472
rs12965811,18,63173334,25000,5.807264348476704,0.0148131281906871,0.9901,13794.99,19697.33,3.49,10878,405
rs641445,18,74053266,25000,-5.655282428289228,-0.0162309953360902,0.9901,11090.07,18770.88,3.27,10878,454
