rsid,chrom,center_pos,window_half_bp,akbari_X,akbari_S,akbari_posterior,geom_mean_tmrca,arith_mean_tmrca,min_tmrca,n_pairs,n_sites
rs34343843,18,47412335,25000,6.188443280275794,0.0057133238081142,0.9901,13039.38,23892.69,4.65,34191,414
rs72896886,18,45052687,25000,5.978824292762741,0.0073649270349172,0.9901,7014.75,12175.85,4.39,34191,247
rs58993513,18,46894891,25000,5.965514703302602,0.0047970860428547,0.9901,4885.00,10927.07,4.39,34191,276
rs62092498,18,22302738,25000,5.954829709973829,0.0108834254456667,0.9901,8415.68,18255.38,4.97,34191,301
rs77951681,18,21587191,25000,5.940260167031275,0.0105074868834348,0.9901,6767.42,14906.06,4.86,34191,244
rs76499354,18,28894654,25000,5.889437810816927,0.0125256725623352,0.9901,11489.57,29726.57,4.51,34191,315
rs784235,18,55755913,25000,-5.883008645287313,-0.00672967587741,0.9901,9103.49,16698.03,4.37,34191,243
rs12965811,18,65506098,25000,5.807264348476704,0.0148131281906871,0.9901,10119.74,18164.86,4.37,34191,284
rs641445,18,76341311,25000,-5.655282428289228,-0.0162309953360902,0.9901,6654.08,13085.45,4.37,34191,261
