rsid,chrom,center_pos,window_half_bp,akbari_X,akbari_S,akbari_posterior,geom_mean_tmrca,arith_mean_tmrca,min_tmrca,n_pairs,n_sites
rs34343843,18,44938706,25000,6.188443280275794,0.0057133238081142,0.9901,9298.47,16788.08,4.40,34191,257
rs72896886,18,42632652,25000,5.978824292762741,0.0073649270349172,0.9901,10807.98,27403.05,4.43,34191,434
rs58993513,18,44474854,25000,5.965514703302602,0.0047970860428547,0.9901,4008.13,12790.62,4.40,34191,305
rs62092498,18,19882701,25000,5.954829709973829,0.0108834254456667,0.9901,21.86,24.93,4.69,34191,3
rs77951681,18,19167152,25000,5.940260167031275,0.0105074868834348,0.9901,64.33,76.53,4.74,34191,11
rs76499354,18,26474619,25000,5.889437810816927,0.0125256725623352,0.9901,7610.42,13462.98,4.54,34191,255
rs784235,18,53423144,25000,-5.883008645287313,-0.00672967587741,0.9901,12082.16,32530.43,4.37,34191,405
rs12965811,18,63173334,25000,5.807264348476704,0.0148131281906871,0.9901,11582.46,20468.93,4.57,34191,317
rs641445,18,74053266,25000,-5.655282428289228,-0.0162309953360902,0.9901,7090.68,15745.86,4.37,34191,242
