rsid,chrom,center_pos,window_half_bp,akbari_X,akbari_S,akbari_posterior,geom_mean_tmrca,arith_mean_tmrca,min_tmrca,n_pairs,n_sites
rs34343843,18,44938706,25000,6.188443280275794,0.0057133238081142,0.9901,11453.35,20250.34,4.72,17205,193
rs72896886,18,42632652,25000,5.978824292762741,0.0073649270349172,0.9901,16146.30,33149.35,11.56,17205,375
rs58993513,18,44474854,25000,5.965514703302602,0.0047970860428547,0.9901,7305.26,22345.77,4.80,17205,296
rs62092498,18,19882701,25000,5.954829709973829,0.0108834254456667,0.9901,21.44,24.23,4.75,17205,3
rs77951681,18,19167152,25000,5.940260167031275,0.0105074868834348,0.9901,71.62,88.56,5.10,17205,12
rs76499354,18,26474619,25000,5.889437810816927,0.0125256725623352,0.9901,6198.35,11971.09,5.00,17205,178
rs784235,18,53423144,25000,-5.883008645287313,-0.00672967587741,0.9901,11307.07,32172.74,10.58,17205,355
rs12965811,18,63173334,25000,5.807264348476704,0.0148131281906871,0.9901,12220.23,21582.13,17.48,17205,219
rs641445,18,74053266,25000,-5.655282428289228,-0.0162309953360902,0.9901,6855.41,16080.06,5.70,17205,229
