rsid,chrom,center_pos,window_half_bp,akbari_X,akbari_S,akbari_posterior,geom_mean_tmrca,arith_mean_tmrca,min_tmrca,n_pairs,n_sites
rs34343843,18,47412335,25000,6.188443280275794,0.0057133238081142,0.9901,14483.68,26837.23,14.22,17205,368
rs72896886,18,45052687,25000,5.978824292762741,0.0073649270349172,0.9901,4272.30,10026.41,4.96,17205,170
rs58993513,18,46894891,25000,5.965514703302602,0.0047970860428547,0.9901,5294.71,11600.74,4.62,17205,156
rs62092498,18,22302738,25000,5.954829709973829,0.0108834254456667,0.9901,7456.77,17105.63,24.36,17205,262
rs77951681,18,21587191,25000,5.940260167031275,0.0105074868834348,0.9901,5280.63,13513.83,8.42,17205,184
rs76499354,18,28894654,25000,5.889437810816927,0.0125256725623352,0.9901,9140.73,30501.09,4.57,17205,254
rs784235,18,55755913,25000,-5.883008645287313,-0.00672967587741,0.9901,7427.90,16641.23,8.25,17205,162
rs12965811,18,65506098,25000,5.807264348476704,0.0148131281906871,0.9901,9967.82,19316.24,16.96,17205,231
rs641445,18,76341311,25000,-5.655282428289228,-0.0162309953360902,0.9901,3973.62,9239.45,6.83,17205,200
