rsid,chrom,center_pos,window_half_bp,akbari_X,akbari_S,akbari_posterior,geom_mean_tmrca,arith_mean_tmrca,min_tmrca,n_pairs,n_sites
rs34343843,18,47412335,25000,6.188443280275794,0.0057133238081142,0.9901,13838.15,25762.24,4.39,63903,478
rs72896886,18,45052687,25000,5.978824292762741,0.0073649270349172,0.9901,6903.72,12298.04,4.40,63903,196
rs58993513,18,46894891,25000,5.965514703302602,0.0047970860428547,0.9901,6637.60,15586.28,4.39,63903,274
rs62092498,18,22302738,25000,5.954829709973829,0.0108834254456667,0.9901,7315.18,18022.62,4.61,63903,221
rs77951681,18,21587191,25000,5.940260167031275,0.0105074868834348,0.9901,4583.74,12434.36,4.63,63903,240
rs76499354,18,28894654,25000,5.889437810816927,0.0125256725623352,0.9901,7106.75,26444.29,4.51,63903,296
rs784235,18,55755913,25000,-5.883008645287313,-0.00672967587741,0.9901,9596.05,18483.90,4.38,63903,222
rs12965811,18,65506098,25000,5.807264348476704,0.0148131281906871,0.9901,10674.30,19004.07,4.37,63903,273
rs641445,18,76341311,25000,-5.655282428289228,-0.0162309953360902,0.9901,5378.04,11343.21,4.58,63903,277
