rsid,chrom,center_pos,window_half_bp,akbari_X,akbari_S,akbari_posterior,geom_mean_tmrca,arith_mean_tmrca,min_tmrca,n_pairs,n_sites
rs34343843,18,47412335,25000,6.188443280275794,0.0057133238081142,0.9901,14678.27,26807.71,18.39,21115,374
rs72896886,18,45052687,25000,5.978824292762741,0.0073649270349172,0.9901,4690.18,10959.64,27.28,21115,172
rs58993513,18,46894891,25000,5.965514703302602,0.0047970860428547,0.9901,5289.60,11527.99,38.94,21115,227
rs62092498,18,22302738,25000,5.954829709973829,0.0108834254456667,0.9901,7946.01,18498.33,55.65,21115,220
rs77951681,18,21587191,25000,5.940260167031275,0.0105074868834348,0.9901,4774.23,12519.05,23.26,21115,204
rs76499354,18,28894654,25000,5.889437810816927,0.0125256725623352,0.9901,10302.33,31251.90,9.00,21115,271
rs784235,18,55755913,25000,-5.883008645287313,-0.00672967587741,0.9901,5963.99,13858.72,19.58,21115,197
rs12965811,18,65506098,25000,5.807264348476704,0.0148131281906871,0.9901,8767.63,17924.55,33.97,21115,241
rs641445,18,76341311,25000,-5.655282428289228,-0.0162309953360902,0.9901,3671.14,8103.28,138.08,21115,225
