rsid,chrom,center_pos,window_half_bp,akbari_X,akbari_S,akbari_posterior,geom_mean_tmrca,arith_mean_tmrca,min_tmrca,n_pairs,n_sites
rs34343843,18,44938706,25000,6.188443280275794,0.0057133238081142,0.9901,11074.60,19409.19,17.54,21115,198
rs72896886,18,42632652,25000,5.978824292762741,0.0073649270349172,0.9901,16936.63,33971.40,23.86,21115,357
rs58993513,18,44474854,25000,5.965514703302602,0.0047970860428547,0.9901,4238.66,18023.32,19.53,21115,275
rs62092498,18,19882701,25000,5.954829709973829,0.0108834254456667,0.9901,22.04,24.69,4.75,21115,2
rs77951681,18,19167152,25000,5.940260167031275,0.0105074868834348,0.9901,81.39,100.89,5.10,21115,13
rs76499354,18,26474619,25000,5.889437810816927,0.0125256725623352,0.9901,5563.94,10895.65,37.63,21115,184
rs784235,18,53423144,25000,-5.883008645287313,-0.00672967587741,0.9901,11200.11,32125.74,18.57,21115,402
rs12965811,18,63173334,25000,5.807264348476704,0.0148131281906871,0.9901,11431.34,20998.80,47.74,21115,226
rs641445,18,74053266,25000,-5.655282428289228,-0.0162309953360902,0.9901,8434.40,18347.06,105.98,21115,270
