rsid,chrom,center_pos,window_half_bp,akbari_X,akbari_S,akbari_posterior,geom_mean_tmrca,arith_mean_tmrca,min_tmrca,n_pairs,n_sites
rs34343843,18,47412335,25000,6.188443280275794,0.0057133238081142,0.9901,13235.96,26019.11,4.42,52975,386
rs72896886,18,45052687,25000,5.978824292762741,0.0073649270349172,0.9901,4838.41,11136.00,4.43,52975,190
rs58993513,18,46894891,25000,5.965514703302602,0.0047970860428547,0.9901,6012.39,12447.22,4.42,52975,241
rs62092498,18,22302738,25000,5.954829709973829,0.0108834254456667,0.9901,7649.53,17575.22,4.64,52975,272
rs77951681,18,21587191,25000,5.940260167031275,0.0105074868834348,0.9901,5194.00,12775.67,4.67,52975,226
rs76499354,18,28894654,25000,5.889437810816927,0.0125256725623352,0.9901,11494.57,33754.32,4.55,52975,287
rs784235,18,55755913,25000,-5.883008645287313,-0.00672967587741,0.9901,6241.82,14442.79,4.41,52975,208
rs12965811,18,65506098,25000,5.807264348476704,0.0148131281906871,0.9901,9539.07,18912.13,4.40,52975,265
rs641445,18,76341311,25000,-5.655282428289228,-0.0162309953360902,0.9901,3634.61,7798.89,4.40,52975,238
