rsid,chrom,center_pos,window_half_bp,akbari_X,akbari_S,akbari_posterior,geom_mean_tmrca,arith_mean_tmrca,min_tmrca,n_pairs,n_sites
rs34343843,18,44938706,25000,6.188443280275794,0.0057133238081142,0.9901,10802.35,18624.42,4.39,34716,282
rs72896886,18,42632652,25000,5.978824292762741,0.0073649270349172,0.9901,13517.73,28420.05,4.40,34716,479
rs58993513,18,44474854,25000,5.965514703302602,0.0047970860428547,0.9901,7892.86,20330.66,4.39,34716,315
rs62092498,18,19882701,25000,5.954829709973829,0.0108834254456667,0.9901,23.19,26.47,4.69,34716,2
rs77951681,18,19167152,25000,5.940260167031275,0.0105074868834348,0.9901,78.79,98.19,5.03,34716,13
rs76499354,18,26474619,25000,5.889437810816927,0.0125256725623352,0.9901,8318.64,14368.28,4.53,34716,287
rs784235,18,53423144,25000,-5.883008645287313,-0.00672967587741,0.9901,13868.77,34476.41,4.37,34716,417
rs12965811,18,63173334,25000,5.807264348476704,0.0148131281906871,0.9901,9899.23,17948.74,4.37,34716,345
rs641445,18,74053266,25000,-5.655282428289228,-0.0162309953360902,0.9901,8915.26,18393.29,4.37,34716,405
