rsid,chrom,center_pos,window_half_bp,akbari_X,akbari_S,akbari_posterior,geom_mean_tmrca,arith_mean_tmrca,min_tmrca,n_pairs,n_sites
rs34343843,18,47412335,25000,6.188443280275794,0.0057133238081142,0.9901,12023.32,23003.16,4.38,34716,529
rs72896886,18,45052687,25000,5.978824292762741,0.0073649270349172,0.9901,7187.22,13421.70,4.39,34716,313
rs58993513,18,46894891,25000,5.965514703302602,0.0047970860428547,0.9901,5868.41,13291.39,4.39,34716,300
rs62092498,18,22302738,25000,5.954829709973829,0.0108834254456667,0.9901,8724.77,18980.83,4.59,34716,323
rs77951681,18,21587191,25000,5.940260167031275,0.0105074868834348,0.9901,6970.66,14501.57,4.62,34716,231
rs76499354,18,28894654,25000,5.889437810816927,0.0125256725623352,0.9901,9894.58,29089.47,4.50,34716,331
rs784235,18,55755913,25000,-5.883008645287313,-0.00672967587741,0.9901,8297.49,17545.67,4.37,34716,262
rs12965811,18,65506098,25000,5.807264348476704,0.0148131281906871,0.9901,12126.46,19846.19,4.37,34716,401
rs641445,18,76341311,25000,-5.655282428289228,-0.0162309953360902,0.9901,5780.99,11731.19,4.37,34716,358
