rsid,chrom,center_pos,window_half_bp,akbari_X,akbari_S,akbari_posterior,geom_mean_tmrca,arith_mean_tmrca,min_tmrca,n_pairs,n_sites
rs34343843,18,47412335,25000,6.188443280275794,0.0057133238081142,0.9901,12244.43,19363.46,3.41,44253,569
rs72896886,18,45052687,25000,5.978824292762741,0.0073649270349172,0.9901,8725.27,15605.16,3.44,44253,334
rs58993513,18,46894891,25000,5.965514703302602,0.0047970860428547,0.9901,7252.61,12991.35,3.41,44253,357
rs62092498,18,22302738,25000,5.954829709973829,0.0108834254456667,0.9901,14131.89,22073.25,3.77,44253,412
rs77951681,18,21587191,25000,5.940260167031275,0.0105074868834348,0.9901,7740.98,11955.34,3.81,44253,362
rs76499354,18,28894654,25000,5.889437810816927,0.0125256725623352,0.9901,13145.27,22654.52,3.65,44253,423
rs784235,18,55755913,25000,-5.883008645287313,-0.00672967587741,0.9901,6229.88,12315.78,3.35,44253,247
rs12965811,18,65506098,25000,5.807264348476704,0.0148131281906871,0.9901,16167.95,22140.41,3.27,44253,524
rs641445,18,76341311,25000,-5.655282428289228,-0.0162309953360902,0.9901,7571.92,12647.98,3.23,44253,460
