rsid,chrom,center_pos,window_half_bp,akbari_X,akbari_S,akbari_posterior,geom_mean_tmrca,arith_mean_tmrca,min_tmrca,n_pairs,n_sites
rs34343843,18,44938706,25000,6.188443280275794,0.0057133238081142,0.9901,8395.62,13882.20,3.44,44253,384
rs72896886,18,42632652,25000,5.978824292762741,0.0073649270349172,0.9901,16201.95,26174.66,3.45,44253,579
rs58993513,18,44474854,25000,5.965514703302602,0.0047970860428547,0.9901,4651.16,12820.04,3.44,44253,418
rs62092498,18,19882701,25000,5.954829709973829,0.0108834254456667,0.9901,26.19,30.41,3.89,44253,4
rs77951681,18,19167152,25000,5.940260167031275,0.0105074868834348,0.9901,125.50,161.98,4.11,44253,22
rs76499354,18,26474619,25000,5.889437810816927,0.0125256725623352,0.9901,11559.74,15095.90,3.68,44253,345
rs784235,18,53423144,25000,-5.883008645287313,-0.00672967587741,0.9901,11104.67,21394.08,3.35,44253,451
rs12965811,18,63173334,25000,5.807264348476704,0.0148131281906871,0.9901,13164.36,19286.27,3.29,44253,420
rs641445,18,74053266,25000,-5.655282428289228,-0.0162309953360902,0.9901,12446.62,19289.94,3.23,44253,451
