rsid,chrom,center_pos,window_half_bp,akbari_X,akbari_S,akbari_posterior,geom_mean_tmrca,arith_mean_tmrca,min_tmrca,n_pairs,n_sites
rs34343843,18,47412335,25000,6.188443280275794,0.0057133238081142,0.9901,13661.44,24949.30,9.52,19503,431
rs72896886,18,45052687,25000,5.978824292762741,0.0073649270349172,0.9901,7147.22,13270.31,4.53,19503,169
rs58993513,18,46894891,25000,5.965514703302602,0.0047970860428547,0.9901,5060.65,13021.38,6.72,19503,226
rs62092498,18,22302738,25000,5.954829709973829,0.0108834254456667,0.9901,7476.26,18731.33,9.29,19503,207
rs77951681,18,21587191,25000,5.940260167031275,0.0105074868834348,0.9901,5831.38,14487.88,9.00,19503,175
rs76499354,18,28894654,25000,5.889437810816927,0.0125256725623352,0.9901,10730.97,32403.74,7.14,19503,256
rs784235,18,55755913,25000,-5.883008645287313,-0.00672967587741,0.9901,8167.99,17339.22,4.63,19503,173
rs12965811,18,65506098,25000,5.807264348476704,0.0148131281906871,0.9901,11100.68,19417.30,4.60,19503,232
rs641445,18,76341311,25000,-5.655282428289228,-0.0162309953360902,0.9901,4892.07,10104.50,8.41,19503,227
