rsid,chrom,center_pos,window_half_bp,akbari_X,akbari_S,akbari_posterior,geom_mean_tmrca,arith_mean_tmrca,min_tmrca,n_pairs,n_sites
rs34343843,18,44938706,25000,6.188443280275794,0.0057133238081142,0.9901,8143.67,16382.79,4.64,19503,190
rs72896886,18,42632652,25000,5.978824292762741,0.0073649270349172,0.9901,8665.88,24682.22,4.48,19503,375
rs58993513,18,44474854,25000,5.965514703302602,0.0047970860428547,0.9901,7006.00,19480.73,4.54,19503,236
rs62092498,18,19882701,25000,5.954829709973829,0.0108834254456667,0.9901,,,,0,0
rs77951681,18,19167152,25000,5.940260167031275,0.0105074868834348,0.9901,76.97,92.84,5.08,19503,8
rs76499354,18,26474619,25000,5.889437810816927,0.0125256725623352,0.9901,8711.32,15075.76,5.57,19503,206
rs784235,18,53423144,25000,-5.883008645287313,-0.00672967587741,0.9901,12169.27,35137.86,4.79,19503,348
rs12965811,18,63173334,25000,5.807264348476704,0.0148131281906871,0.9901,8541.09,16318.63,8.38,19503,245
rs641445,18,74053266,25000,-5.655282428289228,-0.0162309953360902,0.9901,5564.61,13230.67,12.54,19503,215
