rsid,chrom,center_pos,window_half_bp,akbari_X,akbari_S,akbari_posterior,geom_mean_tmrca,arith_mean_tmrca,min_tmrca,n_pairs,n_sites
rs34343843,18,47412335,25000,6.188443280275794,0.0057133238081142,0.9901,13518.03,25325.67,5.00,16471,432
rs72896886,18,45052687,25000,5.978824292762741,0.0073649270349172,0.9901,7136.21,12819.67,14.20,16471,184
rs58993513,18,46894891,25000,5.965514703302602,0.0047970860428547,0.9901,6267.16,14776.63,8.45,16471,231
rs62092498,18,22302738,25000,5.954829709973829,0.0108834254456667,0.9901,7669.71,18530.77,30.31,16471,192
rs77951681,18,21587191,25000,5.940260167031275,0.0105074868834348,0.9901,4810.63,13030.71,8.99,16471,201
rs76499354,18,28894654,25000,5.889437810816927,0.0125256725623352,0.9901,7367.17,28231.72,8.50,16471,261
rs784235,18,55755913,25000,-5.883008645287313,-0.00672967587741,0.9901,9899.90,19124.41,8.73,16471,206
rs12965811,18,65506098,25000,5.807264348476704,0.0148131281906871,0.9901,11067.60,19467.41,4.77,16471,226
rs641445,18,76341311,25000,-5.655282428289228,-0.0162309953360902,0.9901,5082.04,10894.82,7.99,16471,217
