rsid,chrom,center_pos,window_half_bp,akbari_X,akbari_S,akbari_posterior,geom_mean_tmrca,arith_mean_tmrca,min_tmrca,n_pairs,n_sites
rs34343843,18,44938706,25000,6.188443280275794,0.0057133238081142,0.9901,9448.94,17058.65,4.82,21115,218
rs72896886,18,42632652,25000,5.978824292762741,0.0073649270349172,0.9901,8411.01,24865.94,4.41,21115,392
rs58993513,18,44474854,25000,5.965514703302602,0.0047970860428547,0.9901,4851.77,14020.96,4.61,21115,303
rs62092498,18,19882701,25000,5.954829709973829,0.0108834254456667,0.9901,,,,0,0
rs77951681,18,19167152,25000,5.940260167031275,0.0105074868834348,0.9901,78.74,94.98,5.14,21115,17
rs76499354,18,26474619,25000,5.889437810816927,0.0125256725623352,0.9901,6092.93,11692.12,4.96,21115,212
rs784235,18,53423144,25000,-5.883008645287313,-0.00672967587741,0.9901,12775.17,33603.73,4.63,21115,384
rs12965811,18,63173334,25000,5.807264348476704,0.0148131281906871,0.9901,11518.76,20308.40,12.97,21115,273
rs641445,18,74053266,25000,-5.655282428289228,-0.0162309953360902,0.9901,5211.01,12735.79,12.93,21115,264
