rsid,chrom,center_pos,window_half_bp,akbari_X,akbari_S,akbari_posterior,geom_mean_tmrca,arith_mean_tmrca,min_tmrca,n_pairs,n_sites
rs34343843,18,44938706,25000,6.188443280275794,0.0057133238081142,0.9901,8917.10,14397.26,3.44,63190,390
rs72896886,18,42632652,25000,5.978824292762741,0.0073649270349172,0.9901,16794.53,26720.32,3.45,63190,585
rs58993513,18,44474854,25000,5.965514703302602,0.0047970860428547,0.9901,4640.05,11962.06,3.44,63190,466
rs62092498,18,19882701,25000,5.954829709973829,0.0108834254456667,0.9901,30.68,36.64,3.89,63190,5
rs77951681,18,19167152,25000,5.940260167031275,0.0105074868834348,0.9901,137.81,178.64,3.94,63190,26
rs76499354,18,26474619,25000,5.889437810816927,0.0125256725623352,0.9901,12123.35,15310.67,3.68,63190,411
rs784235,18,53423144,25000,-5.883008645287313,-0.00672967587741,0.9901,10752.32,21553.87,3.39,63190,462
rs12965811,18,63173334,25000,5.807264348476704,0.0148131281906871,0.9901,13808.95,19820.65,3.29,63190,420
rs641445,18,74053266,25000,-5.655282428289228,-0.0162309953360902,0.9901,11215.51,19002.96,3.23,63190,411
