rsid,chrom,center_pos,window_half_bp,akbari_X,akbari_S,akbari_posterior,geom_mean_tmrca,arith_mean_tmrca,min_tmrca,n_pairs,n_sites
rs34343843,18,47412335,25000,6.188443280275794,0.0057133238081142,0.9901,11605.65,18420.26,3.41,63190,597
rs72896886,18,45052687,25000,5.978824292762741,0.0073649270349172,0.9901,8713.06,15750.89,3.44,63190,384
rs58993513,18,46894891,25000,5.965514703302602,0.0047970860428547,0.9901,7107.38,12250.53,3.41,63190,380
rs62092498,18,22302738,25000,5.954829709973829,0.0108834254456667,0.9901,15524.27,22766.19,3.76,63190,446
rs77951681,18,21587191,25000,5.940260167031275,0.0105074868834348,0.9901,8550.06,12641.18,3.80,63190,421
rs76499354,18,28894654,25000,5.889437810816927,0.0125256725623352,0.9901,12013.20,21541.92,3.65,63190,457
rs784235,18,55755913,25000,-5.883008645287313,-0.00672967587741,0.9901,5869.74,11827.57,3.35,63190,269
rs12965811,18,65506098,25000,5.807264348476704,0.0148131281906871,0.9901,14816.54,20927.12,3.27,63190,554
rs641445,18,76341311,25000,-5.655282428289228,-0.0162309953360902,0.9901,6835.87,11952.14,3.31,63190,518
