rsid,chrom,center_pos,window_half_bp,akbari_X,akbari_S,akbari_posterior,geom_mean_tmrca,arith_mean_tmrca,min_tmrca,n_pairs,n_sites
rs34343843,18,47412335,25000,6.188443280275794,0.0057133238081142,0.9901,12753.82,23768.61,4.39,49141,481
rs72896886,18,45052687,25000,5.978824292762741,0.0073649270349172,0.9901,7905.74,14244.14,4.40,49141,252
rs58993513,18,46894891,25000,5.965514703302602,0.0047970860428547,0.9901,5683.53,13732.85,4.39,49141,269
rs62092498,18,22302738,25000,5.954829709973829,0.0108834254456667,0.9901,8201.20,18791.04,4.60,49141,277
rs77951681,18,21587191,25000,5.940260167031275,0.0105074868834348,0.9901,5698.87,13873.23,4.63,49141,235
rs76499354,18,28894654,25000,5.889437810816927,0.0125256725623352,0.9901,7761.96,26232.96,4.51,49141,335
rs784235,18,55755913,25000,-5.883008645287313,-0.00672967587741,0.9901,10123.11,18807.27,4.38,49141,228
rs12965811,18,65506098,25000,5.807264348476704,0.0148131281906871,0.9901,9665.76,18377.71,4.37,49141,257
rs641445,18,76341311,25000,-5.655282428289228,-0.0162309953360902,0.9901,6205.05,12862.09,4.37,49141,311
