rsid,chrom,center_pos,window_half_bp,akbari_X,akbari_S,akbari_posterior,geom_mean_tmrca,arith_mean_tmrca,min_tmrca,n_pairs,n_sites
rs34343843,18,44938706,25000,6.188443280275794,0.0057133238081142,0.9901,8005.97,15654.21,4.40,49141,230
rs72896886,18,42632652,25000,5.978824292762741,0.0073649270349172,0.9901,7596.36,22262.57,4.41,49141,429
rs58993513,18,44474854,25000,5.965514703302602,0.0047970860428547,0.9901,6026.30,17792.06,4.40,49141,280
rs62092498,18,19882701,25000,5.954829709973829,0.0108834254456667,0.9901,,,,0,0
rs77951681,18,19167152,25000,5.940260167031275,0.0105074868834348,0.9901,61.23,75.09,4.74,49141,11
rs76499354,18,26474619,25000,5.889437810816927,0.0125256725623352,0.9901,7388.38,13857.30,4.54,49141,255
rs784235,18,53423144,25000,-5.883008645287313,-0.00672967587741,0.9901,12679.40,36214.41,4.37,49141,399
rs12965811,18,63173334,25000,5.807264348476704,0.0148131281906871,0.9901,7993.42,15241.19,4.37,49141,311
rs641445,18,74053266,25000,-5.655282428289228,-0.0162309953360902,0.9901,4996.81,12979.27,4.37,49141,299
