rsid,chrom,center_pos,window_half_bp,akbari_X,akbari_S,akbari_posterior,geom_mean_tmrca,arith_mean_tmrca,min_tmrca,n_pairs,n_sites
rs34343843,18,47412335,25000,6.188443280275794,0.0057133238081142,0.9901,12804.85,22741.15,7.35,22791,447
rs72896886,18,45052687,25000,5.978824292762741,0.0073649270349172,0.9901,6697.12,11586.32,4.57,22791,273
rs58993513,18,46894891,25000,5.965514703302602,0.0047970860428547,0.9901,4905.45,10924.77,4.39,22791,224
rs62092498,18,22302738,25000,5.954829709973829,0.0108834254456667,0.9901,8443.02,18971.05,13.07,22791,257
rs77951681,18,21587191,25000,5.940260167031275,0.0105074868834348,0.9901,7420.30,15668.13,8.20,22791,211
rs76499354,18,28894654,25000,5.889437810816927,0.0125256725623352,0.9901,11958.08,29100.33,4.79,22791,328
rs784235,18,55755913,25000,-5.883008645287313,-0.00672967587741,0.9901,9421.41,17156.68,8.81,22791,228
rs12965811,18,65506098,25000,5.807264348476704,0.0148131281906871,0.9901,10047.43,18093.92,8.92,22791,265
rs641445,18,76341311,25000,-5.655282428289228,-0.0162309953360902,0.9901,6511.92,13746.03,8.17,22791,249
