rsid,chrom,center_pos,window_half_bp,akbari_X,akbari_S,akbari_posterior,geom_mean_tmrca,arith_mean_tmrca,min_tmrca,n_pairs,n_sites
rs34343843,18,44938706,25000,6.188443280275794,0.0057133238081142,0.9901,8824.41,16770.41,4.72,22791,217
rs72896886,18,42632652,25000,5.978824292762741,0.0073649270349172,0.9901,8492.67,25086.34,4.92,22791,380
rs58993513,18,44474854,25000,5.965514703302602,0.0047970860428547,0.9901,3730.60,12027.79,4.40,22791,298
rs62092498,18,19882701,25000,5.954829709973829,0.0108834254456667,0.9901,23.47,26.03,4.69,22791,2
rs77951681,18,19167152,25000,5.940260167031275,0.0105074868834348,0.9901,79.60,98.42,6.04,22791,14
rs76499354,18,26474619,25000,5.889437810816927,0.0125256725623352,0.9901,6497.83,12151.06,8.88,22791,254
rs784235,18,53423144,25000,-5.883008645287313,-0.00672967587741,0.9901,13459.19,34580.88,4.66,22791,389
rs12965811,18,63173334,25000,5.807264348476704,0.0148131281906871,0.9901,11214.29,20032.79,12.26,22791,284
rs641445,18,74053266,25000,-5.655282428289228,-0.0162309953360902,0.9901,4887.43,11902.04,4.37,22791,262
