rsid,chrom,center_pos,window_half_bp,akbari_X,akbari_S,akbari_posterior,geom_mean_tmrca,arith_mean_tmrca,min_tmrca,n_pairs,n_sites
rs34343843,18,44938706,25000,6.188443280275794,0.0057133238081142,0.9901,11083.81,19612.18,8.55,21528,196
rs72896886,18,42632652,25000,5.978824292762741,0.0073649270349172,0.9901,16563.66,33572.26,13.42,21528,358
rs58993513,18,44474854,25000,5.965514703302602,0.0047970860428547,0.9901,5312.76,19169.22,4.68,21528,293
rs62092498,18,19882701,25000,5.954829709973829,0.0108834254456667,0.9901,23.34,27.03,4.75,21528,3
rs77951681,18,19167152,25000,5.940260167031275,0.0105074868834348,0.9901,81.20,106.18,4.80,21528,13
rs76499354,18,26474619,25000,5.889437810816927,0.0125256725623352,0.9901,6063.05,11931.04,19.18,21528,154
rs784235,18,53423144,25000,-5.883008645287313,-0.00672967587741,0.9901,7614.62,27395.59,4.74,21528,324
rs12965811,18,63173334,25000,5.807264348476704,0.0148131281906871,0.9901,11062.53,20846.10,11.92,21528,218
rs641445,18,74053266,25000,-5.655282428289228,-0.0162309953360902,0.9901,9289.98,19720.28,29.13,21528,194
