rsid,chrom,center_pos,window_half_bp,akbari_X,akbari_S,akbari_posterior,geom_mean_tmrca,arith_mean_tmrca,min_tmrca,n_pairs,n_sites
rs34343843,18,47412335,25000,6.188443280275794,0.0057133238081142,0.9901,13468.02,26085.93,18.92,21528,349
rs72896886,18,45052687,25000,5.978824292762741,0.0073649270349172,0.9901,4966.49,11211.65,18.46,21528,165
rs58993513,18,46894891,25000,5.965514703302602,0.0047970860428547,0.9901,4166.74,9939.15,16.33,21528,200
rs62092498,18,22302738,25000,5.954829709973829,0.0108834254456667,0.9901,7349.82,17773.72,32.07,21528,215
rs77951681,18,21587191,25000,5.940260167031275,0.0105074868834348,0.9901,5783.90,13461.03,18.67,21528,204
rs76499354,18,28894654,25000,5.889437810816927,0.0125256725623352,0.9901,8033.61,27117.90,12.62,21528,252
rs784235,18,55755913,25000,-5.883008645287313,-0.00672967587741,0.9901,6628.72,15319.21,18.78,21528,173
rs12965811,18,65506098,25000,5.807264348476704,0.0148131281906871,0.9901,10823.01,20210.19,9.03,21528,217
rs641445,18,76341311,25000,-5.655282428289228,-0.0162309953360902,0.9901,3207.97,6965.98,19.62,21528,211
