rsid,chrom,center_pos,window_half_bp,akbari_X,akbari_S,akbari_posterior,geom_mean_tmrca,arith_mean_tmrca,min_tmrca,n_pairs,n_sites
rs34343843,18,44938706,25000,6.188443280275794,0.0057133238081142,0.9901,11325.04,19771.51,4.42,29646,209
rs72896886,18,42632652,25000,5.978824292762741,0.0073649270349172,0.9901,15288.36,32480.15,4.42,29646,358
rs58993513,18,44474854,25000,5.965514703302602,0.0047970860428547,0.9901,6903.35,21329.87,4.42,29646,299
rs62092498,18,19882701,25000,5.954829709973829,0.0108834254456667,0.9901,,,,0,0
rs77951681,18,19167152,25000,5.940260167031275,0.0105074868834348,0.9901,65.68,80.90,4.77,29646,12
rs76499354,18,26474619,25000,5.889437810816927,0.0125256725623352,0.9901,7316.83,13326.16,4.56,29646,191
rs784235,18,53423144,25000,-5.883008645287313,-0.00672967587741,0.9901,9521.87,28369.83,4.56,29646,371
rs12965811,18,63173334,25000,5.807264348476704,0.0148131281906871,0.9901,11226.04,20659.38,4.39,29646,247
rs641445,18,74053266,25000,-5.655282428289228,-0.0162309953360902,0.9901,7260.13,16788.79,4.38,29646,205
