rsid,chrom,center_pos,window_half_bp,akbari_X,akbari_S,akbari_posterior,geom_mean_tmrca,arith_mean_tmrca,min_tmrca,n_pairs,n_sites
rs34343843,18,47412335,25000,6.188443280275794,0.0057133238081142,0.9901,11804.11,24529.61,4.40,29646,385
rs72896886,18,45052687,25000,5.978824292762741,0.0073649270349172,0.9901,4034.48,9256.47,4.41,29646,188
rs58993513,18,46894891,25000,5.965514703302602,0.0047970860428547,0.9901,5307.22,11017.35,4.41,29646,176
rs62092498,18,22302738,25000,5.954829709973829,0.0108834254456667,0.9901,8330.23,18680.35,4.63,29646,241
rs77951681,18,21587191,25000,5.940260167031275,0.0105074868834348,0.9901,5066.75,13027.57,4.69,29646,197
rs76499354,18,28894654,25000,5.889437810816927,0.0125256725623352,0.9901,11133.87,33090.87,4.54,29646,273
rs784235,18,55755913,25000,-5.883008645287313,-0.00672967587741,0.9901,7904.19,17471.19,4.39,29646,198
rs12965811,18,65506098,25000,5.807264348476704,0.0148131281906871,0.9901,9174.11,18437.14,4.39,29646,283
rs641445,18,76341311,25000,-5.655282428289228,-0.0162309953360902,0.9901,3934.02,9654.98,4.39,29646,215
