rsid,chrom,center_pos,window_half_bp,akbari_X,akbari_S,akbari_posterior,geom_mean_tmrca,arith_mean_tmrca,min_tmrca,n_pairs,n_sites
rs34343843,18,44938706,25000,6.188443280275794,0.0057133238081142,0.9901,8431.03,14337.63,7.24,19503,381
rs72896886,18,42632652,25000,5.978824292762741,0.0073649270349172,0.9901,16106.48,25310.26,6.70,19503,593
rs58993513,18,44474854,25000,5.965514703302602,0.0047970860428547,0.9901,4046.71,11229.88,4.00,19503,397
rs62092498,18,19882701,25000,5.954829709973829,0.0108834254456667,0.9901,35.55,43.96,3.87,19503,5
rs77951681,18,19167152,25000,5.940260167031275,0.0105074868834348,0.9901,174.15,230.53,10.58,19503,17
rs76499354,18,26474619,25000,5.889437810816927,0.0125256725623352,0.9901,11460.57,14784.84,4.12,19503,396
rs784235,18,53423144,25000,-5.883008645287313,-0.00672967587741,0.9901,12455.04,24155.66,6.65,19503,489
rs12965811,18,63173334,25000,5.807264348476704,0.0148131281906871,0.9901,13364.77,19544.33,13.59,19503,422
rs641445,18,74053266,25000,-5.655282428289228,-0.0162309953360902,0.9901,11785.78,19479.49,8.84,19503,480
