rsid,chrom,center_pos,window_half_bp,akbari_X,akbari_S,akbari_posterior,geom_mean_tmrca,arith_mean_tmrca,min_tmrca,n_pairs,n_sites
rs34343843,18,44938706,25000,6.188443280275794,0.0057133238081142,0.9901,8807.10,14551.69,3.83,19503,338
rs72896886,18,42632652,25000,5.978824292762741,0.0073649270349172,0.9901,17057.05,26796.21,3.43,19503,567
rs58993513,18,44474854,25000,5.965514703302602,0.0047970860428547,0.9901,3811.16,11153.37,3.42,19503,391
rs62092498,18,19882701,25000,5.954829709973829,0.0108834254456667,0.9901,32.51,38.52,3.86,19503,4
rs77951681,18,19167152,25000,5.940260167031275,0.0105074868834348,0.9901,150.45,193.30,4.09,19503,26
rs76499354,18,26474619,25000,5.889437810816927,0.0125256725623352,0.9901,12538.15,15887.52,3.66,19503,366
rs784235,18,53423144,25000,-5.883008645287313,-0.00672967587741,0.9901,10247.95,19851.62,3.34,19503,459
rs12965811,18,63173334,25000,5.807264348476704,0.0148131281906871,0.9901,13545.77,19422.86,3.55,19503,404
rs641445,18,74053266,25000,-5.655282428289228,-0.0162309953360902,0.9901,10756.34,18617.53,3.47,19503,398
