rsid,chrom,center_pos,window_half_bp,akbari_X,akbari_S,akbari_posterior,geom_mean_tmrca,arith_mean_tmrca,min_tmrca,n_pairs,n_sites
rs34343843,18,47412335,25000,6.188443280275794,0.0057133238081142,0.9901,12251.84,18744.60,3.39,19503,632
rs72896886,18,45052687,25000,5.978824292762741,0.0073649270349172,0.9901,8581.02,15466.45,6.01,19503,358
rs58993513,18,46894891,25000,5.965514703302602,0.0047970860428547,0.9901,6808.22,11309.90,3.39,19503,363
rs62092498,18,22302738,25000,5.954829709973829,0.0108834254456667,0.9901,14687.10,22141.04,4.22,19503,416
rs77951681,18,21587191,25000,5.940260167031275,0.0105074868834348,0.9901,9151.39,13372.92,6.71,19503,354
rs76499354,18,28894654,25000,5.889437810816927,0.0125256725623352,0.9901,13373.15,22877.54,3.63,19503,397
rs784235,18,55755913,25000,-5.883008645287313,-0.00672967587741,0.9901,6505.42,12471.38,3.33,19503,248
rs12965811,18,65506098,25000,5.807264348476704,0.0148131281906871,0.9901,14812.05,20645.51,3.26,19503,543
rs641445,18,76341311,25000,-5.655282428289228,-0.0162309953360902,0.9901,6876.12,12352.34,3.43,19503,431
