rsid,chrom,center_pos,window_half_bp,akbari_X,akbari_S,akbari_posterior,geom_mean_tmrca,arith_mean_tmrca,min_tmrca,n_pairs,n_sites
rs34343843,18,44938706,25000,6.188443280275794,0.0057133238081142,0.9901,10643.94,18680.47,4.40,18721,227
rs72896886,18,42632652,25000,5.978824292762741,0.0073649270349172,0.9901,10171.43,25921.70,4.41,18721,376
rs58993513,18,44474854,25000,5.965514703302602,0.0047970860428547,0.9901,4796.71,16002.00,4.40,18721,253
rs62092498,18,19882701,25000,5.954829709973829,0.0108834254456667,0.9901,,,,0,0
rs77951681,18,19167152,25000,5.940260167031275,0.0105074868834348,0.9901,81.31,105.51,4.74,18721,8
rs76499354,18,26474619,25000,5.889437810816927,0.0125256725623352,0.9901,8997.18,15877.02,4.53,18721,247
rs784235,18,53423144,25000,-5.883008645287313,-0.00672967587741,0.9901,11171.88,32256.26,4.37,18721,372
rs12965811,18,63173334,25000,5.807264348476704,0.0148131281906871,0.9901,9622.19,18233.90,4.37,18721,270
rs641445,18,74053266,25000,-5.655282428289228,-0.0162309953360902,0.9901,8241.85,18241.69,4.37,18721,267
