rsid,chrom,center_pos,window_half_bp,akbari_X,akbari_S,akbari_posterior,geom_mean_tmrca,arith_mean_tmrca,min_tmrca,n_pairs,n_sites
rs34343843,18,44938706,25000,6.188443280275794,0.0057133238081142,0.9901,10458.81,20094.07,4.43,29646,219
rs72896886,18,42632652,25000,5.978824292762741,0.0073649270349172,0.9901,13247.01,30467.85,4.44,29646,428
rs58993513,18,44474854,25000,5.965514703302602,0.0047970860428547,0.9901,9571.34,24339.03,4.43,29646,291
rs62092498,18,19882701,25000,5.954829709973829,0.0108834254456667,0.9901,,,,0,0
rs77951681,18,19167152,25000,5.940260167031275,0.0105074868834348,0.9901,76.44,100.68,4.78,29646,15
rs76499354,18,26474619,25000,5.889437810816927,0.0125256725623352,0.9901,6751.31,14783.27,4.57,29646,262
rs784235,18,53423144,25000,-5.883008645287313,-0.00672967587741,0.9901,6286.79,23608.84,4.40,29646,389
rs12965811,18,63173334,25000,5.807264348476704,0.0148131281906871,0.9901,10259.06,20062.38,4.40,29646,270
rs641445,18,74053266,25000,-5.655282428289228,-0.0162309953360902,0.9901,8243.45,19591.35,4.40,29646,302
