rsid,chrom,center_pos,window_half_bp,akbari_X,akbari_S,akbari_posterior,geom_mean_tmrca,arith_mean_tmrca,min_tmrca,n_pairs,n_sites
rs34343843,18,47412335,25000,6.188443280275794,0.0057133238081142,0.9901,8217.53,21039.37,4.42,29646,463
rs72896886,18,45052687,25000,5.978824292762741,0.0073649270349172,0.9901,5618.23,11477.99,4.43,29646,206
rs58993513,18,46894891,25000,5.965514703302602,0.0047970860428547,0.9901,3572.13,9323.84,4.42,29646,210
rs62092498,18,22302738,25000,5.954829709973829,0.0108834254456667,0.9901,7817.31,19091.09,4.64,29646,226
rs77951681,18,21587191,25000,5.940260167031275,0.0105074868834348,0.9901,5139.41,13774.17,4.67,29646,229
rs76499354,18,28894654,25000,5.889437810816927,0.0125256725623352,0.9901,7842.19,27139.65,4.55,29646,302
rs784235,18,55755913,25000,-5.883008645287313,-0.00672967587741,0.9901,5828.40,17546.59,4.40,29646,187
rs12965811,18,65506098,25000,5.807264348476704,0.0148131281906871,0.9901,11344.35,20067.60,4.40,29646,294
rs641445,18,76341311,25000,-5.655282428289228,-0.0162309953360902,0.9901,5118.65,11893.37,4.59,29646,269
