rsid,chrom,center_pos,window_half_bp,akbari_X,akbari_S,akbari_posterior,geom_mean_tmrca,arith_mean_tmrca,min_tmrca,n_pairs,n_sites
rs34343843,18,44938706,25000,6.188443280275794,0.0057133238081142,0.9901,7597.46,15406.10,4.40,42486,234
rs72896886,18,42632652,25000,5.978824292762741,0.0073649270349172,0.9901,6720.39,22419.24,4.41,42486,412
rs58993513,18,44474854,25000,5.965514703302602,0.0047970860428547,0.9901,4019.26,12595.47,4.40,42486,309
rs62092498,18,19882701,25000,5.954829709973829,0.0108834254456667,0.9901,20.75,23.41,4.69,42486,3
rs77951681,18,19167152,25000,5.940260167031275,0.0105074868834348,0.9901,62.60,75.08,4.74,42486,8
rs76499354,18,26474619,25000,5.889437810816927,0.0125256725623352,0.9901,7339.97,13422.37,4.53,42486,281
rs784235,18,53423144,25000,-5.883008645287313,-0.00672967587741,0.9901,13768.39,35548.04,4.37,42486,406
rs12965811,18,63173334,25000,5.807264348476704,0.0148131281906871,0.9901,11296.10,20196.91,4.37,42486,318
rs641445,18,74053266,25000,-5.655282428289228,-0.0162309953360902,0.9901,5634.67,13566.49,4.37,42486,280
