rsid,chrom,center_pos,window_half_bp,akbari_X,akbari_S,akbari_posterior,geom_mean_tmrca,arith_mean_tmrca,min_tmrca,n_pairs,n_sites
rs34343843,18,47412335,25000,6.188443280275794,0.0057133238081142,0.9901,11942.30,21806.25,4.39,42486,453
rs72896886,18,45052687,25000,5.978824292762741,0.0073649270349172,0.9901,6604.67,11752.19,4.40,42486,221
rs58993513,18,46894891,25000,5.965514703302602,0.0047970860428547,0.9901,4523.01,10719.87,4.39,42486,252
rs62092498,18,22302738,25000,5.954829709973829,0.0108834254456667,0.9901,9306.51,19426.72,4.60,42486,292
rs77951681,18,21587191,25000,5.940260167031275,0.0105074868834348,0.9901,5722.52,14086.26,4.63,42486,223
rs76499354,18,28894654,25000,5.889437810816927,0.0125256725623352,0.9901,10937.73,27286.83,4.51,42486,351
rs784235,18,55755913,25000,-5.883008645287313,-0.00672967587741,0.9901,9276.44,17153.07,4.37,42486,255
rs12965811,18,65506098,25000,5.807264348476704,0.0148131281906871,0.9901,9859.29,18039.51,4.37,42486,263
rs641445,18,76341311,25000,-5.655282428289228,-0.0162309953360902,0.9901,6165.17,12482.81,4.46,42486,238
