rsid,chrom,center_pos,window_half_bp,akbari_X,akbari_S,akbari_posterior,geom_mean_tmrca,arith_mean_tmrca,min_tmrca,n_pairs,n_sites
rs34343843,18,44938706,25000,6.188443280275794,0.0057133238081142,0.9901,8813.06,16171.97,4.37,38503,312
rs72896886,18,42632652,25000,5.978824292762741,0.0073649270349172,0.9901,13320.26,27685.28,4.38,38503,517
rs58993513,18,44474854,25000,5.965514703302602,0.0047970860428547,0.9901,6395.51,17194.49,4.37,38503,369
rs62092498,18,19882701,25000,5.954829709973829,0.0108834254456667,0.9901,,,,0,0
rs77951681,18,19167152,25000,5.940260167031275,0.0105074868834348,0.9901,87.97,111.17,5.01,38503,10
rs76499354,18,26474619,25000,5.889437810816927,0.0125256725623352,0.9901,9017.60,14827.62,4.50,38503,325
rs784235,18,53423144,25000,-5.883008645287313,-0.00672967587741,0.9901,12563.45,33536.34,4.35,38503,452
rs12965811,18,63173334,25000,5.807264348476704,0.0148131281906871,0.9901,8946.48,16584.01,4.35,38503,381
rs641445,18,74053266,25000,-5.655282428289228,-0.0162309953360902,0.9901,8218.81,17505.19,4.34,38503,425
