rsid,chrom,center_pos,window_half_bp,akbari_X,akbari_S,akbari_posterior,geom_mean_tmrca,arith_mean_tmrca,min_tmrca,n_pairs,n_sites
rs34343843,18,47412335,25000,6.188443280275794,0.0057133238081142,0.9901,12724.59,22827.81,4.36,38503,573
rs72896886,18,45052687,25000,5.978824292762741,0.0073649270349172,0.9901,6887.25,12742.33,4.37,38503,304
rs58993513,18,46894891,25000,5.965514703302602,0.0047970860428547,0.9901,5726.47,12311.85,4.36,38503,369
rs62092498,18,22302738,25000,5.954829709973829,0.0108834254456667,0.9901,8806.93,18604.94,4.56,38503,344
rs77951681,18,21587191,25000,5.940260167031275,0.0105074868834348,0.9901,6059.55,13420.81,4.59,38503,322
rs76499354,18,28894654,25000,5.889437810816927,0.0125256725623352,0.9901,9259.95,25875.36,4.47,38503,379
rs784235,18,55755913,25000,-5.883008645287313,-0.00672967587741,0.9901,9332.60,17289.95,4.35,38503,261
rs12965811,18,65506098,25000,5.807264348476704,0.0148131281906871,0.9901,11258.99,18798.09,4.35,38503,511
rs641445,18,76341311,25000,-5.655282428289228,-0.0162309953360902,0.9901,5060.02,10995.76,4.35,38503,387
