rsid,chrom,center_pos,window_half_bp,akbari_X,akbari_S,akbari_posterior,geom_mean_tmrca,arith_mean_tmrca,min_tmrca,n_pairs,n_sites
rs34343843,18,44938706,25000,6.188443280275794,0.0057133238081142,0.9901,9952.97,17578.38,4.40,25878,230
rs72896886,18,42632652,25000,5.978824292762741,0.0073649270349172,0.9901,7995.29,23873.24,4.41,25878,382
rs58993513,18,44474854,25000,5.965514703302602,0.0047970860428547,0.9901,4279.11,13365.60,4.40,25878,296
rs62092498,18,19882701,25000,5.954829709973829,0.0108834254456667,0.9901,,,,0,0
rs77951681,18,19167152,25000,5.940260167031275,0.0105074868834348,0.9901,68.37,81.73,4.74,25878,11
rs76499354,18,26474619,25000,5.889437810816927,0.0125256725623352,0.9901,6368.81,11972.69,4.54,25878,248
rs784235,18,53423144,25000,-5.883008645287313,-0.00672967587741,0.9901,11981.64,33551.71,4.38,25878,410
rs12965811,18,63173334,25000,5.807264348476704,0.0148131281906871,0.9901,12150.33,20819.39,4.37,25878,285
rs641445,18,74053266,25000,-5.655282428289228,-0.0162309953360902,0.9901,7129.64,15749.22,4.38,25878,281
