rsid,chrom,center_pos,window_half_bp,akbari_X,akbari_S,akbari_posterior,geom_mean_tmrca,arith_mean_tmrca,min_tmrca,n_pairs,n_sites
rs34343843,18,47412335,25000,6.188443280275794,0.0057133238081142,0.9901,12745.57,24067.14,9.20,22791,447
rs72896886,18,45052687,25000,5.978824292762741,0.0073649270349172,0.9901,7503.56,13579.25,16.52,22791,201
rs58993513,18,46894891,25000,5.965514703302602,0.0047970860428547,0.9901,5297.56,13519.65,26.49,22791,248
rs62092498,18,22302738,25000,5.954829709973829,0.0108834254456667,0.9901,7594.56,18547.02,13.15,22791,188
rs77951681,18,21587191,25000,5.940260167031275,0.0105074868834348,0.9901,5295.67,13703.27,13.65,22791,197
rs76499354,18,28894654,25000,5.889437810816927,0.0125256725623352,0.9901,8255.21,28733.94,8.75,22791,293
rs784235,18,55755913,25000,-5.883008645287313,-0.00672967587741,0.9901,9671.15,18404.30,17.00,22791,203
rs12965811,18,65506098,25000,5.807264348476704,0.0148131281906871,0.9901,10000.94,18729.14,13.53,22791,243
rs641445,18,76341311,25000,-5.655282428289228,-0.0162309953360902,0.9901,5736.37,11865.22,22.20,22791,229
