rsid,chrom,center_pos,window_half_bp,akbari_X,akbari_S,akbari_posterior,geom_mean_tmrca,arith_mean_tmrca,min_tmrca,n_pairs,n_sites
rs34343843,18,44938706,25000,6.188443280275794,0.0057133238081142,0.9901,9057.72,16857.30,8.75,22791,217
rs72896886,18,42632652,25000,5.978824292762741,0.0073649270349172,0.9901,7334.78,22718.88,8.64,22791,385
rs58993513,18,44474854,25000,5.965514703302602,0.0047970860428547,0.9901,6202.70,18643.67,10.83,22791,252
rs62092498,18,19882701,25000,5.954829709973829,0.0108834254456667,0.9901,21.68,24.13,4.69,22791,2
rs77951681,18,19167152,25000,5.940260167031275,0.0105074868834348,0.9901,72.65,87.83,5.05,22791,11
rs76499354,18,26474619,25000,5.889437810816927,0.0125256725623352,0.9901,8329.02,14551.38,4.79,22791,244
rs784235,18,53423144,25000,-5.883008645287313,-0.00672967587741,0.9901,13289.15,36207.49,17.51,22791,389
rs12965811,18,63173334,25000,5.807264348476704,0.0148131281906871,0.9901,9078.28,16727.52,5.72,22791,276
rs641445,18,74053266,25000,-5.655282428289228,-0.0162309953360902,0.9901,4619.63,12098.73,11.58,22791,228
