rsid,chrom,center_pos,window_half_bp,akbari_X,akbari_S,akbari_posterior,geom_mean_tmrca,arith_mean_tmrca,min_tmrca,n_pairs,n_sites
rs34343843,18,44938706,25000,6.188443280275794,0.0057133238081142,0.9901,9010.13,14490.81,3.42,63190,413
rs72896886,18,42632652,25000,5.978824292762741,0.0073649270349172,0.9901,14817.85,25653.66,3.43,63190,597
rs58993513,18,44474854,25000,5.965514703302602,0.0047970860428547,0.9901,4260.56,11710.61,3.42,63190,429
rs62092498,18,19882701,25000,5.954829709973829,0.0108834254456667,0.9901,28.79,35.11,3.87,63190,9
rs77951681,18,19167152,25000,5.940260167031275,0.0105074868834348,0.9901,137.54,174.73,4.28,63190,23
rs76499354,18,26474619,25000,5.889437810816927,0.0125256725623352,0.9901,11709.73,15201.42,3.66,63190,367
rs784235,18,53423144,25000,-5.883008645287313,-0.00672967587741,0.9901,10534.20,21390.02,3.34,63190,465
rs12965811,18,63173334,25000,5.807264348476704,0.0148131281906871,0.9901,13502.83,19304.68,3.27,63190,436
rs641445,18,74053266,25000,-5.655282428289228,-0.0162309953360902,0.9901,11251.66,18678.75,3.21,63190,431
