rsid,chrom,center_pos,window_half_bp,akbari_X,akbari_S,akbari_posterior,geom_mean_tmrca,arith_mean_tmrca,min_tmrca,n_pairs,n_sites
rs10901252,9,136128000,25000,10.567599092359728,0.0269969294516591,0.9901,23947.14,31642.32,6.61,26796,726
rs6477613,9,110811614,25000,-7.777028614457781,-0.0063490868301045,0.9901,15934.16,22198.09,3.24,26796,509
rs76790252,9,130156103,25000,7.452078935270813,0.0140129121060925,0.9901,24714.05,32641.53,9.09,26796,727
rs376217474,9,16792102,25000,7.037960304596894,0.0062906100383566,0.9901,22021.70,28927.52,3.92,26796,700
rs76798990,9,129801021,25000,6.667858152044102,0.0123505344378745,0.9901,17302.59,27049.87,6.93,26796,682
rs118165911,9,139766548,25000,6.214363669114404,0.012817636935121,0.9901,,,,0,0
rs4466492,9,16441086,25000,6.167809540147543,0.0064169830491204,0.9901,15778.17,22600.92,3.93,26796,555
rs7023969,9,32095376,25000,-6.164779360978457,-0.0053848872760537,0.9901,22909.81,42968.50,3.63,26796,795
rs34361301,9,14535119,25000,6.026359533280126,0.0057965014625361,0.9901,20904.09,27527.39,4.20,26796,558
rs5896935,9,21418690,25000,-5.974292449367354,-0.0133891734004472,0.9901,11991.69,19901.10,4.07,26796,439
rs113686375,9,80796464,25000,5.967820815339702,0.0063141604017691,0.9901,12456.99,21369.93,3.43,26796,553
rs370601154,9,119379059,25000,5.88225666740583,0.0049296111113733,0.9901,10741.76,16226.46,3.18,26796,408
rs1332455,9,121970419,25000,5.8408045160914055,0.0056738831471986,0.9901,17191.15,25773.27,3.16,26796,523
rs201139689,9,83240495,25000,5.82092405071834,0.0193185777029461,0.9901,20158.49,26999.92,3.52,26796,588
rs78620295,9,130564757,25000,5.816346100228562,0.0125352489911527,0.9901,20273.18,29201.44,3.23,26796,599
rs117390886,9,139243026,25000,5.694670239608777,0.0136228838260747,0.9901,,,,0,0
rs1326798,9,12722227,25000,5.577342912870082,0.0046628305154186,0.9901,11903.27,20332.80,4.03,26796,549
rs11795400,9,37553063,25000,5.552157576104036,0.0082399823070416,0.9901,16071.81,22662.78,3.57,26796,451
rs57172187,9,37016502,25000,5.490899796746717,0.0098314490391761,0.9901,15310.26,22162.60,7.70,26796,445
