rsid,chrom,center_pos,window_half_bp,akbari_X,akbari_S,akbari_posterior,geom_mean_tmrca,arith_mean_tmrca,min_tmrca,n_pairs,n_sites
rs10901252,9,133252613,25000,10.567599092359728,0.0269969294516591,0.9901,30400.64,42787.71,5.49,26796,824
rs6477613,9,108049333,25000,-7.777028614457781,-0.0063490868301045,0.9901,13071.41,24103.05,3.16,26796,678
rs76790252,9,127393824,25000,7.452078935270813,0.0140129121060925,0.9901,12142.12,20378.93,3.16,26796,407
rs376217474,9,16792104,25000,7.037960304596894,0.0062906100383566,0.9901,22021.70,28927.52,3.92,26796,700
rs76798990,9,127038742,25000,6.667858152044102,0.0123505344378745,0.9901,8670.13,13883.39,3.16,26796,309
rs118165911,9,136872096,25000,6.214363669114404,0.012817636935121,0.9901,4211.02,9053.41,6.33,26796,446
rs4466492,9,16441088,25000,6.167809540147543,0.0064169830491204,0.9901,15778.17,22600.92,3.93,26796,555
rs7023969,9,32095378,25000,-6.164779360978457,-0.0053848872760537,0.9901,22909.81,42968.50,3.63,26796,795
rs34361301,9,14535121,25000,6.026359533280126,0.0057965014625361,0.9901,20904.09,27527.39,4.20,26796,558
rs5896935,9,21418691,25000,-5.974292449367354,-0.0133891734004472,0.9901,11991.69,19901.10,4.07,26796,439
rs113686375,9,78181548,25000,5.967820815339702,0.0063141604017691,0.9901,11242.29,17196.43,3.25,26796,408
rs370601154,9,116616780,25000,5.88225666740583,0.0049296111113733,0.9901,19225.56,25307.15,3.19,26796,542
rs1332455,9,119208141,25000,5.8408045160914055,0.0056738831471986,0.9901,14039.04,20025.98,3.19,26796,384
rs201139689,9,80625580,25000,5.82092405071834,0.0193185777029461,0.9901,17585.52,25196.39,3.31,26796,611
rs78620295,9,127802478,25000,5.816346100228562,0.0125352489911527,0.9901,14339.55,21714.49,3.33,26796,468
rs117390886,9,136348574,25000,5.694670239608777,0.0136228838260747,0.9901,16351.50,23632.31,3.40,26796,586
rs1326798,9,12722228,25000,5.577342912870082,0.0046628305154186,0.9901,11903.27,20332.80,4.03,26796,549
rs11795400,9,37553066,25000,5.552157576104036,0.0082399823070416,0.9901,16071.81,22662.78,3.57,26796,451
rs57172187,9,37016505,25000,5.490899796746717,0.0098314490391761,0.9901,15310.25,22162.59,7.70,26796,445
