rsid,chrom,center_pos,window_half_bp,akbari_X,akbari_S,akbari_posterior,geom_mean_tmrca,arith_mean_tmrca,min_tmrca,n_pairs,n_sites
rs10901252,9,133252613,25000,10.567599092359728,0.0269969294516591,0.9901,26293.29,40700.78,10.95,10878,801
rs6477613,9,108049333,25000,-7.777028614457781,-0.0063490868301045,0.9901,14257.64,24545.00,6.88,10878,633
rs76790252,9,127393824,25000,7.452078935270813,0.0140129121060925,0.9901,12078.65,20130.81,3.84,10878,345
rs376217474,9,16792104,25000,7.037960304596894,0.0062906100383566,0.9901,23433.44,30098.38,4.00,10878,614
rs76798990,9,127038742,25000,6.667858152044102,0.0123505344378745,0.9901,8546.72,14354.45,6.97,10878,238
rs118165911,9,136872096,25000,6.214363669114404,0.012817636935121,0.9901,4706.93,11008.14,13.55,10878,370
rs4466492,9,16441088,25000,6.167809540147543,0.0064169830491204,0.9901,16955.58,23404.35,3.95,10878,503
rs7023969,9,32095378,25000,-6.164779360978457,-0.0053848872760537,0.9901,19296.80,41487.82,3.64,10878,755
rs34361301,9,14535121,25000,6.026359533280126,0.0057965014625361,0.9901,21661.38,28380.33,8.34,10878,521
rs5896935,9,21418691,25000,-5.974292449367354,-0.0133891734004472,0.9901,11234.85,18835.29,3.84,10878,386
rs113686375,9,78181548,25000,5.967820815339702,0.0063141604017691,0.9901,11511.78,17927.71,3.26,10878,433
rs370601154,9,116616780,25000,5.88225666740583,0.0049296111113733,0.9901,17815.87,24522.47,3.17,10878,485
rs1332455,9,119208141,25000,5.8408045160914055,0.0056738831471986,0.9901,14398.06,20803.92,3.17,10878,354
rs201139689,9,80625580,25000,5.82092405071834,0.0193185777029461,0.9901,17522.40,25305.45,3.38,10878,526
rs78620295,9,127802478,25000,5.816346100228562,0.0125352489911527,0.9901,14144.62,21632.48,6.75,10878,400
rs117390886,9,136348574,25000,5.694670239608777,0.0136228838260747,0.9901,15153.50,22841.76,4.43,10878,485
rs1326798,9,12722228,25000,5.577342912870082,0.0046628305154186,0.9901,13624.97,22598.02,4.06,10878,514
rs11795400,9,37553066,25000,5.552157576104036,0.0082399823070416,0.9901,15255.67,22092.53,3.58,10878,427
rs57172187,9,37016505,25000,5.490899796746717,0.0098314490391761,0.9901,15774.64,22820.44,3.58,10878,412
