rsid,chrom,center_pos,window_half_bp,akbari_X,akbari_S,akbari_posterior,geom_mean_tmrca,arith_mean_tmrca,min_tmrca,n_pairs,n_sites
rs10901252,9,136128000,25000,10.567599092359728,0.0269969294516591,0.9901,23973.01,31088.43,6.60,10878,663
rs6477613,9,110811614,25000,-7.777028614457781,-0.0063490868301045,0.9901,16063.11,21979.93,3.17,10878,412
rs76790252,9,130156103,25000,7.452078935270813,0.0140129121060925,0.9901,24706.35,32486.63,12.74,10878,658
rs376217474,9,16792102,25000,7.037960304596894,0.0062906100383566,0.9901,23433.44,30098.38,4.00,10878,614
rs76798990,9,129801021,25000,6.667858152044102,0.0123505344378745,0.9901,13681.14,23688.54,34.37,10878,561
rs118165911,9,139766548,25000,6.214363669114404,0.012817636935121,0.9901,,,,0,0
rs4466492,9,16441086,25000,6.167809540147543,0.0064169830491204,0.9901,16955.58,23404.35,3.95,10878,503
rs7023969,9,32095376,25000,-6.164779360978457,-0.0053848872760537,0.9901,19296.80,41487.82,3.64,10878,755
rs34361301,9,14535119,25000,6.026359533280126,0.0057965014625361,0.9901,21661.38,28380.33,8.34,10878,521
rs5896935,9,21418690,25000,-5.974292449367354,-0.0133891734004472,0.9901,11234.85,18835.29,3.84,10878,386
rs113686375,9,80796464,25000,5.967820815339702,0.0063141604017691,0.9901,11128.58,19810.68,3.49,10878,472
rs370601154,9,119379059,25000,5.88225666740583,0.0049296111113733,0.9901,11290.28,17084.86,3.18,10878,320
rs1332455,9,121970419,25000,5.8408045160914055,0.0056738831471986,0.9901,14704.64,24112.12,3.34,10878,446
rs201139689,9,83240495,25000,5.82092405071834,0.0193185777029461,0.9901,19727.05,27363.57,3.35,10878,477
rs78620295,9,130564757,25000,5.816346100228562,0.0125352489911527,0.9901,19613.58,28994.51,6.80,10878,496
rs117390886,9,139243026,25000,5.694670239608777,0.0136228838260747,0.9901,,,,0,0
rs1326798,9,12722227,25000,5.577342912870082,0.0046628305154186,0.9901,13624.97,22598.02,4.06,10878,514
rs11795400,9,37553063,25000,5.552157576104036,0.0082399823070416,0.9901,15255.67,22092.53,3.58,10878,427
rs57172187,9,37016502,25000,5.490899796746717,0.0098314490391761,0.9901,15774.65,22820.44,3.58,10878,412
