rsid,chrom,center_pos,window_half_bp,akbari_X,akbari_S,akbari_posterior,geom_mean_tmrca,arith_mean_tmrca,min_tmrca,n_pairs,n_sites
rs10901252,9,133252613,25000,10.567599092359728,0.0269969294516591,0.9901,22133.67,43408.31,4.75,34191,601
rs6477613,9,108049333,25000,-7.777028614457781,-0.0063490868301045,0.9901,13423.91,24120.64,4.44,34191,300
rs76790252,9,127393824,25000,7.452078935270813,0.0140129121060925,0.9901,11573.24,22197.18,4.42,34191,303
rs376217474,9,16792104,25000,7.037960304596894,0.0062906100383566,0.9901,18920.76,28925.73,4.77,34191,429
rs76798990,9,127038742,25000,6.667858152044102,0.0123505344378745,0.9901,5613.78,12554.13,4.42,34191,193
rs118165911,9,136872096,25000,6.214363669114404,0.012817636935121,0.9901,5200.01,12350.77,5.63,34191,263
rs4466492,9,16441088,25000,6.167809540147543,0.0064169830491204,0.9901,10328.44,18288.92,4.78,34191,313
rs7023969,9,32095378,25000,-6.164779360978457,-0.0053848872760537,0.9901,25696.23,51972.10,4.51,34191,591
rs34361301,9,14535121,25000,6.026359533280126,0.0057965014625361,0.9901,17089.99,28333.89,4.85,34191,397
rs5896935,9,21418691,25000,-5.974292449367354,-0.0133891734004472,0.9901,8464.36,18340.49,4.66,34191,316
rs113686375,9,78181548,25000,5.967820815339702,0.0063141604017691,0.9901,10963.82,19934.58,4.42,34191,299
rs370601154,9,116616780,25000,5.88225666740583,0.0049296111113733,0.9901,12997.22,24184.60,4.42,34191,326
rs1332455,9,119208141,25000,5.8408045160914055,0.0056738831471986,0.9901,9739.40,19943.34,4.42,34191,249
rs201139689,9,80625580,25000,5.82092405071834,0.0193185777029461,0.9901,17351.16,28294.73,4.41,34191,356
rs78620295,9,127802478,25000,5.816346100228562,0.0125352489911527,0.9901,9218.14,18696.95,4.42,34191,325
rs117390886,9,136348574,25000,5.694670239608777,0.0136228838260747,0.9901,12895.86,23044.42,5.65,34191,382
rs1326798,9,12722228,25000,5.577342912870082,0.0046628305154186,0.9901,11249.26,19995.18,4.95,34191,276
rs11795400,9,37553066,25000,5.552157576104036,0.0082399823070416,0.9901,9279.43,19244.12,4.48,34191,332
rs57172187,9,37016505,25000,5.490899796746717,0.0098314490391761,0.9901,15293.94,24370.92,4.48,34191,322
