rsid,chrom,center_pos,window_half_bp,akbari_X,akbari_S,akbari_posterior,geom_mean_tmrca,arith_mean_tmrca,min_tmrca,n_pairs,n_sites
rs10901252,9,133252613,25000,10.567599092359728,0.0269969294516591,0.9901,22733.33,46548.65,18.81,17205,512
rs6477613,9,108049333,25000,-7.777028614457781,-0.0063490868301045,0.9901,12176.84,23733.30,19.29,17205,254
rs76790252,9,127393824,25000,7.452078935270813,0.0140129121060925,0.9901,15368.82,25939.73,17.42,17205,299
rs376217474,9,16792104,25000,7.037960304596894,0.0062906100383566,0.9901,12600.34,23139.44,6.21,17205,307
rs76798990,9,127038742,25000,6.667858152044102,0.0123505344378745,0.9901,6590.16,15164.39,36.29,17205,155
rs118165911,9,136872096,25000,6.214363669114404,0.012817636935121,0.9901,5207.04,11537.76,58.65,17205,208
rs4466492,9,16441088,25000,6.167809540147543,0.0064169830491204,0.9901,9660.39,18708.00,14.85,17205,232
rs7023969,9,32095378,25000,-6.164779360978457,-0.0053848872760537,0.9901,26563.03,57195.35,6.12,17205,558
rs34361301,9,14535121,25000,6.026359533280126,0.0057965014625361,0.9901,19666.92,32825.07,62.58,17205,306
rs5896935,9,21418691,25000,-5.974292449367354,-0.0133891734004472,0.9901,10657.10,21084.62,12.18,17205,244
rs113686375,9,78181548,25000,5.967820815339702,0.0063141604017691,0.9901,11885.98,24128.09,6.04,17205,229
rs370601154,9,116616780,25000,5.88225666740583,0.0049296111113733,0.9901,16590.82,26665.16,18.68,17205,276
rs1332455,9,119208141,25000,5.8408045160914055,0.0056738831471986,0.9901,6732.14,16759.65,10.30,17205,218
rs201139689,9,80625580,25000,5.82092405071834,0.0193185777029461,0.9901,13591.76,29004.01,10.54,17205,299
rs78620295,9,127802478,25000,5.816346100228562,0.0125352489911527,0.9901,8633.21,20312.35,12.03,17205,250
rs117390886,9,136348574,25000,5.694670239608777,0.0136228838260747,0.9901,12933.16,23914.53,109.39,17205,327
rs1326798,9,12722228,25000,5.577342912870082,0.0046628305154186,0.9901,6951.76,14408.89,6.09,17205,232
rs11795400,9,37553066,25000,5.552157576104036,0.0082399823070416,0.9901,6740.89,16977.80,6.21,17205,223
rs57172187,9,37016505,25000,5.490899796746717,0.0098314490391761,0.9901,13656.07,23500.66,26.91,17205,253
