rsid,chrom,center_pos,window_half_bp,akbari_X,akbari_S,akbari_posterior,geom_mean_tmrca,arith_mean_tmrca,min_tmrca,n_pairs,n_sites
rs10901252,9,136128000,25000,10.567599092359728,0.0269969294516591,0.9901,20021.22,29916.68,55.60,17205,398
rs6477613,9,110811614,25000,-7.777028614457781,-0.0063490868301045,0.9901,13810.02,25877.23,18.62,17205,323
rs76790252,9,130156103,25000,7.452078935270813,0.0140129121060925,0.9901,16571.99,31785.69,43.03,17205,393
rs376217474,9,16792102,25000,7.037960304596894,0.0062906100383566,0.9901,12600.34,23139.44,6.21,17205,307
rs76798990,9,129801021,25000,6.667858152044102,0.0123505344378745,0.9901,8120.15,25111.36,67.86,17205,371
rs118165911,9,139766548,25000,6.214363669114404,0.012817636935121,0.9901,,,,0,0
rs4466492,9,16441086,25000,6.167809540147543,0.0064169830491204,0.9901,9660.39,18708.00,14.85,17205,232
rs7023969,9,32095376,25000,-6.164779360978457,-0.0053848872760537,0.9901,26563.03,57195.35,6.12,17205,558
rs34361301,9,14535119,25000,6.026359533280126,0.0057965014625361,0.9901,19666.92,32825.07,62.58,17205,306
rs5896935,9,21418690,25000,-5.974292449367354,-0.0133891734004472,0.9901,10657.10,21084.62,12.18,17205,244
rs113686375,9,80796464,25000,5.967820815339702,0.0063141604017691,0.9901,6579.14,14037.61,10.23,17205,212
rs370601154,9,119379059,25000,5.88225666740583,0.0049296111113733,0.9901,3945.61,9164.68,10.47,17205,181
rs1332455,9,121970419,25000,5.8408045160914055,0.0056738831471986,0.9901,4797.47,12957.50,6.26,17205,265
rs201139689,9,83240495,25000,5.82092405071834,0.0193185777029461,0.9901,11732.10,25360.29,12.30,17205,282
rs78620295,9,130564757,25000,5.816346100228562,0.0125352489911527,0.9901,17674.80,33559.94,29.60,17205,327
rs117390886,9,139243026,25000,5.694670239608777,0.0136228838260747,0.9901,,,,0,0
rs1326798,9,12722227,25000,5.577342912870082,0.0046628305154186,0.9901,6951.76,14408.89,6.09,17205,232
rs11795400,9,37553063,25000,5.552157576104036,0.0082399823070416,0.9901,6740.89,16977.80,6.21,17205,223
rs57172187,9,37016502,25000,5.490899796746717,0.0098314490391761,0.9901,13656.07,23500.66,26.91,17205,253
