rsid,chrom,center_pos,window_half_bp,akbari_X,akbari_S,akbari_posterior,geom_mean_tmrca,arith_mean_tmrca,min_tmrca,n_pairs,n_sites
rs10901252,9,136128000,25000,10.567599092359728,0.0269969294516591,0.9901,17577.58,28283.51,5.65,63903,452
rs6477613,9,110811614,25000,-7.777028614457781,-0.0063490868301045,0.9901,16108.30,24014.21,5.64,63903,342
rs76790252,9,130156103,25000,7.452078935270813,0.0140129121060925,0.9901,17829.20,29736.89,5.77,63903,500
rs376217474,9,16792102,25000,7.037960304596894,0.0062906100383566,0.9901,7037.70,18637.00,5.64,63903,358
rs76798990,9,129801021,25000,6.667858152044102,0.0123505344378745,0.9901,14590.30,30476.00,5.68,63903,488
rs118165911,9,139766548,25000,6.214363669114404,0.012817636935121,0.9901,,,,0,0
rs4466492,9,16441086,25000,6.167809540147543,0.0064169830491204,0.9901,8037.10,16801.91,5.64,63903,243
rs7023969,9,32095376,25000,-6.164779360978457,-0.0053848872760537,0.9901,13954.71,46942.66,5.64,63903,572
rs34361301,9,14535119,25000,6.026359533280126,0.0057965014625361,0.9901,17437.09,28192.43,5.64,63903,379
rs5896935,9,21418690,25000,-5.974292449367354,-0.0133891734004472,0.9901,5557.33,14040.20,5.64,63903,291
rs113686375,9,80796464,25000,5.967820815339702,0.0063141604017691,0.9901,9008.98,18099.01,5.69,63903,333
rs370601154,9,119379059,25000,5.88225666740583,0.0049296111113733,0.9901,10590.21,19664.07,5.64,63903,248
rs1332455,9,121970419,25000,5.8408045160914055,0.0056738831471986,0.9901,9184.87,20408.29,5.64,63903,321
rs201139689,9,83240495,25000,5.82092405071834,0.0193185777029461,0.9901,14347.58,27356.15,5.64,63903,351
rs78620295,9,130564757,25000,5.816346100228562,0.0125352489911527,0.9901,15517.99,30530.41,5.64,63903,384
rs117390886,9,139243026,25000,5.694670239608777,0.0136228838260747,0.9901,,,,0,0
rs1326798,9,12722227,25000,5.577342912870082,0.0046628305154186,0.9901,9140.91,23828.78,5.64,63903,370
rs11795400,9,37553063,25000,5.552157576104036,0.0082399823070416,0.9901,11530.51,21247.71,5.64,63903,288
rs57172187,9,37016502,25000,5.490899796746717,0.0098314490391761,0.9901,9565.33,20070.80,5.64,63903,264
