rsid,chrom,center_pos,window_half_bp,akbari_X,akbari_S,akbari_posterior,geom_mean_tmrca,arith_mean_tmrca,min_tmrca,n_pairs,n_sites
rs10901252,9,133252613,25000,10.567599092359728,0.0269969294516591,0.9901,15375.12,38621.29,5.64,63903,617
rs6477613,9,108049333,25000,-7.777028614457781,-0.0063490868301045,0.9901,7803.41,21259.91,5.64,63903,241
rs76790252,9,127393824,25000,7.452078935270813,0.0140129121060925,0.9901,11985.94,23373.70,5.64,63903,252
rs376217474,9,16792104,25000,7.037960304596894,0.0062906100383566,0.9901,7037.70,18637.00,5.64,63903,358
rs76798990,9,127038742,25000,6.667858152044102,0.0123505344378745,0.9901,7461.40,15222.32,5.64,63903,214
rs118165911,9,136872096,25000,6.214363669114404,0.012817636935121,0.9901,7462.92,16223.76,5.65,63903,253
rs4466492,9,16441088,25000,6.167809540147543,0.0064169830491204,0.9901,8037.10,16801.91,5.64,63903,243
rs7023969,9,32095378,25000,-6.164779360978457,-0.0053848872760537,0.9901,13954.71,46942.66,5.64,63903,572
rs34361301,9,14535121,25000,6.026359533280126,0.0057965014625361,0.9901,17437.09,28192.43,5.64,63903,379
rs5896935,9,21418691,25000,-5.974292449367354,-0.0133891734004472,0.9901,5557.33,14040.20,5.64,63903,291
rs113686375,9,78181548,25000,5.967820815339702,0.0063141604017691,0.9901,7468.84,18522.04,5.64,63903,280
rs370601154,9,116616780,25000,5.88225666740583,0.0049296111113733,0.9901,15168.82,25424.23,5.64,63903,286
rs1332455,9,119208141,25000,5.8408045160914055,0.0056738831471986,0.9901,10632.36,20570.50,5.64,63903,257
rs201139689,9,80625580,25000,5.82092405071834,0.0193185777029461,0.9901,14996.40,27977.92,5.64,63903,392
rs78620295,9,127802478,25000,5.816346100228562,0.0125352489911527,0.9901,6930.71,16481.42,5.64,63903,267
rs117390886,9,136348574,25000,5.694670239608777,0.0136228838260747,0.9901,14394.46,24187.27,5.92,63903,386
rs1326798,9,12722228,25000,5.577342912870082,0.0046628305154186,0.9901,9140.91,23828.78,5.64,63903,370
rs11795400,9,37553066,25000,5.552157576104036,0.0082399823070416,0.9901,11530.51,21247.71,5.64,63903,288
rs57172187,9,37016505,25000,5.490899796746717,0.0098314490391761,0.9901,9565.33,20070.79,5.64,63903,264
