rsid,chrom,center_pos,window_half_bp,akbari_X,akbari_S,akbari_posterior,geom_mean_tmrca,arith_mean_tmrca,min_tmrca,n_pairs,n_sites
rs10901252,9,136128000,25000,10.567599092359728,0.0269969294516591,0.9901,19653.11,30861.52,246.43,21115,407
rs6477613,9,110811614,25000,-7.777028614457781,-0.0063490868301045,0.9901,15925.77,27142.81,60.72,21115,335
rs76790252,9,130156103,25000,7.452078935270813,0.0140129121060925,0.9901,12686.01,27812.83,124.19,21115,396
rs376217474,9,16792102,25000,7.037960304596894,0.0062906100383566,0.9901,13883.86,24397.27,11.39,21115,269
rs76798990,9,129801021,25000,6.667858152044102,0.0123505344378745,0.9901,7457.10,22666.13,88.05,21115,450
rs118165911,9,139766548,25000,6.214363669114404,0.012817636935121,0.9901,,,,0,0
rs4466492,9,16441086,25000,6.167809540147543,0.0064169830491204,0.9901,10572.06,19140.77,14.96,21115,267
rs7023969,9,32095376,25000,-6.164779360978457,-0.0053848872760537,0.9901,26632.32,56706.11,10.81,21115,523
rs34361301,9,14535119,25000,6.026359533280126,0.0057965014625361,0.9901,21705.49,33943.36,36.89,21115,334
rs5896935,9,21418690,25000,-5.974292449367354,-0.0133891734004472,0.9901,10370.38,20657.96,30.59,21115,241
rs113686375,9,80796464,25000,5.967820815339702,0.0063141604017691,0.9901,5906.03,12254.25,39.65,21115,193
rs370601154,9,119379059,25000,5.88225666740583,0.0049296111113733,0.9901,3780.67,8664.58,103.33,21115,191
rs1332455,9,121970419,25000,5.8408045160914055,0.0056738831471986,0.9901,5827.48,15916.35,34.74,21115,266
rs201139689,9,83240495,25000,5.82092405071834,0.0193185777029461,0.9901,13357.71,26985.55,86.57,21115,290
rs78620295,9,130564757,25000,5.816346100228562,0.0125352489911527,0.9901,16596.87,32752.18,117.06,21115,361
rs117390886,9,139243026,25000,5.694670239608777,0.0136228838260747,0.9901,,,,0,0
rs1326798,9,12722227,25000,5.577342912870082,0.0046628305154186,0.9901,5621.78,11741.50,19.22,21115,236
rs11795400,9,37553063,25000,5.552157576104036,0.0082399823070416,0.9901,4294.07,13716.60,6.31,21115,240
rs57172187,9,37016502,25000,5.490899796746717,0.0098314490391761,0.9901,13715.46,23854.31,50.31,21115,247
