rsid,chrom,center_pos,window_half_bp,akbari_X,akbari_S,akbari_posterior,geom_mean_tmrca,arith_mean_tmrca,min_tmrca,n_pairs,n_sites
rs10901252,9,133252613,25000,10.567599092359728,0.0269969294516591,0.9901,20946.49,44851.04,85.21,21115,470
rs6477613,9,108049333,25000,-7.777028614457781,-0.0063490868301045,0.9901,11818.68,24674.80,58.78,21115,260
rs76790252,9,127393824,25000,7.452078935270813,0.0140129121060925,0.9901,14460.17,24876.36,11.42,21115,302
rs376217474,9,16792104,25000,7.037960304596894,0.0062906100383566,0.9901,13883.86,24397.27,11.39,21115,269
rs76798990,9,127038742,25000,6.667858152044102,0.0123505344378745,0.9901,6234.49,14434.98,47.30,21115,187
rs118165911,9,136872096,25000,6.214363669114404,0.012817636935121,0.9901,4358.30,11022.50,80.68,21115,229
rs4466492,9,16441088,25000,6.167809540147543,0.0064169830491204,0.9901,10572.06,19140.77,14.96,21115,267
rs7023969,9,32095378,25000,-6.164779360978457,-0.0053848872760537,0.9901,26632.32,56706.11,10.81,21115,523
rs34361301,9,14535121,25000,6.026359533280126,0.0057965014625361,0.9901,21705.49,33943.36,36.89,21115,334
rs5896935,9,21418691,25000,-5.974292449367354,-0.0133891734004472,0.9901,10370.38,20657.96,30.59,21115,241
rs113686375,9,78181548,25000,5.967820815339702,0.0063141604017691,0.9901,11533.47,24130.43,6.22,21115,251
rs370601154,9,116616780,25000,5.88225666740583,0.0049296111113733,0.9901,14316.84,25541.63,101.23,21115,271
rs1332455,9,119208141,25000,5.8408045160914055,0.0056738831471986,0.9901,6321.85,16513.34,120.48,21115,210
rs201139689,9,80625580,25000,5.82092405071834,0.0193185777029461,0.9901,12979.20,28511.69,50.50,21115,298
rs78620295,9,127802478,25000,5.816346100228562,0.0125352489911527,0.9901,8271.23,19226.30,34.12,21115,261
rs117390886,9,136348574,25000,5.694670239608777,0.0136228838260747,0.9901,8665.25,19694.63,88.55,21115,299
rs1326798,9,12722228,25000,5.577342912870082,0.0046628305154186,0.9901,5621.78,11741.50,19.22,21115,236
rs11795400,9,37553066,25000,5.552157576104036,0.0082399823070416,0.9901,4294.07,13716.60,6.31,21115,240
rs57172187,9,37016505,25000,5.490899796746717,0.0098314490391761,0.9901,13715.46,23854.31,50.31,21115,247
