rsid,chrom,center_pos,window_half_bp,akbari_X,akbari_S,akbari_posterior,geom_mean_tmrca,arith_mean_tmrca,min_tmrca,n_pairs,n_sites
rs10901252,9,136128000,25000,10.567599092359728,0.0269969294516591,0.9901,19960.76,30426.13,5.67,52975,363
rs6477613,9,110811614,25000,-7.777028614457781,-0.0063490868301045,0.9901,15670.55,27284.59,5.67,52975,345
rs76790252,9,130156103,25000,7.452078935270813,0.0140129121060925,0.9901,15179.06,30461.90,5.67,52975,422
rs376217474,9,16792102,25000,7.037960304596894,0.0062906100383566,0.9901,13886.69,24360.61,5.66,52975,319
rs76798990,9,129801021,25000,6.667858152044102,0.0123505344378745,0.9901,4867.90,16125.72,5.66,52975,422
rs118165911,9,139766548,25000,6.214363669114404,0.012817636935121,0.9901,,,,0,0
rs4466492,9,16441086,25000,6.167809540147543,0.0064169830491204,0.9901,11653.74,20321.02,5.67,52975,306
rs7023969,9,32095376,25000,-6.164779360978457,-0.0053848872760537,0.9901,27193.84,56917.35,5.67,52975,554
rs34361301,9,14535119,25000,6.026359533280126,0.0057965014625361,0.9901,19914.61,32512.91,5.67,52975,353
rs5896935,9,21418690,25000,-5.974292449367354,-0.0133891734004472,0.9901,9459.08,19582.82,5.67,52975,269
rs113686375,9,80796464,25000,5.967820815339702,0.0063141604017691,0.9901,5605.78,11875.17,5.67,52975,223
rs370601154,9,119379059,25000,5.88225666740583,0.0049296111113733,0.9901,4178.32,9679.08,5.66,52975,238
rs1332455,9,121970419,25000,5.8408045160914055,0.0056738831471986,0.9901,4865.44,13773.56,5.66,52975,295
rs201139689,9,83240495,25000,5.82092405071834,0.0193185777029461,0.9901,12801.41,26075.59,5.89,52975,325
rs78620295,9,130564757,25000,5.816346100228562,0.0125352489911527,0.9901,16808.00,32277.76,5.66,52975,386
rs117390886,9,139243026,25000,5.694670239608777,0.0136228838260747,0.9901,,,,0,0
rs1326798,9,12722227,25000,5.577342912870082,0.0046628305154186,0.9901,4921.51,11847.03,5.67,52975,249
rs11795400,9,37553063,25000,5.552157576104036,0.0082399823070416,0.9901,4774.07,13981.25,5.67,52975,264
rs57172187,9,37016502,25000,5.490899796746717,0.0098314490391761,0.9901,12206.05,22038.17,5.66,52975,266
