rsid,chrom,center_pos,window_half_bp,akbari_X,akbari_S,akbari_posterior,geom_mean_tmrca,arith_mean_tmrca,min_tmrca,n_pairs,n_sites
rs10901252,9,133252613,25000,10.567599092359728,0.0269969294516591,0.9901,14964.29,35644.59,4.40,34716,675
rs6477613,9,108049333,25000,-7.777028614457781,-0.0063490868301045,0.9901,11854.51,24600.12,4.41,34716,347
rs76790252,9,127393824,25000,7.452078935270813,0.0140129121060925,0.9901,10812.52,22322.17,4.40,34716,287
rs376217474,9,16792104,25000,7.037960304596894,0.0062906100383566,0.9901,16508.99,29559.65,4.75,34716,465
rs76798990,9,127038742,25000,6.667858152044102,0.0123505344378745,0.9901,6299.82,13355.44,4.40,34716,231
rs118165911,9,136872096,25000,6.214363669114404,0.012817636935121,0.9901,9056.11,18403.18,4.41,34716,334
rs4466492,9,16441088,25000,6.167809540147543,0.0064169830491204,0.9901,8719.97,17618.77,4.75,34716,342
rs7023969,9,32095378,25000,-6.164779360978457,-0.0053848872760537,0.9901,18478.07,48523.77,4.50,34716,713
rs34361301,9,14535121,25000,6.026359533280126,0.0057965014625361,0.9901,17836.56,29114.51,4.82,34716,420
rs5896935,9,21418691,25000,-5.974292449367354,-0.0133891734004472,0.9901,5934.39,14212.81,4.64,34716,358
rs113686375,9,78181548,25000,5.967820815339702,0.0063141604017691,0.9901,7206.51,16390.29,4.40,34716,350
rs370601154,9,116616780,25000,5.88225666740583,0.0049296111113733,0.9901,14004.79,24474.57,4.40,34716,375
rs1332455,9,119208141,25000,5.8408045160914055,0.0056738831471986,0.9901,11306.25,20745.48,4.40,34716,307
rs201139689,9,80625580,25000,5.82092405071834,0.0193185777029461,0.9901,15570.09,28403.22,4.40,34716,428
rs78620295,9,127802478,25000,5.816346100228562,0.0125352489911527,0.9901,6821.75,16355.11,4.41,34716,321
rs117390886,9,136348574,25000,5.694670239608777,0.0136228838260747,0.9901,14271.71,23740.10,4.45,34716,391
rs1326798,9,12722228,25000,5.577342912870082,0.0046628305154186,0.9901,12524.17,25094.06,4.87,34716,405
rs11795400,9,37553066,25000,5.552157576104036,0.0082399823070416,0.9901,11816.52,21104.93,4.47,34716,330
rs57172187,9,37016505,25000,5.490899796746717,0.0098314490391761,0.9901,9312.24,19870.20,4.46,34716,343
