rsid,chrom,center_pos,window_half_bp,akbari_X,akbari_S,akbari_posterior,geom_mean_tmrca,arith_mean_tmrca,min_tmrca,n_pairs,n_sites
rs10901252,9,136128000,25000,10.567599092359728,0.0269969294516591,0.9901,19722.45,29661.26,4.42,34716,545
rs6477613,9,110811614,25000,-7.777028614457781,-0.0063490868301045,0.9901,15837.94,23957.39,4.40,34716,372
rs76790252,9,130156103,25000,7.452078935270813,0.0140129121060925,0.9901,21485.70,33528.28,4.60,34716,556
rs376217474,9,16792102,25000,7.037960304596894,0.0062906100383566,0.9901,16508.99,29559.65,4.75,34716,465
rs76798990,9,129801021,25000,6.667858152044102,0.0123505344378745,0.9901,12915.50,27525.01,8.49,34716,565
rs118165911,9,139766548,25000,6.214363669114404,0.012817636935121,0.9901,,,,0,0
rs4466492,9,16441086,25000,6.167809540147543,0.0064169830491204,0.9901,8719.97,17618.77,4.75,34716,342
rs7023969,9,32095376,25000,-6.164779360978457,-0.0053848872760537,0.9901,18478.07,48523.77,4.50,34716,713
rs34361301,9,14535119,25000,6.026359533280126,0.0057965014625361,0.9901,17836.56,29114.51,4.82,34716,420
rs5896935,9,21418690,25000,-5.974292449367354,-0.0133891734004472,0.9901,5934.39,14212.81,4.64,34716,358
rs113686375,9,80796464,25000,5.967820815339702,0.0063141604017691,0.9901,7862.84,16691.50,4.40,34716,411
rs370601154,9,119379059,25000,5.88225666740583,0.0049296111113733,0.9901,11375.11,19283.83,4.40,34716,316
rs1332455,9,121970419,25000,5.8408045160914055,0.0056738831471986,0.9901,12655.26,24582.70,4.40,34716,356
rs201139689,9,83240495,25000,5.82092405071834,0.0193185777029461,0.9901,16797.47,28472.78,4.40,34716,415
rs78620295,9,130564757,25000,5.816346100228562,0.0125352489911527,0.9901,14354.62,30021.18,4.64,34716,421
rs117390886,9,139243026,25000,5.694670239608777,0.0136228838260747,0.9901,,,,0,0
rs1326798,9,12722227,25000,5.577342912870082,0.0046628305154186,0.9901,12524.17,25094.06,4.87,34716,405
rs11795400,9,37553063,25000,5.552157576104036,0.0082399823070416,0.9901,11816.52,21104.93,4.47,34716,330
rs57172187,9,37016502,25000,5.490899796746717,0.0098314490391761,0.9901,9312.24,19870.20,4.46,34716,343
