rsid,chrom,center_pos,window_half_bp,akbari_X,akbari_S,akbari_posterior,geom_mean_tmrca,arith_mean_tmrca,min_tmrca,n_pairs,n_sites
rs10901252,9,136128000,25000,10.567599092359728,0.0269969294516591,0.9901,21417.06,30785.69,3.30,44253,675
rs6477613,9,110811614,25000,-7.777028614457781,-0.0063490868301045,0.9901,12571.26,20616.04,3.24,44253,381
rs76790252,9,130156103,25000,7.452078935270813,0.0140129121060925,0.9901,25333.07,33324.89,3.17,44253,691
rs376217474,9,16792102,25000,7.037960304596894,0.0062906100383566,0.9901,21263.54,28736.53,4.11,44253,687
rs76798990,9,129801021,25000,6.667858152044102,0.0123505344378745,0.9901,14221.48,22727.19,3.35,44253,609
rs118165911,9,139766548,25000,6.214363669114404,0.012817636935121,0.9901,,,,0,0
rs4466492,9,16441086,25000,6.167809540147543,0.0064169830491204,0.9901,13771.84,21184.68,3.94,44253,510
rs7023969,9,32095376,25000,-6.164779360978457,-0.0053848872760537,0.9901,22869.70,44309.62,3.64,44253,764
rs34361301,9,14535119,25000,6.026359533280126,0.0057965014625361,0.9901,20249.06,27792.08,4.05,44253,523
rs5896935,9,21418690,25000,-5.974292449367354,-0.0133891734004472,0.9901,12337.00,20071.64,3.84,44253,358
rs113686375,9,80796464,25000,5.967820815339702,0.0063141604017691,0.9901,11097.43,20985.85,3.24,44253,512
rs370601154,9,119379059,25000,5.88225666740583,0.0049296111113733,0.9901,10312.46,16000.04,3.16,44253,377
rs1332455,9,121970419,25000,5.8408045160914055,0.0056738831471986,0.9901,17218.26,26724.18,3.16,44253,493
rs201139689,9,83240495,25000,5.82092405071834,0.0193185777029461,0.9901,19052.51,26137.45,3.24,44253,507
rs78620295,9,130564757,25000,5.816346100228562,0.0125352489911527,0.9901,20436.74,29956.54,3.32,44253,577
rs117390886,9,139243026,25000,5.694670239608777,0.0136228838260747,0.9901,,,,0,0
rs1326798,9,12722227,25000,5.577342912870082,0.0046628305154186,0.9901,9875.78,18388.46,4.04,44253,512
rs11795400,9,37553063,25000,5.552157576104036,0.0082399823070416,0.9901,16677.18,23215.74,3.58,44253,436
rs57172187,9,37016502,25000,5.490899796746717,0.0098314490391761,0.9901,14621.67,22141.57,3.57,44253,429
