rsid,chrom,center_pos,window_half_bp,akbari_X,akbari_S,akbari_posterior,geom_mean_tmrca,arith_mean_tmrca,min_tmrca,n_pairs,n_sites
rs10901252,9,133252613,25000,10.567599092359728,0.0269969294516591,0.9901,18966.54,42440.58,11.26,19503,546
rs6477613,9,108049333,25000,-7.777028614457781,-0.0063490868301045,0.9901,8632.40,22856.74,7.89,19503,212
rs76790252,9,127393824,25000,7.452078935270813,0.0140129121060925,0.9901,10202.03,23555.49,5.98,19503,206
rs376217474,9,16792104,25000,7.037960304596894,0.0062906100383566,0.9901,7347.36,19651.98,6.21,19503,334
rs76798990,9,127038742,25000,6.667858152044102,0.0123505344378745,0.9901,5393.64,14442.95,12.20,19503,155
rs118165911,9,136872096,25000,6.214363669114404,0.012817636935121,0.9901,7028.14,16137.63,12.66,19503,188
rs4466492,9,16441088,25000,6.167809540147543,0.0064169830491204,0.9901,8028.70,17069.71,6.06,19503,206
rs7023969,9,32095378,25000,-6.164779360978457,-0.0053848872760537,0.9901,10507.80,43233.04,5.65,19503,564
rs34361301,9,14535121,25000,6.026359533280126,0.0057965014625361,0.9901,19447.83,31144.54,25.85,19503,341
rs5896935,9,21418691,25000,-5.974292449367354,-0.0133891734004472,0.9901,4132.63,12303.31,6.01,19503,253
rs113686375,9,78181548,25000,5.967820815339702,0.0063141604017691,0.9901,10359.05,21232.17,8.22,19503,276
rs370601154,9,116616780,25000,5.88225666740583,0.0049296111113733,0.9901,14041.60,25398.88,11.51,19503,241
rs1332455,9,119208141,25000,5.8408045160914055,0.0056738831471986,0.9901,9961.61,20284.29,10.19,19503,222
rs201139689,9,80625580,25000,5.82092405071834,0.0193185777029461,0.9901,17487.48,30166.79,5.77,19503,379
rs78620295,9,127802478,25000,5.816346100228562,0.0125352489911527,0.9901,6881.30,17060.17,10.63,19503,199
rs117390886,9,136348574,25000,5.694670239608777,0.0136228838260747,0.9901,12186.38,22888.28,10.99,19503,283
rs1326798,9,12722228,25000,5.577342912870082,0.0046628305154186,0.9901,8556.68,23758.23,12.02,19503,330
rs11795400,9,37553066,25000,5.552157576104036,0.0082399823070416,0.9901,11485.32,21257.07,12.00,19503,265
rs57172187,9,37016505,25000,5.490899796746717,0.0098314490391761,0.9901,10518.29,21591.17,17.76,19503,232
