rsid,chrom,center_pos,window_half_bp,akbari_X,akbari_S,akbari_posterior,geom_mean_tmrca,arith_mean_tmrca,min_tmrca,n_pairs,n_sites
rs10901252,9,136128000,25000,10.567599092359728,0.0269969294516591,0.9901,16637.02,27861.89,16.11,19503,415
rs6477613,9,110811614,25000,-7.777028614457781,-0.0063490868301045,0.9901,15804.82,24665.79,9.47,19503,332
rs76790252,9,130156103,25000,7.452078935270813,0.0140129121060925,0.9901,18674.48,31996.47,19.51,19503,437
rs376217474,9,16792102,25000,7.037960304596894,0.0062906100383566,0.9901,7347.36,19651.98,6.21,19503,334
rs76798990,9,129801021,25000,6.667858152044102,0.0123505344378745,0.9901,12375.42,28745.15,18.34,19503,401
rs118165911,9,139766548,25000,6.214363669114404,0.012817636935121,0.9901,,,,0,0
rs4466492,9,16441086,25000,6.167809540147543,0.0064169830491204,0.9901,8028.70,17069.71,6.06,19503,206
rs7023969,9,32095376,25000,-6.164779360978457,-0.0053848872760537,0.9901,10507.80,43233.04,5.65,19503,564
rs34361301,9,14535119,25000,6.026359533280126,0.0057965014625361,0.9901,19447.83,31144.54,25.85,19503,341
rs5896935,9,21418690,25000,-5.974292449367354,-0.0133891734004472,0.9901,4132.63,12303.31,6.01,19503,253
rs113686375,9,80796464,25000,5.967820815339702,0.0063141604017691,0.9901,7896.85,16527.32,6.01,19503,313
rs370601154,9,119379059,25000,5.88225666740583,0.0049296111113733,0.9901,11671.29,21387.26,10.67,19503,218
rs1332455,9,121970419,25000,5.8408045160914055,0.0056738831471986,0.9901,9294.38,20754.98,6.09,19503,269
rs201139689,9,83240495,25000,5.82092405071834,0.0193185777029461,0.9901,15066.08,28088.90,12.35,19503,294
rs78620295,9,130564757,25000,5.816346100228562,0.0125352489911527,0.9901,14016.88,30314.76,21.88,19503,324
rs117390886,9,139243026,25000,5.694670239608777,0.0136228838260747,0.9901,,,,0,0
rs1326798,9,12722227,25000,5.577342912870082,0.0046628305154186,0.9901,8556.68,23758.23,12.02,19503,330
rs11795400,9,37553063,25000,5.552157576104036,0.0082399823070416,0.9901,11485.32,21257.07,12.00,19503,265
rs57172187,9,37016502,25000,5.490899796746717,0.0098314490391761,0.9901,10518.30,21591.17,17.76,19503,232
