rsid,chrom,center_pos,window_half_bp,akbari_X,akbari_S,akbari_posterior,geom_mean_tmrca,arith_mean_tmrca,min_tmrca,n_pairs,n_sites
rs10901252,9,136128000,25000,10.567599092359728,0.0269969294516591,0.9901,18418.36,29025.96,24.31,16471,394
rs6477613,9,110811614,25000,-7.777028614457781,-0.0063490868301045,0.9901,15995.99,23876.12,19.31,16471,318
rs76790252,9,130156103,25000,7.452078935270813,0.0140129121060925,0.9901,18877.16,31053.05,47.54,16471,464
rs376217474,9,16792102,25000,7.037960304596894,0.0062906100383566,0.9901,7980.73,20292.52,28.77,16471,330
rs76798990,9,129801021,25000,6.667858152044102,0.0123505344378745,0.9901,12769.09,27522.14,87.22,16471,440
rs118165911,9,139766548,25000,6.214363669114404,0.012817636935121,0.9901,,,,0,0
rs4466492,9,16441086,25000,6.167809540147543,0.0064169830491204,0.9901,6951.01,16049.74,29.77,16471,207
rs7023969,9,32095376,25000,-6.164779360978457,-0.0053848872760537,0.9901,15521.17,48861.10,5.85,16471,507
rs34361301,9,14535119,25000,6.026359533280126,0.0057965014625361,0.9901,17271.51,27663.10,11.25,16471,355
rs5896935,9,21418690,25000,-5.974292449367354,-0.0133891734004472,0.9901,5021.33,13382.44,6.09,16471,262
rs113686375,9,80796464,25000,5.967820815339702,0.0063141604017691,0.9901,10311.70,19855.57,22.27,16471,287
rs370601154,9,119379059,25000,5.88225666740583,0.0049296111113733,0.9901,11369.04,20286.58,17.31,16471,209
rs1332455,9,121970419,25000,5.8408045160914055,0.0056738831471986,0.9901,8771.80,20577.14,23.69,16471,282
rs201139689,9,83240495,25000,5.82092405071834,0.0193185777029461,0.9901,13919.87,26971.65,42.31,16471,333
rs78620295,9,130564757,25000,5.816346100228562,0.0125352489911527,0.9901,15693.29,31014.61,64.58,16471,348
rs117390886,9,139243026,25000,5.694670239608777,0.0136228838260747,0.9901,,,,0,0
rs1326798,9,12722227,25000,5.577342912870082,0.0046628305154186,0.9901,9526.18,23719.67,10.10,16471,331
rs11795400,9,37553063,25000,5.552157576104036,0.0082399823070416,0.9901,10169.96,19705.62,7.25,16471,248
rs57172187,9,37016502,25000,5.490899796746717,0.0098314490391761,0.9901,10299.99,21674.95,17.65,16471,211
