rsid,chrom,center_pos,window_half_bp,akbari_X,akbari_S,akbari_posterior,geom_mean_tmrca,arith_mean_tmrca,min_tmrca,n_pairs,n_sites
rs10901252,9,133252613,25000,10.567599092359728,0.0269969294516591,0.9901,15950.80,39552.84,17.41,16471,586
rs6477613,9,108049333,25000,-7.777028614457781,-0.0063490868301045,0.9901,8464.99,22115.05,18.19,16471,217
rs76790252,9,127393824,25000,7.452078935270813,0.0140129121060925,0.9901,12427.77,24259.01,12.65,16471,220
rs376217474,9,16792104,25000,7.037960304596894,0.0062906100383566,0.9901,7980.73,20292.52,28.77,16471,330
rs76798990,9,127038742,25000,6.667858152044102,0.0123505344378745,0.9901,7247.43,15303.49,11.00,16471,163
rs118165911,9,136872096,25000,6.214363669114404,0.012817636935121,0.9901,7517.69,16352.19,40.45,16471,213
rs4466492,9,16441088,25000,6.167809540147543,0.0064169830491204,0.9901,6951.01,16049.74,29.77,16471,207
rs7023969,9,32095378,25000,-6.164779360978457,-0.0053848872760537,0.9901,15521.17,48861.10,5.85,16471,507
rs34361301,9,14535121,25000,6.026359533280126,0.0057965014625361,0.9901,17271.51,27663.10,11.25,16471,355
rs5896935,9,21418691,25000,-5.974292449367354,-0.0133891734004472,0.9901,5021.33,13382.44,6.09,16471,262
rs113686375,9,78181548,25000,5.967820815339702,0.0063141604017691,0.9901,8264.34,19779.06,11.03,16471,269
rs370601154,9,116616780,25000,5.88225666740583,0.0049296111113733,0.9901,15023.61,25789.16,11.75,16471,266
rs1332455,9,119208141,25000,5.8408045160914055,0.0056738831471986,0.9901,12046.48,22201.30,15.47,16471,215
rs201139689,9,80625580,25000,5.82092405071834,0.0193185777029461,0.9901,16596.86,29565.15,13.36,16471,333
rs78620295,9,127802478,25000,5.816346100228562,0.0125352489911527,0.9901,7263.00,17300.62,12.31,16471,201
rs117390886,9,136348574,25000,5.694670239608777,0.0136228838260747,0.9901,13163.09,23428.56,25.12,16471,308
rs1326798,9,12722228,25000,5.577342912870082,0.0046628305154186,0.9901,9526.18,23719.67,10.10,16471,331
rs11795400,9,37553066,25000,5.552157576104036,0.0082399823070416,0.9901,10169.96,19705.62,7.25,16471,248
rs57172187,9,37016505,25000,5.490899796746717,0.0098314490391761,0.9901,10299.99,21674.95,17.65,16471,211
