rsid,chrom,center_pos,window_half_bp,akbari_X,akbari_S,akbari_posterior,geom_mean_tmrca,arith_mean_tmrca,min_tmrca,n_pairs,n_sites
rs10901252,9,136128000,25000,10.567599092359728,0.0269969294516591,0.9901,17123.71,27918.22,12.98,21115,405
rs6477613,9,110811614,25000,-7.777028614457781,-0.0063490868301045,0.9901,17701.17,26018.31,12.08,21115,360
rs76790252,9,130156103,25000,7.452078935270813,0.0140129121060925,0.9901,17869.24,28676.61,33.98,21115,474
rs376217474,9,16792102,25000,7.037960304596894,0.0062906100383566,0.9901,19275.71,30166.06,5.56,21115,391
rs76798990,9,129801021,25000,6.667858152044102,0.0123505344378745,0.9901,13415.46,25786.45,51.36,21115,486
rs118165911,9,139766548,25000,6.214363669114404,0.012817636935121,0.9901,,,,0,0
rs4466492,9,16441086,25000,6.167809540147543,0.0064169830491204,0.9901,9730.63,18048.59,4.88,21115,286
rs7023969,9,32095376,25000,-6.164779360978457,-0.0053848872760537,0.9901,23182.97,51474.37,4.52,21115,582
rs34361301,9,14535119,25000,6.026359533280126,0.0057965014625361,0.9901,18420.68,30080.82,14.64,21115,366
rs5896935,9,21418690,25000,-5.974292449367354,-0.0133891734004472,0.9901,8798.69,18963.80,7.27,21115,270
rs113686375,9,80796464,25000,5.967820815339702,0.0063141604017691,0.9901,12353.87,20528.41,7.93,21115,291
rs370601154,9,119379059,25000,5.88225666740583,0.0049296111113733,0.9901,8814.50,17379.05,7.81,21115,250
rs1332455,9,121970419,25000,5.8408045160914055,0.0056738831471986,0.9901,9370.61,19384.62,9.05,21115,326
rs201139689,9,83240495,25000,5.82092405071834,0.0193185777029461,0.9901,10340.63,23672.45,8.67,21115,307
rs78620295,9,130564757,25000,5.816346100228562,0.0125352489911527,0.9901,17375.39,30401.62,14.79,21115,367
rs117390886,9,139243026,25000,5.694670239608777,0.0136228838260747,0.9901,,,,0,0
rs1326798,9,12722227,25000,5.577342912870082,0.0046628305154186,0.9901,13845.50,24961.21,5.28,21115,344
rs11795400,9,37553063,25000,5.552157576104036,0.0082399823070416,0.9901,10500.02,21014.22,4.83,21115,279
rs57172187,9,37016502,25000,5.490899796746717,0.0098314490391761,0.9901,14729.78,24881.96,8.83,21115,309
