rsid,chrom,center_pos,window_half_bp,akbari_X,akbari_S,akbari_posterior,geom_mean_tmrca,arith_mean_tmrca,min_tmrca,n_pairs,n_sites
rs10901252,9,133252613,25000,10.567599092359728,0.0269969294516591,0.9901,21459.39,43161.34,23.71,21115,563
rs6477613,9,108049333,25000,-7.777028614457781,-0.0063490868301045,0.9901,14205.45,24880.36,17.40,21115,274
rs76790252,9,127393824,25000,7.452078935270813,0.0140129121060925,0.9901,12983.49,23900.70,8.68,21115,264
rs376217474,9,16792104,25000,7.037960304596894,0.0062906100383566,0.9901,19275.71,30166.06,5.56,21115,391
rs76798990,9,127038742,25000,6.667858152044102,0.0123505344378745,0.9901,7369.27,15063.50,17.56,21115,195
rs118165911,9,136872096,25000,6.214363669114404,0.012817636935121,0.9901,5921.61,13444.06,9.01,21115,230
rs4466492,9,16441088,25000,6.167809540147543,0.0064169830491204,0.9901,9730.63,18048.59,4.88,21115,286
rs7023969,9,32095378,25000,-6.164779360978457,-0.0053848872760537,0.9901,23182.97,51474.37,4.52,21115,582
rs34361301,9,14535121,25000,6.026359533280126,0.0057965014625361,0.9901,18420.68,30080.82,14.64,21115,366
rs5896935,9,21418691,25000,-5.974292449367354,-0.0133891734004472,0.9901,8798.69,18963.80,7.27,21115,270
rs113686375,9,78181548,25000,5.967820815339702,0.0063141604017691,0.9901,8348.87,16796.52,4.76,21115,275
rs370601154,9,116616780,25000,5.88225666740583,0.0049296111113733,0.9901,14418.92,24450.60,12.66,21115,297
rs1332455,9,119208141,25000,5.8408045160914055,0.0056738831471986,0.9901,11373.40,20970.28,8.17,21115,221
rs201139689,9,80625580,25000,5.82092405071834,0.0193185777029461,0.9901,18699.43,29312.41,4.90,21115,337
rs78620295,9,127802478,25000,5.816346100228562,0.0125352489911527,0.9901,9980.57,20126.10,5.02,21115,291
rs117390886,9,136348574,25000,5.694670239608777,0.0136228838260747,0.9901,14315.37,24666.83,32.13,21115,326
rs1326798,9,12722228,25000,5.577342912870082,0.0046628305154186,0.9901,13845.50,24961.21,5.28,21115,344
rs11795400,9,37553066,25000,5.552157576104036,0.0082399823070416,0.9901,10500.02,21014.22,4.83,21115,279
rs57172187,9,37016505,25000,5.490899796746717,0.0098314490391761,0.9901,14729.78,24881.96,8.83,21115,309
