rsid,chrom,center_pos,window_half_bp,akbari_X,akbari_S,akbari_posterior,geom_mean_tmrca,arith_mean_tmrca,min_tmrca,n_pairs,n_sites
rs10901252,9,133252613,25000,10.567599092359728,0.0269969294516591,0.9901,30077.08,43253.50,3.26,63190,804
rs6477613,9,108049333,25000,-7.777028614457781,-0.0063490868301045,0.9901,9296.78,19383.06,3.17,63190,674
rs76790252,9,127393824,25000,7.452078935270813,0.0140129121060925,0.9901,12036.25,19445.37,3.16,63190,431
rs376217474,9,16792104,25000,7.037960304596894,0.0062906100383566,0.9901,19963.56,27551.06,4.14,63190,693
rs76798990,9,127038742,25000,6.667858152044102,0.0123505344378745,0.9901,8010.39,13165.74,3.17,63190,291
rs118165911,9,136872096,25000,6.214363669114404,0.012817636935121,0.9901,3684.52,8466.72,3.33,63190,389
rs4466492,9,16441088,25000,6.167809540147543,0.0064169830491204,0.9901,15800.57,22829.07,3.93,63190,582
rs7023969,9,32095378,25000,-6.164779360978457,-0.0053848872760537,0.9901,21349.00,42795.64,3.63,63190,775
rs34361301,9,14535121,25000,6.026359533280126,0.0057965014625361,0.9901,20459.15,27517.21,4.00,63190,552
rs5896935,9,21418691,25000,-5.974292449367354,-0.0133891734004472,0.9901,12771.58,19955.73,3.83,63190,410
rs113686375,9,78181548,25000,5.967820815339702,0.0063141604017691,0.9901,13203.86,18094.68,3.26,63190,485
rs370601154,9,116616780,25000,5.88225666740583,0.0049296111113733,0.9901,17278.82,24137.16,3.17,63190,513
rs1332455,9,119208141,25000,5.8408045160914055,0.0056738831471986,0.9901,14611.53,20914.60,3.17,63190,371
rs201139689,9,80625580,25000,5.82092405071834,0.0193185777029461,0.9901,16733.24,24704.24,3.24,63190,588
rs78620295,9,127802478,25000,5.816346100228562,0.0125352489911527,0.9901,15753.43,23617.88,3.16,63190,465
rs117390886,9,136348574,25000,5.694670239608777,0.0136228838260747,0.9901,13993.70,21632.55,3.29,63190,573
rs1326798,9,12722228,25000,5.577342912870082,0.0046628305154186,0.9901,8767.25,15638.07,4.03,63190,528
rs11795400,9,37553066,25000,5.552157576104036,0.0082399823070416,0.9901,16360.84,23107.94,3.57,63190,470
rs57172187,9,37016505,25000,5.490899796746717,0.0098314490391761,0.9901,16252.14,22930.25,7.21,63190,435
