rsid,chrom,center_pos,window_half_bp,akbari_X,akbari_S,akbari_posterior,geom_mean_tmrca,arith_mean_tmrca,min_tmrca,n_pairs,n_sites
rs10901252,9,136128000,25000,10.567599092359728,0.0269969294516591,0.9901,21171.03,30531.66,6.37,63190,679
rs6477613,9,110811614,25000,-7.777028614457781,-0.0063490868301045,0.9901,14695.99,21276.24,3.17,63190,463
rs76790252,9,130156103,25000,7.452078935270813,0.0140129121060925,0.9901,22637.11,31264.97,3.25,63190,680
rs376217474,9,16792102,25000,7.037960304596894,0.0062906100383566,0.9901,19963.56,27551.06,4.14,63190,693
rs76798990,9,129801021,25000,6.667858152044102,0.0123505344378745,0.9901,14565.62,24051.96,3.40,63190,652
rs118165911,9,139766548,25000,6.214363669114404,0.012817636935121,0.9901,,,,0,0
rs4466492,9,16441086,25000,6.167809540147543,0.0064169830491204,0.9901,15800.57,22829.07,3.93,63190,582
rs7023969,9,32095376,25000,-6.164779360978457,-0.0053848872760537,0.9901,21349.00,42795.64,3.63,63190,775
rs34361301,9,14535119,25000,6.026359533280126,0.0057965014625361,0.9901,20459.15,27517.21,4.00,63190,552
rs5896935,9,21418690,25000,-5.974292449367354,-0.0133891734004472,0.9901,12771.58,19955.73,3.83,63190,410
rs113686375,9,80796464,25000,5.967820815339702,0.0063141604017691,0.9901,13771.53,22993.66,3.24,63190,551
rs370601154,9,119379059,25000,5.88225666740583,0.0049296111113733,0.9901,11100.15,16429.61,3.18,63190,400
rs1332455,9,121970419,25000,5.8408045160914055,0.0056738831471986,0.9901,14738.31,24228.90,3.16,63190,472
rs201139689,9,83240495,25000,5.82092405071834,0.0193185777029461,0.9901,19830.85,26869.45,3.23,63190,518
rs78620295,9,130564757,25000,5.816346100228562,0.0125352489911527,0.9901,21525.87,30253.68,3.39,63190,585
rs117390886,9,139243026,25000,5.694670239608777,0.0136228838260747,0.9901,,,,0,0
rs1326798,9,12722227,25000,5.577342912870082,0.0046628305154186,0.9901,8767.25,15638.07,4.03,63190,528
rs11795400,9,37553063,25000,5.552157576104036,0.0082399823070416,0.9901,16360.84,23107.94,3.57,63190,470
rs57172187,9,37016502,25000,5.490899796746717,0.0098314490391761,0.9901,16252.15,22930.25,7.21,63190,435
