rsid,chrom,center_pos,window_half_bp,akbari_X,akbari_S,akbari_posterior,geom_mean_tmrca,arith_mean_tmrca,min_tmrca,n_pairs,n_sites
rs10901252,9,136128000,25000,10.567599092359728,0.0269969294516591,0.9901,16719.69,26786.26,4.62,49141,488
rs6477613,9,110811614,25000,-7.777028614457781,-0.0063490868301045,0.9901,15887.88,24425.79,4.42,49141,324
rs76790252,9,130156103,25000,7.452078935270813,0.0140129121060925,0.9901,15868.27,27935.08,4.56,49141,516
rs376217474,9,16792102,25000,7.037960304596894,0.0062906100383566,0.9901,10070.53,23530.22,4.77,49141,379
rs76798990,9,129801021,25000,6.667858152044102,0.0123505344378745,0.9901,15198.27,31538.16,4.87,49141,501
rs118165911,9,139766548,25000,6.214363669114404,0.012817636935121,0.9901,,,,0,0
rs4466492,9,16441086,25000,6.167809540147543,0.0064169830491204,0.9901,8745.55,18126.89,4.78,49141,359
rs7023969,9,32095376,25000,-6.164779360978457,-0.0053848872760537,0.9901,17718.96,50090.51,4.52,49141,585
rs34361301,9,14535119,25000,6.026359533280126,0.0057965014625361,0.9901,18293.00,28546.76,4.85,49141,407
rs5896935,9,21418690,25000,-5.974292449367354,-0.0133891734004472,0.9901,4565.07,11334.33,4.67,49141,327
rs113686375,9,80796464,25000,5.967820815339702,0.0063141604017691,0.9901,9452.11,18704.59,4.42,49141,331
rs370601154,9,119379059,25000,5.88225666740583,0.0049296111113733,0.9901,12092.72,20504.48,4.42,49141,289
rs1332455,9,121970419,25000,5.8408045160914055,0.0056738831471986,0.9901,9608.04,21088.55,4.42,49141,328
rs201139689,9,83240495,25000,5.82092405071834,0.0193185777029461,0.9901,13828.67,27074.58,4.42,49141,383
rs78620295,9,130564757,25000,5.816346100228562,0.0125352489911527,0.9901,14173.44,28515.18,4.42,49141,456
rs117390886,9,139243026,25000,5.694670239608777,0.0136228838260747,0.9901,,,,0,0
rs1326798,9,12722227,25000,5.577342912870082,0.0046628305154186,0.9901,10213.23,25242.18,4.90,49141,379
rs11795400,9,37553063,25000,5.552157576104036,0.0082399823070416,0.9901,10433.68,20338.87,4.49,49141,272
rs57172187,9,37016502,25000,5.490899796746717,0.0098314490391761,0.9901,8100.87,18289.90,4.48,49141,266
