rsid,chrom,center_pos,window_half_bp,akbari_X,akbari_S,akbari_posterior,geom_mean_tmrca,arith_mean_tmrca,min_tmrca,n_pairs,n_sites
rs10901252,9,133252613,25000,10.567599092359728,0.0269969294516591,0.9901,15753.41,38699.63,4.42,49141,646
rs6477613,9,108049333,25000,-7.777028614457781,-0.0063490868301045,0.9901,9173.08,22743.36,4.42,49141,277
rs76790252,9,127393824,25000,7.452078935270813,0.0140129121060925,0.9901,11773.81,23418.90,4.42,49141,262
rs376217474,9,16792104,25000,7.037960304596894,0.0062906100383566,0.9901,10070.53,23530.22,4.77,49141,379
rs76798990,9,127038742,25000,6.667858152044102,0.0123505344378745,0.9901,7111.54,14925.26,4.42,49141,204
rs118165911,9,136872096,25000,6.214363669114404,0.012817636935121,0.9901,6624.33,14640.72,4.46,49141,270
rs4466492,9,16441088,25000,6.167809540147543,0.0064169830491204,0.9901,8745.55,18126.89,4.78,49141,359
rs7023969,9,32095378,25000,-6.164779360978457,-0.0053848872760537,0.9901,17718.96,50090.51,4.52,49141,585
rs34361301,9,14535121,25000,6.026359533280126,0.0057965014625361,0.9901,18293.00,28546.76,4.85,49141,407
rs5896935,9,21418691,25000,-5.974292449367354,-0.0133891734004472,0.9901,4565.07,11334.33,4.67,49141,327
rs113686375,9,78181548,25000,5.967820815339702,0.0063141604017691,0.9901,8023.06,18090.07,4.42,49141,311
rs370601154,9,116616780,25000,5.88225666740583,0.0049296111113733,0.9901,14826.86,24982.64,4.42,49141,332
rs1332455,9,119208141,25000,5.8408045160914055,0.0056738831471986,0.9901,11004.21,20797.66,4.42,49141,292
rs201139689,9,80625580,25000,5.82092405071834,0.0193185777029461,0.9901,16352.47,28766.12,4.42,49141,441
rs78620295,9,127802478,25000,5.816346100228562,0.0125352489911527,0.9901,7136.98,17361.81,4.42,49141,349
rs117390886,9,136348574,25000,5.694670239608777,0.0136228838260747,0.9901,15201.05,24749.63,4.42,49141,432
rs1326798,9,12722228,25000,5.577342912870082,0.0046628305154186,0.9901,10213.23,25242.18,4.90,49141,379
rs11795400,9,37553066,25000,5.552157576104036,0.0082399823070416,0.9901,10433.68,20338.87,4.49,49141,272
rs57172187,9,37016505,25000,5.490899796746717,0.0098314490391761,0.9901,8100.87,18289.90,4.48,49141,266
