rsid,chrom,center_pos,window_half_bp,akbari_X,akbari_S,akbari_posterior,geom_mean_tmrca,arith_mean_tmrca,min_tmrca,n_pairs,n_sites
rs10901252,9,136128000,25000,10.567599092359728,0.0269969294516591,0.9901,17686.11,28907.90,17.68,22791,397
rs6477613,9,110811614,25000,-7.777028614457781,-0.0063490868301045,0.9901,18898.64,27186.18,4.60,22791,359
rs76790252,9,130156103,25000,7.452078935270813,0.0140129121060925,0.9901,21057.56,31231.30,10.85,22791,493
rs376217474,9,16792102,25000,7.037960304596894,0.0062906100383566,0.9901,19606.88,29953.52,9.54,22791,399
rs76798990,9,129801021,25000,6.667858152044102,0.0123505344378745,0.9901,12276.96,25515.42,4.80,22791,476
rs118165911,9,139766548,25000,6.214363669114404,0.012817636935121,0.9901,,,,0,0
rs4466492,9,16441086,25000,6.167809540147543,0.0064169830491204,0.9901,10317.75,18080.98,5.42,22791,281
rs7023969,9,32095376,25000,-6.164779360978457,-0.0053848872760537,0.9901,24300.16,52402.81,4.52,22791,554
rs34361301,9,14535119,25000,6.026359533280126,0.0057965014625361,0.9901,17921.24,29692.93,8.94,22791,373
rs5896935,9,21418690,25000,-5.974292449367354,-0.0133891734004472,0.9901,7236.60,16776.60,4.67,22791,265
rs113686375,9,80796464,25000,5.967820815339702,0.0063141604017691,0.9901,11181.72,19390.38,8.60,22791,303
rs370601154,9,119379059,25000,5.88225666740583,0.0049296111113733,0.9901,8583.30,17163.27,4.55,22791,261
rs1332455,9,121970419,25000,5.8408045160914055,0.0056738831471986,0.9901,9587.00,19854.60,6.18,22791,345
rs201139689,9,83240495,25000,5.82092405071834,0.0193185777029461,0.9901,13185.64,25768.26,4.42,22791,336
rs78620295,9,130564757,25000,5.816346100228562,0.0125352489911527,0.9901,17582.85,31382.47,8.09,22791,380
rs117390886,9,139243026,25000,5.694670239608777,0.0136228838260747,0.9901,,,,0,0
rs1326798,9,12722227,25000,5.577342912870082,0.0046628305154186,0.9901,12814.44,22413.13,5.06,22791,375
rs11795400,9,37553063,25000,5.552157576104036,0.0082399823070416,0.9901,10645.12,21163.42,5.23,22791,322
rs57172187,9,37016502,25000,5.490899796746717,0.0098314490391761,0.9901,15386.93,24894.04,8.25,22791,336
