rsid,chrom,center_pos,window_half_bp,akbari_X,akbari_S,akbari_posterior,geom_mean_tmrca,arith_mean_tmrca,min_tmrca,n_pairs,n_sites
rs10901252,9,133252613,25000,10.567599092359728,0.0269969294516591,0.9901,21956.87,43598.06,8.62,22791,592
rs6477613,9,108049333,25000,-7.777028614457781,-0.0063490868301045,0.9901,13006.38,24306.30,4.42,22791,270
rs76790252,9,127393824,25000,7.452078935270813,0.0140129121060925,0.9901,12445.41,22827.66,4.70,22791,288
rs376217474,9,16792104,25000,7.037960304596894,0.0062906100383566,0.9901,19606.88,29953.52,9.54,22791,399
rs76798990,9,127038742,25000,6.667858152044102,0.0123505344378745,0.9901,7371.59,14648.63,13.36,22791,214
rs118165911,9,136872096,25000,6.214363669114404,0.012817636935121,0.9901,6408.33,14467.48,12.71,22791,234
rs4466492,9,16441088,25000,6.167809540147543,0.0064169830491204,0.9901,10317.75,18080.98,5.42,22791,281
rs7023969,9,32095378,25000,-6.164779360978457,-0.0053848872760537,0.9901,24300.16,52402.81,4.52,22791,554
rs34361301,9,14535121,25000,6.026359533280126,0.0057965014625361,0.9901,17921.24,29692.93,8.94,22791,373
rs5896935,9,21418691,25000,-5.974292449367354,-0.0133891734004472,0.9901,7236.60,16776.60,4.67,22791,265
rs113686375,9,78181548,25000,5.967820815339702,0.0063141604017691,0.9901,10914.68,20510.37,4.65,22791,263
rs370601154,9,116616780,25000,5.88225666740583,0.0049296111113733,0.9901,15580.48,25908.15,4.45,22791,288
rs1332455,9,119208141,25000,5.8408045160914055,0.0056738831471986,0.9901,9675.33,19972.98,7.02,22791,225
rs201139689,9,80625580,25000,5.82092405071834,0.0193185777029461,0.9901,16440.99,27811.12,9.06,22791,355
rs78620295,9,127802478,25000,5.816346100228562,0.0125352489911527,0.9901,8001.77,16337.76,12.20,22791,310
rs117390886,9,136348574,25000,5.694670239608777,0.0136228838260747,0.9901,13934.26,24523.53,17.44,22791,346
rs1326798,9,12722228,25000,5.577342912870082,0.0046628305154186,0.9901,12814.44,22413.13,5.06,22791,375
rs11795400,9,37553066,25000,5.552157576104036,0.0082399823070416,0.9901,10645.12,21163.42,5.23,22791,322
rs57172187,9,37016505,25000,5.490899796746717,0.0098314490391761,0.9901,15386.93,24894.04,8.25,22791,336
