rsid,chrom,center_pos,window_half_bp,akbari_X,akbari_S,akbari_posterior,geom_mean_tmrca,arith_mean_tmrca,min_tmrca,n_pairs,n_sites
rs10901252,9,136128000,25000,10.567599092359728,0.0269969294516591,0.9901,17825.44,29482.73,113.94,21528,352
rs6477613,9,110811614,25000,-7.777028614457781,-0.0063490868301045,0.9901,16141.74,27835.96,52.95,21528,319
rs76790252,9,130156103,25000,7.452078935270813,0.0140129121060925,0.9901,17578.41,32542.17,93.18,21528,377
rs376217474,9,16792102,25000,7.037960304596894,0.0062906100383566,0.9901,15840.24,27046.32,63.70,21528,310
rs76798990,9,129801021,25000,6.667858152044102,0.0123505344378745,0.9901,9734.59,26988.66,106.63,21528,385
rs118165911,9,139766548,25000,6.214363669114404,0.012817636935121,0.9901,,,,0,0
rs4466492,9,16441086,25000,6.167809540147543,0.0064169830491204,0.9901,10639.61,20097.21,24.93,21528,244
rs7023969,9,32095376,25000,-6.164779360978457,-0.0053848872760537,0.9901,25407.14,53409.84,6.28,21528,517
rs34361301,9,14535119,25000,6.026359533280126,0.0057965014625361,0.9901,21889.09,34262.84,76.23,21528,295
rs5896935,9,21418690,25000,-5.974292449367354,-0.0133891734004472,0.9901,9283.35,20284.18,6.27,21528,226
rs113686375,9,80796464,25000,5.967820815339702,0.0063141604017691,0.9901,7572.73,15136.44,36.57,21528,180
rs370601154,9,119379059,25000,5.88225666740583,0.0049296111113733,0.9901,3184.16,6931.36,81.18,21528,186
rs1332455,9,121970419,25000,5.8408045160914055,0.0056738831471986,0.9901,5208.60,14723.03,43.56,21528,261
rs201139689,9,83240495,25000,5.82092405071834,0.0193185777029461,0.9901,12179.30,25856.07,47.66,21528,286
rs78620295,9,130564757,25000,5.816346100228562,0.0125352489911527,0.9901,18312.12,33826.54,84.03,21528,324
rs117390886,9,139243026,25000,5.694670239608777,0.0136228838260747,0.9901,,,,0,0
rs1326798,9,12722227,25000,5.577342912870082,0.0046628305154186,0.9901,5362.55,10810.62,25.10,21528,197
rs11795400,9,37553063,25000,5.552157576104036,0.0082399823070416,0.9901,2897.01,10434.87,6.22,21528,222
rs57172187,9,37016502,25000,5.490899796746717,0.0098314490391761,0.9901,12681.37,22745.99,13.35,21528,234
