rsid,chrom,center_pos,window_half_bp,akbari_X,akbari_S,akbari_posterior,geom_mean_tmrca,arith_mean_tmrca,min_tmrca,n_pairs,n_sites
rs10901252,9,133252613,25000,10.567599092359728,0.0269969294516591,0.9901,24252.88,48179.04,40.63,21528,480
rs6477613,9,108049333,25000,-7.777028614457781,-0.0063490868301045,0.9901,10627.55,23415.68,40.95,21528,255
rs76790252,9,127393824,25000,7.452078935270813,0.0140129121060925,0.9901,15051.70,24945.91,6.17,21528,291
rs376217474,9,16792104,25000,7.037960304596894,0.0062906100383566,0.9901,15840.24,27046.32,63.70,21528,310
rs76798990,9,127038742,25000,6.667858152044102,0.0123505344378745,0.9901,6408.56,14210.14,35.71,21528,176
rs118165911,9,136872096,25000,6.214363669114404,0.012817636935121,0.9901,3783.78,8830.18,57.45,21528,198
rs4466492,9,16441088,25000,6.167809540147543,0.0064169830491204,0.9901,10639.61,20097.21,24.93,21528,244
rs7023969,9,32095378,25000,-6.164779360978457,-0.0053848872760537,0.9901,25407.14,53409.84,6.28,21528,517
rs34361301,9,14535121,25000,6.026359533280126,0.0057965014625361,0.9901,21889.09,34262.84,76.23,21528,295
rs5896935,9,21418691,25000,-5.974292449367354,-0.0133891734004472,0.9901,9283.35,20284.18,6.27,21528,226
rs113686375,9,78181548,25000,5.967820815339702,0.0063141604017691,0.9901,9054.20,20831.89,20.45,21528,206
rs370601154,9,116616780,25000,5.88225666740583,0.0049296111113733,0.9901,15703.40,26087.88,31.58,21528,252
rs1332455,9,119208141,25000,5.8408045160914055,0.0056738831471986,0.9901,8292.47,18685.35,46.51,21528,157
rs201139689,9,80625580,25000,5.82092405071834,0.0193185777029461,0.9901,14393.86,29461.23,12.66,21528,279
rs78620295,9,127802478,25000,5.816346100228562,0.0125352489911527,0.9901,6621.12,17388.37,47.78,21528,215
rs117390886,9,136348574,25000,5.694670239608777,0.0136228838260747,0.9901,8745.31,19765.48,40.51,21528,335
rs1326798,9,12722228,25000,5.577342912870082,0.0046628305154186,0.9901,5362.55,10810.62,25.10,21528,197
rs11795400,9,37553066,25000,5.552157576104036,0.0082399823070416,0.9901,2897.01,10434.87,6.22,21528,222
rs57172187,9,37016505,25000,5.490899796746717,0.0098314490391761,0.9901,12681.37,22745.99,13.35,21528,234
