rsid,chrom,center_pos,window_half_bp,akbari_X,akbari_S,akbari_posterior,geom_mean_tmrca,arith_mean_tmrca,min_tmrca,n_pairs,n_sites
rs10901252,9,136128000,25000,10.567599092359728,0.0269969294516591,0.9901,19212.25,29430.60,5.96,29646,425
rs6477613,9,110811614,25000,-7.777028614457781,-0.0063490868301045,0.9901,14205.80,26090.10,5.66,29646,335
rs76790252,9,130156103,25000,7.452078935270813,0.0140129121060925,0.9901,14420.44,29675.20,5.93,29646,408
rs376217474,9,16792102,25000,7.037960304596894,0.0062906100383566,0.9901,14474.62,24937.70,5.66,29646,300
rs76798990,9,129801021,25000,6.667858152044102,0.0123505344378745,0.9901,6837.66,21084.38,11.48,29646,323
rs118165911,9,139766548,25000,6.214363669114404,0.012817636935121,0.9901,,,,0,0
rs4466492,9,16441086,25000,6.167809540147543,0.0064169830491204,0.9901,10838.99,19183.37,5.66,29646,271
rs7023969,9,32095376,25000,-6.164779360978457,-0.0053848872760537,0.9901,29291.10,57466.34,5.66,29646,577
rs34361301,9,14535119,25000,6.026359533280126,0.0057965014625361,0.9901,17677.75,31163.70,5.66,29646,331
rs5896935,9,21418690,25000,-5.974292449367354,-0.0133891734004472,0.9901,10806.26,21052.21,5.66,29646,280
rs113686375,9,80796464,25000,5.967820815339702,0.0063141604017691,0.9901,7424.06,14933.84,5.66,29646,239
rs370601154,9,119379059,25000,5.88225666740583,0.0049296111113733,0.9901,2925.05,6983.99,5.65,29646,192
rs1332455,9,121970419,25000,5.8408045160914055,0.0056738831471986,0.9901,4925.51,14046.77,5.65,29646,286
rs201139689,9,83240495,25000,5.82092405071834,0.0193185777029461,0.9901,10620.13,24100.46,5.78,29646,297
rs78620295,9,130564757,25000,5.816346100228562,0.0125352489911527,0.9901,15192.31,32317.91,5.66,29646,336
rs117390886,9,139243026,25000,5.694670239608777,0.0136228838260747,0.9901,,,,0,0
rs1326798,9,12722227,25000,5.577342912870082,0.0046628305154186,0.9901,4910.66,11741.64,5.66,29646,256
rs11795400,9,37553063,25000,5.552157576104036,0.0082399823070416,0.9901,6881.12,17242.77,5.66,29646,274
rs57172187,9,37016502,25000,5.490899796746717,0.0098314490391761,0.9901,13105.92,22804.03,5.66,29646,264
