rsid,chrom,center_pos,window_half_bp,akbari_X,akbari_S,akbari_posterior,geom_mean_tmrca,arith_mean_tmrca,min_tmrca,n_pairs,n_sites
rs10901252,9,133252613,25000,10.567599092359728,0.0269969294516591,0.9901,22459.79,46385.84,5.77,29646,492
rs6477613,9,108049333,25000,-7.777028614457781,-0.0063490868301045,0.9901,12192.39,23408.41,5.67,29646,266
rs76790252,9,127393824,25000,7.452078935270813,0.0140129121060925,0.9901,15103.58,25787.54,5.66,29646,327
rs376217474,9,16792104,25000,7.037960304596894,0.0062906100383566,0.9901,14474.62,24937.70,5.66,29646,300
rs76798990,9,127038742,25000,6.667858152044102,0.0123505344378745,0.9901,7138.93,15350.85,5.66,29646,188
rs118165911,9,136872096,25000,6.214363669114404,0.012817636935121,0.9901,4967.68,10735.82,5.70,29646,248
rs4466492,9,16441088,25000,6.167809540147543,0.0064169830491204,0.9901,10838.99,19183.37,5.66,29646,271
rs7023969,9,32095378,25000,-6.164779360978457,-0.0053848872760537,0.9901,29291.10,57466.34,5.66,29646,577
rs34361301,9,14535121,25000,6.026359533280126,0.0057965014625361,0.9901,17677.75,31163.70,5.66,29646,331
rs5896935,9,21418691,25000,-5.974292449367354,-0.0133891734004472,0.9901,10806.26,21052.21,5.66,29646,280
rs113686375,9,78181548,25000,5.967820815339702,0.0063141604017691,0.9901,12300.83,23630.55,5.66,29646,266
rs370601154,9,116616780,25000,5.88225666740583,0.0049296111113733,0.9901,15513.15,25428.60,5.66,29646,296
rs1332455,9,119208141,25000,5.8408045160914055,0.0056738831471986,0.9901,6052.69,15964.89,5.83,29646,229
rs201139689,9,80625580,25000,5.82092405071834,0.0193185777029461,0.9901,14771.81,29245.96,5.66,29646,318
rs78620295,9,127802478,25000,5.816346100228562,0.0125352489911527,0.9901,7171.46,18593.49,5.74,29646,269
rs117390886,9,136348574,25000,5.694670239608777,0.0136228838260747,0.9901,12263.59,22952.35,6.01,29646,368
rs1326798,9,12722228,25000,5.577342912870082,0.0046628305154186,0.9901,4910.66,11741.64,5.66,29646,256
rs11795400,9,37553066,25000,5.552157576104036,0.0082399823070416,0.9901,6881.12,17242.77,5.66,29646,274
rs57172187,9,37016505,25000,5.490899796746717,0.0098314490391761,0.9901,13105.92,22804.03,5.66,29646,264
