rsid,chrom,center_pos,window_half_bp,akbari_X,akbari_S,akbari_posterior,geom_mean_tmrca,arith_mean_tmrca,min_tmrca,n_pairs,n_sites
rs10901252,9,136128000,25000,10.567599092359728,0.0269969294516591,0.9901,24332.05,31646.82,39.04,19503,718
rs6477613,9,110811614,25000,-7.777028614457781,-0.0063490868301045,0.9901,14699.23,20724.37,9.97,19503,405
rs76790252,9,130156103,25000,7.452078935270813,0.0140129121060925,0.9901,24734.43,33000.78,15.66,19503,679
rs376217474,9,16792102,25000,7.037960304596894,0.0062906100383566,0.9901,20397.96,27037.75,10.80,19503,732
rs76798990,9,129801021,25000,6.667858152044102,0.0123505344378745,0.9901,13435.57,22718.78,32.75,19503,567
rs118165911,9,139766548,25000,6.214363669114404,0.012817636935121,0.9901,,,,0,0
rs4466492,9,16441086,25000,6.167809540147543,0.0064169830491204,0.9901,15242.76,21562.41,4.35,19503,501
rs7023969,9,32095376,25000,-6.164779360978457,-0.0053848872760537,0.9901,22116.53,43724.51,3.87,19503,741
rs34361301,9,14535119,25000,6.026359533280126,0.0057965014625361,0.9901,19573.42,26821.60,8.21,19503,547
rs5896935,9,21418690,25000,-5.974292449367354,-0.0133891734004472,0.9901,12954.31,20127.68,4.15,19503,419
rs113686375,9,80796464,25000,5.967820815339702,0.0063141604017691,0.9901,8736.45,17746.35,8.48,19503,499
rs370601154,9,119379059,25000,5.88225666740583,0.0049296111113733,0.9901,10985.29,16172.38,11.00,19503,385
rs1332455,9,121970419,25000,5.8408045160914055,0.0056738831471986,0.9901,16012.77,23753.88,10.73,19503,506
rs201139689,9,83240495,25000,5.82092405071834,0.0193185777029461,0.9901,19349.20,26405.86,10.86,19503,502
rs78620295,9,130564757,25000,5.816346100228562,0.0125352489911527,0.9901,21052.67,29811.59,15.61,19503,585
rs117390886,9,139243026,25000,5.694670239608777,0.0136228838260747,0.9901,,,,0,0
rs1326798,9,12722227,25000,5.577342912870082,0.0046628305154186,0.9901,11780.69,21273.51,10.32,19503,536
rs11795400,9,37553063,25000,5.552157576104036,0.0082399823070416,0.9901,17243.03,23307.28,3.72,19503,425
rs57172187,9,37016502,25000,5.490899796746717,0.0098314490391761,0.9901,14407.75,21078.29,29.11,19503,442
