rsid,chrom,center_pos,window_half_bp,akbari_X,akbari_S,akbari_posterior,geom_mean_tmrca,arith_mean_tmrca,min_tmrca,n_pairs,n_sites
rs10901252,9,133252613,25000,10.567599092359728,0.0269969294516591,0.9901,30200.77,43421.06,14.61,19503,791
rs6477613,9,108049333,25000,-7.777028614457781,-0.0063490868301045,0.9901,16401.31,28161.39,19.25,19503,658
rs76790252,9,127393824,25000,7.452078935270813,0.0140129121060925,0.9901,8321.77,17216.28,3.42,19503,406
rs376217474,9,16792104,25000,7.037960304596894,0.0062906100383566,0.9901,20397.96,27037.75,10.80,19503,732
rs76798990,9,127038742,25000,6.667858152044102,0.0123505344378745,0.9901,6688.15,12632.10,14.76,19503,256
rs118165911,9,136872096,25000,6.214363669114404,0.012817636935121,0.9901,5752.58,13063.55,39.62,19503,380
rs4466492,9,16441088,25000,6.167809540147543,0.0064169830491204,0.9901,15242.76,21562.41,4.35,19503,501
rs7023969,9,32095378,25000,-6.164779360978457,-0.0053848872760537,0.9901,22116.53,43724.51,3.87,19503,741
rs34361301,9,14535121,25000,6.026359533280126,0.0057965014625361,0.9901,19573.42,26821.60,8.21,19503,547
rs5896935,9,21418691,25000,-5.974292449367354,-0.0133891734004472,0.9901,12954.31,20127.68,4.15,19503,419
rs113686375,9,78181548,25000,5.967820815339702,0.0063141604017691,0.9901,13237.54,18978.89,7.09,19503,474
rs370601154,9,116616780,25000,5.88225666740583,0.0049296111113733,0.9901,17870.01,23949.06,17.24,19503,478
rs1332455,9,119208141,25000,5.8408045160914055,0.0056738831471986,0.9901,14511.11,20917.49,10.57,19503,366
rs201139689,9,80625580,25000,5.82092405071834,0.0193185777029461,0.9901,15423.13,23859.50,7.31,19503,531
rs78620295,9,127802478,25000,5.816346100228562,0.0125352489911527,0.9901,14291.54,21965.37,7.18,19503,454
rs117390886,9,136348574,25000,5.694670239608777,0.0136228838260747,0.9901,15324.83,23111.99,52.73,19503,528
rs1326798,9,12722228,25000,5.577342912870082,0.0046628305154186,0.9901,11780.69,21273.51,10.32,19503,536
rs11795400,9,37553066,25000,5.552157576104036,0.0082399823070416,0.9901,17243.03,23307.28,3.72,19503,425
rs57172187,9,37016505,25000,5.490899796746717,0.0098314490391761,0.9901,14407.74,21078.29,29.11,19503,442
