rsid,chrom,center_pos,window_half_bp,akbari_X,akbari_S,akbari_posterior,geom_mean_tmrca,arith_mean_tmrca,min_tmrca,n_pairs,n_sites
rs10901252,9,133252613,25000,10.567599092359728,0.0269969294516591,0.9901,30605.97,43191.68,3.44,19503,737
rs6477613,9,108049333,25000,-7.777028614457781,-0.0063490868301045,0.9901,13391.78,23345.84,3.16,19503,601
rs76790252,9,127393824,25000,7.452078935270813,0.0140129121060925,0.9901,12470.71,19316.19,3.16,19503,444
rs376217474,9,16792104,25000,7.037960304596894,0.0062906100383566,0.9901,21732.24,28516.03,3.95,19503,696
rs76798990,9,127038742,25000,6.667858152044102,0.0123505344378745,0.9901,8032.71,13194.34,3.19,19503,270
rs118165911,9,136872096,25000,6.214363669114404,0.012817636935121,0.9901,6587.96,14206.65,7.32,19503,428
rs4466492,9,16441088,25000,6.167809540147543,0.0064169830491204,0.9901,16778.36,23921.79,4.04,19503,529
rs7023969,9,32095378,25000,-6.164779360978457,-0.0053848872760537,0.9901,24702.05,43044.07,3.63,19503,741
rs34361301,9,14535121,25000,6.026359533280126,0.0057965014625361,0.9901,21453.85,27804.47,4.30,19503,496
rs5896935,9,21418691,25000,-5.974292449367354,-0.0133891734004472,0.9901,13080.50,19796.04,4.28,19503,401
rs113686375,9,78181548,25000,5.967820815339702,0.0063141604017691,0.9901,12869.07,17761.71,3.42,19503,477
rs370601154,9,116616780,25000,5.88225666740583,0.0049296111113733,0.9901,17707.32,24080.81,3.16,19503,474
rs1332455,9,119208141,25000,5.8408045160914055,0.0056738831471986,0.9901,13879.29,20405.36,3.37,19503,357
rs201139689,9,80625580,25000,5.82092405071834,0.0193185777029461,0.9901,17225.55,24934.18,3.23,19503,555
rs78620295,9,127802478,25000,5.816346100228562,0.0125352489911527,0.9901,16643.66,23804.00,3.30,19503,453
rs117390886,9,136348574,25000,5.694670239608777,0.0136228838260747,0.9901,14099.77,21574.71,18.03,19503,538
rs1326798,9,12722228,25000,5.577342912870082,0.0046628305154186,0.9901,10495.46,18317.72,4.38,19503,491
rs11795400,9,37553066,25000,5.552157576104036,0.0082399823070416,0.9901,17786.63,23933.28,7.19,19503,465
rs57172187,9,37016505,25000,5.490899796746717,0.0098314490391761,0.9901,16959.38,23312.97,7.47,19503,417
