rsid,chrom,center_pos,window_half_bp,akbari_X,akbari_S,akbari_posterior,geom_mean_tmrca,arith_mean_tmrca,min_tmrca,n_pairs,n_sites
rs10901252,9,136128000,25000,10.567599092359728,0.0269969294516591,0.9901,24115.42,31989.37,3.40,19503,711
rs6477613,9,110811614,25000,-7.777028614457781,-0.0063490868301045,0.9901,15886.40,22262.67,6.55,19503,459
rs76790252,9,130156103,25000,7.452078935270813,0.0140129121060925,0.9901,24180.40,32323.85,3.42,19503,619
rs376217474,9,16792102,25000,7.037960304596894,0.0062906100383566,0.9901,21732.24,28516.03,3.95,19503,696
rs76798990,9,129801021,25000,6.667858152044102,0.0123505344378745,0.9901,15391.83,24582.29,9.68,19503,599
rs118165911,9,139766548,25000,6.214363669114404,0.012817636935121,0.9901,,,,0,0
rs4466492,9,16441086,25000,6.167809540147543,0.0064169830491204,0.9901,16778.36,23921.79,4.04,19503,529
rs7023969,9,32095376,25000,-6.164779360978457,-0.0053848872760537,0.9901,24702.05,43044.07,3.63,19503,741
rs34361301,9,14535119,25000,6.026359533280126,0.0057965014625361,0.9901,21453.85,27804.47,4.30,19503,496
rs5896935,9,21418690,25000,-5.974292449367354,-0.0133891734004472,0.9901,13080.50,19796.04,4.28,19503,401
rs113686375,9,80796464,25000,5.967820815339702,0.0063141604017691,0.9901,11012.37,19931.19,3.32,19503,496
rs370601154,9,119379059,25000,5.88225666740583,0.0049296111113733,0.9901,12313.14,17607.83,3.33,19503,368
rs1332455,9,121970419,25000,5.8408045160914055,0.0056738831471986,0.9901,16587.62,25973.24,3.41,19503,448
rs201139689,9,83240495,25000,5.82092405071834,0.0193185777029461,0.9901,18912.70,26182.08,7.13,19503,535
rs78620295,9,130564757,25000,5.816346100228562,0.0125352489911527,0.9901,22155.76,30676.22,6.68,19503,524
rs117390886,9,139243026,25000,5.694670239608777,0.0136228838260747,0.9901,,,,0,0
rs1326798,9,12722227,25000,5.577342912870082,0.0046628305154186,0.9901,10495.46,18317.72,4.38,19503,491
rs11795400,9,37553063,25000,5.552157576104036,0.0082399823070416,0.9901,17786.63,23933.28,7.19,19503,465
rs57172187,9,37016502,25000,5.490899796746717,0.0098314490391761,0.9901,16959.38,23312.97,7.47,19503,417
