rsid,chrom,center_pos,window_half_bp,akbari_X,akbari_S,akbari_posterior,geom_mean_tmrca,arith_mean_tmrca,min_tmrca,n_pairs,n_sites
rs10901252,9,133252613,25000,10.567599092359728,0.0269969294516591,0.9901,10793.04,34215.70,5.68,29646,618
rs6477613,9,108049333,25000,-7.777028614457781,-0.0063490868301045,0.9901,11528.76,24258.32,5.68,29646,367
rs76790252,9,127393824,25000,7.452078935270813,0.0140129121060925,0.9901,6820.81,18894.00,6.02,29646,266
rs376217474,9,16792104,25000,7.037960304596894,0.0062906100383566,0.9901,14593.57,30489.87,5.67,29646,402
rs76798990,9,127038742,25000,6.667858152044102,0.0123505344378745,0.9901,6389.38,15113.50,5.68,29646,190
rs118165911,9,136872096,25000,6.214363669114404,0.012817636935121,0.9901,8491.42,19519.75,5.77,29646,235
rs4466492,9,16441088,25000,6.167809540147543,0.0064169830491204,0.9901,6205.47,14362.20,5.68,29646,300
rs7023969,9,32095378,25000,-6.164779360978457,-0.0053848872760537,0.9901,12525.76,46964.17,5.68,29646,550
rs34361301,9,14535121,25000,6.026359533280126,0.0057965014625361,0.9901,15791.75,29985.80,5.68,29646,396
rs5896935,9,21418691,25000,-5.974292449367354,-0.0133891734004472,0.9901,5857.31,16468.28,5.68,29646,320
rs113686375,9,78181548,25000,5.967820815339702,0.0063141604017691,0.9901,7944.46,16434.88,5.68,29646,317
rs370601154,9,116616780,25000,5.88225666740583,0.0049296111113733,0.9901,6038.38,18746.18,5.68,29646,350
rs1332455,9,119208141,25000,5.8408045160914055,0.0056738831471986,0.9901,9744.96,20827.79,5.68,29646,262
rs201139689,9,80625580,25000,5.82092405071834,0.0193185777029461,0.9901,9062.82,26597.25,5.68,29646,405
rs78620295,9,127802478,25000,5.816346100228562,0.0125352489911527,0.9901,6852.59,17797.04,5.67,29646,295
rs117390886,9,136348574,25000,5.694670239608777,0.0136228838260747,0.9901,14348.53,25454.06,5.74,29646,338
rs1326798,9,12722228,25000,5.577342912870082,0.0046628305154186,0.9901,9865.98,23191.56,5.68,29646,377
rs11795400,9,37553066,25000,5.552157576104036,0.0082399823070416,0.9901,8174.53,20259.31,5.68,29646,318
rs57172187,9,37016505,25000,5.490899796746717,0.0098314490391761,0.9901,8425.56,20719.43,5.67,29646,286
