rsid,chrom,center_pos,window_half_bp,akbari_X,akbari_S,akbari_posterior,geom_mean_tmrca,arith_mean_tmrca,min_tmrca,n_pairs,n_sites
rs10901252,9,136128000,25000,10.567599092359728,0.0269969294516591,0.9901,21317.56,32191.16,5.80,29646,477
rs6477613,9,110811614,25000,-7.777028614457781,-0.0063490868301045,0.9901,11351.76,23256.03,5.87,29646,295
rs76790252,9,130156103,25000,7.452078935270813,0.0140129121060925,0.9901,24236.57,38611.08,5.69,29646,486
rs376217474,9,16792102,25000,7.037960304596894,0.0062906100383566,0.9901,14593.57,30489.87,5.67,29646,402
rs76798990,9,129801021,25000,6.667858152044102,0.0123505344378745,0.9901,7549.40,19517.27,5.93,29646,454
rs118165911,9,139766548,25000,6.214363669114404,0.012817636935121,0.9901,,,,0,0
rs4466492,9,16441086,25000,6.167809540147543,0.0064169830491204,0.9901,6205.47,14362.20,5.68,29646,300
rs7023969,9,32095376,25000,-6.164779360978457,-0.0053848872760537,0.9901,12525.76,46964.17,5.68,29646,550
rs34361301,9,14535119,25000,6.026359533280126,0.0057965014625361,0.9901,15791.75,29985.80,5.68,29646,396
rs5896935,9,21418690,25000,-5.974292449367354,-0.0133891734004472,0.9901,5857.31,16468.28,5.68,29646,320
rs113686375,9,80796464,25000,5.967820815339702,0.0063141604017691,0.9901,4132.13,12796.69,5.68,29646,353
rs370601154,9,119379059,25000,5.88225666740583,0.0049296111113733,0.9901,10704.60,19679.09,5.67,29646,289
rs1332455,9,121970419,25000,5.8408045160914055,0.0056738831471986,0.9901,12722.29,24851.19,5.67,29646,314
rs201139689,9,83240495,25000,5.82092405071834,0.0193185777029461,0.9901,12801.54,28114.76,5.68,29646,333
rs78620295,9,130564757,25000,5.816346100228562,0.0125352489911527,0.9901,13838.65,29864.67,5.86,29646,372
rs117390886,9,139243026,25000,5.694670239608777,0.0136228838260747,0.9901,,,,0,0
rs1326798,9,12722227,25000,5.577342912870082,0.0046628305154186,0.9901,9865.98,23191.56,5.68,29646,377
rs11795400,9,37553063,25000,5.552157576104036,0.0082399823070416,0.9901,8174.53,20259.31,5.68,29646,318
rs57172187,9,37016502,25000,5.490899796746717,0.0098314490391761,0.9901,8425.57,20719.43,5.67,29646,286
