rsid,chrom,center_pos,window_half_bp,akbari_X,akbari_S,akbari_posterior,geom_mean_tmrca,arith_mean_tmrca,min_tmrca,n_pairs,n_sites
rs10901252,9,133252613,25000,10.567599092359728,0.0269969294516591,0.9901,21488.03,43261.09,4.42,42486,575
rs6477613,9,108049333,25000,-7.777028614457781,-0.0063490868301045,0.9901,13812.56,24833.26,4.42,42486,289
rs76790252,9,127393824,25000,7.452078935270813,0.0140129121060925,0.9901,12215.38,23210.84,4.42,42486,285
rs376217474,9,16792104,25000,7.037960304596894,0.0062906100383566,0.9901,20498.24,31363.95,4.77,42486,441
rs76798990,9,127038742,25000,6.667858152044102,0.0123505344378745,0.9901,6487.12,13626.65,4.42,42486,225
rs118165911,9,136872096,25000,6.214363669114404,0.012817636935121,0.9901,5021.30,11740.57,4.42,42486,260
rs4466492,9,16441088,25000,6.167809540147543,0.0064169830491204,0.9901,10719.28,18619.55,4.78,42486,297
rs7023969,9,32095378,25000,-6.164779360978457,-0.0053848872760537,0.9901,26830.28,53045.50,4.52,42486,576
rs34361301,9,14535121,25000,6.026359533280126,0.0057965014625361,0.9901,18403.11,29884.78,4.85,42486,394
rs5896935,9,21418691,25000,-5.974292449367354,-0.0133891734004472,0.9901,8616.27,18345.73,4.67,42486,300
rs113686375,9,78181548,25000,5.967820815339702,0.0063141604017691,0.9901,11260.18,21054.32,4.51,42486,292
rs370601154,9,116616780,25000,5.88225666740583,0.0049296111113733,0.9901,15061.26,25828.59,4.42,42486,319
rs1332455,9,119208141,25000,5.8408045160914055,0.0056738831471986,0.9901,10785.88,20697.94,4.42,42486,271
rs201139689,9,80625580,25000,5.82092405071834,0.0193185777029461,0.9901,17215.29,28287.00,4.42,42486,374
rs78620295,9,127802478,25000,5.816346100228562,0.0125352489911527,0.9901,9233.31,19916.37,4.50,42486,313
rs117390886,9,136348574,25000,5.694670239608777,0.0136228838260747,0.9901,13761.69,24032.79,4.42,42486,381
rs1326798,9,12722228,25000,5.577342912870082,0.0046628305154186,0.9901,13421.45,24482.86,4.90,42486,340
rs11795400,9,37553066,25000,5.552157576104036,0.0082399823070416,0.9901,9496.41,19395.94,4.48,42486,310
rs57172187,9,37016505,25000,5.490899796746717,0.0098314490391761,0.9901,14864.85,24828.27,4.48,42486,356
