rsid,chrom,center_pos,window_half_bp,akbari_X,akbari_S,akbari_posterior,geom_mean_tmrca,arith_mean_tmrca,min_tmrca,n_pairs,n_sites
rs10901252,9,133252613,25000,10.567599092359728,0.0269969294516591,0.9901,17637.22,38951.28,4.38,38503,692
rs6477613,9,108049333,25000,-7.777028614457781,-0.0063490868301045,0.9901,11692.71,24601.02,4.39,38503,548
rs76790252,9,127393824,25000,7.452078935270813,0.0140129121060925,0.9901,11878.76,21893.31,4.38,38503,307
rs376217474,9,16792104,25000,7.037960304596894,0.0062906100383566,0.9901,16347.09,28560.41,4.70,38503,550
rs76798990,9,127038742,25000,6.667858152044102,0.0123505344378745,0.9901,7680.97,14403.51,4.38,38503,262
rs118165911,9,136872096,25000,6.214363669114404,0.012817636935121,0.9901,7641.57,16432.80,4.46,38503,327
rs4466492,9,16441088,25000,6.167809540147543,0.0064169830491204,0.9901,8735.99,18342.92,4.71,38503,416
rs7023969,9,32095378,25000,-6.164779360978457,-0.0053848872760537,0.9901,17967.57,47575.60,4.47,38503,722
rs34361301,9,14535121,25000,6.026359533280126,0.0057965014625361,0.9901,17814.65,27873.44,4.78,38503,484
rs5896935,9,21418691,25000,-5.974292449367354,-0.0133891734004472,0.9901,8059.44,16827.85,4.62,38503,372
rs113686375,9,78181548,25000,5.967820815339702,0.0063141604017691,0.9901,10335.93,19596.68,4.38,38503,424
rs370601154,9,116616780,25000,5.88225666740583,0.0049296111113733,0.9901,13346.46,24182.55,4.38,38503,429
rs1332455,9,119208141,25000,5.8408045160914055,0.0056738831471986,0.9901,11743.26,20436.99,4.38,38503,368
rs201139689,9,80625580,25000,5.82092405071834,0.0193185777029461,0.9901,17085.17,28222.10,4.38,38503,492
rs78620295,9,127802478,25000,5.816346100228562,0.0125352489911527,0.9901,8892.00,19070.83,4.43,38503,426
rs117390886,9,136348574,25000,5.694670239608777,0.0136228838260747,0.9901,13784.80,23078.08,4.43,38503,460
rs1326798,9,12722228,25000,5.577342912870082,0.0046628305154186,0.9901,13919.50,26273.03,4.81,38503,508
rs11795400,9,37553066,25000,5.552157576104036,0.0082399823070416,0.9901,11540.03,20930.10,4.44,38503,389
rs57172187,9,37016505,25000,5.490899796746717,0.0098314490391761,0.9901,9700.72,19875.15,4.44,38503,381
