rsid,chrom,center_pos,window_half_bp,akbari_X,akbari_S,akbari_posterior,geom_mean_tmrca,arith_mean_tmrca,min_tmrca,n_pairs,n_sites
rs10901252,9,136128000,25000,10.567599092359728,0.0269969294516591,0.9901,19393.93,28412.09,4.38,38503,640
rs6477613,9,110811614,25000,-7.777028614457781,-0.0063490868301045,0.9901,15674.10,22950.08,4.38,38503,419
rs76790252,9,130156103,25000,7.452078935270813,0.0140129121060925,0.9901,18954.61,30394.94,4.72,38503,592
rs376217474,9,16792102,25000,7.037960304596894,0.0062906100383566,0.9901,16347.09,28560.41,4.70,38503,550
rs76798990,9,129801021,25000,6.667858152044102,0.0123505344378745,0.9901,12217.03,26124.94,4.59,38503,573
rs118165911,9,139766548,25000,6.214363669114404,0.012817636935121,0.9901,,,,0,0
rs4466492,9,16441086,25000,6.167809540147543,0.0064169830491204,0.9901,8735.99,18342.92,4.71,38503,416
rs7023969,9,32095376,25000,-6.164779360978457,-0.0053848872760537,0.9901,17967.57,47575.60,4.47,38503,722
rs34361301,9,14535119,25000,6.026359533280126,0.0057965014625361,0.9901,17814.65,27873.44,4.78,38503,484
rs5896935,9,21418690,25000,-5.974292449367354,-0.0133891734004472,0.9901,8059.44,16827.85,4.62,38503,372
rs113686375,9,80796464,25000,5.967820815339702,0.0063141604017691,0.9901,10755.34,19862.56,4.38,38503,485
rs370601154,9,119379059,25000,5.88225666740583,0.0049296111113733,0.9901,12165.50,19971.72,4.38,38503,330
rs1332455,9,121970419,25000,5.8408045160914055,0.0056738831471986,0.9901,11964.14,23632.44,4.38,38503,378
rs201139689,9,83240495,25000,5.82092405071834,0.0193185777029461,0.9901,14656.32,26720.97,4.38,38503,430
rs78620295,9,130564757,25000,5.816346100228562,0.0125352489911527,0.9901,16310.60,29783.30,4.38,38503,506
rs117390886,9,139243026,25000,5.694670239608777,0.0136228838260747,0.9901,,,,0,0
rs1326798,9,12722227,25000,5.577342912870082,0.0046628305154186,0.9901,13919.50,26273.03,4.81,38503,508
rs11795400,9,37553063,25000,5.552157576104036,0.0082399823070416,0.9901,11540.03,20930.10,4.44,38503,389
rs57172187,9,37016502,25000,5.490899796746717,0.0098314490391761,0.9901,9700.72,19875.15,4.44,38503,381
