rsid,chrom,center_pos,window_half_bp,akbari_X,akbari_S,akbari_posterior,geom_mean_tmrca,arith_mean_tmrca,min_tmrca,n_pairs,n_sites
rs10901252,9,133252613,25000,10.567599092359728,0.0269969294516591,0.9901,22635.78,44510.27,4.42,25878,616
rs6477613,9,108049333,25000,-7.777028614457781,-0.0063490868301045,0.9901,13015.43,24344.26,7.82,25878,268
rs76790252,9,127393824,25000,7.452078935270813,0.0140129121060925,0.9901,12026.11,23109.64,4.42,25878,263
rs376217474,9,16792104,25000,7.037960304596894,0.0062906100383566,0.9901,19807.74,30206.48,4.99,25878,392
rs76798990,9,127038742,25000,6.667858152044102,0.0123505344378745,0.9901,6685.89,13678.01,4.42,25878,206
rs118165911,9,136872096,25000,6.214363669114404,0.012817636935121,0.9901,6263.94,13790.27,4.85,25878,247
rs4466492,9,16441088,25000,6.167809540147543,0.0064169830491204,0.9901,10697.78,18650.28,4.79,25878,299
rs7023969,9,32095378,25000,-6.164779360978457,-0.0053848872760537,0.9901,21471.79,50255.88,4.52,25878,578
rs34361301,9,14535121,25000,6.026359533280126,0.0057965014625361,0.9901,18956.93,30075.25,4.86,25878,373
rs5896935,9,21418691,25000,-5.974292449367354,-0.0133891734004472,0.9901,7861.58,16881.50,4.67,25878,297
rs113686375,9,78181548,25000,5.967820815339702,0.0063141604017691,0.9901,11156.87,20242.74,4.59,25878,268
rs370601154,9,116616780,25000,5.88225666740583,0.0049296111113733,0.9901,15478.65,25404.69,4.42,25878,297
rs1332455,9,119208141,25000,5.8408045160914055,0.0056738831471986,0.9901,10202.52,19928.78,4.53,25878,222
rs201139689,9,80625580,25000,5.82092405071834,0.0193185777029461,0.9901,15523.55,27302.80,4.59,25878,345
rs78620295,9,127802478,25000,5.816346100228562,0.0125352489911527,0.9901,9119.87,18392.07,4.45,25878,302
rs117390886,9,136348574,25000,5.694670239608777,0.0136228838260747,0.9901,13736.56,24263.90,8.52,25878,341
rs1326798,9,12722228,25000,5.577342912870082,0.0046628305154186,0.9901,12012.00,21440.19,4.91,25878,363
rs11795400,9,37553066,25000,5.552157576104036,0.0082399823070416,0.9901,10624.00,21174.60,4.48,25878,293
rs57172187,9,37016505,25000,5.490899796746717,0.0098314490391761,0.9901,16047.05,25407.85,7.99,25878,341
