rsid,chrom,center_pos,window_half_bp,akbari_X,akbari_S,akbari_posterior,geom_mean_tmrca,arith_mean_tmrca,min_tmrca,n_pairs,n_sites
rs10901252,9,136128000,25000,10.567599092359728,0.0269969294516591,0.9901,17434.96,28423.81,11.50,25878,464
rs6477613,9,110811614,25000,-7.777028614457781,-0.0063490868301045,0.9901,19219.80,27670.31,5.36,25878,364
rs76790252,9,130156103,25000,7.452078935270813,0.0140129121060925,0.9901,19674.01,30561.89,5.94,25878,421
rs376217474,9,16792102,25000,7.037960304596894,0.0062906100383566,0.9901,19807.74,30206.48,4.99,25878,392
rs76798990,9,129801021,25000,6.667858152044102,0.0123505344378745,0.9901,13638.02,26099.05,8.64,25878,461
rs118165911,9,139766548,25000,6.214363669114404,0.012817636935121,0.9901,,,,0,0
rs4466492,9,16441086,25000,6.167809540147543,0.0064169830491204,0.9901,10697.78,18650.28,4.79,25878,299
rs7023969,9,32095376,25000,-6.164779360978457,-0.0053848872760537,0.9901,21471.79,50255.88,4.52,25878,578
rs34361301,9,14535119,25000,6.026359533280126,0.0057965014625361,0.9901,18956.93,30075.25,4.86,25878,373
rs5896935,9,21418690,25000,-5.974292449367354,-0.0133891734004472,0.9901,7861.58,16881.50,4.67,25878,297
rs113686375,9,80796464,25000,5.967820815339702,0.0063141604017691,0.9901,11342.20,19700.22,4.85,25878,299
rs370601154,9,119379059,25000,5.88225666740583,0.0049296111113733,0.9901,8357.97,17017.44,4.69,25878,238
rs1332455,9,121970419,25000,5.8408045160914055,0.0056738831471986,0.9901,8485.22,17952.51,4.41,25878,340
rs201139689,9,83240495,25000,5.82092405071834,0.0193185777029461,0.9901,11593.82,24222.59,4.42,25878,335
rs78620295,9,130564757,25000,5.816346100228562,0.0125352489911527,0.9901,19983.71,33014.75,7.84,25878,392
rs117390886,9,139243026,25000,5.694670239608777,0.0136228838260747,0.9901,,,,0,0
rs1326798,9,12722227,25000,5.577342912870082,0.0046628305154186,0.9901,12012.00,21440.19,4.91,25878,363
rs11795400,9,37553063,25000,5.552157576104036,0.0082399823070416,0.9901,10624.00,21174.60,4.48,25878,293
rs57172187,9,37016502,25000,5.490899796746717,0.0098314490391761,0.9901,16047.05,25407.85,7.99,25878,341
