rsid,chrom,center_pos,window_half_bp,akbari_X,akbari_S,akbari_posterior,geom_mean_tmrca,arith_mean_tmrca,min_tmrca,n_pairs,n_sites
rs10901252,9,136128000,25000,10.567599092359728,0.0269969294516591,0.9901,17026.43,27586.38,50.96,22791,418
rs6477613,9,110811614,25000,-7.777028614457781,-0.0063490868301045,0.9901,16970.13,24866.22,46.15,22791,341
rs76790252,9,130156103,25000,7.452078935270813,0.0140129121060925,0.9901,16234.30,27609.97,70.83,22791,470
rs376217474,9,16792102,25000,7.037960304596894,0.0062906100383566,0.9901,9425.91,22041.95,76.70,22791,363
rs76798990,9,129801021,25000,6.667858152044102,0.0123505344378745,0.9901,14630.41,30039.66,95.52,22791,460
rs118165911,9,139766548,25000,6.214363669114404,0.012817636935121,0.9901,,,,0,0
rs4466492,9,16441086,25000,6.167809540147543,0.0064169830491204,0.9901,7247.71,16463.21,54.29,22791,259
rs7023969,9,32095376,25000,-6.164779360978457,-0.0053848872760537,0.9901,16350.09,49109.43,11.69,22791,554
rs34361301,9,14535119,25000,6.026359533280126,0.0057965014625361,0.9901,17175.74,27882.31,66.15,22791,358
rs5896935,9,21418690,25000,-5.974292449367354,-0.0133891734004472,0.9901,5889.35,14580.80,7.06,22791,261
rs113686375,9,80796464,25000,5.967820815339702,0.0063141604017691,0.9901,10922.48,21553.47,17.19,22791,308
rs370601154,9,119379059,25000,5.88225666740583,0.0049296111113733,0.9901,10724.90,19946.54,34.99,22791,228
rs1332455,9,121970419,25000,5.8408045160914055,0.0056738831471986,0.9901,10450.26,21885.73,30.29,22791,293
rs201139689,9,83240495,25000,5.82092405071834,0.0193185777029461,0.9901,14975.13,27910.25,20.93,22791,363
rs78620295,9,130564757,25000,5.816346100228562,0.0125352489911527,0.9901,13535.27,28557.89,37.20,22791,393
rs117390886,9,139243026,25000,5.694670239608777,0.0136228838260747,0.9901,,,,0,0
rs1326798,9,12722227,25000,5.577342912870082,0.0046628305154186,0.9901,10076.75,24783.08,36.49,22791,342
rs11795400,9,37553063,25000,5.552157576104036,0.0082399823070416,0.9901,9642.07,18868.08,17.25,22791,289
rs57172187,9,37016502,25000,5.490899796746717,0.0098314490391761,0.9901,7846.14,18079.76,38.56,22791,254
