rsid,chrom,center_pos,window_half_bp,akbari_X,akbari_S,akbari_posterior,geom_mean_tmrca,arith_mean_tmrca,min_tmrca,n_pairs,n_sites
rs10901252,9,133252613,25000,10.567599092359728,0.0269969294516591,0.9901,17605.89,41465.10,10.69,22791,595
rs6477613,9,108049333,25000,-7.777028614457781,-0.0063490868301045,0.9901,8128.31,21591.41,20.80,22791,268
rs76790252,9,127393824,25000,7.452078935270813,0.0140129121060925,0.9901,12228.07,23672.17,12.71,22791,227
rs376217474,9,16792104,25000,7.037960304596894,0.0062906100383566,0.9901,9425.91,22041.95,76.70,22791,363
rs76798990,9,127038742,25000,6.667858152044102,0.0123505344378745,0.9901,8135.81,16197.28,32.77,22791,179
rs118165911,9,136872096,25000,6.214363669114404,0.012817636935121,0.9901,6606.40,14539.58,93.46,22791,265
rs4466492,9,16441088,25000,6.167809540147543,0.0064169830491204,0.9901,7247.71,16463.21,54.29,22791,259
rs7023969,9,32095378,25000,-6.164779360978457,-0.0053848872760537,0.9901,16350.09,49109.43,11.69,22791,554
rs34361301,9,14535121,25000,6.026359533280126,0.0057965014625361,0.9901,17175.74,27882.31,66.15,22791,358
rs5896935,9,21418691,25000,-5.974292449367354,-0.0133891734004472,0.9901,5889.35,14580.80,7.06,22791,261
rs113686375,9,78181548,25000,5.967820815339702,0.0063141604017691,0.9901,7689.31,17957.10,17.86,22791,280
rs370601154,9,116616780,25000,5.88225666740583,0.0049296111113733,0.9901,13683.50,25003.34,35.76,22791,264
rs1332455,9,119208141,25000,5.8408045160914055,0.0056738831471986,0.9901,10832.88,20856.51,74.65,22791,287
rs201139689,9,80625580,25000,5.82092405071834,0.0193185777029461,0.9901,15307.25,27497.77,17.41,22791,380
rs78620295,9,127802478,25000,5.816346100228562,0.0125352489911527,0.9901,7012.51,16800.08,13.59,22791,241
rs117390886,9,136348574,25000,5.694670239608777,0.0136228838260747,0.9901,13657.42,23621.30,46.12,22791,344
rs1326798,9,12722228,25000,5.577342912870082,0.0046628305154186,0.9901,10076.75,24783.08,36.49,22791,342
rs11795400,9,37553066,25000,5.552157576104036,0.0082399823070416,0.9901,9642.07,18868.08,17.25,22791,289
rs57172187,9,37016505,25000,5.490899796746717,0.0098314490391761,0.9901,7846.14,18079.76,38.56,22791,254
