rsid,chrom,center_pos,window_half_bp,akbari_X,akbari_S,akbari_posterior,geom_mean_tmrca,arith_mean_tmrca,min_tmrca,n_pairs,n_sites
rs10901252,9,133252613,25000,10.567599092359728,0.0269969294516591,0.9901,30686.34,43166.91,3.22,63190,795
rs6477613,9,108049333,25000,-7.777028614457781,-0.0063490868301045,0.9901,13237.11,24794.54,3.17,63190,666
rs76790252,9,127393824,25000,7.452078935270813,0.0140129121060925,0.9901,11609.81,19631.63,3.16,63190,459
rs376217474,9,16792104,25000,7.037960304596894,0.0062906100383566,0.9901,21773.53,29081.00,3.98,63190,646
rs76798990,9,127038742,25000,6.667858152044102,0.0123505344378745,0.9901,9440.83,14667.78,3.16,63190,310
rs118165911,9,136872096,25000,6.214363669114404,0.012817636935121,0.9901,4486.97,9925.61,3.18,63190,461
rs4466492,9,16441088,25000,6.167809540147543,0.0064169830491204,0.9901,15285.59,22202.90,3.93,63190,500
rs7023969,9,32095378,25000,-6.164779360978457,-0.0053848872760537,0.9901,24467.73,44397.44,3.63,63190,768
rs34361301,9,14535121,25000,6.026359533280126,0.0057965014625361,0.9901,21361.38,28277.39,4.00,63190,546
rs5896935,9,21418691,25000,-5.974292449367354,-0.0133891734004472,0.9901,12008.21,19596.17,3.83,63190,407
rs113686375,9,78181548,25000,5.967820815339702,0.0063141604017691,0.9901,11603.95,16943.16,3.25,63190,471
rs370601154,9,116616780,25000,5.88225666740583,0.0049296111113733,0.9901,17789.85,24790.38,3.16,63190,517
rs1332455,9,119208141,25000,5.8408045160914055,0.0056738831471986,0.9901,13870.26,20842.55,3.16,63190,364
rs201139689,9,80625580,25000,5.82092405071834,0.0193185777029461,0.9901,15147.31,23299.59,3.24,63190,555
rs78620295,9,127802478,25000,5.816346100228562,0.0125352489911527,0.9901,13455.58,21243.61,3.16,63190,490
rs117390886,9,136348574,25000,5.694670239608777,0.0136228838260747,0.9901,14511.43,22614.45,3.24,63190,577
rs1326798,9,12722228,25000,5.577342912870082,0.0046628305154186,0.9901,10649.50,18759.92,4.02,63190,550
rs11795400,9,37553066,25000,5.552157576104036,0.0082399823070416,0.9901,15374.70,22793.66,3.57,63190,437
rs57172187,9,37016505,25000,5.490899796746717,0.0098314490391761,0.9901,15161.84,22218.52,3.56,63190,455
