rsid,chrom,center_pos,window_half_bp,akbari_X,akbari_S,akbari_posterior,geom_mean_tmrca,arith_mean_tmrca,min_tmrca,n_pairs,n_sites
rs7779160,7,117425564,25000,-10.689391114344978,-0.0087334276638292,0.9901,7544.66,12519.99,3.10,26796,302
rs73195680,7,106037229,25000,-8.397961519733267,-0.0075217602334511,0.9901,10494.68,16939.13,3.11,26796,436
rs10254610,7,117766184,25000,-8.039448098888709,-0.0065291105156711,0.9901,8801.29,13469.11,3.11,26796,313
rs62433354,7,522201,25000,6.632977327037119,0.0131910608145718,0.9901,24435.58,30816.09,31.14,26796,934
rs17711548,7,93348102,25000,6.459842541019123,0.0073060605790645,0.9901,11290.36,16653.94,3.14,26796,449
rs4730640,7,114703547,25000,6.249842644263546,0.0052965599195555,0.9901,8320.05,15785.10,3.11,26796,396
rs6583435,7,50253809,25000,-6.127995056332736,-0.0057561808493441,0.9901,6209.43,10264.30,3.35,26796,388
chr7_26825580,7,26825580,25000,5.795543455702839,0.0081592111954405,0.9901,10337.86,22333.72,3.68,26796,479
rs28558783,7,9104354,25000,5.747129014148328,0.0172355501572607,0.9901,22453.18,30335.83,3.99,26796,715
rs543985085,7,112230042,25000,5.696211011954834,0.0117986884462677,0.9901,7269.70,10716.30,3.13,26796,324
rs114087609,7,1193731,25000,5.478848301973315,0.0165240255336726,0.9901,23770.84,31741.26,31.39,26796,860
rs10085472,7,39047269,25000,-5.464552467450627,-0.0056390760012924,0.9901,14255.47,20055.31,3.47,26796,495
