rsid,chrom,center_pos,window_half_bp,akbari_X,akbari_S,akbari_posterior,geom_mean_tmrca,arith_mean_tmrca,min_tmrca,n_pairs,n_sites
rs7779160,7,117065618,25000,-10.689391114344978,-0.0087334276638292,0.9901,3766.02,5377.04,3.17,26796,245
rs73195680,7,105677675,25000,-8.397961519733267,-0.0075217602334511,0.9901,12894.44,17738.58,3.11,26796,487
rs10254610,7,117406238,25000,-8.039448098888709,-0.0065291105156711,0.9901,7959.15,12819.63,3.11,26796,326
rs62433354,7,561838,25000,6.632977327037119,0.0131910608145718,0.9901,17963.32,27932.07,30.48,26796,910
rs17711548,7,92977414,25000,6.459842541019123,0.0073060605790645,0.9901,9965.43,15941.86,3.17,26796,448
rs4730640,7,114343602,25000,6.249842644263546,0.0052965599195555,0.9901,7376.49,13232.94,3.11,26796,357
rs6583435,7,50293405,25000,-6.127995056332736,-0.0057561808493441,0.9901,6486.79,10807.36,3.36,26796,330
chr7_26865199,7,26865199,25000,5.795543455702839,0.0081592111954405,0.9901,8599.95,15260.23,3.72,26796,372
rs28558783,7,9143984,25000,5.747129014148328,0.0172355501572607,0.9901,24446.95,33075.83,3.99,26796,802
rs543985085,7,111870097,25000,5.696211011954834,0.0117986884462677,0.9901,13448.50,20186.31,3.31,26796,465
rs114087609,7,1233367,25000,5.478848301973315,0.0165240255336726,0.9901,18640.44,24779.86,27.37,26796,586
rs10085472,7,39086869,25000,-5.464552467450627,-0.0056390760012924,0.9901,10301.12,16765.37,3.47,26796,442
