rsid,chrom,center_pos,window_half_bp,akbari_X,akbari_S,akbari_posterior,geom_mean_tmrca,arith_mean_tmrca,min_tmrca,n_pairs,n_sites
rs7779160,7,117425564,25000,-10.689391114344978,-0.0087334276638292,0.9901,7327.56,11932.48,3.10,10878,261
rs73195680,7,106037229,25000,-8.397961519733267,-0.0075217602334511,0.9901,10456.02,16620.70,3.11,10878,401
rs10254610,7,117766184,25000,-8.039448098888709,-0.0065291105156711,0.9901,9067.98,13576.85,3.10,10878,297
rs62433354,7,522201,25000,6.632977327037119,0.0131910608145718,0.9901,24636.41,30848.63,38.64,10878,834
rs17711548,7,93348102,25000,6.459842541019123,0.0073060605790645,0.9901,10324.31,15839.00,3.14,10878,415
rs4730640,7,114703547,25000,6.249842644263546,0.0052965599195555,0.9901,8454.36,15767.07,3.11,10878,328
rs6583435,7,50253809,25000,-6.127995056332736,-0.0057561808493441,0.9901,6287.82,10318.88,3.42,10878,345
chr7_26825580,7,26825580,25000,5.795543455702839,0.0081592111954405,0.9901,10804.98,22015.65,3.92,10878,446
rs28558783,7,9104354,25000,5.747129014148328,0.0172355501572607,0.9901,22096.76,29713.85,4.07,10878,672
rs543985085,7,112230042,25000,5.696211011954834,0.0117986884462677,0.9901,7842.05,11341.30,3.25,10878,286
rs114087609,7,1193731,25000,5.478848301973315,0.0165240255336726,0.9901,23189.72,31825.76,33.82,10878,818
rs10085472,7,39047269,25000,-5.464552467450627,-0.0056390760012924,0.9901,14088.87,20109.00,3.48,10878,426
