rsid,chrom,center_pos,window_half_bp,akbari_X,akbari_S,akbari_posterior,geom_mean_tmrca,arith_mean_tmrca,min_tmrca,n_pairs,n_sites
rs7779160,7,117065618,25000,-10.689391114344978,-0.0087334276638292,0.9901,3570.15,5209.12,3.11,10878,211
rs73195680,7,105677675,25000,-8.397961519733267,-0.0075217602334511,0.9901,13269.64,17956.29,12.26,10878,432
rs10254610,7,117406238,25000,-8.039448098888709,-0.0065291105156711,0.9901,7388.31,11756.17,3.10,10878,269
rs62433354,7,561838,25000,6.632977327037119,0.0131910608145718,0.9901,18323.22,27866.42,36.84,10878,839
rs17711548,7,92977414,25000,6.459842541019123,0.0073060605790645,0.9901,8494.35,14866.39,3.24,10878,393
rs4730640,7,114343602,25000,6.249842644263546,0.0052965599195555,0.9901,8735.98,14644.94,3.10,10878,371
rs6583435,7,50293405,25000,-6.127995056332736,-0.0057561808493441,0.9901,6880.12,11386.85,3.36,10878,289
chr7_26865199,7,26865199,25000,5.795543455702839,0.0081592111954405,0.9901,9416.02,15737.39,3.74,10878,359
rs28558783,7,9143984,25000,5.747129014148328,0.0172355501572607,0.9901,24608.04,32586.75,4.11,10878,768
rs543985085,7,111870097,25000,5.696211011954834,0.0117986884462677,0.9901,13197.27,19817.75,3.32,10878,429
rs114087609,7,1233367,25000,5.478848301973315,0.0165240255336726,0.9901,18475.23,24602.68,29.98,10878,574
rs10085472,7,39086869,25000,-5.464552467450627,-0.0056390760012924,0.9901,11369.07,17891.60,3.51,10878,355
