rsid,chrom,center_pos,window_half_bp,akbari_X,akbari_S,akbari_posterior,geom_mean_tmrca,arith_mean_tmrca,min_tmrca,n_pairs,n_sites
rs7779160,7,117065618,25000,-10.689391114344978,-0.0087334276638292,0.9901,3072.44,4987.37,4.34,34191,158
rs73195680,7,105677675,25000,-8.397961519733267,-0.0075217602334511,0.9901,14417.53,20487.88,4.88,34191,339
rs10254610,7,117406238,25000,-8.039448098888709,-0.0065291105156711,0.9901,4383.27,10142.58,4.35,34191,173
rs62433354,7,561838,25000,6.632977327037119,0.0131910608145718,0.9901,12714.68,23159.37,28.36,34191,645
rs17711548,7,92977414,25000,6.459842541019123,0.0073060605790645,0.9901,9268.15,15812.75,4.41,34191,305
rs4730640,7,114343602,25000,6.249842644263546,0.0052965599195555,0.9901,6907.96,12925.10,4.34,34191,211
rs6583435,7,50293405,25000,-6.127995056332736,-0.0057561808493441,0.9901,9202.50,15268.98,4.35,34191,249
chr7_26865199,7,26865199,25000,5.795543455702839,0.0081592111954405,0.9901,6755.70,15729.94,4.50,34191,263
rs28558783,7,9143984,25000,5.747129014148328,0.0172355501572607,0.9901,10055.99,21888.25,5.00,34191,476
rs543985085,7,111870097,25000,5.696211011954834,0.0117986884462677,0.9901,2827.47,11392.03,4.34,34191,303
rs114087609,7,1233367,25000,5.478848301973315,0.0165240255336726,0.9901,7181.38,16245.23,14.96,34191,412
rs10085472,7,39086869,25000,-5.464552467450627,-0.0056390760012924,0.9901,9465.01,18727.53,4.39,34191,333
