rsid,chrom,center_pos,window_half_bp,akbari_X,akbari_S,akbari_posterior,geom_mean_tmrca,arith_mean_tmrca,min_tmrca,n_pairs,n_sites
rs7779160,7,117425564,25000,-10.689391114344978,-0.0087334276638292,0.9901,4327.91,10033.64,4.34,34191,187
rs73195680,7,106037229,25000,-8.397961519733267,-0.0075217602334511,0.9901,12166.64,21727.98,4.35,34191,330
rs10254610,7,117766184,25000,-8.039448098888709,-0.0065291105156711,0.9901,1776.85,4960.41,4.35,34191,218
rs62433354,7,522201,25000,6.632977327037119,0.0131910608145718,0.9901,23074.25,31146.11,28.61,34191,644
rs17711548,7,93348102,25000,6.459842541019123,0.0073060605790645,0.9901,6749.95,14552.86,4.61,34191,255
rs4730640,7,114703547,25000,6.249842644263546,0.0052965599195555,0.9901,11189.12,21604.76,4.35,34191,302
rs6583435,7,50253809,25000,-6.127995056332736,-0.0057561808493441,0.9901,8248.93,14336.13,4.36,34191,271
chr7_26825580,7,26825580,25000,5.795543455702839,0.0081592111954405,0.9901,7451.52,24497.22,4.49,34191,366
rs28558783,7,9104354,25000,5.747129014148328,0.0172355501572607,0.9901,11737.85,23761.74,4.96,34191,486
rs543985085,7,112230042,25000,5.696211011954834,0.0117986884462677,0.9901,3289.82,7405.75,4.34,34191,209
rs114087609,7,1193731,25000,5.478848301973315,0.0165240255336726,0.9901,11330.40,25832.98,14.26,34191,539
rs10085472,7,39047269,25000,-5.464552467450627,-0.0056390760012924,0.9901,10501.54,20404.90,4.40,34191,359
