rsid,chrom,center_pos,window_half_bp,akbari_X,akbari_S,akbari_posterior,geom_mean_tmrca,arith_mean_tmrca,min_tmrca,n_pairs,n_sites
rs7779160,7,117425564,25000,-10.689391114344978,-0.0087334276638292,0.9901,3176.23,8978.33,12.14,17205,118
rs73195680,7,106037229,25000,-8.397961519733267,-0.0075217602334511,0.9901,8280.06,17022.90,26.21,17205,263
rs10254610,7,117766184,25000,-8.039448098888709,-0.0065291105156711,0.9901,867.06,1413.69,8.35,17205,86
rs62433354,7,522201,25000,6.632977327037119,0.0131910608145718,0.9901,26136.27,34507.04,103.22,17205,500
rs17711548,7,93348102,25000,6.459842541019123,0.0073060605790645,0.9901,7283.65,15106.42,8.94,17205,210
rs4730640,7,114703547,25000,6.249842644263546,0.0052965599195555,0.9901,7950.71,19752.28,4.51,17205,216
rs6583435,7,50253809,25000,-6.127995056332736,-0.0057561808493441,0.9901,4697.70,11309.66,11.04,17205,197
chr7_26825580,7,26825580,25000,5.795543455702839,0.0081592111954405,0.9901,4726.42,15203.19,7.15,17205,314
rs28558783,7,9104354,25000,5.747129014148328,0.0172355501572607,0.9901,11066.71,23560.07,20.52,17205,342
rs543985085,7,112230042,25000,5.696211011954834,0.0117986884462677,0.9901,4341.51,11030.03,48.18,17205,163
rs114087609,7,1193731,25000,5.478848301973315,0.0165240255336726,0.9901,14025.10,29239.05,58.56,17205,450
rs10085472,7,39047269,25000,-5.464552467450627,-0.0056390760012924,0.9901,4240.17,14374.03,9.81,17205,264
