rsid,chrom,center_pos,window_half_bp,akbari_X,akbari_S,akbari_posterior,geom_mean_tmrca,arith_mean_tmrca,min_tmrca,n_pairs,n_sites
rs7779160,7,117065618,25000,-10.689391114344978,-0.0087334276638292,0.9901,3152.16,4908.33,4.36,63903,144
rs73195680,7,105677675,25000,-8.397961519733267,-0.0075217602334511,0.9901,14363.60,20574.98,4.36,63903,328
rs10254610,7,117406238,25000,-8.039448098888709,-0.0065291105156711,0.9901,4643.67,10565.99,4.36,63903,183
rs62433354,7,561838,25000,6.632977327037119,0.0131910608145718,0.9901,17391.67,29116.68,27.62,63903,576
rs17711548,7,92977414,25000,6.459842541019123,0.0073060605790645,0.9901,5807.53,13223.82,4.36,63903,292
rs4730640,7,114343602,25000,6.249842644263546,0.0052965599195555,0.9901,6199.38,14035.31,4.36,63903,210
rs6583435,7,50293405,25000,-6.127995056332736,-0.0057561808493441,0.9901,8254.91,16093.72,4.37,63903,221
chr7_26865199,7,26865199,25000,5.795543455702839,0.0081592111954405,0.9901,7851.47,17787.91,4.52,63903,247
rs28558783,7,9143984,25000,5.747129014148328,0.0172355501572607,0.9901,14895.27,27088.49,4.96,63903,502
rs543985085,7,111870097,25000,5.696211011954834,0.0117986884462677,0.9901,5834.79,18148.80,4.36,63903,244
rs114087609,7,1233367,25000,5.478848301973315,0.0165240255336726,0.9901,8193.66,17365.71,12.19,63903,331
rs10085472,7,39086869,25000,-5.464552467450627,-0.0056390760012924,0.9901,11380.33,20344.16,4.41,63903,300
