rsid,chrom,center_pos,window_half_bp,akbari_X,akbari_S,akbari_posterior,geom_mean_tmrca,arith_mean_tmrca,min_tmrca,n_pairs,n_sites
rs7779160,7,117425564,25000,-10.689391114344978,-0.0087334276638292,0.9901,4503.97,10490.66,4.36,63903,189
rs73195680,7,106037229,25000,-8.397961519733267,-0.0075217602334511,0.9901,11027.87,19911.27,4.36,63903,340
rs10254610,7,117766184,25000,-8.039448098888709,-0.0065291105156711,0.9901,2925.58,8152.19,4.36,63903,220
rs62433354,7,522201,25000,6.632977327037119,0.0131910608145718,0.9901,24864.03,34244.95,29.14,63903,607
rs17711548,7,93348102,25000,6.459842541019123,0.0073060605790645,0.9901,6147.52,14016.99,4.36,63903,256
rs4730640,7,114703547,25000,6.249842644263546,0.0052965599195555,0.9901,8508.63,21143.57,4.37,63903,285
rs6583435,7,50253809,25000,-6.127995056332736,-0.0057561808493441,0.9901,7115.64,13232.38,4.37,63903,264
chr7_26825580,7,26825580,25000,5.795543455702839,0.0081592111954405,0.9901,10046.20,28985.60,4.51,63903,340
rs28558783,7,9104354,25000,5.747129014148328,0.0172355501572607,0.9901,17134.35,29169.43,4.96,63903,482
rs543985085,7,112230042,25000,5.696211011954834,0.0117986884462677,0.9901,3907.34,8532.89,4.36,63903,194
rs114087609,7,1193731,25000,5.478848301973315,0.0165240255336726,0.9901,14963.00,29561.97,22.88,63903,513
rs10085472,7,39047269,25000,-5.464552467450627,-0.0056390760012924,0.9901,12466.59,22530.25,4.41,63903,310
