rsid,chrom,center_pos,window_half_bp,akbari_X,akbari_S,akbari_posterior,geom_mean_tmrca,arith_mean_tmrca,min_tmrca,n_pairs,n_sites
rs7779160,7,117425564,25000,-10.689391114344978,-0.0087334276638292,0.9901,3034.32,9143.40,37.92,21115,146
rs73195680,7,106037229,25000,-8.397961519733267,-0.0075217602334511,0.9901,8086.51,16372.34,95.63,21115,276
rs10254610,7,117766184,25000,-8.039448098888709,-0.0065291105156711,0.9901,804.26,1312.39,9.03,21115,127
rs62433354,7,522201,25000,6.632977327037119,0.0131910608145718,0.9901,26858.31,34562.40,125.37,21115,534
rs17711548,7,93348102,25000,6.459842541019123,0.0073060605790645,0.9901,7097.39,14903.81,31.44,21115,211
rs4730640,7,114703547,25000,6.249842644263546,0.0052965599195555,0.9901,8875.95,20610.64,15.41,21115,238
rs6583435,7,50253809,25000,-6.127995056332736,-0.0057561808493441,0.9901,3965.35,10415.88,29.54,21115,201
chr7_26825580,7,26825580,25000,5.795543455702839,0.0081592111954405,0.9901,5572.36,20813.97,45.37,21115,321
rs28558783,7,9104354,25000,5.747129014148328,0.0172355501572607,0.9901,11135.28,22927.08,149.47,21115,377
rs543985085,7,112230042,25000,5.696211011954834,0.0117986884462677,0.9901,3524.96,9790.10,37.14,21115,182
rs114087609,7,1193731,25000,5.478848301973315,0.0165240255336726,0.9901,16387.98,32503.82,123.05,21115,467
rs10085472,7,39047269,25000,-5.464552467450627,-0.0056390760012924,0.9901,4335.85,14038.81,44.13,21115,285
