rsid,chrom,center_pos,window_half_bp,akbari_X,akbari_S,akbari_posterior,geom_mean_tmrca,arith_mean_tmrca,min_tmrca,n_pairs,n_sites
rs7779160,7,117065618,25000,-10.689391114344978,-0.0087334276638292,0.9901,3923.27,6665.15,34.13,21115,114
rs73195680,7,105677675,25000,-8.397961519733267,-0.0075217602334511,0.9901,13726.36,20788.24,36.65,21115,287
rs10254610,7,117406238,25000,-8.039448098888709,-0.0065291105156711,0.9901,3173.31,9353.79,33.90,21115,129
rs62433354,7,561838,25000,6.632977327037119,0.0131910608145718,0.9901,20845.28,32620.77,85.52,21115,544
rs17711548,7,92977414,25000,6.459842541019123,0.0073060605790645,0.9901,8733.55,15619.47,18.83,21115,229
rs4730640,7,114343602,25000,6.249842644263546,0.0052965599195555,0.9901,5809.87,12088.06,20.13,21115,146
rs6583435,7,50293405,25000,-6.127995056332736,-0.0057561808493441,0.9901,6418.19,13940.33,15.85,21115,188
chr7_26865199,7,26865199,25000,5.795543455702839,0.0081592111954405,0.9901,5263.87,14184.88,36.64,21115,224
rs28558783,7,9143984,25000,5.747129014148328,0.0172355501572607,0.9901,11156.75,25037.30,176.61,21115,352
rs543985085,7,111870097,25000,5.696211011954834,0.0117986884462677,0.9901,5232.20,16773.34,8.63,21115,258
rs114087609,7,1233367,25000,5.478848301973315,0.0165240255336726,0.9901,12061.21,23017.78,121.02,21115,322
rs10085472,7,39086869,25000,-5.464552467450627,-0.0056390760012924,0.9901,6138.05,15414.86,45.32,21115,228
