rsid,chrom,center_pos,window_half_bp,akbari_X,akbari_S,akbari_posterior,geom_mean_tmrca,arith_mean_tmrca,min_tmrca,n_pairs,n_sites
rs7779160,7,117065618,25000,-10.689391114344978,-0.0087334276638292,0.9901,3750.66,6481.29,4.37,52975,139
rs73195680,7,105677675,25000,-8.397961519733267,-0.0075217602334511,0.9901,13819.94,20665.25,4.37,52975,319
rs10254610,7,117406238,25000,-8.039448098888709,-0.0065291105156711,0.9901,3277.55,8995.95,4.37,52975,131
rs62433354,7,561838,25000,6.632977327037119,0.0131910608145718,0.9901,17463.46,29037.77,23.69,52975,604
rs17711548,7,92977414,25000,6.459842541019123,0.0073060605790645,0.9901,8760.78,15701.57,4.38,52975,237
rs4730640,7,114343602,25000,6.249842644263546,0.0052965599195555,0.9901,6305.17,12835.03,4.37,52975,188
rs6583435,7,50293405,25000,-6.127995056332736,-0.0057561808493441,0.9901,5901.26,13345.65,4.38,52975,217
chr7_26865199,7,26865199,25000,5.795543455702839,0.0081592111954405,0.9901,5009.21,12386.64,4.53,52975,252
rs28558783,7,9143984,25000,5.747129014148328,0.0172355501572607,0.9901,11762.85,24880.59,4.99,52975,431
rs543985085,7,111870097,25000,5.696211011954834,0.0117986884462677,0.9901,4999.94,16094.82,4.37,52975,239
rs114087609,7,1233367,25000,5.478848301973315,0.0165240255336726,0.9901,12296.53,23296.91,11.64,52975,309
rs10085472,7,39086869,25000,-5.464552467450627,-0.0056390760012924,0.9901,6780.33,16242.01,4.43,52975,264
