rsid,chrom,center_pos,window_half_bp,akbari_X,akbari_S,akbari_posterior,geom_mean_tmrca,arith_mean_tmrca,min_tmrca,n_pairs,n_sites
rs7779160,7,117425564,25000,-10.689391114344978,-0.0087334276638292,0.9901,3164.45,9037.79,4.37,52975,149
rs73195680,7,106037229,25000,-8.397961519733267,-0.0075217602334511,0.9901,8080.76,16162.44,4.37,52975,316
rs10254610,7,117766184,25000,-8.039448098888709,-0.0065291105156711,0.9901,828.11,1207.31,4.37,52975,127
rs62433354,7,522201,25000,6.632977327037119,0.0131910608145718,0.9901,25884.53,33967.58,23.86,52975,573
rs17711548,7,93348102,25000,6.459842541019123,0.0073060605790645,0.9901,7438.27,14959.30,4.37,52975,241
rs4730640,7,114703547,25000,6.249842644263546,0.0052965599195555,0.9901,8061.73,18712.99,4.38,52975,269
rs6583435,7,50253809,25000,-6.127995056332736,-0.0057561808493441,0.9901,3927.30,10052.51,4.38,52975,264
chr7_26825580,7,26825580,25000,5.795543455702839,0.0081592111954405,0.9901,4739.29,15983.43,4.53,52975,349
rs28558783,7,9104354,25000,5.747129014148328,0.0172355501572607,0.9901,11772.23,23636.65,4.99,52975,398
rs543985085,7,112230042,25000,5.696211011954834,0.0117986884462677,0.9901,3490.30,9672.87,4.37,52975,239
rs114087609,7,1193731,25000,5.478848301973315,0.0165240255336726,0.9901,15502.70,31338.59,12.09,52975,457
rs10085472,7,39047269,25000,-5.464552467450627,-0.0056390760012924,0.9901,4946.95,15630.90,4.43,52975,288
