rsid,chrom,center_pos,window_half_bp,akbari_X,akbari_S,akbari_posterior,geom_mean_tmrca,arith_mean_tmrca,min_tmrca,n_pairs,n_sites
rs7779160,7,117425564,25000,-10.689391114344978,-0.0087334276638292,0.9901,5028.01,10837.81,4.32,34716,263
rs73195680,7,106037229,25000,-8.397961519733267,-0.0075217602334511,0.9901,10680.21,19547.71,4.32,34716,340
rs10254610,7,117766184,25000,-8.039448098888709,-0.0065291105156711,0.9901,3376.92,8985.78,4.32,34716,276
rs62433354,7,522201,25000,6.632977327037119,0.0131910608145718,0.9901,25533.42,33364.64,31.04,34716,707
rs17711548,7,93348102,25000,6.459842541019123,0.0073060605790645,0.9901,7106.44,14663.71,4.32,34716,325
rs4730640,7,114703547,25000,6.249842644263546,0.0052965599195555,0.9901,10597.21,20467.41,4.32,34716,289
rs6583435,7,50253809,25000,-6.127995056332736,-0.0057561808493441,0.9901,5552.90,11018.39,4.33,34716,280
chr7_26825580,7,26825580,25000,5.795543455702839,0.0081592111954405,0.9901,9338.45,25986.58,4.46,34716,428
rs28558783,7,9104354,25000,5.747129014148328,0.0172355501572607,0.9901,12957.92,24944.22,4.88,34716,501
rs543985085,7,112230042,25000,5.696211011954834,0.0117986884462677,0.9901,5109.54,10087.40,4.32,34716,251
rs114087609,7,1193731,25000,5.478848301973315,0.0165240255336726,0.9901,14879.90,28092.03,10.24,34716,668
rs10085472,7,39047269,25000,-5.464552467450627,-0.0056390760012924,0.9901,12033.25,21734.00,4.37,34716,324
