rsid,chrom,center_pos,window_half_bp,akbari_X,akbari_S,akbari_posterior,geom_mean_tmrca,arith_mean_tmrca,min_tmrca,n_pairs,n_sites
rs7779160,7,117065618,25000,-10.689391114344978,-0.0087334276638292,0.9901,3603.45,5597.44,4.32,34716,208
rs73195680,7,105677675,25000,-8.397961519733267,-0.0075217602334511,0.9901,13402.53,19254.59,4.36,34716,346
rs10254610,7,117406238,25000,-8.039448098888709,-0.0065291105156711,0.9901,5221.65,11113.84,4.32,34716,287
rs62433354,7,561838,25000,6.632977327037119,0.0131910608145718,0.9901,16469.55,27965.88,29.18,34716,707
rs17711548,7,92977414,25000,6.459842541019123,0.0073060605790645,0.9901,7131.60,13995.02,4.32,34716,326
rs4730640,7,114343602,25000,6.249842644263546,0.0052965599195555,0.9901,7082.66,13388.67,4.32,34716,215
rs6583435,7,50293405,25000,-6.127995056332736,-0.0057561808493441,0.9901,7030.34,14173.73,4.33,34716,256
chr7_26865199,7,26865199,25000,5.795543455702839,0.0081592111954405,0.9901,7012.45,16245.21,4.46,34716,310
rs28558783,7,9143984,25000,5.747129014148328,0.0172355501572607,0.9901,14475.92,26846.23,4.88,34716,545
rs543985085,7,111870097,25000,5.696211011954834,0.0117986884462677,0.9901,4899.22,16067.66,4.32,34716,314
rs114087609,7,1233367,25000,5.478848301973315,0.0165240255336726,0.9901,10049.53,19379.37,10.00,34716,479
rs10085472,7,39086869,25000,-5.464552467450627,-0.0056390760012924,0.9901,10700.89,19710.61,4.37,34716,320
