rsid,chrom,center_pos,window_half_bp,akbari_X,akbari_S,akbari_posterior,geom_mean_tmrca,arith_mean_tmrca,min_tmrca,n_pairs,n_sites
rs7779160,7,117065618,25000,-10.689391114344978,-0.0087334276638292,0.9901,3504.71,5358.14,3.11,44253,211
rs73195680,7,105677675,25000,-8.397961519733267,-0.0075217602334511,0.9901,12666.97,17980.31,3.34,44253,434
rs10254610,7,117406238,25000,-8.039448098888709,-0.0065291105156711,0.9901,6550.26,11676.37,3.11,44253,300
rs62433354,7,561838,25000,6.632977327037119,0.0131910608145718,0.9901,16968.26,27331.05,26.16,44253,830
rs17711548,7,92977414,25000,6.459842541019123,0.0073060605790645,0.9901,8070.43,15147.16,3.14,44253,397
rs4730640,7,114343602,25000,6.249842644263546,0.0052965599195555,0.9901,5752.19,12193.94,3.10,44253,383
rs6583435,7,50293405,25000,-6.127995056332736,-0.0057561808493441,0.9901,6454.75,10997.30,3.36,44253,299
chr7_26865199,7,26865199,25000,5.795543455702839,0.0081592111954405,0.9901,7710.34,13037.00,3.64,44253,369
rs28558783,7,9143984,25000,5.747129014148328,0.0172355501572607,0.9901,22776.48,32549.16,4.00,44253,675
rs543985085,7,111870097,25000,5.696211011954834,0.0117986884462677,0.9901,13233.18,20626.68,3.10,44253,443
rs114087609,7,1233367,25000,5.478848301973315,0.0165240255336726,0.9901,18310.82,24776.26,19.04,44253,609
rs10085472,7,39086869,25000,-5.464552467450627,-0.0056390760012924,0.9901,9691.85,16778.05,3.47,44253,369
