rsid,chrom,center_pos,window_half_bp,akbari_X,akbari_S,akbari_posterior,geom_mean_tmrca,arith_mean_tmrca,min_tmrca,n_pairs,n_sites
rs7779160,7,117425564,25000,-10.689391114344978,-0.0087334276638292,0.9901,6428.37,11958.98,3.10,44253,275
rs73195680,7,106037229,25000,-8.397961519733267,-0.0075217602334511,0.9901,9953.63,16686.43,3.11,44253,425
rs10254610,7,117766184,25000,-8.039448098888709,-0.0065291105156711,0.9901,8742.14,13443.39,3.10,44253,289
rs62433354,7,522201,25000,6.632977327037119,0.0131910608145718,0.9901,22789.90,29831.22,29.30,44253,821
rs17711548,7,93348102,25000,6.459842541019123,0.0073060605790645,0.9901,9048.15,15284.60,3.14,44253,401
rs4730640,7,114703547,25000,6.249842644263546,0.0052965599195555,0.9901,8315.84,16252.66,3.11,44253,355
rs6583435,7,50253809,25000,-6.127995056332736,-0.0057561808493441,0.9901,5680.53,9826.05,3.36,44253,332
chr7_26825580,7,26825580,25000,5.795543455702839,0.0081592111954405,0.9901,8989.56,18486.50,3.64,44253,454
rs28558783,7,9104354,25000,5.747129014148328,0.0172355501572607,0.9901,21831.88,30241.41,4.00,44253,678
rs543985085,7,112230042,25000,5.696211011954834,0.0117986884462677,0.9901,7067.79,10695.04,3.20,44253,322
rs114087609,7,1193731,25000,5.478848301973315,0.0165240255336726,0.9901,23501.31,32023.53,13.61,44253,844
rs10085472,7,39047269,25000,-5.464552467450627,-0.0056390760012924,0.9901,13031.71,19566.72,3.47,44253,416
