rsid,chrom,center_pos,window_half_bp,akbari_X,akbari_S,akbari_posterior,geom_mean_tmrca,arith_mean_tmrca,min_tmrca,n_pairs,n_sites
rs7779160,7,117425564,25000,-10.689391114344978,-0.0087334276638292,0.9901,5715.47,11820.06,4.43,19503,157
rs73195680,7,106037229,25000,-8.397961519733267,-0.0075217602334511,0.9901,12108.97,21528.76,28.17,19503,298
rs10254610,7,117766184,25000,-8.039448098888709,-0.0065291105156711,0.9901,4084.92,10143.35,4.67,19503,182
rs62433354,7,522201,25000,6.632977327037119,0.0131910608145718,0.9901,26947.57,35842.65,100.91,19503,511
rs17711548,7,93348102,25000,6.459842541019123,0.0073060605790645,0.9901,6530.62,14740.95,4.84,19503,222
rs4730640,7,114703547,25000,6.249842644263546,0.0052965599195555,0.9901,8228.28,21849.63,4.74,19503,216
rs6583435,7,50253809,25000,-6.127995056332736,-0.0057561808493441,0.9901,7838.46,14675.19,8.37,19503,195
chr7_26825580,7,26825580,25000,5.795543455702839,0.0081592111954405,0.9901,8177.16,25792.15,4.92,19503,309
rs28558783,7,9104354,25000,5.747129014148328,0.0172355501572607,0.9901,14093.22,27412.24,9.77,19503,421
rs543985085,7,112230042,25000,5.696211011954834,0.0117986884462677,0.9901,3646.36,8466.36,8.72,19503,163
rs114087609,7,1193731,25000,5.478848301973315,0.0165240255336726,0.9901,14208.70,29959.98,48.56,19503,444
rs10085472,7,39047269,25000,-5.464552467450627,-0.0056390760012924,0.9901,12371.30,22670.77,4.42,19503,278
