rsid,chrom,center_pos,window_half_bp,akbari_X,akbari_S,akbari_posterior,geom_mean_tmrca,arith_mean_tmrca,min_tmrca,n_pairs,n_sites
rs7779160,7,117065618,25000,-10.689391114344978,-0.0087334276638292,0.9901,3540.79,5446.81,8.12,19503,115
rs73195680,7,105677675,25000,-8.397961519733267,-0.0075217602334511,0.9901,13945.27,20491.11,17.78,19503,278
rs10254610,7,117406238,25000,-8.039448098888709,-0.0065291105156711,0.9901,5795.90,11678.29,4.42,19503,148
rs62433354,7,561838,25000,6.632977327037119,0.0131910608145718,0.9901,19442.85,31691.75,100.34,19503,431
rs17711548,7,92977414,25000,6.459842541019123,0.0073060605790645,0.9901,4963.81,12062.08,5.68,19503,247
rs4730640,7,114343602,25000,6.249842644263546,0.0052965599195555,0.9901,6619.22,14759.12,4.80,19503,172
rs6583435,7,50293405,25000,-6.127995056332736,-0.0057561808493441,0.9901,8427.72,16515.00,4.85,19503,196
chr7_26865199,7,26865199,25000,5.795543455702839,0.0081592111954405,0.9901,6823.53,16440.38,4.97,19503,220
rs28558783,7,9143984,25000,5.747129014148328,0.0172355501572607,0.9901,11357.23,24254.24,9.76,19503,443
rs543985085,7,111870097,25000,5.696211011954834,0.0117986884462677,0.9901,6034.41,19284.62,4.70,19503,192
rs114087609,7,1233367,25000,5.478848301973315,0.0165240255336726,0.9901,8003.37,17332.85,49.07,19503,286
rs10085472,7,39086869,25000,-5.464552467450627,-0.0056390760012924,0.9901,11009.54,20801.31,4.43,19503,256
