rsid,chrom,center_pos,window_half_bp,akbari_X,akbari_S,akbari_posterior,geom_mean_tmrca,arith_mean_tmrca,min_tmrca,n_pairs,n_sites
rs7779160,7,117065618,25000,-10.689391114344978,-0.0087334276638292,0.9901,3301.75,5082.72,14.65,16471,125
rs73195680,7,105677675,25000,-8.397961519733267,-0.0075217602334511,0.9901,13988.00,20205.81,29.88,16471,302
rs10254610,7,117406238,25000,-8.039448098888709,-0.0065291105156711,0.9901,3500.41,9104.65,9.19,16471,151
rs62433354,7,561838,25000,6.632977327037119,0.0131910608145718,0.9901,18584.20,30553.62,103.31,16471,526
rs17711548,7,92977414,25000,6.459842541019123,0.0073060605790645,0.9901,4593.77,11922.94,12.34,16471,262
rs4730640,7,114343602,25000,6.249842644263546,0.0052965599195555,0.9901,6631.12,14382.97,10.57,16471,172
rs6583435,7,50293405,25000,-6.127995056332736,-0.0057561808493441,0.9901,8171.90,15934.74,7.84,16471,200
chr7_26865199,7,26865199,25000,5.795543455702839,0.0081592111954405,0.9901,9342.11,20241.12,12.53,16471,227
rs28558783,7,9143984,25000,5.747129014148328,0.0172355501572607,0.9901,12704.24,25101.49,20.77,16471,405
rs543985085,7,111870097,25000,5.696211011954834,0.0117986884462677,0.9901,5197.91,17198.64,4.93,16471,212
rs114087609,7,1233367,25000,5.478848301973315,0.0165240255336726,0.9901,6485.87,15694.01,87.40,16471,252
rs10085472,7,39086869,25000,-5.464552467450627,-0.0056390760012924,0.9901,11027.68,20070.57,8.06,16471,263
