rsid,chrom,center_pos,window_half_bp,akbari_X,akbari_S,akbari_posterior,geom_mean_tmrca,arith_mean_tmrca,min_tmrca,n_pairs,n_sites
rs7779160,7,117425564,25000,-10.689391114344978,-0.0087334276638292,0.9901,3303.28,8939.86,9.16,16471,162
rs73195680,7,106037229,25000,-8.397961519733267,-0.0075217602334511,0.9901,11462.70,20582.42,26.18,16471,287
rs10254610,7,117766184,25000,-8.039448098888709,-0.0065291105156711,0.9901,2333.24,7030.40,4.84,16471,188
rs62433354,7,522201,25000,6.632977327037119,0.0131910608145718,0.9901,26030.79,35621.01,102.62,16471,547
rs17711548,7,93348102,25000,6.459842541019123,0.0073060605790645,0.9901,7166.99,15581.30,4.84,16471,217
rs4730640,7,114703547,25000,6.249842644263546,0.0052965599195555,0.9901,8481.41,20576.16,9.77,16471,241
rs6583435,7,50253809,25000,-6.127995056332736,-0.0057561808493441,0.9901,6699.88,12650.63,7.88,16471,194
chr7_26825580,7,26825580,25000,5.795543455702839,0.0081592111954405,0.9901,12571.14,32688.47,9.31,16471,333
rs28558783,7,9104354,25000,5.747129014148328,0.0172355501572607,0.9901,15551.30,27278.66,20.79,16471,421
rs543985085,7,112230042,25000,5.696211011954834,0.0117986884462677,0.9901,4048.01,9140.60,12.60,16471,175
rs114087609,7,1193731,25000,5.478848301973315,0.0165240255336726,0.9901,14969.80,30307.31,87.21,16471,414
rs10085472,7,39047269,25000,-5.464552467450627,-0.0056390760012924,0.9901,12450.73,22507.45,8.08,16471,278
