rsid,chrom,center_pos,window_half_bp,akbari_X,akbari_S,akbari_posterior,geom_mean_tmrca,arith_mean_tmrca,min_tmrca,n_pairs,n_sites
rs7779160,7,117065618,25000,-10.689391114344978,-0.0087334276638292,0.9901,2942.57,4676.45,6.18,21115,133
rs73195680,7,105677675,25000,-8.397961519733267,-0.0075217602334511,0.9901,12916.84,19160.17,24.90,21115,312
rs10254610,7,117406238,25000,-8.039448098888709,-0.0065291105156711,0.9901,5020.64,10678.09,4.35,21115,161
rs62433354,7,561838,25000,6.632977327037119,0.0131910608145718,0.9901,9478.24,19329.03,76.51,21115,579
rs17711548,7,92977414,25000,6.459842541019123,0.0073060605790645,0.9901,8086.87,15274.53,7.82,21115,291
rs4730640,7,114343602,25000,6.249842644263546,0.0052965599195555,0.9901,7560.23,14041.12,4.50,21115,220
rs6583435,7,50293405,25000,-6.127995056332736,-0.0057561808493441,0.9901,8473.52,15037.78,4.36,21115,229
chr7_26865199,7,26865199,25000,5.795543455702839,0.0081592111954405,0.9901,6618.51,17007.82,7.29,21115,247
rs28558783,7,9143984,25000,5.747129014148328,0.0172355501572607,0.9901,9745.43,21280.95,5.27,21115,431
rs543985085,7,111870097,25000,5.696211011954834,0.0117986884462677,0.9901,4003.35,13771.51,4.68,21115,276
rs114087609,7,1233367,25000,5.478848301973315,0.0165240255336726,0.9901,9063.69,18942.56,64.42,21115,304
rs10085472,7,39086869,25000,-5.464552467450627,-0.0056390760012924,0.9901,9822.43,18997.99,4.48,21115,289
