rsid,chrom,center_pos,window_half_bp,akbari_X,akbari_S,akbari_posterior,geom_mean_tmrca,arith_mean_tmrca,min_tmrca,n_pairs,n_sites
rs7779160,7,117425564,25000,-10.689391114344978,-0.0087334276638292,0.9901,4876.06,10609.82,4.35,21115,158
rs73195680,7,106037229,25000,-8.397961519733267,-0.0075217602334511,0.9901,11283.18,20743.62,21.03,21115,299
rs10254610,7,117766184,25000,-8.039448098888709,-0.0065291105156711,0.9901,1903.81,5503.19,4.38,21115,168
rs62433354,7,522201,25000,6.632977327037119,0.0131910608145718,0.9901,23431.08,31681.43,77.89,21115,612
rs17711548,7,93348102,25000,6.459842541019123,0.0073060605790645,0.9901,5303.64,12912.65,4.87,21115,240
rs4730640,7,114703547,25000,6.249842644263546,0.0052965599195555,0.9901,9761.78,20462.27,4.63,21115,249
rs6583435,7,50253809,25000,-6.127995056332736,-0.0057561808493441,0.9901,8363.60,14688.69,4.36,21115,261
chr7_26825580,7,26825580,25000,5.795543455702839,0.0081592111954405,0.9901,8278.73,27641.05,5.67,21115,365
rs28558783,7,9104354,25000,5.747129014148328,0.0172355501572607,0.9901,11791.85,23048.92,5.21,21115,462
rs543985085,7,112230042,25000,5.696211011954834,0.0117986884462677,0.9901,4537.38,9669.63,8.15,21115,178
rs114087609,7,1193731,25000,5.478848301973315,0.0165240255336726,0.9901,13547.33,27612.86,83.00,21115,484
rs10085472,7,39047269,25000,-5.464552467450627,-0.0056390760012924,0.9901,11237.54,20674.39,4.44,21115,315
