rsid,chrom,center_pos,window_half_bp,akbari_X,akbari_S,akbari_posterior,geom_mean_tmrca,arith_mean_tmrca,min_tmrca,n_pairs,n_sites
rs7779160,7,117425564,25000,-10.689391114344978,-0.0087334276638292,0.9901,6299.71,11273.79,3.18,63190,292
rs73195680,7,106037229,25000,-8.397961519733267,-0.0075217602334511,0.9901,10376.25,17133.42,3.11,63190,465
rs10254610,7,117766184,25000,-8.039448098888709,-0.0065291105156711,0.9901,7889.98,12664.70,3.11,63190,291
rs62433354,7,522201,25000,6.632977327037119,0.0131910608145718,0.9901,22601.76,29383.89,25.80,63190,872
rs17711548,7,93348102,25000,6.459842541019123,0.0073060605790645,0.9901,8812.76,14897.59,3.14,63190,434
rs4730640,7,114703547,25000,6.249842644263546,0.0052965599195555,0.9901,7226.28,14631.86,3.11,63190,416
rs6583435,7,50253809,25000,-6.127995056332736,-0.0057561808493441,0.9901,4746.55,9387.80,3.36,63190,345
chr7_26825580,7,26825580,25000,5.795543455702839,0.0081592111954405,0.9901,9715.73,21775.75,3.64,63190,457
rs28558783,7,9104354,25000,5.747129014148328,0.0172355501572607,0.9901,21290.24,29931.65,4.00,63190,644
rs543985085,7,112230042,25000,5.696211011954834,0.0117986884462677,0.9901,8514.62,12395.31,3.11,63190,338
rs114087609,7,1193731,25000,5.478848301973315,0.0165240255336726,0.9901,23528.77,31929.55,26.33,63190,902
rs10085472,7,39047269,25000,-5.464552467450627,-0.0056390760012924,0.9901,13505.71,19664.91,3.47,63190,481
