rsid,chrom,center_pos,window_half_bp,akbari_X,akbari_S,akbari_posterior,geom_mean_tmrca,arith_mean_tmrca,min_tmrca,n_pairs,n_sites
rs7779160,7,117065618,25000,-10.689391114344978,-0.0087334276638292,0.9901,3455.02,5192.89,3.11,63190,235
rs73195680,7,105677675,25000,-8.397961519733267,-0.0075217602334511,0.9901,11046.13,16578.44,3.11,63190,453
rs10254610,7,117406238,25000,-8.039448098888709,-0.0065291105156711,0.9901,6372.63,10732.98,3.17,63190,300
rs62433354,7,561838,25000,6.632977327037119,0.0131910608145718,0.9901,17592.80,27520.05,25.57,63190,828
rs17711548,7,92977414,25000,6.459842541019123,0.0073060605790645,0.9901,9021.92,15503.60,3.14,63190,418
rs4730640,7,114343602,25000,6.249842644263546,0.0052965599195555,0.9901,6806.54,12608.61,3.10,63190,401
rs6583435,7,50293405,25000,-6.127995056332736,-0.0057561808493441,0.9901,5966.39,10637.54,3.36,63190,306
chr7_26865199,7,26865199,25000,5.795543455702839,0.0081592111954405,0.9901,8541.24,15508.82,3.64,63190,367
rs28558783,7,9143984,25000,5.747129014148328,0.0172355501572607,0.9901,22853.22,32252.85,4.00,63190,732
rs543985085,7,111870097,25000,5.696211011954834,0.0117986884462677,0.9901,12966.29,20044.72,3.10,63190,487
rs114087609,7,1233367,25000,5.478848301973315,0.0165240255336726,0.9901,18475.69,24730.81,24.67,63190,614
rs10085472,7,39086869,25000,-5.464552467450627,-0.0056390760012924,0.9901,11684.13,18343.22,3.47,63190,425
