rsid,chrom,center_pos,window_half_bp,akbari_X,akbari_S,akbari_posterior,geom_mean_tmrca,arith_mean_tmrca,min_tmrca,n_pairs,n_sites
rs7779160,7,117065618,25000,-10.689391114344978,-0.0087334276638292,0.9901,3204.60,5077.38,4.36,49141,166
rs73195680,7,105677675,25000,-8.397961519733267,-0.0075217602334511,0.9901,13902.87,19984.39,4.35,49141,341
rs10254610,7,117406238,25000,-8.039448098888709,-0.0065291105156711,0.9901,3870.70,9301.85,4.36,49141,192
rs62433354,7,561838,25000,6.632977327037119,0.0131910608145718,0.9901,17139.45,28719.16,23.30,49141,682
rs17711548,7,92977414,25000,6.459842541019123,0.0073060605790645,0.9901,6166.10,13479.69,4.36,49141,309
rs4730640,7,114343602,25000,6.249842644263546,0.0052965599195555,0.9901,6127.07,13491.43,4.35,49141,228
rs6583435,7,50293405,25000,-6.127995056332736,-0.0057561808493441,0.9901,8352.16,15294.83,4.37,49141,244
chr7_26865199,7,26865199,25000,5.795543455702839,0.0081592111954405,0.9901,9174.46,19174.23,4.51,49141,285
rs28558783,7,9143984,25000,5.747129014148328,0.0172355501572607,0.9901,13705.51,25484.17,4.93,49141,555
rs543985085,7,111870097,25000,5.696211011954834,0.0117986884462677,0.9901,3662.27,14508.10,4.35,49141,236
rs114087609,7,1233367,25000,5.478848301973315,0.0165240255336726,0.9901,9123.35,18462.18,14.76,49141,397
rs10085472,7,39086869,25000,-5.464552467450627,-0.0056390760012924,0.9901,10972.37,19752.20,4.40,49141,322
