rsid,chrom,center_pos,window_half_bp,akbari_X,akbari_S,akbari_posterior,geom_mean_tmrca,arith_mean_tmrca,min_tmrca,n_pairs,n_sites
rs7779160,7,117425564,25000,-10.689391114344978,-0.0087334276638292,0.9901,3716.71,9224.57,4.35,49141,192
rs73195680,7,106037229,25000,-8.397961519733267,-0.0075217602334511,0.9901,11407.97,20303.91,4.35,49141,330
rs10254610,7,117766184,25000,-8.039448098888709,-0.0065291105156711,0.9901,2809.94,7860.93,4.35,49141,238
rs62433354,7,522201,25000,6.632977327037119,0.0131910608145718,0.9901,25050.57,34041.97,24.70,49141,645
rs17711548,7,93348102,25000,6.459842541019123,0.0073060605790645,0.9901,7315.38,15587.70,4.36,49141,272
rs4730640,7,114703547,25000,6.249842644263546,0.0052965599195555,0.9901,8948.18,20934.99,4.36,49141,282
rs6583435,7,50253809,25000,-6.127995056332736,-0.0057561808493441,0.9901,6902.98,12229.14,4.36,49141,239
chr7_26825580,7,26825580,25000,5.795543455702839,0.0081592111954405,0.9901,12366.10,31069.29,4.50,49141,363
rs28558783,7,9104354,25000,5.747129014148328,0.0172355501572607,0.9901,16807.18,28096.98,4.94,49141,508
rs543985085,7,112230042,25000,5.696211011954834,0.0117986884462677,0.9901,3618.47,8081.82,4.35,49141,209
rs114087609,7,1193731,25000,5.478848301973315,0.0165240255336726,0.9901,13751.36,29039.76,15.01,49141,553
rs10085472,7,39047269,25000,-5.464552467450627,-0.0056390760012924,0.9901,12717.09,22411.54,4.40,49141,330
