rsid,chrom,center_pos,window_half_bp,akbari_X,akbari_S,akbari_posterior,geom_mean_tmrca,arith_mean_tmrca,min_tmrca,n_pairs,n_sites
rs7779160,7,117065618,25000,-10.689391114344978,-0.0087334276638292,0.9901,3067.23,5092.88,4.56,22791,144
rs73195680,7,105677675,25000,-8.397961519733267,-0.0075217602334511,0.9901,14913.01,20907.20,21.02,22791,324
rs10254610,7,117406238,25000,-8.039448098888709,-0.0065291105156711,0.9901,4150.09,9854.17,4.36,22791,156
rs62433354,7,561838,25000,6.632977327037119,0.0131910608145718,0.9901,9710.28,20326.02,69.34,22791,592
rs17711548,7,92977414,25000,6.459842541019123,0.0073060605790645,0.9901,8530.30,15565.10,7.49,22791,288
rs4730640,7,114343602,25000,6.249842644263546,0.0052965599195555,0.9901,7514.89,13647.91,4.36,22791,208
rs6583435,7,50293405,25000,-6.127995056332736,-0.0057561808493441,0.9901,9355.08,15435.47,4.36,22791,251
chr7_26865199,7,26865199,25000,5.795543455702839,0.0081592111954405,0.9901,6563.60,16601.49,4.99,22791,259
rs28558783,7,9143984,25000,5.747129014148328,0.0172355501572607,0.9901,10840.36,23391.15,5.86,22791,451
rs543985085,7,111870097,25000,5.696211011954834,0.0117986884462677,0.9901,2894.78,11813.94,10.66,22791,278
rs114087609,7,1233367,25000,5.478848301973315,0.0165240255336726,0.9901,7075.30,16060.66,51.81,22791,339
rs10085472,7,39086869,25000,-5.464552467450627,-0.0056390760012924,0.9901,8829.07,17746.92,4.41,22791,313
