rsid,chrom,center_pos,window_half_bp,akbari_X,akbari_S,akbari_posterior,geom_mean_tmrca,arith_mean_tmrca,min_tmrca,n_pairs,n_sites
rs7779160,7,117425564,25000,-10.689391114344978,-0.0087334276638292,0.9901,4068.40,9872.55,4.35,22791,166
rs73195680,7,106037229,25000,-8.397961519733267,-0.0075217602334511,0.9901,12954.87,22180.44,16.26,22791,319
rs10254610,7,117766184,25000,-8.039448098888709,-0.0065291105156711,0.9901,1877.97,5665.77,4.36,22791,168
rs62433354,7,522201,25000,6.632977327037119,0.0131910608145718,0.9901,22802.25,31230.22,53.57,22791,633
rs17711548,7,93348102,25000,6.459842541019123,0.0073060605790645,0.9901,6029.69,13907.56,4.36,22791,242
rs4730640,7,114703547,25000,6.249842644263546,0.0052965599195555,0.9901,10833.95,21159.82,4.46,22791,253
rs6583435,7,50253809,25000,-6.127995056332736,-0.0057561808493441,0.9901,8169.07,14022.09,4.36,22791,266
chr7_26825580,7,26825580,25000,5.795543455702839,0.0081592111954405,0.9901,8155.59,27072.53,5.02,22791,384
rs28558783,7,9104354,25000,5.747129014148328,0.0172355501572607,0.9901,12408.15,23992.26,5.48,22791,453
rs543985085,7,112230042,25000,5.696211011954834,0.0117986884462677,0.9901,4668.82,9660.79,4.62,22791,204
rs114087609,7,1193731,25000,5.478848301973315,0.0165240255336726,0.9901,11472.12,25969.30,55.08,22791,531
rs10085472,7,39047269,25000,-5.464552467450627,-0.0056390760012924,0.9901,10765.94,20145.30,8.74,22791,342
