rsid,chrom,center_pos,window_half_bp,akbari_X,akbari_S,akbari_posterior,geom_mean_tmrca,arith_mean_tmrca,min_tmrca,n_pairs,n_sites
rs7779160,7,117065618,25000,-10.689391114344978,-0.0087334276638292,0.9901,2831.61,5634.72,26.62,21528,98
rs73195680,7,105677675,25000,-8.397961519733267,-0.0075217602334511,0.9901,14065.04,20799.80,32.31,21528,282
rs10254610,7,117406238,25000,-8.039448098888709,-0.0065291105156711,0.9901,3119.77,9135.15,18.11,21528,122
rs62433354,7,561838,25000,6.632977327037119,0.0131910608145718,0.9901,20720.48,32863.55,208.77,21528,530
rs17711548,7,92977414,25000,6.459842541019123,0.0073060605790645,0.9901,8776.12,15682.67,27.27,21528,223
rs4730640,7,114343602,25000,6.249842644263546,0.0052965599195555,0.9901,5144.73,11242.44,4.63,21528,132
rs6583435,7,50293405,25000,-6.127995056332736,-0.0057561808493441,0.9901,7510.12,15694.40,15.96,21528,177
chr7_26865199,7,26865199,25000,5.795543455702839,0.0081592111954405,0.9901,4811.18,14020.77,8.93,21528,217
rs28558783,7,9143984,25000,5.747129014148328,0.0172355501572607,0.9901,9751.16,23177.78,67.16,21528,375
rs543985085,7,111870097,25000,5.696211011954834,0.0117986884462677,0.9901,3806.02,14569.75,17.33,21528,240
rs114087609,7,1233367,25000,5.478848301973315,0.0165240255336726,0.9901,12946.55,23582.67,131.77,21528,263
rs10085472,7,39086869,25000,-5.464552467450627,-0.0056390760012924,0.9901,6631.10,16111.06,7.94,21528,230
