rsid,chrom,center_pos,window_half_bp,akbari_X,akbari_S,akbari_posterior,geom_mean_tmrca,arith_mean_tmrca,min_tmrca,n_pairs,n_sites
rs7779160,7,117425564,25000,-10.689391114344978,-0.0087334276638292,0.9901,2929.79,8907.00,19.04,21528,146
rs73195680,7,106037229,25000,-8.397961519733267,-0.0075217602334511,0.9901,8125.49,17213.94,25.22,21528,270
rs10254610,7,117766184,25000,-8.039448098888709,-0.0065291105156711,0.9901,775.23,1112.28,4.68,21528,96
rs62433354,7,522201,25000,6.632977327037119,0.0131910608145718,0.9901,25016.22,33776.20,310.74,21528,497
rs17711548,7,93348102,25000,6.459842541019123,0.0073060605790645,0.9901,7044.22,15086.61,23.19,21528,198
rs4730640,7,114703547,25000,6.249842644263546,0.0052965599195555,0.9901,7217.24,18235.17,4.84,21528,226
rs6583435,7,50253809,25000,-6.127995056332736,-0.0057561808493441,0.9901,6081.83,13237.68,17.76,21528,196
chr7_26825580,7,26825580,25000,5.795543455702839,0.0081592111954405,0.9901,5153.46,20805.09,15.61,21528,321
rs28558783,7,9104354,25000,5.747129014148328,0.0172355501572607,0.9901,9837.81,22617.45,50.25,21528,356
rs543985085,7,112230042,25000,5.696211011954834,0.0117986884462677,0.9901,2560.30,8078.48,22.53,21528,136
rs114087609,7,1193731,25000,5.478848301973315,0.0165240255336726,0.9901,17580.66,33540.76,165.50,21528,404
rs10085472,7,39047269,25000,-5.464552467450627,-0.0056390760012924,0.9901,5272.60,15704.87,8.03,21528,262
