rsid,chrom,center_pos,window_half_bp,akbari_X,akbari_S,akbari_posterior,geom_mean_tmrca,arith_mean_tmrca,min_tmrca,n_pairs,n_sites
rs7779160,7,117425564,25000,-10.689391114344978,-0.0087334276638292,0.9901,3438.94,9360.33,4.37,29646,128
rs73195680,7,106037229,25000,-8.397961519733267,-0.0075217602334511,0.9901,8610.86,17389.84,4.37,29646,271
rs10254610,7,117766184,25000,-8.039448098888709,-0.0065291105156711,0.9901,819.96,1402.26,4.37,29646,121
rs62433354,7,522201,25000,6.632977327037119,0.0131910608145718,0.9901,26263.11,34594.80,36.59,29646,531
rs17711548,7,93348102,25000,6.459842541019123,0.0073060605790645,0.9901,7120.18,15282.14,4.37,29646,231
rs4730640,7,114703547,25000,6.249842644263546,0.0052965599195555,0.9901,8565.47,19748.13,4.38,29646,273
rs6583435,7,50253809,25000,-6.127995056332736,-0.0057561808493441,0.9901,4534.58,11290.01,4.38,29646,236
chr7_26825580,7,26825580,25000,5.795543455702839,0.0081592111954405,0.9901,7381.69,24566.32,4.60,29646,324
rs28558783,7,9104354,25000,5.747129014148328,0.0172355501572607,0.9901,11730.63,24416.06,5.01,29646,389
rs543985085,7,112230042,25000,5.696211011954834,0.0117986884462677,0.9901,3190.49,9351.56,4.37,29646,183
rs114087609,7,1193731,25000,5.478848301973315,0.0165240255336726,0.9901,13329.11,28690.60,12.39,29646,471
rs10085472,7,39047269,25000,-5.464552467450627,-0.0056390760012924,0.9901,5332.15,16317.72,4.43,29646,312
