rsid,chrom,center_pos,window_half_bp,akbari_X,akbari_S,akbari_posterior,geom_mean_tmrca,arith_mean_tmrca,min_tmrca,n_pairs,n_sites
rs7779160,7,117065618,25000,-10.689391114344978,-0.0087334276638292,0.9901,3301.04,6054.54,4.38,29646,111
rs73195680,7,105677675,25000,-8.397961519733267,-0.0075217602334511,0.9901,15081.72,22406.74,4.45,29646,295
rs10254610,7,117406238,25000,-8.039448098888709,-0.0065291105156711,0.9901,3569.21,9254.90,4.37,29646,125
rs62433354,7,561838,25000,6.632977327037119,0.0131910608145718,0.9901,18342.09,30368.80,37.46,29646,534
rs17711548,7,92977414,25000,6.459842541019123,0.0073060605790645,0.9901,10257.68,17417.95,4.37,29646,239
rs4730640,7,114343602,25000,6.249842644263546,0.0052965599195555,0.9901,6148.65,12493.62,4.37,29646,163
rs6583435,7,50293405,25000,-6.127995056332736,-0.0057561808493441,0.9901,6810.91,14193.75,4.38,29646,206
chr7_26865199,7,26865199,25000,5.795543455702839,0.0081592111954405,0.9901,6667.85,16319.26,4.53,29646,226
rs28558783,7,9143984,25000,5.747129014148328,0.0172355501572607,0.9901,11180.96,24588.93,5.00,29646,388
rs543985085,7,111870097,25000,5.696211011954834,0.0117986884462677,0.9901,4314.81,15025.23,4.37,29646,267
rs114087609,7,1233367,25000,5.478848301973315,0.0165240255336726,0.9901,10666.49,22390.25,12.14,29646,345
rs10085472,7,39086869,25000,-5.464552467450627,-0.0056390760012924,0.9901,7165.76,17541.86,4.43,29646,238
