rsid,chrom,center_pos,window_half_bp,akbari_X,akbari_S,akbari_posterior,geom_mean_tmrca,arith_mean_tmrca,min_tmrca,n_pairs,n_sites
rs7779160,7,117065618,25000,-10.689391114344978,-0.0087334276638292,0.9901,3159.24,5016.15,10.18,19503,194
rs73195680,7,105677675,25000,-8.397961519733267,-0.0075217602334511,0.9901,12744.21,18050.42,25.42,19503,441
rs10254610,7,117406238,25000,-8.039448098888709,-0.0065291105156711,0.9901,7943.51,12395.14,8.63,19503,301
rs62433354,7,561838,25000,6.632977327037119,0.0131910608145718,0.9901,19190.79,28160.51,100.53,19503,911
rs17711548,7,92977414,25000,6.459842541019123,0.0073060605790645,0.9901,9281.74,15254.97,13.48,19503,427
rs4730640,7,114343602,25000,6.249842644263546,0.0052965599195555,0.9901,6463.22,12771.83,3.41,19503,357
rs6583435,7,50293405,25000,-6.127995056332736,-0.0057561808493441,0.9901,6432.98,10828.35,3.88,19503,301
chr7_26865199,7,26865199,25000,5.795543455702839,0.0081592111954405,0.9901,7439.98,12471.36,7.45,19503,375
rs28558783,7,9143984,25000,5.747129014148328,0.0172355501572607,0.9901,23506.30,31954.56,14.55,19503,681
rs543985085,7,111870097,25000,5.696211011954834,0.0117986884462677,0.9901,13130.58,19754.67,9.23,19503,411
rs114087609,7,1233367,25000,5.478848301973315,0.0165240255336726,0.9901,19030.89,24728.22,79.63,19503,615
rs10085472,7,39086869,25000,-5.464552467450627,-0.0056390760012924,0.9901,9427.14,16079.72,9.10,19503,419
