rsid,chrom,center_pos,window_half_bp,akbari_X,akbari_S,akbari_posterior,geom_mean_tmrca,arith_mean_tmrca,min_tmrca,n_pairs,n_sites
rs7779160,7,117425564,25000,-10.689391114344978,-0.0087334276638292,0.9901,7912.43,12418.41,5.96,19503,287
rs73195680,7,106037229,25000,-8.397961519733267,-0.0075217602334511,0.9901,11097.08,17633.04,13.66,19503,447
rs10254610,7,117766184,25000,-8.039448098888709,-0.0065291105156711,0.9901,9793.93,13852.93,6.40,19503,296
rs62433354,7,522201,25000,6.632977327037119,0.0131910608145718,0.9901,25810.56,31487.39,100.48,19503,843
rs17711548,7,93348102,25000,6.459842541019123,0.0073060605790645,0.9901,10244.83,16139.42,9.89,19503,436
rs4730640,7,114703547,25000,6.249842644263546,0.0052965599195555,0.9901,7701.62,15145.21,3.48,19503,364
rs6583435,7,50253809,25000,-6.127995056332736,-0.0057561808493441,0.9901,5154.85,9262.29,3.71,19503,340
chr7_26825580,7,26825580,25000,5.795543455702839,0.0081592111954405,0.9901,8431.82,18155.82,7.67,19503,434
rs28558783,7,9104354,25000,5.747129014148328,0.0172355501572607,0.9901,22412.42,29958.44,12.74,19503,654
rs543985085,7,112230042,25000,5.696211011954834,0.0117986884462677,0.9901,7480.25,11092.86,12.86,19503,309
rs114087609,7,1193731,25000,5.478848301973315,0.0165240255336726,0.9901,24555.24,31860.26,78.13,19503,844
rs10085472,7,39047269,25000,-5.464552467450627,-0.0056390760012924,0.9901,14001.56,19846.19,9.86,19503,467
