rsid,chrom,center_pos,window_half_bp,akbari_X,akbari_S,akbari_posterior,geom_mean_tmrca,arith_mean_tmrca,min_tmrca,n_pairs,n_sites
rs7779160,7,117065618,25000,-10.689391114344978,-0.0087334276638292,0.9901,3574.27,5281.47,3.12,19503,212
rs73195680,7,105677675,25000,-8.397961519733267,-0.0075217602334511,0.9901,11908.95,17446.80,3.21,19503,436
rs10254610,7,117406238,25000,-8.039448098888709,-0.0065291105156711,0.9901,6976.71,12239.56,3.02,19503,268
rs62433354,7,561838,25000,6.632977327037119,0.0131910608145718,0.9901,17452.54,27132.44,28.27,19503,787
rs17711548,7,92977414,25000,6.459842541019123,0.0073060605790645,0.9901,9715.36,15471.99,3.08,19503,386
rs4730640,7,114343602,25000,6.249842644263546,0.0052965599195555,0.9901,6967.20,12680.46,3.02,19503,370
rs6583435,7,50293405,25000,-6.127995056332736,-0.0057561808493441,0.9901,7097.30,11215.41,3.02,19503,295
chr7_26865199,7,26865199,25000,5.795543455702839,0.0081592111954405,0.9901,9840.55,16711.92,3.02,19503,349
rs28558783,7,9143984,25000,5.747129014148328,0.0172355501572607,0.9901,23302.41,32286.01,3.03,19503,728
rs543985085,7,111870097,25000,5.696211011954834,0.0117986884462677,0.9901,13303.87,20091.30,3.47,19503,444
rs114087609,7,1233367,25000,5.478848301973315,0.0165240255336726,0.9901,17563.02,23715.47,31.54,19503,575
rs10085472,7,39086869,25000,-5.464552467450627,-0.0056390760012924,0.9901,12563.29,18782.23,3.02,19503,402
