rsid,chrom,center_pos,window_half_bp,akbari_X,akbari_S,akbari_posterior,geom_mean_tmrca,arith_mean_tmrca,min_tmrca,n_pairs,n_sites
rs7779160,7,117425564,25000,-10.689391114344978,-0.0087334276638292,0.9901,6729.03,12277.74,3.03,19503,263
rs73195680,7,106037229,25000,-8.397961519733267,-0.0075217602334511,0.9901,11201.70,17673.68,3.03,19503,428
rs10254610,7,117766184,25000,-8.039448098888709,-0.0065291105156711,0.9901,9272.06,13654.71,3.02,19503,292
rs62433354,7,522201,25000,6.632977327037119,0.0131910608145718,0.9901,22751.41,29669.98,28.27,19503,802
rs17711548,7,93348102,25000,6.459842541019123,0.0073060605790645,0.9901,10338.97,16193.94,5.27,19503,421
rs4730640,7,114703547,25000,6.249842644263546,0.0052965599195555,0.9901,7946.45,14871.75,3.03,19503,371
rs6583435,7,50253809,25000,-6.127995056332736,-0.0057561808493441,0.9901,7495.17,11628.46,3.02,19503,364
chr7_26825580,7,26825580,25000,5.795543455702839,0.0081592111954405,0.9901,11772.68,23738.80,3.02,19503,430
rs28558783,7,9104354,25000,5.747129014148328,0.0172355501572607,0.9901,19714.37,28576.32,3.03,19503,664
rs543985085,7,112230042,25000,5.696211011954834,0.0117986884462677,0.9901,8569.74,12171.39,4.74,19503,328
rs114087609,7,1193731,25000,5.478848301973315,0.0165240255336726,0.9901,24420.05,32518.44,31.87,19503,807
rs10085472,7,39047269,25000,-5.464552467450627,-0.0056390760012924,0.9901,14903.24,20139.62,3.02,19503,465
