rsid,chrom,center_pos,window_half_bp,akbari_X,akbari_S,akbari_posterior,geom_mean_tmrca,arith_mean_tmrca,min_tmrca,n_pairs,n_sites
rs7779160,7,117425564,25000,-10.689391114344978,-0.0087334276638292,0.9901,4968.40,11398.16,4.35,18721,219
rs73195680,7,106037229,25000,-8.397961519733267,-0.0075217602334511,0.9901,5600.59,15732.83,4.35,18721,279
rs10254610,7,117766184,25000,-8.039448098888709,-0.0065291105156711,0.9901,2272.90,7016.15,4.35,18721,219
rs62433354,7,522201,25000,6.632977327037119,0.0131910608145718,0.9901,21783.15,32163.88,30.39,18721,548
rs17711548,7,93348102,25000,6.459842541019123,0.0073060605790645,0.9901,5887.90,13271.70,4.35,18721,280
rs4730640,7,114703547,25000,6.249842644263546,0.0052965599195555,0.9901,9269.73,19834.55,4.35,18721,261
rs6583435,7,50253809,25000,-6.127995056332736,-0.0057561808493441,0.9901,5471.93,11214.10,4.36,18721,259
chr7_26825580,7,26825580,25000,5.795543455702839,0.0081592111954405,0.9901,8560.43,27221.39,4.50,18721,384
rs28558783,7,9104354,25000,5.747129014148328,0.0172355501572607,0.9901,11982.22,24735.18,4.95,18721,453
rs543985085,7,112230042,25000,5.696211011954834,0.0117986884462677,0.9901,5066.47,9814.52,4.35,18721,201
rs114087609,7,1193731,25000,5.478848301973315,0.0165240255336726,0.9901,14404.69,29047.15,24.89,18721,498
rs10085472,7,39047269,25000,-5.464552467450627,-0.0056390760012924,0.9901,13238.23,22613.46,4.40,18721,364
