rsid,chrom,center_pos,window_half_bp,akbari_X,akbari_S,akbari_posterior,geom_mean_tmrca,arith_mean_tmrca,min_tmrca,n_pairs,n_sites
rs7779160,7,117065618,25000,-10.689391114344978,-0.0087334276638292,0.9901,2982.81,4916.48,4.35,18721,138
rs73195680,7,105677675,25000,-8.397961519733267,-0.0075217602334511,0.9901,11840.88,18309.87,4.35,18721,296
rs10254610,7,117406238,25000,-8.039448098888709,-0.0065291105156711,0.9901,5109.98,11688.38,4.35,18721,211
rs62433354,7,561838,25000,6.632977327037119,0.0131910608145718,0.9901,13819.00,26848.03,30.10,18721,496
rs17711548,7,92977414,25000,6.459842541019123,0.0073060605790645,0.9901,7544.03,14421.78,4.35,18721,258
rs4730640,7,114343602,25000,6.249842644263546,0.0052965599195555,0.9901,7426.45,14025.64,4.35,18721,211
rs6583435,7,50293405,25000,-6.127995056332736,-0.0057561808493441,0.9901,6901.10,14962.79,4.36,18721,224
chr7_26865199,7,26865199,25000,5.795543455702839,0.0081592111954405,0.9901,6234.51,16621.81,4.50,18721,286
rs28558783,7,9143984,25000,5.747129014148328,0.0172355501572607,0.9901,12503.67,25613.39,4.95,18721,483
rs543985085,7,111870097,25000,5.696211011954834,0.0117986884462677,0.9901,5225.72,17111.64,4.35,18721,246
rs114087609,7,1233367,25000,5.478848301973315,0.0165240255336726,0.9901,10297.99,20263.02,24.52,18721,354
rs10085472,7,39086869,25000,-5.464552467450627,-0.0056390760012924,0.9901,10442.65,19500.82,4.40,18721,324
