rsid,chrom,center_pos,window_half_bp,akbari_X,akbari_S,akbari_posterior,geom_mean_tmrca,arith_mean_tmrca,min_tmrca,n_pairs,n_sites
rs7779160,7,117065618,25000,-10.689391114344978,-0.0087334276638292,0.9901,2381.43,4589.10,4.38,29646,122
rs73195680,7,105677675,25000,-8.397961519733267,-0.0075217602334511,0.9901,11863.80,19073.56,4.37,29646,321
rs10254610,7,117406238,25000,-8.039448098888709,-0.0065291105156711,0.9901,4060.13,10416.22,4.37,29646,137
rs62433354,7,561838,25000,6.632977327037119,0.0131910608145718,0.9901,10261.00,24359.33,26.95,29646,522
rs17711548,7,92977414,25000,6.459842541019123,0.0073060605790645,0.9901,8246.17,16351.33,4.38,29646,297
rs4730640,7,114343602,25000,6.249842644263546,0.0052965599195555,0.9901,6210.14,14300.28,4.37,29646,173
rs6583435,7,50293405,25000,-6.127995056332736,-0.0057561808493441,0.9901,4669.64,12909.09,4.39,29646,227
chr7_26865199,7,26865199,25000,5.795543455702839,0.0081592111954405,0.9901,4879.31,13802.27,4.53,29646,247
rs28558783,7,9143984,25000,5.747129014148328,0.0172355501572607,0.9901,11526.47,26721.39,4.99,29646,421
rs543985085,7,111870097,25000,5.696211011954834,0.0117986884462677,0.9901,2834.99,14000.02,4.37,29646,222
rs114087609,7,1233367,25000,5.478848301973315,0.0165240255336726,0.9901,9704.97,21134.93,15.46,29646,377
rs10085472,7,39086869,25000,-5.464552467450627,-0.0056390760012924,0.9901,7598.10,18631.86,4.43,29646,281
