rsid,chrom,center_pos,window_half_bp,akbari_X,akbari_S,akbari_posterior,geom_mean_tmrca,arith_mean_tmrca,min_tmrca,n_pairs,n_sites
rs7779160,7,117425564,25000,-10.689391114344978,-0.0087334276638292,0.9901,3884.56,10231.27,4.37,29646,135
rs73195680,7,106037229,25000,-8.397961519733267,-0.0075217602334511,0.9901,5451.04,14877.53,4.38,29646,292
rs10254610,7,117766184,25000,-8.039448098888709,-0.0065291105156711,0.9901,1256.66,3630.15,4.37,29646,167
rs62433354,7,522201,25000,6.632977327037119,0.0131910608145718,0.9901,15628.19,28417.89,28.15,29646,541
rs17711548,7,93348102,25000,6.459842541019123,0.0073060605790645,0.9901,6007.63,14508.89,4.38,29646,295
rs4730640,7,114703547,25000,6.249842644263546,0.0052965599195555,0.9901,7678.93,19878.23,4.38,29646,238
rs6583435,7,50253809,25000,-6.127995056332736,-0.0057561808493441,0.9901,3836.81,10102.35,4.39,29646,217
chr7_26825580,7,26825580,25000,5.795543455702839,0.0081592111954405,0.9901,6498.66,22873.23,4.53,29646,334
rs28558783,7,9104354,25000,5.747129014148328,0.0172355501572607,0.9901,8500.70,22067.86,4.99,29646,411
rs543985085,7,112230042,25000,5.696211011954834,0.0117986884462677,0.9901,3556.83,9490.26,4.37,29646,168
rs114087609,7,1193731,25000,5.478848301973315,0.0165240255336726,0.9901,12857.52,28257.90,15.76,29646,499
rs10085472,7,39047269,25000,-5.464552467450627,-0.0056390760012924,0.9901,8378.83,20564.31,4.43,29646,286
