rsid,chrom,center_pos,window_half_bp,akbari_X,akbari_S,akbari_posterior,geom_mean_tmrca,arith_mean_tmrca,min_tmrca,n_pairs,n_sites
rs7779160,7,117425564,25000,-10.689391114344978,-0.0087334276638292,0.9901,4708.66,10534.99,4.36,42486,191
rs73195680,7,106037229,25000,-8.397961519733267,-0.0075217602334511,0.9901,11009.14,20280.16,4.36,42486,357
rs10254610,7,117766184,25000,-8.039448098888709,-0.0065291105156711,0.9901,2340.82,6601.21,4.36,42486,201
rs62433354,7,522201,25000,6.632977327037119,0.0131910608145718,0.9901,25192.95,33158.20,28.85,42486,660
rs17711548,7,93348102,25000,6.459842541019123,0.0073060605790645,0.9901,5602.00,13205.90,4.36,42486,258
rs4730640,7,114703547,25000,6.249842644263546,0.0052965599195555,0.9901,10771.42,21334.58,4.36,42486,294
rs6583435,7,50253809,25000,-6.127995056332736,-0.0057561808493441,0.9901,9129.76,14888.58,4.37,42486,247
chr7_26825580,7,26825580,25000,5.795543455702839,0.0081592111954405,0.9901,7402.70,25692.63,4.51,42486,381
rs28558783,7,9104354,25000,5.747129014148328,0.0172355501572607,0.9901,15005.77,26647.86,4.95,42486,511
rs543985085,7,112230042,25000,5.696211011954834,0.0117986884462677,0.9901,4600.64,9314.92,4.36,42486,215
rs114087609,7,1193731,25000,5.478848301973315,0.0165240255336726,0.9901,12521.83,27138.64,20.14,42486,561
rs10085472,7,39047269,25000,-5.464552467450627,-0.0056390760012924,0.9901,11376.69,21100.34,4.41,42486,347
