rsid,chrom,center_pos,window_half_bp,akbari_X,akbari_S,akbari_posterior,geom_mean_tmrca,arith_mean_tmrca,min_tmrca,n_pairs,n_sites
rs7779160,7,117065618,25000,-10.689391114344978,-0.0087334276638292,0.9901,3072.27,4839.32,4.36,42486,152
rs73195680,7,105677675,25000,-8.397961519733267,-0.0075217602334511,0.9901,14450.09,20418.25,4.36,42486,333
rs10254610,7,117406238,25000,-8.039448098888709,-0.0065291105156711,0.9901,4928.51,10624.49,4.36,42486,183
rs62433354,7,561838,25000,6.632977327037119,0.0131910608145718,0.9901,13191.78,24734.88,28.70,42486,688
rs17711548,7,92977414,25000,6.459842541019123,0.0073060605790645,0.9901,8821.58,16136.09,4.36,42486,293
rs4730640,7,114343602,25000,6.249842644263546,0.0052965599195555,0.9901,8318.72,14848.41,4.36,42486,240
rs6583435,7,50293405,25000,-6.127995056332736,-0.0057561808493441,0.9901,9382.79,15783.68,4.37,42486,235
chr7_26865199,7,26865199,25000,5.795543455702839,0.0081592111954405,0.9901,6157.46,15969.03,4.51,42486,268
rs28558783,7,9143984,25000,5.747129014148328,0.0172355501572607,0.9901,11596.74,24040.88,4.94,42486,482
rs543985085,7,111870097,25000,5.696211011954834,0.0117986884462677,0.9901,4248.26,14593.04,4.36,42486,287
rs114087609,7,1233367,25000,5.478848301973315,0.0165240255336726,0.9901,8209.00,17237.57,19.95,42486,402
rs10085472,7,39086869,25000,-5.464552467450627,-0.0056390760012924,0.9901,9338.51,18563.63,4.41,42486,331
