rsid,chrom,center_pos,window_half_bp,akbari_X,akbari_S,akbari_posterior,geom_mean_tmrca,arith_mean_tmrca,min_tmrca,n_pairs,n_sites
rs7779160,7,117425564,25000,-10.689391114344978,-0.0087334276638292,0.9901,4389.31,9890.69,3.17,38503,247
rs73195680,7,106037229,25000,-8.397961519733267,-0.0075217602334511,0.9901,9893.73,18591.60,3.18,38503,371
rs10254610,7,117766184,25000,-8.039448098888709,-0.0065291105156711,0.9901,3214.47,8529.29,3.17,38503,258
rs62433354,7,522201,25000,6.632977327037119,0.0131910608145718,0.9901,25502.43,33257.21,24.46,38503,789
rs17711548,7,93348102,25000,6.459842541019123,0.0073060605790645,0.9901,8110.99,15627.96,3.21,38503,371
rs4730640,7,114703547,25000,6.249842644263546,0.0052965599195555,0.9901,9076.68,19074.71,3.17,38503,338
rs6583435,7,50253809,25000,-6.127995056332736,-0.0057561808493441,0.9901,6775.48,11717.34,3.44,38503,314
chr7_26825580,7,26825580,25000,5.795543455702839,0.0081592111954405,0.9901,10011.54,25873.53,3.74,38503,471
rs28558783,7,9104354,25000,5.747129014148328,0.0172355501572607,0.9901,17237.30,28233.82,4.12,38503,627
rs543985085,7,112230042,25000,5.696211011954834,0.0117986884462677,0.9901,4799.25,9055.17,3.17,38503,283
rs114087609,7,1193731,25000,5.478848301973315,0.0165240255336726,0.9901,16582.35,29062.69,11.84,38503,770
rs10085472,7,39047269,25000,-5.464552467450627,-0.0056390760012924,0.9901,12020.23,21104.49,3.56,38503,402
