rsid,chrom,center_pos,window_half_bp,akbari_X,akbari_S,akbari_posterior,geom_mean_tmrca,arith_mean_tmrca,min_tmrca,n_pairs,n_sites
rs7779160,7,117065618,25000,-10.689391114344978,-0.0087334276638292,0.9901,3255.96,4905.31,3.17,38503,215
rs73195680,7,105677675,25000,-8.397961519733267,-0.0075217602334511,0.9901,13379.66,19121.00,3.18,38503,382
rs10254610,7,117406238,25000,-8.039448098888709,-0.0065291105156711,0.9901,4681.93,10130.76,3.17,38503,260
rs62433354,7,561838,25000,6.632977327037119,0.0131910608145718,0.9901,18266.35,28913.61,24.69,38503,775
rs17711548,7,92977414,25000,6.459842541019123,0.0073060605790645,0.9901,6718.34,13597.07,3.21,38503,383
rs4730640,7,114343602,25000,6.249842644263546,0.0052965599195555,0.9901,7486.01,13844.36,3.17,38503,278
rs6583435,7,50293405,25000,-6.127995056332736,-0.0057561808493441,0.9901,7755.65,14346.72,3.44,38503,272
chr7_26865199,7,26865199,25000,5.795543455702839,0.0081592111954405,0.9901,7581.46,16318.05,3.74,38503,365
rs28558783,7,9143984,25000,5.747129014148328,0.0172355501572607,0.9901,17821.04,29672.97,4.12,38503,734
rs543985085,7,111870097,25000,5.696211011954834,0.0117986884462677,0.9901,5060.77,15795.71,3.17,38503,370
rs114087609,7,1233367,25000,5.478848301973315,0.0165240255336726,0.9901,12265.45,21621.56,11.80,38503,523
rs10085472,7,39086869,25000,-5.464552467450627,-0.0056390760012924,0.9901,10472.11,18831.31,3.56,38503,402
