rsid,chrom,center_pos,window_half_bp,akbari_X,akbari_S,akbari_posterior,geom_mean_tmrca,arith_mean_tmrca,min_tmrca,n_pairs,n_sites
rs7779160,7,117065618,25000,-10.689391114344978,-0.0087334276638292,0.9901,3338.55,5397.84,4.36,25878,123
rs73195680,7,105677675,25000,-8.397961519733267,-0.0075217602334511,0.9901,14432.94,20412.53,4.36,25878,336
rs10254610,7,117406238,25000,-8.039448098888709,-0.0065291105156711,0.9901,5048.96,10856.97,4.74,25878,171
rs62433354,7,561838,25000,6.632977327037119,0.0131910608145718,0.9901,9655.77,19752.16,21.57,25878,633
rs17711548,7,92977414,25000,6.459842541019123,0.0073060605790645,0.9901,9931.67,17093.35,4.36,25878,301
rs4730640,7,114343602,25000,6.249842644263546,0.0052965599195555,0.9901,8057.11,14249.30,4.35,25878,224
rs6583435,7,50293405,25000,-6.127995056332736,-0.0057561808493441,0.9901,8834.49,15257.83,4.36,25878,204
chr7_26865199,7,26865199,25000,5.795543455702839,0.0081592111954405,0.9901,5567.55,14544.19,4.51,25878,255
rs28558783,7,9143984,25000,5.747129014148328,0.0172355501572607,0.9901,11176.02,22658.81,4.95,25878,440
rs543985085,7,111870097,25000,5.696211011954834,0.0117986884462677,0.9901,3882.96,13829.25,4.38,25878,281
rs114087609,7,1233367,25000,5.478848301973315,0.0165240255336726,0.9901,8122.89,17365.96,19.38,25878,349
rs10085472,7,39086869,25000,-5.464552467450627,-0.0056390760012924,0.9901,8701.61,17730.73,4.41,25878,315
