rsid,chrom,center_pos,window_half_bp,akbari_X,akbari_S,akbari_posterior,geom_mean_tmrca,arith_mean_tmrca,min_tmrca,n_pairs,n_sites
rs7779160,7,117425564,25000,-10.689391114344978,-0.0087334276638292,0.9901,3345.86,8975.68,8.50,22791,172
rs73195680,7,106037229,25000,-8.397961519733267,-0.0075217602334511,0.9901,10943.64,19818.58,56.89,22791,309
rs10254610,7,117766184,25000,-8.039448098888709,-0.0065291105156711,0.9901,2285.92,6922.78,7.59,22791,186
rs62433354,7,522201,25000,6.632977327037119,0.0131910608145718,0.9901,26151.12,34312.80,133.80,22791,616
rs17711548,7,93348102,25000,6.459842541019123,0.0073060605790645,0.9901,6724.94,14719.86,7.86,22791,280
rs4730640,7,114703547,25000,6.249842644263546,0.0052965599195555,0.9901,8599.22,20638.25,4.37,22791,278
rs6583435,7,50253809,25000,-6.127995056332736,-0.0057561808493441,0.9901,6921.44,12200.14,12.13,22791,176
chr7_26825580,7,26825580,25000,5.795543455702839,0.0081592111954405,0.9901,9741.99,29185.77,13.93,22791,333
rs28558783,7,9104354,25000,5.747129014148328,0.0172355501572607,0.9901,16682.27,28304.93,13.42,22791,455
rs543985085,7,112230042,25000,5.696211011954834,0.0117986884462677,0.9901,3980.34,8275.30,31.20,22791,202
rs114087609,7,1193731,25000,5.478848301973315,0.0165240255336726,0.9901,15331.03,29521.92,62.65,22791,517
rs10085472,7,39047269,25000,-5.464552467450627,-0.0056390760012924,0.9901,12336.38,22009.16,4.71,22791,306
