rsid,chrom,center_pos,window_half_bp,akbari_X,akbari_S,akbari_posterior,geom_mean_tmrca,arith_mean_tmrca,min_tmrca,n_pairs,n_sites
rs7779160,7,117065618,25000,-10.689391114344978,-0.0087334276638292,0.9901,2898.64,4620.40,12.43,22791,140
rs73195680,7,105677675,25000,-8.397961519733267,-0.0075217602334511,0.9901,13890.22,19819.05,46.99,22791,313
rs10254610,7,117406238,25000,-8.039448098888709,-0.0065291105156711,0.9901,3515.69,9114.36,8.56,22791,165
rs62433354,7,561838,25000,6.632977327037119,0.0131910608145718,0.9901,16114.64,27768.98,105.01,22791,615
rs17711548,7,92977414,25000,6.459842541019123,0.0073060605790645,0.9901,5767.93,12878.20,4.80,22791,277
rs4730640,7,114343602,25000,6.249842644263546,0.0052965599195555,0.9901,5661.38,13180.15,4.36,22791,219
rs6583435,7,50293405,25000,-6.127995056332736,-0.0057561808493441,0.9901,8099.87,15115.64,8.82,22791,206
chr7_26865199,7,26865199,25000,5.795543455702839,0.0081592111954405,0.9901,7455.51,17786.75,13.76,22791,228
rs28558783,7,9143984,25000,5.747129014148328,0.0172355501572607,0.9901,14952.45,27117.29,18.41,22791,460
rs543985085,7,111870097,25000,5.696211011954834,0.0117986884462677,0.9901,5467.61,17080.30,18.28,22791,268
rs114087609,7,1233367,25000,5.478848301973315,0.0165240255336726,0.9901,8484.10,18039.14,41.04,22791,314
rs10085472,7,39086869,25000,-5.464552467450627,-0.0056390760012924,0.9901,10734.27,19768.33,4.76,22791,280
