rsid,chrom,center_pos,window_half_bp,akbari_X,akbari_S,akbari_posterior,geom_mean_tmrca,arith_mean_tmrca,min_tmrca,n_pairs,n_sites
rs7779160,7,117425564,25000,-10.689391114344978,-0.0087334276638292,0.9901,6186.54,12511.32,3.10,63190,267
rs73195680,7,106037229,25000,-8.397961519733267,-0.0075217602334511,0.9901,10652.96,16974.11,3.11,63190,448
rs10254610,7,117766184,25000,-8.039448098888709,-0.0065291105156711,0.9901,8545.67,13311.63,3.10,63190,324
rs62433354,7,522201,25000,6.632977327037119,0.0131910608145718,0.9901,22803.33,29568.88,26.30,63190,874
rs17711548,7,93348102,25000,6.459842541019123,0.0073060605790645,0.9901,9387.42,15565.01,3.14,63190,442
rs4730640,7,114703547,25000,6.249842644263546,0.0052965599195555,0.9901,7160.65,14432.94,3.11,63190,409
rs6583435,7,50253809,25000,-6.127995056332736,-0.0057561808493441,0.9901,6088.84,9924.91,3.36,63190,364
chr7_26825580,7,26825580,25000,5.795543455702839,0.0081592111954405,0.9901,9873.87,20964.86,3.64,63190,484
rs28558783,7,9104354,25000,5.747129014148328,0.0172355501572607,0.9901,20751.09,29404.53,3.99,63190,678
rs543985085,7,112230042,25000,5.696211011954834,0.0117986884462677,0.9901,7510.56,11020.89,3.10,63190,335
rs114087609,7,1193731,25000,5.478848301973315,0.0165240255336726,0.9901,23080.19,32102.28,23.88,63190,867
rs10085472,7,39047269,25000,-5.464552467450627,-0.0056390760012924,0.9901,13005.76,19341.06,3.47,63190,464
