rsid,chrom,center_pos,window_half_bp,akbari_X,akbari_S,akbari_posterior,geom_mean_tmrca,arith_mean_tmrca,min_tmrca,n_pairs,n_sites
rs7779160,7,117065618,25000,-10.689391114344978,-0.0087334276638292,0.9901,3559.25,5443.09,3.11,63190,202
rs73195680,7,105677675,25000,-8.397961519733267,-0.0075217602334511,0.9901,12001.96,17348.97,3.72,63190,458
rs10254610,7,117406238,25000,-8.039448098888709,-0.0065291105156711,0.9901,6528.69,12492.62,3.10,63190,286
rs62433354,7,561838,25000,6.632977327037119,0.0131910608145718,0.9901,17804.78,27415.95,23.26,63190,925
rs17711548,7,92977414,25000,6.459842541019123,0.0073060605790645,0.9901,8544.14,15068.14,3.14,63190,402
rs4730640,7,114343602,25000,6.249842644263546,0.0052965599195555,0.9901,6725.54,12736.06,3.10,63190,401
rs6583435,7,50293405,25000,-6.127995056332736,-0.0057561808493441,0.9901,6848.58,11290.84,3.36,63190,299
chr7_26865199,7,26865199,25000,5.795543455702839,0.0081592111954405,0.9901,8472.92,14594.80,3.64,63190,401
rs28558783,7,9143984,25000,5.747129014148328,0.0172355501572607,0.9901,22212.65,32286.17,4.00,63190,720
rs543985085,7,111870097,25000,5.696211011954834,0.0117986884462677,0.9901,13343.44,20360.73,3.15,63190,460
rs114087609,7,1233367,25000,5.478848301973315,0.0165240255336726,0.9901,18251.45,25061.48,25.62,63190,606
rs10085472,7,39086869,25000,-5.464552467450627,-0.0056390760012924,0.9901,9770.00,16758.38,3.47,63190,408
