rsid,chrom,center_pos,window_half_bp,akbari_X,akbari_S,akbari_posterior,geom_mean_tmrca,arith_mean_tmrca,min_tmrca,n_pairs,n_sites
rs534821142,15,45102269,25000,-12.24161881619757,-0.0148414811243985,0.9901,17563.06,24071.39,11.47,26796,428
rs146178869,15,74743483,25000,10.470373203371782,0.0102409091061951,0.9901,13882.15,20468.89,4.46,26796,484
rs56266105,15,75099686,25000,-8.591837264860976,-0.0069560087659528,0.9901,16504.11,25490.56,8.61,26796,550
rs12904134,15,74300521,25000,7.914679575961236,0.0075844427279822,0.9901,17281.82,24740.76,4.65,26796,475
rs62007493,15,28100878,25000,6.060754587023055,0.0098978023557112,0.9901,17933.56,25387.24,9.85,26796,506
rs559868066,15,78938368,25000,-6.031807218911953,-0.0063888168632807,0.9901,21385.73,28256.64,4.73,26796,598
rs75016891,15,48104661,25000,-5.990305092613048,-0.020638799000924,0.9901,11195.58,17537.95,4.60,26796,369
rs11630467,15,47281760,25000,5.716057579648342,0.0106167126697554,0.9901,15454.90,21835.16,4.35,26796,479
rs140997855,15,85709666,25000,5.621162480234414,0.0067348793241435,0.9901,17154.46,22278.21,4.46,26796,490
rs36094528,15,38279834,25000,5.565901118900279,0.0167588393275873,0.9901,16923.83,28058.31,4.46,26796,429
rs1757459,15,41498789,25000,-5.514689924138498,-0.0049288842402069,0.9901,10261.49,15394.78,6.92,26796,384
rs150357968,15,63878438,25000,5.458023484138661,0.0136989112533353,0.9896,22945.88,31208.09,4.34,26796,586
