rsid,chrom,center_pos,window_half_bp,akbari_X,akbari_S,akbari_posterior,geom_mean_tmrca,arith_mean_tmrca,min_tmrca,n_pairs,n_sites
rs534821142,15,45394467,25000,-12.24161881619757,-0.0148414811243985,0.9901,10760.98,19743.89,9.86,26796,292
rs146178869,15,75035824,25000,10.470373203371782,0.0102409091061951,0.9901,13487.20,21635.12,5.56,26796,420
rs56266105,15,75392027,25000,-8.591837264860976,-0.0069560087659528,0.9901,7743.54,11861.33,4.41,26796,269
rs12904134,15,74592862,25000,7.914679575961236,0.0075844427279822,0.9901,7370.71,13276.00,4.56,26796,315
rs62007493,15,28346024,25000,6.060754587023055,0.0098978023557112,0.9901,6605.08,8813.21,23.99,26796,237
rs559868066,15,79230710,25000,-6.031807218911953,-0.0063888168632807,0.9901,18433.55,26337.38,4.63,26796,464
rs75016891,15,48396858,25000,-5.990305092613048,-0.020638799000924,0.9901,15545.25,22291.25,4.35,26796,455
rs11630467,15,47573957,25000,5.716057579648342,0.0106167126697554,0.9901,15363.53,21449.95,4.35,26796,434
rs140997855,15,86252897,25000,5.621162480234414,0.0067348793241435,0.9901,19344.76,24232.78,4.58,26796,555
rs36094528,15,38572035,25000,5.565901118900279,0.0167588393275873,0.9901,10740.44,17685.05,4.51,26796,407
rs1757459,15,41790987,25000,-5.514689924138498,-0.0049288842402069,0.9901,9096.54,13199.05,4.83,26796,301
rs150357968,15,64170637,25000,5.458023484138661,0.0136989112533353,0.9896,7030.10,13181.39,4.43,26796,387
