rsid,chrom,center_pos,window_half_bp,akbari_X,akbari_S,akbari_posterior,geom_mean_tmrca,arith_mean_tmrca,min_tmrca,n_pairs,n_sites
rs534821142,15,45394467,25000,-12.24161881619757,-0.0148414811243985,0.9901,11116.31,19837.96,19.51,10878,281
rs146178869,15,75035824,25000,10.470373203371782,0.0102409091061951,0.9901,13746.23,21985.03,4.73,10878,364
rs56266105,15,75392027,25000,-8.591837264860976,-0.0069560087659528,0.9901,6949.65,11394.46,4.65,10878,199
rs12904134,15,74592862,25000,7.914679575961236,0.0075844427279822,0.9901,5900.40,11582.91,5.22,10878,250
rs62007493,15,28346024,25000,6.060754587023055,0.0098978023557112,0.9901,6417.06,8774.77,22.46,10878,219
rs559868066,15,79230710,25000,-6.031807218911953,-0.0063888168632807,0.9901,17917.57,26445.77,6.48,10878,450
rs75016891,15,48396858,25000,-5.990305092613048,-0.020638799000924,0.9901,16606.99,23250.13,4.70,10878,435
rs11630467,15,47573957,25000,5.716057579648342,0.0106167126697554,0.9901,15769.61,21927.81,4.46,10878,461
rs140997855,15,86252897,25000,5.621162480234414,0.0067348793241435,0.9901,19500.39,24528.83,4.76,10878,549
rs36094528,15,38572035,25000,5.565901118900279,0.0167588393275873,0.9901,10941.49,18045.35,4.45,10878,323
rs1757459,15,41790987,25000,-5.514689924138498,-0.0049288842402069,0.9901,10437.95,14408.87,4.36,10878,290
rs150357968,15,64170637,25000,5.458023484138661,0.0136989112533353,0.9896,8984.62,14974.76,7.90,10878,355
