rsid,chrom,center_pos,window_half_bp,akbari_X,akbari_S,akbari_posterior,geom_mean_tmrca,arith_mean_tmrca,min_tmrca,n_pairs,n_sites
rs534821142,15,45102269,25000,-12.24161881619757,-0.0148414811243985,0.9901,2876.33,6317.55,10.62,34191,250
rs146178869,15,74743483,25000,10.470373203371782,0.0102409091061951,0.9901,13268.19,22798.08,5.67,34191,316
rs56266105,15,75099686,25000,-8.591837264860976,-0.0069560087659528,0.9901,14259.23,28201.28,5.81,34191,389
rs12904134,15,74300521,25000,7.914679575961236,0.0075844427279822,0.9901,13872.38,23888.73,5.67,34191,295
rs62007493,15,28100878,25000,6.060754587023055,0.0098978023557112,0.9901,9464.86,18176.64,5.98,34191,349
rs559868066,15,78938368,25000,-6.031807218911953,-0.0063888168632807,0.9901,11367.04,24020.45,5.66,34191,409
rs75016891,15,48104661,25000,-5.990305092613048,-0.020638799000924,0.9901,3959.35,10737.95,5.66,34191,229
rs11630467,15,47281760,25000,5.716057579648342,0.0106167126697554,0.9901,12163.17,21973.19,5.67,34191,331
rs140997855,15,85709666,25000,5.621162480234414,0.0067348793241435,0.9901,13799.54,24397.92,6.15,34191,337
rs36094528,15,38279834,25000,5.565901118900279,0.0167588393275873,0.9901,11763.91,21718.37,5.67,34191,377
rs1757459,15,41498789,25000,-5.514689924138498,-0.0049288842402069,0.9901,9117.28,16254.13,10.07,34191,318
rs150357968,15,63878438,25000,5.458023484138661,0.0136989112533353,0.9896,13416.99,27425.43,5.79,34191,433
