rsid,chrom,center_pos,window_half_bp,akbari_X,akbari_S,akbari_posterior,geom_mean_tmrca,arith_mean_tmrca,min_tmrca,n_pairs,n_sites
rs534821142,15,45394467,25000,-12.24161881619757,-0.0148414811243985,0.9901,9968.68,21414.46,9.48,34191,228
rs146178869,15,75035824,25000,10.470373203371782,0.0102409091061951,0.9901,12368.54,24593.15,5.71,34191,290
rs56266105,15,75392027,25000,-8.591837264860976,-0.0069560087659528,0.9901,5886.36,12896.48,5.67,34191,191
rs12904134,15,74592862,25000,7.914679575961236,0.0075844427279822,0.9901,5649.55,12981.29,5.67,34191,200
rs62007493,15,28346024,25000,6.060754587023055,0.0098978023557112,0.9901,5971.90,9078.65,6.34,34191,155
rs559868066,15,79230710,25000,-6.031807218911953,-0.0063888168632807,0.9901,15299.38,24458.06,5.67,34191,275
rs75016891,15,48396858,25000,-5.990305092613048,-0.020638799000924,0.9901,9790.34,20459.11,5.66,34191,330
rs11630467,15,47573957,25000,5.716057579648342,0.0106167126697554,0.9901,9746.32,20785.51,5.67,34191,265
rs140997855,15,86252897,25000,5.621162480234414,0.0067348793241435,0.9901,17165.38,25180.16,5.67,34191,316
rs36094528,15,38572035,25000,5.565901118900279,0.0167588393275873,0.9901,8181.40,14496.81,5.67,34191,238
rs1757459,15,41790987,25000,-5.514689924138498,-0.0049288842402069,0.9901,10662.48,17061.83,5.90,34191,239
rs150357968,15,64170637,25000,5.458023484138661,0.0136989112533353,0.9896,5227.70,11035.12,6.21,34191,230
