rsid,chrom,center_pos,window_half_bp,akbari_X,akbari_S,akbari_posterior,geom_mean_tmrca,arith_mean_tmrca,min_tmrca,n_pairs,n_sites
rs534821142,15,45394467,25000,-12.24161881619757,-0.0148414811243985,0.9901,4787.56,13761.44,56.52,17205,194
rs146178869,15,75035824,25000,10.470373203371782,0.0102409091061951,0.9901,13836.65,26513.23,22.57,17205,221
rs56266105,15,75392027,25000,-8.591837264860976,-0.0069560087659528,0.9901,7330.60,15172.36,19.12,17205,165
rs12904134,15,74592862,25000,7.914679575961236,0.0075844427279822,0.9901,7124.34,14951.02,10.92,17205,142
rs62007493,15,28346024,25000,6.060754587023055,0.0098978023557112,0.9901,7727.98,10493.18,68.50,17205,108
rs559868066,15,79230710,25000,-6.031807218911953,-0.0063888168632807,0.9901,17815.43,28074.55,25.63,17205,270
rs75016891,15,48396858,25000,-5.990305092613048,-0.020638799000924,0.9901,12209.52,21991.18,10.65,17205,287
rs11630467,15,47573957,25000,5.716057579648342,0.0106167126697554,0.9901,10893.25,24436.76,10.21,17205,217
rs140997855,15,86252897,25000,5.621162480234414,0.0067348793241435,0.9901,7428.81,17784.50,11.56,17205,232
rs36094528,15,38572035,25000,5.565901118900279,0.0167588393275873,0.9901,8580.64,16716.09,6.44,17205,181
rs1757459,15,41790987,25000,-5.514689924138498,-0.0049288842402069,0.9901,4827.48,13349.42,20.34,17205,136
rs150357968,15,64170637,25000,5.458023484138661,0.0136989112533353,0.9896,2293.68,5894.96,24.74,17205,160
