rsid,chrom,center_pos,window_half_bp,akbari_X,akbari_S,akbari_posterior,geom_mean_tmrca,arith_mean_tmrca,min_tmrca,n_pairs,n_sites
rs534821142,15,45102269,25000,-12.24161881619757,-0.0148414811243985,0.9901,2072.04,4610.18,30.27,17205,198
rs146178869,15,74743483,25000,10.470373203371782,0.0102409091061951,0.9901,16764.09,26910.35,37.51,17205,270
rs56266105,15,75099686,25000,-8.591837264860976,-0.0069560087659528,0.9901,17101.45,32646.39,16.67,17205,325
rs12904134,15,74300521,25000,7.914679575961236,0.0075844427279822,0.9901,15252.83,26034.93,6.13,17205,305
rs62007493,15,28100878,25000,6.060754587023055,0.0098978023557112,0.9901,6642.07,15482.67,21.99,17205,215
rs559868066,15,78938368,25000,-6.031807218911953,-0.0063888168632807,0.9901,21742.76,35502.04,30.95,17205,384
rs75016891,15,48104661,25000,-5.990305092613048,-0.020638799000924,0.9901,8893.99,16916.53,10.68,17205,211
rs11630467,15,47281760,25000,5.716057579648342,0.0106167126697554,0.9901,5502.02,15114.22,6.37,17205,213
rs140997855,15,85709666,25000,5.621162480234414,0.0067348793241435,0.9901,12915.01,24742.47,47.26,17205,256
rs36094528,15,38279834,25000,5.565901118900279,0.0167588393275873,0.9901,9878.08,23784.15,10.51,17205,261
rs1757459,15,41498789,25000,-5.514689924138498,-0.0049288842402069,0.9901,8684.03,18316.86,15.79,17205,194
rs150357968,15,63878438,25000,5.458023484138661,0.0136989112533353,0.9896,2815.82,10753.68,6.29,17205,299
