rsid,chrom,center_pos,window_half_bp,akbari_X,akbari_S,akbari_posterior,geom_mean_tmrca,arith_mean_tmrca,min_tmrca,n_pairs,n_sites
rs534821142,15,45394467,25000,-12.24161881619757,-0.0148414811243985,0.9901,4677.03,15191.55,5.71,63903,166
rs146178869,15,75035824,25000,10.470373203371782,0.0102409091061951,0.9901,7871.20,18347.53,5.71,63903,260
rs56266105,15,75392027,25000,-8.591837264860976,-0.0069560087659528,0.9901,6211.51,13720.26,5.71,63903,166
rs12904134,15,74592862,25000,7.914679575961236,0.0075844427279822,0.9901,1904.07,6188.42,5.71,63903,179
rs62007493,15,28346024,25000,6.060754587023055,0.0098978023557112,0.9901,2285.61,3998.65,6.23,63903,130
rs559868066,15,79230710,25000,-6.031807218911953,-0.0063888168632807,0.9901,11919.25,22315.24,5.72,63903,275
rs75016891,15,48396858,25000,-5.990305092613048,-0.020638799000924,0.9901,3252.76,11368.97,5.71,63903,249
rs11630467,15,47573957,25000,5.716057579648342,0.0106167126697554,0.9901,9496.69,22043.47,5.71,63903,300
rs140997855,15,86252897,25000,5.621162480234414,0.0067348793241435,0.9901,16005.42,24836.56,5.71,63903,291
rs36094528,15,38572035,25000,5.565901118900279,0.0167588393275873,0.9901,5520.22,11503.46,5.72,63903,180
rs1757459,15,41790987,25000,-5.514689924138498,-0.0049288842402069,0.9901,9382.20,16857.54,5.71,63903,193
rs150357968,15,64170637,25000,5.458023484138661,0.0136989112533353,0.9896,3578.28,9475.95,5.71,63903,204
