rsid,chrom,center_pos,window_half_bp,akbari_X,akbari_S,akbari_posterior,geom_mean_tmrca,arith_mean_tmrca,min_tmrca,n_pairs,n_sites
rs534821142,15,45102269,25000,-12.24161881619757,-0.0148414811243985,0.9901,2374.52,6084.01,44.94,21115,175
rs146178869,15,74743483,25000,10.470373203371782,0.0102409091061951,0.9901,16926.34,27102.60,24.19,21115,266
rs56266105,15,75099686,25000,-8.591837264860976,-0.0069560087659528,0.9901,17113.13,31713.80,32.58,21115,337
rs12904134,15,74300521,25000,7.914679575961236,0.0075844427279822,0.9901,13853.54,24787.85,23.88,21115,314
rs62007493,15,28100878,25000,6.060754587023055,0.0098978023557112,0.9901,5397.45,13299.13,96.42,21115,274
rs559868066,15,78938368,25000,-6.031807218911953,-0.0063888168632807,0.9901,21822.78,35329.33,60.24,21115,394
rs75016891,15,48104661,25000,-5.990305092613048,-0.020638799000924,0.9901,9151.20,17574.30,57.11,21115,200
rs11630467,15,47281760,25000,5.716057579648342,0.0106167126697554,0.9901,7178.71,17577.64,32.61,21115,222
rs140997855,15,85709666,25000,5.621162480234414,0.0067348793241435,0.9901,11889.07,23425.21,69.55,21115,312
rs36094528,15,38279834,25000,5.565901118900279,0.0167588393275873,0.9901,9929.27,25214.06,67.57,21115,279
rs1757459,15,41498789,25000,-5.514689924138498,-0.0049288842402069,0.9901,8316.22,17525.13,39.75,21115,189
rs150357968,15,63878438,25000,5.458023484138661,0.0136989112533353,0.9896,3028.67,10144.29,16.92,21115,343
