rsid,chrom,center_pos,window_half_bp,akbari_X,akbari_S,akbari_posterior,geom_mean_tmrca,arith_mean_tmrca,min_tmrca,n_pairs,n_sites
rs534821142,15,45394467,25000,-12.24161881619757,-0.0148414811243985,0.9901,3041.06,10887.46,53.79,21115,147
rs146178869,15,75035824,25000,10.470373203371782,0.0102409091061951,0.9901,13768.07,26439.82,30.28,21115,228
rs56266105,15,75392027,25000,-8.591837264860976,-0.0069560087659528,0.9901,7213.70,14959.79,37.88,21115,163
rs12904134,15,74592862,25000,7.914679575961236,0.0075844427279822,0.9901,7001.77,15437.35,26.08,21115,139
rs62007493,15,28346024,25000,6.060754587023055,0.0098978023557112,0.9901,7036.63,9726.16,150.64,21115,123
rs559868066,15,79230710,25000,-6.031807218911953,-0.0063888168632807,0.9901,16004.15,26157.43,95.66,21115,266
rs75016891,15,48396858,25000,-5.990305092613048,-0.020638799000924,0.9901,10366.95,19870.71,40.70,21115,292
rs11630467,15,47573957,25000,5.716057579648342,0.0106167126697554,0.9901,9686.50,23400.74,13.14,21115,226
rs140997855,15,86252897,25000,5.621162480234414,0.0067348793241435,0.9901,7515.96,18303.75,28.72,21115,244
rs36094528,15,38572035,25000,5.565901118900279,0.0167588393275873,0.9901,8694.49,16369.21,42.69,21115,169
rs1757459,15,41790987,25000,-5.514689924138498,-0.0049288842402069,0.9901,4695.35,13107.00,36.40,21115,144
rs150357968,15,64170637,25000,5.458023484138661,0.0136989112533353,0.9896,1680.72,4427.70,66.01,21115,169
