rsid,chrom,center_pos,window_half_bp,akbari_X,akbari_S,akbari_posterior,geom_mean_tmrca,arith_mean_tmrca,min_tmrca,n_pairs,n_sites
rs534821142,15,45394467,25000,-12.24161881619757,-0.0148414811243985,0.9901,3509.82,11631.48,5.73,52975,155
rs146178869,15,75035824,25000,10.470373203371782,0.0102409091061951,0.9901,14654.76,27207.45,5.73,52975,253
rs56266105,15,75392027,25000,-8.591837264860976,-0.0069560087659528,0.9901,6994.75,14499.43,5.73,52975,186
rs12904134,15,74592862,25000,7.914679575961236,0.0075844427279822,0.9901,7271.38,15596.56,5.73,52975,148
rs62007493,15,28346024,25000,6.060754587023055,0.0098978023557112,0.9901,7386.69,9888.80,16.11,52975,126
rs559868066,15,79230710,25000,-6.031807218911953,-0.0063888168632807,0.9901,15151.27,24639.51,5.95,52975,301
rs75016891,15,48396858,25000,-5.990305092613048,-0.020638799000924,0.9901,11124.09,20040.48,5.72,52975,338
rs11630467,15,47573957,25000,5.716057579648342,0.0106167126697554,0.9901,9700.03,22980.77,5.73,52975,238
rs140997855,15,86252897,25000,5.621162480234414,0.0067348793241435,0.9901,9286.05,19439.01,5.73,52975,275
rs36094528,15,38572035,25000,5.565901118900279,0.0167588393275873,0.9901,9357.05,17016.23,5.73,52975,195
rs1757459,15,41790987,25000,-5.514689924138498,-0.0049288842402069,0.9901,4128.81,11873.57,5.73,52975,178
rs150357968,15,64170637,25000,5.458023484138661,0.0136989112533353,0.9896,2010.75,6148.17,5.73,52975,172
