rsid,chrom,center_pos,window_half_bp,akbari_X,akbari_S,akbari_posterior,geom_mean_tmrca,arith_mean_tmrca,min_tmrca,n_pairs,n_sites
rs534821142,15,45102269,25000,-12.24161881619757,-0.0148414811243985,0.9901,3523.62,9248.18,5.65,34716,346
rs146178869,15,74743483,25000,10.470373203371782,0.0102409091061951,0.9901,9814.30,19517.71,5.66,34716,305
rs56266105,15,75099686,25000,-8.591837264860976,-0.0069560087659528,0.9901,12972.06,27585.47,6.02,34716,357
rs12904134,15,74300521,25000,7.914679575961236,0.0075844427279822,0.9901,9937.66,22535.23,5.66,34716,355
rs62007493,15,28100878,25000,6.060754587023055,0.0098978023557112,0.9901,6298.15,12958.96,5.99,34716,340
rs559868066,15,78938368,25000,-6.031807218911953,-0.0063888168632807,0.9901,16213.67,29094.87,5.66,34716,467
rs75016891,15,48104661,25000,-5.990305092613048,-0.020638799000924,0.9901,2218.09,9389.43,5.65,34716,240
rs11630467,15,47281760,25000,5.716057579648342,0.0106167126697554,0.9901,10553.35,21173.17,5.66,34716,357
rs140997855,15,85709666,25000,5.621162480234414,0.0067348793241435,0.9901,17982.67,27674.84,5.83,34716,385
rs36094528,15,38279834,25000,5.565901118900279,0.0167588393275873,0.9901,12006.30,23090.33,5.66,34716,394
rs1757459,15,41498789,25000,-5.514689924138498,-0.0049288842402069,0.9901,10774.97,19015.10,5.66,34716,278
rs150357968,15,63878438,25000,5.458023484138661,0.0136989112533353,0.9896,16083.03,31133.57,5.66,34716,425
