rsid,chrom,center_pos,window_half_bp,akbari_X,akbari_S,akbari_posterior,geom_mean_tmrca,arith_mean_tmrca,min_tmrca,n_pairs,n_sites
rs534821142,15,45394467,25000,-12.24161881619757,-0.0148414811243985,0.9901,7594.59,19815.23,5.66,34716,225
rs146178869,15,75035824,25000,10.470373203371782,0.0102409091061951,0.9901,10643.71,21878.30,5.95,34716,300
rs56266105,15,75392027,25000,-8.591837264860976,-0.0069560087659528,0.9901,8371.52,14323.69,6.29,34716,180
rs12904134,15,74592862,25000,7.914679575961236,0.0075844427279822,0.9901,4724.69,12593.73,5.66,34716,183
rs62007493,15,28346024,25000,6.060754587023055,0.0098978023557112,0.9901,4934.46,7840.92,6.51,34716,169
rs559868066,15,79230710,25000,-6.031807218911953,-0.0063888168632807,0.9901,15509.83,26257.23,5.66,34716,340
rs75016891,15,48396858,25000,-5.990305092613048,-0.020638799000924,0.9901,5431.98,14328.11,5.66,34716,373
rs11630467,15,47573957,25000,5.716057579648342,0.0106167126697554,0.9901,12265.60,24098.85,5.66,34716,381
rs140997855,15,86252897,25000,5.621162480234414,0.0067348793241435,0.9901,16032.00,24635.50,5.66,34716,422
rs36094528,15,38572035,25000,5.565901118900279,0.0167588393275873,0.9901,6922.41,13633.54,5.66,34716,249
rs1757459,15,41790987,25000,-5.514689924138498,-0.0049288842402069,0.9901,9833.59,16775.32,5.66,34716,246
rs150357968,15,64170637,25000,5.458023484138661,0.0136989112533353,0.9896,3239.16,7171.97,5.66,34716,261
