rsid,chrom,center_pos,window_half_bp,akbari_X,akbari_S,akbari_posterior,geom_mean_tmrca,arith_mean_tmrca,min_tmrca,n_pairs,n_sites
rs534821142,15,45394467,25000,-12.24161881619757,-0.0148414811243985,0.9901,9003.36,17667.61,12.33,44253,314
rs146178869,15,75035824,25000,10.470373203371782,0.0102409091061951,0.9901,11439.63,21059.16,4.61,44253,385
rs56266105,15,75392027,25000,-8.591837264860976,-0.0069560087659528,0.9901,6317.37,10653.25,4.49,44253,260
rs12904134,15,74592862,25000,7.914679575961236,0.0075844427279822,0.9901,7130.65,13107.97,4.32,44253,280
rs62007493,15,28346024,25000,6.060754587023055,0.0098978023557112,0.9901,7516.88,9945.57,12.42,44253,240
rs559868066,15,79230710,25000,-6.031807218911953,-0.0063888168632807,0.9901,18694.14,26343.44,4.33,44253,485
rs75016891,15,48396858,25000,-5.990305092613048,-0.020638799000924,0.9901,14585.99,21628.40,4.34,44253,467
rs11630467,15,47573957,25000,5.716057579648342,0.0106167126697554,0.9901,15567.87,21771.12,4.34,44253,424
rs140997855,15,86252897,25000,5.621162480234414,0.0067348793241435,0.9901,18222.82,23867.38,4.33,44253,540
rs36094528,15,38572035,25000,5.565901118900279,0.0167588393275873,0.9901,11531.78,18831.99,4.45,44253,324
rs1757459,15,41790987,25000,-5.514689924138498,-0.0049288842402069,0.9901,9645.06,14155.43,4.36,44253,276
rs150357968,15,64170637,25000,5.458023484138661,0.0136989112533353,0.9896,8559.40,14750.85,4.35,44253,348
