rsid,chrom,center_pos,window_half_bp,akbari_X,akbari_S,akbari_posterior,geom_mean_tmrca,arith_mean_tmrca,min_tmrca,n_pairs,n_sites
rs534821142,15,45394467,25000,-12.24161881619757,-0.0148414811243985,0.9901,5442.36,17904.25,11.55,19503,139
rs146178869,15,75035824,25000,10.470373203371782,0.0102409091061951,0.9901,10335.60,21279.20,11.24,19503,230
rs56266105,15,75392027,25000,-8.591837264860976,-0.0069560087659528,0.9901,6773.88,14373.15,11.45,19503,137
rs12904134,15,74592862,25000,7.914679575961236,0.0075844427279822,0.9901,2203.57,7238.50,6.95,19503,155
rs62007493,15,28346024,25000,6.060754587023055,0.0098978023557112,0.9901,2031.04,3558.55,22.52,19503,95
rs559868066,15,79230710,25000,-6.031807218911953,-0.0063888168632807,0.9901,13870.60,24909.96,22.06,19503,240
rs75016891,15,48396858,25000,-5.990305092613048,-0.020638799000924,0.9901,4241.92,13734.65,6.73,19503,264
rs11630467,15,47573957,25000,5.716057579648342,0.0106167126697554,0.9901,7968.51,20736.35,5.90,19503,262
rs140997855,15,86252897,25000,5.621162480234414,0.0067348793241435,0.9901,15456.78,25007.50,9.32,19503,257
rs36094528,15,38572035,25000,5.565901118900279,0.0167588393275873,0.9901,5442.14,11430.88,6.24,19503,147
rs1757459,15,41790987,25000,-5.514689924138498,-0.0049288842402069,0.9901,8812.01,16676.02,7.49,19503,172
rs150357968,15,64170637,25000,5.458023484138661,0.0136989112533353,0.9896,3242.00,7943.06,15.49,19503,166
