rsid,chrom,center_pos,window_half_bp,akbari_X,akbari_S,akbari_posterior,geom_mean_tmrca,arith_mean_tmrca,min_tmrca,n_pairs,n_sites
rs534821142,15,45102269,25000,-12.24161881619757,-0.0148414811243985,0.9901,2395.46,6189.69,15.79,19503,175
rs146178869,15,74743483,25000,10.470373203371782,0.0102409091061951,0.9901,6979.92,16591.40,11.65,19503,302
rs56266105,15,75099686,25000,-8.591837264860976,-0.0069560087659528,0.9901,12370.23,27364.40,21.15,19503,299
rs12904134,15,74300521,25000,7.914679575961236,0.0075844427279822,0.9901,6559.11,18631.45,18.51,19503,264
rs62007493,15,28100878,25000,6.060754587023055,0.0098978023557112,0.9901,1625.46,3605.26,17.95,19503,156
rs559868066,15,78938368,25000,-6.031807218911953,-0.0063888168632807,0.9901,10838.37,24041.18,17.54,19503,355
rs75016891,15,48104661,25000,-5.990305092613048,-0.020638799000924,0.9901,505.64,1366.11,6.25,19503,103
rs11630467,15,47281760,25000,5.716057579648342,0.0106167126697554,0.9901,6267.03,19181.40,5.70,19503,252
rs140997855,15,85709666,25000,5.621162480234414,0.0067348793241435,0.9901,17489.81,28149.78,16.90,19503,303
rs36094528,15,38279834,25000,5.565901118900279,0.0167588393275873,0.9901,7833.04,14309.74,6.06,19503,283
rs1757459,15,41498789,25000,-5.514689924138498,-0.0049288842402069,0.9901,10404.66,20378.36,10.76,19503,214
rs150357968,15,63878438,25000,5.458023484138661,0.0136989112533353,0.9896,20601.26,34661.03,7.45,19503,372
