rsid,chrom,center_pos,window_half_bp,akbari_X,akbari_S,akbari_posterior,geom_mean_tmrca,arith_mean_tmrca,min_tmrca,n_pairs,n_sites
rs534821142,15,45102269,25000,-12.24161881619757,-0.0148414811243985,0.9901,2969.91,7830.34,25.72,16471,205
rs146178869,15,74743483,25000,10.470373203371782,0.0102409091061951,0.9901,5007.42,13151.62,11.81,16471,304
rs56266105,15,75099686,25000,-8.591837264860976,-0.0069560087659528,0.9901,10177.30,26142.61,6.30,16471,299
rs12904134,15,74300521,25000,7.914679575961236,0.0075844427279822,0.9901,6241.16,18960.64,32.44,16471,283
rs62007493,15,28100878,25000,6.060754587023055,0.0098978023557112,0.9901,2037.15,4733.14,6.04,16471,229
rs559868066,15,78938368,25000,-6.031807218911953,-0.0063888168632807,0.9901,7509.70,19815.04,19.43,16471,338
rs75016891,15,48104661,25000,-5.990305092613048,-0.020638799000924,0.9901,604.57,2507.25,11.04,16471,81
rs11630467,15,47281760,25000,5.716057579648342,0.0106167126697554,0.9901,7573.37,20400.09,10.74,16471,258
rs140997855,15,85709666,25000,5.621162480234414,0.0067348793241435,0.9901,16577.08,27476.31,20.49,16471,288
rs36094528,15,38279834,25000,5.565901118900279,0.0167588393275873,0.9901,10334.68,18673.91,23.94,16471,280
rs1757459,15,41498789,25000,-5.514689924138498,-0.0049288842402069,0.9901,11060.37,20173.03,28.93,16471,239
rs150357968,15,63878438,25000,5.458023484138661,0.0136989112533353,0.9896,18051.10,32369.07,15.81,16471,383
