rsid,chrom,center_pos,window_half_bp,akbari_X,akbari_S,akbari_posterior,geom_mean_tmrca,arith_mean_tmrca,min_tmrca,n_pairs,n_sites
rs534821142,15,45394467,25000,-12.24161881619757,-0.0148414811243985,0.9901,5065.33,16763.53,27.14,16471,134
rs146178869,15,75035824,25000,10.470373203371782,0.0102409091061951,0.9901,7834.84,19190.94,6.21,16471,237
rs56266105,15,75392027,25000,-8.591837264860976,-0.0069560087659528,0.9901,6327.60,13807.10,36.73,16471,127
rs12904134,15,74592862,25000,7.914679575961236,0.0075844427279822,0.9901,2057.47,6886.36,16.86,16471,172
rs62007493,15,28346024,25000,6.060754587023055,0.0098978023557112,0.9901,2117.04,3468.56,10.90,16471,106
rs559868066,15,79230710,25000,-6.031807218911953,-0.0063888168632807,0.9901,12374.13,22581.24,64.23,16471,237
rs75016891,15,48396858,25000,-5.990305092613048,-0.020638799000924,0.9901,3133.26,11692.74,20.42,16471,243
rs11630467,15,47573957,25000,5.716057579648342,0.0106167126697554,0.9901,8809.93,21791.37,17.21,16471,260
rs140997855,15,86252897,25000,5.621162480234414,0.0067348793241435,0.9901,13925.23,24217.62,5.91,16471,248
rs36094528,15,38572035,25000,5.565901118900279,0.0167588393275873,0.9901,5164.31,10715.82,18.00,16471,157
rs1757459,15,41790987,25000,-5.514689924138498,-0.0049288842402069,0.9901,9248.64,16841.66,31.89,16471,185
rs150357968,15,64170637,25000,5.458023484138661,0.0136989112533353,0.9896,3692.05,9059.83,5.97,16471,207
