rsid,chrom,center_pos,window_half_bp,akbari_X,akbari_S,akbari_posterior,geom_mean_tmrca,arith_mean_tmrca,min_tmrca,n_pairs,n_sites
rs534821142,15,45394467,25000,-12.24161881619757,-0.0148414811243985,0.9901,8995.01,20784.87,29.02,21115,199
rs146178869,15,75035824,25000,10.470373203371782,0.0102409091061951,0.9901,12093.57,24477.40,11.81,21115,241
rs56266105,15,75392027,25000,-8.591837264860976,-0.0069560087659528,0.9901,5283.57,12271.84,12.26,21115,160
rs12904134,15,74592862,25000,7.914679575961236,0.0075844427279822,0.9901,4798.40,12009.28,11.51,21115,166
rs62007493,15,28346024,25000,6.060754587023055,0.0098978023557112,0.9901,6047.12,8857.81,27.91,21115,133
rs559868066,15,79230710,25000,-6.031807218911953,-0.0063888168632807,0.9901,16888.49,26221.26,20.81,21115,265
rs75016891,15,48396858,25000,-5.990305092613048,-0.020638799000924,0.9901,6251.33,18116.33,10.41,21115,298
rs11630467,15,47573957,25000,5.716057579648342,0.0106167126697554,0.9901,9987.99,21501.40,6.20,21115,238
rs140997855,15,86252897,25000,5.621162480234414,0.0067348793241435,0.9901,17280.41,25441.08,18.12,21115,326
rs36094528,15,38572035,25000,5.565901118900279,0.0167588393275873,0.9901,7054.83,13865.18,6.42,21115,175
rs1757459,15,41790987,25000,-5.514689924138498,-0.0049288842402069,0.9901,10765.78,17533.20,11.61,21115,221
rs150357968,15,64170637,25000,5.458023484138661,0.0136989112533353,0.9896,4988.69,10844.46,12.14,21115,223
