rsid,chrom,center_pos,window_half_bp,akbari_X,akbari_S,akbari_posterior,geom_mean_tmrca,arith_mean_tmrca,min_tmrca,n_pairs,n_sites
rs534821142,15,45102269,25000,-12.24161881619757,-0.0148414811243985,0.9901,2675.49,4960.87,28.79,21115,239
rs146178869,15,74743483,25000,10.470373203371782,0.0102409091061951,0.9901,12001.42,22667.35,6.20,21115,282
rs56266105,15,75099686,25000,-8.591837264860976,-0.0069560087659528,0.9901,13148.33,27789.23,17.36,21115,335
rs12904134,15,74300521,25000,7.914679575961236,0.0075844427279822,0.9901,14773.88,25375.60,6.18,21115,240
rs62007493,15,28100878,25000,6.060754587023055,0.0098978023557112,0.9901,10106.99,19646.11,19.01,21115,313
rs559868066,15,78938368,25000,-6.031807218911953,-0.0063888168632807,0.9901,10978.58,23720.25,11.79,21115,378
rs75016891,15,48104661,25000,-5.990305092613048,-0.020638799000924,0.9901,852.29,4251.87,6.07,21115,159
rs11630467,15,47281760,25000,5.716057579648342,0.0106167126697554,0.9901,10050.06,21337.25,10.05,21115,274
rs140997855,15,85709666,25000,5.621162480234414,0.0067348793241435,0.9901,14457.03,25975.74,22.23,21115,339
rs36094528,15,38279834,25000,5.565901118900279,0.0167588393275873,0.9901,9654.84,16500.18,6.16,21115,316
rs1757459,15,41498789,25000,-5.514689924138498,-0.0049288842402069,0.9901,9050.47,16556.80,13.29,21115,248
rs150357968,15,63878438,25000,5.458023484138661,0.0136989112533353,0.9896,14661.65,28868.48,10.56,21115,383
