rsid,chrom,center_pos,window_half_bp,akbari_X,akbari_S,akbari_posterior,geom_mean_tmrca,arith_mean_tmrca,min_tmrca,n_pairs,n_sites
rs534821142,15,45394467,25000,-12.24161881619757,-0.0148414811243985,0.9901,11215.18,20419.81,16.43,63190,324
rs146178869,15,75035824,25000,10.470373203371782,0.0102409091061951,0.9901,11130.75,20891.24,4.39,63190,429
rs56266105,15,75392027,25000,-8.591837264860976,-0.0069560087659528,0.9901,5585.50,9994.99,4.33,63190,278
rs12904134,15,74592862,25000,7.914679575961236,0.0075844427279822,0.9901,7042.79,12894.67,4.32,63190,287
rs62007493,15,28346024,25000,6.060754587023055,0.0098978023557112,0.9901,6790.78,9003.34,9.05,63190,240
rs559868066,15,79230710,25000,-6.031807218911953,-0.0063888168632807,0.9901,18764.42,26906.91,4.33,63190,481
rs75016891,15,48396858,25000,-5.990305092613048,-0.020638799000924,0.9901,15964.30,22889.40,4.34,63190,504
rs11630467,15,47573957,25000,5.716057579648342,0.0106167126697554,0.9901,14720.83,21029.20,4.34,63190,473
rs140997855,15,86252897,25000,5.621162480234414,0.0067348793241435,0.9901,17486.10,23744.63,4.33,63190,531
rs36094528,15,38572035,25000,5.565901118900279,0.0167588393275873,0.9901,11064.26,18685.59,4.38,63190,406
rs1757459,15,41790987,25000,-5.514689924138498,-0.0049288842402069,0.9901,8595.96,13397.09,4.36,63190,322
rs150357968,15,64170637,25000,5.458023484138661,0.0136989112533353,0.9896,8627.83,15120.55,4.61,63190,349
