rsid,chrom,center_pos,window_half_bp,akbari_X,akbari_S,akbari_posterior,geom_mean_tmrca,arith_mean_tmrca,min_tmrca,n_pairs,n_sites
rs534821142,15,45102269,25000,-12.24161881619757,-0.0148414811243985,0.9901,17091.37,23501.70,10.94,63190,461
rs146178869,15,74743483,25000,10.470373203371782,0.0102409091061951,0.9901,13627.72,21137.04,4.33,63190,469
rs56266105,15,75099686,25000,-8.591837264860976,-0.0069560087659528,0.9901,14263.18,24108.93,4.44,63190,582
rs12904134,15,74300521,25000,7.914679575961236,0.0075844427279822,0.9901,13602.44,21758.33,4.69,63190,483
rs62007493,15,28100878,25000,6.060754587023055,0.0098978023557112,0.9901,17340.93,25754.90,4.80,63190,544
rs559868066,15,78938368,25000,-6.031807218911953,-0.0063888168632807,0.9901,20197.68,27601.58,4.32,63190,583
rs75016891,15,48104661,25000,-5.990305092613048,-0.020638799000924,0.9901,10258.21,16564.73,4.34,63190,395
rs11630467,15,47281760,25000,5.716057579648342,0.0106167126697554,0.9901,12856.56,19962.16,4.34,63190,424
rs140997855,15,85709666,25000,5.621162480234414,0.0067348793241435,0.9901,16234.37,22002.99,9.61,63190,477
rs36094528,15,38279834,25000,5.565901118900279,0.0167588393275873,0.9901,15193.66,27232.79,4.37,63190,440
rs1757459,15,41498789,25000,-5.514689924138498,-0.0049288842402069,0.9901,9708.59,15179.56,4.36,63190,383
rs150357968,15,63878438,25000,5.458023484138661,0.0136989112533353,0.9896,22090.36,30394.97,4.35,63190,594
