rsid,chrom,center_pos,window_half_bp,akbari_X,akbari_S,akbari_posterior,geom_mean_tmrca,arith_mean_tmrca,min_tmrca,n_pairs,n_sites
rs534821142,15,45102269,25000,-12.24161881619757,-0.0148414811243985,0.9901,2818.40,7129.42,5.69,49141,238
rs146178869,15,74743483,25000,10.470373203371782,0.0102409091061951,0.9901,5624.94,13449.54,5.70,49141,252
rs56266105,15,75099686,25000,-8.591837264860976,-0.0069560087659528,0.9901,11609.65,26740.39,5.70,49141,365
rs12904134,15,74300521,25000,7.914679575961236,0.0075844427279822,0.9901,9113.78,21424.95,5.70,49141,337
rs62007493,15,28100878,25000,6.060754587023055,0.0098978023557112,0.9901,6152.82,11837.82,5.98,49141,247
rs559868066,15,78938368,25000,-6.031807218911953,-0.0063888168632807,0.9901,6969.57,19068.29,5.70,49141,411
rs75016891,15,48104661,25000,-5.990305092613048,-0.020638799000924,0.9901,608.98,1772.21,5.69,49141,113
rs11630467,15,47281760,25000,5.716057579648342,0.0106167126697554,0.9901,7317.47,19581.91,5.70,49141,289
rs140997855,15,85709666,25000,5.621162480234414,0.0067348793241435,0.9901,19147.48,28808.88,5.72,49141,389
rs36094528,15,38279834,25000,5.565901118900279,0.0167588393275873,0.9901,11237.15,21958.61,5.70,49141,333
rs1757459,15,41498789,25000,-5.514689924138498,-0.0049288842402069,0.9901,11149.45,19798.16,5.70,49141,276
rs150357968,15,63878438,25000,5.458023484138661,0.0136989112533353,0.9896,16142.34,31572.74,5.70,49141,407
