rsid,chrom,center_pos,window_half_bp,akbari_X,akbari_S,akbari_posterior,geom_mean_tmrca,arith_mean_tmrca,min_tmrca,n_pairs,n_sites
rs534821142,15,45394467,25000,-12.24161881619757,-0.0148414811243985,0.9901,5019.63,15771.02,5.70,49141,202
rs146178869,15,75035824,25000,10.470373203371782,0.0102409091061951,0.9901,9428.49,20175.52,5.70,49141,272
rs56266105,15,75392027,25000,-8.591837264860976,-0.0069560087659528,0.9901,6840.44,14161.29,5.70,49141,165
rs12904134,15,74592862,25000,7.914679575961236,0.0075844427279822,0.9901,2766.99,8838.33,5.70,49141,223
rs62007493,15,28346024,25000,6.060754587023055,0.0098978023557112,0.9901,3382.38,5136.55,6.33,49141,126
rs559868066,15,79230710,25000,-6.031807218911953,-0.0063888168632807,0.9901,11924.26,21435.20,5.70,49141,314
rs75016891,15,48396858,25000,-5.990305092613048,-0.020638799000924,0.9901,3911.58,12685.44,5.70,49141,307
rs11630467,15,47573957,25000,5.716057579648342,0.0106167126697554,0.9901,10413.01,23251.69,5.70,49141,328
rs140997855,15,86252897,25000,5.621162480234414,0.0067348793241435,0.9901,14189.27,23865.26,5.70,49141,320
rs36094528,15,38572035,25000,5.565901118900279,0.0167588393275873,0.9901,5883.69,12280.77,5.69,49141,206
rs1757459,15,41790987,25000,-5.514689924138498,-0.0049288842402069,0.9901,8512.02,16371.00,5.70,49141,227
rs150357968,15,64170637,25000,5.458023484138661,0.0136989112533353,0.9896,3941.39,9251.84,5.70,49141,246
