rsid,chrom,center_pos,window_half_bp,akbari_X,akbari_S,akbari_posterior,geom_mean_tmrca,arith_mean_tmrca,min_tmrca,n_pairs,n_sites
rs534821142,15,45394467,25000,-12.24161881619757,-0.0148414811243985,0.9901,8788.44,20282.78,12.05,22791,209
rs146178869,15,75035824,25000,10.470373203371782,0.0102409091061951,0.9901,10940.42,23527.28,5.68,22791,277
rs56266105,15,75392027,25000,-8.591837264860976,-0.0069560087659528,0.9901,5446.57,12410.57,5.94,22791,177
rs12904134,15,74592862,25000,7.914679575961236,0.0075844427279822,0.9901,5418.49,12624.59,5.68,22791,186
rs62007493,15,28346024,25000,6.060754587023055,0.0098978023557112,0.9901,5773.71,8558.67,25.55,22791,136
rs559868066,15,79230710,25000,-6.031807218911953,-0.0063888168632807,0.9901,14060.68,23348.39,5.84,22791,268
rs75016891,15,48396858,25000,-5.990305092613048,-0.020638799000924,0.9901,6526.15,17282.68,20.77,22791,312
rs11630467,15,47573957,25000,5.716057579648342,0.0106167126697554,0.9901,11313.64,22192.62,9.58,22791,301
rs140997855,15,86252897,25000,5.621162480234414,0.0067348793241435,0.9901,17201.12,25239.63,5.97,22791,326
rs36094528,15,38572035,25000,5.565901118900279,0.0167588393275873,0.9901,7626.62,14160.50,6.17,22791,194
rs1757459,15,41790987,25000,-5.514689924138498,-0.0049288842402069,0.9901,10814.84,17711.17,27.61,22791,239
rs150357968,15,64170637,25000,5.458023484138661,0.0136989112533353,0.9896,5415.42,11632.45,6.01,22791,191
