rsid,chrom,center_pos,window_half_bp,akbari_X,akbari_S,akbari_posterior,geom_mean_tmrca,arith_mean_tmrca,min_tmrca,n_pairs,n_sites
rs534821142,15,45102269,25000,-12.24161881619757,-0.0148414811243985,0.9901,2410.53,4066.62,9.91,22791,224
rs146178869,15,74743483,25000,10.470373203371782,0.0102409091061951,0.9901,13058.38,23408.80,5.68,22791,322
rs56266105,15,75099686,25000,-8.591837264860976,-0.0069560087659528,0.9901,11889.40,26733.56,5.68,22791,330
rs12904134,15,74300521,25000,7.914679575961236,0.0075844427279822,0.9901,14522.13,24679.06,10.06,22791,263
rs62007493,15,28100878,25000,6.060754587023055,0.0098978023557112,0.9901,10255.45,19690.94,24.83,22791,254
rs559868066,15,78938368,25000,-6.031807218911953,-0.0063888168632807,0.9901,9756.41,21813.96,6.23,22791,379
rs75016891,15,48104661,25000,-5.990305092613048,-0.020638799000924,0.9901,2670.34,8793.17,18.61,22791,197
rs11630467,15,47281760,25000,5.716057579648342,0.0106167126697554,0.9901,11800.43,22073.27,6.71,22791,302
rs140997855,15,85709666,25000,5.621162480234414,0.0067348793241435,0.9901,13539.03,24524.06,10.58,22791,321
rs36094528,15,38279834,25000,5.565901118900279,0.0167588393275873,0.9901,12456.64,23973.89,5.69,22791,317
rs1757459,15,41498789,25000,-5.514689924138498,-0.0049288842402069,0.9901,11163.95,18433.38,25.15,22791,297
rs150357968,15,63878438,25000,5.458023484138661,0.0136989112533353,0.9896,16241.95,30186.75,9.71,22791,397
