rsid,chrom,center_pos,window_half_bp,akbari_X,akbari_S,akbari_posterior,geom_mean_tmrca,arith_mean_tmrca,min_tmrca,n_pairs,n_sites
rs534821142,15,45394467,25000,-12.24161881619757,-0.0148414811243985,0.9901,2525.88,9085.25,27.15,21528,138
rs146178869,15,75035824,25000,10.470373203371782,0.0102409091061951,0.9901,14354.51,26983.40,18.52,21528,207
rs56266105,15,75392027,25000,-8.591837264860976,-0.0069560087659528,0.9901,7593.89,14517.11,39.47,21528,142
rs12904134,15,74592862,25000,7.914679575961236,0.0075844427279822,0.9901,6645.93,15724.00,24.65,21528,140
rs62007493,15,28346024,25000,6.060754587023055,0.0098978023557112,0.9901,6908.93,9428.16,74.35,21528,112
rs559868066,15,79230710,25000,-6.031807218911953,-0.0063888168632807,0.9901,14865.76,24172.33,95.70,21528,266
rs75016891,15,48396858,25000,-5.990305092613048,-0.020638799000924,0.9901,11921.08,21933.44,48.99,21528,261
rs11630467,15,47573957,25000,5.716057579648342,0.0106167126697554,0.9901,10097.71,22800.11,11.53,21528,262
rs140997855,15,86252897,25000,5.621162480234414,0.0067348793241435,0.9901,7765.99,18501.17,13.56,21528,249
rs36094528,15,38572035,25000,5.565901118900279,0.0167588393275873,0.9901,7811.02,15842.86,25.23,21528,162
rs1757459,15,41790987,25000,-5.514689924138498,-0.0049288842402069,0.9901,4298.12,12155.14,17.52,21528,148
rs150357968,15,64170637,25000,5.458023484138661,0.0136989112533353,0.9896,1783.77,5619.15,14.85,21528,142
