rsid,chrom,center_pos,window_half_bp,akbari_X,akbari_S,akbari_posterior,geom_mean_tmrca,arith_mean_tmrca,min_tmrca,n_pairs,n_sites
rs534821142,15,45102269,25000,-12.24161881619757,-0.0148414811243985,0.9901,2788.76,7435.35,52.07,21528,186
rs146178869,15,74743483,25000,10.470373203371782,0.0102409091061951,0.9901,14747.18,24033.63,17.83,21528,268
rs56266105,15,75099686,25000,-8.591837264860976,-0.0069560087659528,0.9901,16992.11,31796.39,23.30,21528,309
rs12904134,15,74300521,25000,7.914679575961236,0.0075844427279822,0.9901,12591.92,24094.88,57.69,21528,287
rs62007493,15,28100878,25000,6.060754587023055,0.0098978023557112,0.9901,5242.79,13030.71,18.68,21528,264
rs559868066,15,78938368,25000,-6.031807218911953,-0.0063888168632807,0.9901,23057.85,35598.04,18.70,21528,386
rs75016891,15,48104661,25000,-5.990305092613048,-0.020638799000924,0.9901,8100.76,16806.22,38.30,21528,191
rs11630467,15,47281760,25000,5.716057579648342,0.0106167126697554,0.9901,6327.95,16866.60,11.89,21528,199
rs140997855,15,85709666,25000,5.621162480234414,0.0067348793241435,0.9901,13709.52,24791.34,43.85,21528,272
rs36094528,15,38279834,25000,5.565901118900279,0.0167588393275873,0.9901,11611.66,26878.53,31.38,21528,272
rs1757459,15,41498789,25000,-5.514689924138498,-0.0049288842402069,0.9901,8274.69,17302.91,29.21,21528,176
rs150357968,15,63878438,25000,5.458023484138661,0.0136989112533353,0.9896,2405.98,8248.04,10.63,21528,303
