rsid,chrom,center_pos,window_half_bp,akbari_X,akbari_S,akbari_posterior,geom_mean_tmrca,arith_mean_tmrca,min_tmrca,n_pairs,n_sites
rs534821142,15,45394467,25000,-12.24161881619757,-0.0148414811243985,0.9901,6646.64,17636.84,5.73,29646,201
rs146178869,15,75035824,25000,10.470373203371782,0.0102409091061951,0.9901,11909.54,25396.61,6.04,29646,227
rs56266105,15,75392027,25000,-8.591837264860976,-0.0069560087659528,0.9901,5959.05,13635.05,5.73,29646,179
rs12904134,15,74592862,25000,7.914679575961236,0.0075844427279822,0.9901,7813.42,16072.91,5.85,29646,153
rs62007493,15,28346024,25000,6.060754587023055,0.0098978023557112,0.9901,7276.26,9849.14,22.83,29646,139
rs559868066,15,79230710,25000,-6.031807218911953,-0.0063888168632807,0.9901,16328.87,25584.41,9.83,29646,286
rs75016891,15,48396858,25000,-5.990305092613048,-0.020638799000924,0.9901,11621.20,20857.29,5.72,29646,302
rs11630467,15,47573957,25000,5.716057579648342,0.0106167126697554,0.9901,11017.94,24259.21,5.73,29646,234
rs140997855,15,86252897,25000,5.621162480234414,0.0067348793241435,0.9901,7539.40,17934.99,5.73,29646,249
rs36094528,15,38572035,25000,5.565901118900279,0.0167588393275873,0.9901,8933.91,16671.09,5.73,29646,179
rs1757459,15,41790987,25000,-5.514689924138498,-0.0049288842402069,0.9901,5340.51,13914.72,5.73,29646,168
rs150357968,15,64170637,25000,5.458023484138661,0.0136989112533353,0.9896,2153.12,6562.02,6.00,29646,197
