rsid,chrom,center_pos,window_half_bp,akbari_X,akbari_S,akbari_posterior,geom_mean_tmrca,arith_mean_tmrca,min_tmrca,n_pairs,n_sites
rs534821142,15,45102269,25000,-12.24161881619757,-0.0148414811243985,0.9901,16531.64,23498.00,56.02,19503,424
rs146178869,15,74743483,25000,10.470373203371782,0.0102409091061951,0.9901,10959.53,18697.47,17.22,19503,426
rs56266105,15,75099686,25000,-8.591837264860976,-0.0069560087659528,0.9901,13070.06,22882.60,11.64,19503,474
rs12904134,15,74300521,25000,7.914679575961236,0.0075844427279822,0.9901,14738.15,22870.21,19.23,19503,467
rs62007493,15,28100878,25000,6.060754587023055,0.0098978023557112,0.9901,19575.70,26203.64,46.15,19503,495
rs559868066,15,78938368,25000,-6.031807218911953,-0.0063888168632807,0.9901,20680.90,27548.61,21.19,19503,565
rs75016891,15,48104661,25000,-5.990305092613048,-0.020638799000924,0.9901,10325.93,16957.70,12.28,19503,340
rs11630467,15,47281760,25000,5.716057579648342,0.0106167126697554,0.9901,14934.57,20863.23,9.21,19503,476
rs140997855,15,85709666,25000,5.621162480234414,0.0067348793241435,0.9901,16862.35,22400.25,38.97,19503,451
rs36094528,15,38279834,25000,5.565901118900279,0.0167588393275873,0.9901,14349.13,25193.05,23.32,19503,428
rs1757459,15,41498789,25000,-5.514689924138498,-0.0049288842402069,0.9901,11546.65,16254.64,17.15,19503,359
rs150357968,15,63878438,25000,5.458023484138661,0.0136989112533353,0.9896,21455.14,29799.25,8.93,19503,519
