rsid,chrom,center_pos,window_half_bp,akbari_X,akbari_S,akbari_posterior,geom_mean_tmrca,arith_mean_tmrca,min_tmrca,n_pairs,n_sites
rs534821142,15,45394467,25000,-12.24161881619757,-0.0148414811243985,0.9901,10918.51,19923.15,24.57,19503,292
rs146178869,15,75035824,25000,10.470373203371782,0.0102409091061951,0.9901,11171.74,20478.00,11.99,19503,341
rs56266105,15,75392027,25000,-8.591837264860976,-0.0069560087659528,0.9901,5158.70,9788.14,35.88,19503,255
rs12904134,15,74592862,25000,7.914679575961236,0.0075844427279822,0.9901,6838.49,12656.85,9.46,19503,284
rs62007493,15,28346024,25000,6.060754587023055,0.0098978023557112,0.9901,7398.44,9739.84,149.61,19503,255
rs559868066,15,79230710,25000,-6.031807218911953,-0.0063888168632807,0.9901,18113.14,25372.60,15.03,19503,477
rs75016891,15,48396858,25000,-5.990305092613048,-0.020638799000924,0.9901,16472.16,22952.35,8.07,19503,476
rs11630467,15,47573957,25000,5.716057579648342,0.0106167126697554,0.9901,14310.33,20469.54,9.17,19503,371
rs140997855,15,86252897,25000,5.621162480234414,0.0067348793241435,0.9901,18057.22,23072.49,9.13,19503,542
rs36094528,15,38572035,25000,5.565901118900279,0.0167588393275873,0.9901,11107.60,17641.70,9.14,19503,360
rs1757459,15,41790987,25000,-5.514689924138498,-0.0049288842402069,0.9901,9571.29,13817.33,9.55,19503,293
rs150357968,15,64170637,25000,5.458023484138661,0.0136989112533353,0.9896,8209.08,14641.82,8.12,19503,322
