rsid,chrom,center_pos,window_half_bp,akbari_X,akbari_S,akbari_posterior,geom_mean_tmrca,arith_mean_tmrca,min_tmrca,n_pairs,n_sites
rs534821142,15,45102269,25000,-12.24161881619757,-0.0148414811243985,0.9901,3630.36,11125.75,5.68,18721,204
rs146178869,15,74743483,25000,10.470373203371782,0.0102409091061951,0.9901,10893.32,21189.34,5.68,18721,298
rs56266105,15,75099686,25000,-8.591837264860976,-0.0069560087659528,0.9901,14528.02,28547.50,5.68,18721,315
rs12904134,15,74300521,25000,7.914679575961236,0.0075844427279822,0.9901,11308.59,23692.12,5.68,18721,310
rs62007493,15,28100878,25000,6.060754587023055,0.0098978023557112,0.9901,6032.14,12551.65,6.02,18721,277
rs559868066,15,78938368,25000,-6.031807218911953,-0.0063888168632807,0.9901,14949.90,28497.70,5.68,18721,365
rs75016891,15,48104661,25000,-5.990305092613048,-0.020638799000924,0.9901,3925.68,12749.54,5.67,18721,166
rs11630467,15,47281760,25000,5.716057579648342,0.0106167126697554,0.9901,8987.44,20344.95,5.68,18721,206
rs140997855,15,85709666,25000,5.621162480234414,0.0067348793241435,0.9901,16097.08,27205.73,6.72,18721,329
rs36094528,15,38279834,25000,5.565901118900279,0.0167588393275873,0.9901,13814.62,27003.55,5.68,18721,318
rs1757459,15,41498789,25000,-5.514689924138498,-0.0049288842402069,0.9901,8615.10,18083.69,5.68,18721,229
rs150357968,15,63878438,25000,5.458023484138661,0.0136989112533353,0.9896,13284.95,29186.57,5.68,18721,395
