rsid,chrom,center_pos,window_half_bp,akbari_X,akbari_S,akbari_posterior,geom_mean_tmrca,arith_mean_tmrca,min_tmrca,n_pairs,n_sites
rs534821142,15,45394467,25000,-12.24161881619757,-0.0148414811243985,0.9901,6525.36,18331.44,5.68,18721,191
rs146178869,15,75035824,25000,10.470373203371782,0.0102409091061951,0.9901,11066.36,21564.14,5.68,18721,264
rs56266105,15,75392027,25000,-8.591837264860976,-0.0069560087659528,0.9901,5896.38,12329.33,5.68,18721,157
rs12904134,15,74592862,25000,7.914679575961236,0.0075844427279822,0.9901,5125.92,13156.22,5.68,18721,173
rs62007493,15,28346024,25000,6.060754587023055,0.0098978023557112,0.9901,5777.91,8974.64,9.79,18721,132
rs559868066,15,79230710,25000,-6.031807218911953,-0.0063888168632807,0.9901,16330.21,28247.54,5.90,18721,305
rs75016891,15,48396858,25000,-5.990305092613048,-0.020638799000924,0.9901,4905.53,12536.76,5.68,18721,279
rs11630467,15,47573957,25000,5.716057579648342,0.0106167126697554,0.9901,9962.59,22995.84,5.68,18721,277
rs140997855,15,86252897,25000,5.621162480234414,0.0067348793241435,0.9901,14861.98,24814.56,5.68,18721,287
rs36094528,15,38572035,25000,5.565901118900279,0.0167588393275873,0.9901,8179.30,15382.07,5.68,18721,185
rs1757459,15,41790987,25000,-5.514689924138498,-0.0049288842402069,0.9901,7896.75,15981.97,5.68,18721,155
rs150357968,15,64170637,25000,5.458023484138661,0.0136989112533353,0.9896,4177.52,9822.29,5.68,18721,217
