rsid,chrom,center_pos,window_half_bp,akbari_X,akbari_S,akbari_posterior,geom_mean_tmrca,arith_mean_tmrca,min_tmrca,n_pairs,n_sites
rs534821142,15,45394467,25000,-12.24161881619757,-0.0148414811243985,0.9901,3700.57,12965.81,6.26,29646,206
rs146178869,15,75035824,25000,10.470373203371782,0.0102409091061951,0.9901,8941.56,22477.43,6.35,29646,239
rs56266105,15,75392027,25000,-8.591837264860976,-0.0069560087659528,0.9901,4640.78,11257.17,6.10,29646,146
rs12904134,15,74592862,25000,7.914679575961236,0.0075844427279822,0.9901,2578.79,10427.66,5.78,29646,160
rs62007493,15,28346024,25000,6.060754587023055,0.0098978023557112,0.9901,6711.76,10224.31,6.34,29646,140
rs559868066,15,79230710,25000,-6.031807218911953,-0.0063888168632807,0.9901,15068.80,28883.00,5.91,29646,289
rs75016891,15,48396858,25000,-5.990305092613048,-0.020638799000924,0.9901,8478.66,18271.23,5.74,29646,305
rs11630467,15,47573957,25000,5.716057579648342,0.0106167126697554,0.9901,11805.41,25992.56,5.74,29646,321
rs140997855,15,86252897,25000,5.621162480234414,0.0067348793241435,0.9901,11640.47,25038.36,5.74,29646,336
rs36094528,15,38572035,25000,5.565901118900279,0.0167588393275873,0.9901,6433.08,14465.86,5.74,29646,164
rs1757459,15,41790987,25000,-5.514689924138498,-0.0049288842402069,0.9901,6015.62,15962.43,5.74,29646,196
rs150357968,15,64170637,25000,5.458023484138661,0.0136989112533353,0.9896,2597.57,7208.93,5.74,29646,226
