rsid,chrom,center_pos,window_half_bp,akbari_X,akbari_S,akbari_posterior,geom_mean_tmrca,arith_mean_tmrca,min_tmrca,n_pairs,n_sites
rs534821142,15,45394467,25000,-12.24161881619757,-0.0148414811243985,0.9901,8242.38,19610.62,6.13,42486,192
rs146178869,15,75035824,25000,10.470373203371782,0.0102409091061951,0.9901,14381.96,25753.64,5.68,42486,288
rs56266105,15,75392027,25000,-8.591837264860976,-0.0069560087659528,0.9901,5269.77,12355.62,5.68,42486,190
rs12904134,15,74592862,25000,7.914679575961236,0.0075844427279822,0.9901,5745.09,13363.79,5.68,42486,219
rs62007493,15,28346024,25000,6.060754587023055,0.0098978023557112,0.9901,5317.62,8125.93,10.07,42486,155
rs559868066,15,79230710,25000,-6.031807218911953,-0.0063888168632807,0.9901,13920.38,23076.36,5.68,42486,290
rs75016891,15,48396858,25000,-5.990305092613048,-0.020638799000924,0.9901,7117.42,18509.51,5.68,42486,317
rs11630467,15,47573957,25000,5.716057579648342,0.0106167126697554,0.9901,10972.87,22182.15,5.68,42486,327
rs140997855,15,86252897,25000,5.621162480234414,0.0067348793241435,0.9901,17013.26,25560.61,5.68,42486,345
rs36094528,15,38572035,25000,5.565901118900279,0.0167588393275873,0.9901,6835.93,12915.11,5.68,42486,207
rs1757459,15,41790987,25000,-5.514689924138498,-0.0049288842402069,0.9901,9913.76,16522.76,5.73,42486,267
rs150357968,15,64170637,25000,5.458023484138661,0.0136989112533353,0.9896,6663.34,13387.45,5.68,42486,253
