rsid,chrom,center_pos,window_half_bp,akbari_X,akbari_S,akbari_posterior,geom_mean_tmrca,arith_mean_tmrca,min_tmrca,n_pairs,n_sites
rs534821142,15,45394467,25000,-12.24161881619757,-0.0148414811243985,0.9901,10151.70,21670.64,5.92,25878,192
rs146178869,15,75035824,25000,10.470373203371782,0.0102409091061951,0.9901,11575.54,24198.83,5.78,25878,256
rs56266105,15,75392027,25000,-8.591837264860976,-0.0069560087659528,0.9901,5584.27,12640.51,6.26,25878,169
rs12904134,15,74592862,25000,7.914679575961236,0.0075844427279822,0.9901,5307.15,12842.55,5.68,25878,176
rs62007493,15,28346024,25000,6.060754587023055,0.0098978023557112,0.9901,5634.88,8487.42,7.50,25878,137
rs559868066,15,79230710,25000,-6.031807218911953,-0.0063888168632807,0.9901,14625.94,23863.95,7.86,25878,264
rs75016891,15,48396858,25000,-5.990305092613048,-0.020638799000924,0.9901,8454.94,19097.19,5.68,25878,321
rs11630467,15,47573957,25000,5.716057579648342,0.0106167126697554,0.9901,11163.30,22277.37,5.89,25878,293
rs140997855,15,86252897,25000,5.621162480234414,0.0067348793241435,0.9901,16911.74,25371.19,7.55,25878,327
rs36094528,15,38572035,25000,5.565901118900279,0.0167588393275873,0.9901,7905.54,14431.13,5.68,25878,195
rs1757459,15,41790987,25000,-5.514689924138498,-0.0049288842402069,0.9901,11099.45,17763.55,11.73,25878,246
rs150357968,15,64170637,25000,5.458023484138661,0.0136989112533353,0.9896,4727.05,10274.16,7.17,25878,218
