rsid,chrom,center_pos,window_half_bp,akbari_X,akbari_S,akbari_posterior,geom_mean_tmrca,arith_mean_tmrca,min_tmrca,n_pairs,n_sites
rs534821142,15,45102269,25000,-12.24161881619757,-0.0148414811243985,0.9901,2398.74,3439.69,7.91,25878,173
rs146178869,15,74743483,25000,10.470373203371782,0.0102409091061951,0.9901,12812.42,23169.75,5.68,25878,302
rs56266105,15,75099686,25000,-8.591837264860976,-0.0069560087659528,0.9901,13325.15,27811.83,5.87,25878,312
rs12904134,15,74300521,25000,7.914679575961236,0.0075844427279822,0.9901,14489.82,24730.95,5.68,25878,258
rs62007493,15,28100878,25000,6.060754587023055,0.0098978023557112,0.9901,11215.82,21674.93,6.04,25878,312
rs559868066,15,78938368,25000,-6.031807218911953,-0.0063888168632807,0.9901,12957.49,25451.68,5.93,25878,398
rs75016891,15,48104661,25000,-5.990305092613048,-0.020638799000924,0.9901,4937.63,12828.98,5.67,25878,209
rs11630467,15,47281760,25000,5.716057579648342,0.0106167126697554,0.9901,11457.05,21734.98,5.68,25878,264
rs140997855,15,85709666,25000,5.621162480234414,0.0067348793241435,0.9901,15832.36,26225.06,11.29,25878,313
rs36094528,15,38279834,25000,5.565901118900279,0.0167588393275873,0.9901,13621.72,25759.83,6.09,25878,322
rs1757459,15,41498789,25000,-5.514689924138498,-0.0049288842402069,0.9901,11066.20,18276.35,10.54,25878,282
rs150357968,15,63878438,25000,5.458023484138661,0.0136989112533353,0.9896,16350.89,30674.31,6.23,25878,415
