rsid,chrom,center_pos,window_half_bp,akbari_X,akbari_S,akbari_posterior,geom_mean_tmrca,arith_mean_tmrca,min_tmrca,n_pairs,n_sites
rs534821142,15,45102269,25000,-12.24161881619757,-0.0148414811243985,0.9901,2458.27,5923.25,20.61,22791,170
rs146178869,15,74743483,25000,10.470373203371782,0.0102409091061951,0.9901,6991.30,16074.03,17.80,22791,282
rs56266105,15,75099686,25000,-8.591837264860976,-0.0069560087659528,0.9901,15192.74,30365.50,54.44,22791,326
rs12904134,15,74300521,25000,7.914679575961236,0.0075844427279822,0.9901,8541.67,22051.10,51.72,22791,320
rs62007493,15,28100878,25000,6.060754587023055,0.0098978023557112,0.9901,5713.59,12176.28,73.04,22791,243
rs559868066,15,78938368,25000,-6.031807218911953,-0.0063888168632807,0.9901,13665.67,27465.93,48.37,22791,380
rs75016891,15,48104661,25000,-5.990305092613048,-0.020638799000924,0.9901,522.36,1359.64,23.55,22791,133
rs11630467,15,47281760,25000,5.716057579648342,0.0106167126697554,0.9901,6729.84,19061.30,11.67,22791,252
rs140997855,15,85709666,25000,5.621162480234414,0.0067348793241435,0.9901,16778.65,28090.60,33.47,22791,314
rs36094528,15,38279834,25000,5.565901118900279,0.0167588393275873,0.9901,10842.01,21607.11,26.95,22791,298
rs1757459,15,41498789,25000,-5.514689924138498,-0.0049288842402069,0.9901,10974.70,20085.71,35.74,22791,229
rs150357968,15,63878438,25000,5.458023484138661,0.0136989112533353,0.9896,19072.49,33239.82,28.90,22791,391
