rsid,chrom,center_pos,window_half_bp,akbari_X,akbari_S,akbari_posterior,geom_mean_tmrca,arith_mean_tmrca,min_tmrca,n_pairs,n_sites
rs534821142,15,45394467,25000,-12.24161881619757,-0.0148414811243985,0.9901,5939.84,17689.66,25.70,22791,142
rs146178869,15,75035824,25000,10.470373203371782,0.0102409091061951,0.9901,11429.81,22437.80,44.16,22791,255
rs56266105,15,75392027,25000,-8.591837264860976,-0.0069560087659528,0.9901,7113.85,14608.31,42.34,22791,143
rs12904134,15,74592862,25000,7.914679575961236,0.0075844427279822,0.9901,2040.64,6307.16,17.35,22791,168
rs62007493,15,28346024,25000,6.060754587023055,0.0098978023557112,0.9901,3506.12,5326.19,50.30,22791,125
rs559868066,15,79230710,25000,-6.031807218911953,-0.0063888168632807,0.9901,12687.63,22359.18,95.46,22791,281
rs75016891,15,48396858,25000,-5.990305092613048,-0.020638799000924,0.9901,2568.04,10333.36,68.97,22791,255
rs11630467,15,47573957,25000,5.716057579648342,0.0106167126697554,0.9901,8433.26,21149.65,15.86,22791,292
rs140997855,15,86252897,25000,5.621162480234414,0.0067348793241435,0.9901,14752.82,24324.57,15.50,22791,273
rs36094528,15,38572035,25000,5.565901118900279,0.0167588393275873,0.9901,4861.84,10223.84,10.29,22791,161
rs1757459,15,41790987,25000,-5.514689924138498,-0.0049288842402069,0.9901,10043.05,17636.61,48.30,22791,194
rs150357968,15,64170637,25000,5.458023484138661,0.0136989112533353,0.9896,3432.57,8701.53,31.67,22791,211
