rsid,chrom,center_pos,window_half_bp,akbari_X,akbari_S,akbari_posterior,geom_mean_tmrca,arith_mean_tmrca,min_tmrca,n_pairs,n_sites
rs534821142,15,45102269,25000,-12.24161881619757,-0.0148414811243985,0.9901,17102.71,24100.34,13.63,63190,454
rs146178869,15,74743483,25000,10.470373203371782,0.0102409091061951,0.9901,12387.56,20390.90,4.33,63190,459
rs56266105,15,75099686,25000,-8.591837264860976,-0.0069560087659528,0.9901,13723.59,24072.96,4.33,63190,558
rs12904134,15,74300521,25000,7.914679575961236,0.0075844427279822,0.9901,14233.15,22629.03,4.32,63190,419
rs62007493,15,28100878,25000,6.060754587023055,0.0098978023557112,0.9901,18277.27,26288.19,4.77,63190,542
rs559868066,15,78938368,25000,-6.031807218911953,-0.0063888168632807,0.9901,21157.46,27877.02,4.59,63190,631
rs75016891,15,48104661,25000,-5.990305092613048,-0.020638799000924,0.9901,10854.39,17516.69,4.34,63190,371
rs11630467,15,47281760,25000,5.716057579648342,0.0106167126697554,0.9901,13791.30,20648.85,4.34,63190,491
rs140997855,15,85709666,25000,5.621162480234414,0.0067348793241435,0.9901,15653.99,21641.28,6.76,63190,447
rs36094528,15,38279834,25000,5.565901118900279,0.0167588393275873,0.9901,15832.17,26966.31,4.37,63190,458
rs1757459,15,41498789,25000,-5.514689924138498,-0.0049288842402069,0.9901,10638.74,16038.81,4.67,63190,350
rs150357968,15,63878438,25000,5.458023484138661,0.0136989112533353,0.9896,21701.25,30952.43,4.32,63190,553
