rsid,chrom,center_pos,window_half_bp,akbari_X,akbari_S,akbari_posterior,geom_mean_tmrca,arith_mean_tmrca,min_tmrca,n_pairs,n_sites
rs534821142,15,45394467,25000,-12.24161881619757,-0.0148414811243985,0.9901,8255.39,17192.34,8.09,63190,337
rs146178869,15,75035824,25000,10.470373203371782,0.0102409091061951,0.9901,11872.36,21527.31,4.33,63190,402
rs56266105,15,75392027,25000,-8.591837264860976,-0.0069560087659528,0.9901,6403.64,11009.80,4.32,63190,300
rs12904134,15,74592862,25000,7.914679575961236,0.0075844427279822,0.9901,6034.96,12107.48,4.32,63190,285
rs62007493,15,28346024,25000,6.060754587023055,0.0098978023557112,0.9901,7674.52,10063.50,5.13,63190,258
rs559868066,15,79230710,25000,-6.031807218911953,-0.0063888168632807,0.9901,18362.35,26231.42,4.33,63190,514
rs75016891,15,48396858,25000,-5.990305092613048,-0.020638799000924,0.9901,15018.69,21999.28,4.34,63190,479
rs11630467,15,47573957,25000,5.716057579648342,0.0106167126697554,0.9901,14880.78,21226.91,4.34,63190,427
rs140997855,15,86252897,25000,5.621162480234414,0.0067348793241435,0.9901,18525.37,24246.82,4.33,63190,585
rs36094528,15,38572035,25000,5.565901118900279,0.0167588393275873,0.9901,12186.78,19320.45,4.38,63190,370
rs1757459,15,41790987,25000,-5.514689924138498,-0.0049288842402069,0.9901,9335.46,13851.11,4.36,63190,307
rs150357968,15,64170637,25000,5.458023484138661,0.0136989112533353,0.9896,8760.22,14953.62,4.41,63190,350
