rsid,chrom,center_pos,window_half_bp,akbari_X,akbari_S,akbari_posterior,geom_mean_tmrca,arith_mean_tmrca,min_tmrca,n_pairs,n_sites
rs9509242,13,21060942,25000,-7.96474997633084,-0.0067593543919092,0.9901,16753.79,23160.25,7.04,26796,541
rs12874404,13,108993494,25000,7.557249498194572,0.0145914359682753,0.9901,14565.55,19483.60,3.27,26796,522
rs72267004,13,58436376,25000,-6.64218472708798,-0.0080895212817097,0.9901,5349.28,8775.06,3.37,26796,232
chr13_59297283,13,59297283,25000,6.0396017850170525,0.008036038244439,0.9901,12553.32,22643.40,3.36,26796,388
rs72656280,13,109796714,25000,5.961103259152143,0.0151742672551113,0.9901,14436.38,21635.04,3.45,26796,454
rs57453590,13,28679426,25000,5.732638901853616,0.0055880628520932,0.9901,18320.58,29255.90,3.69,26796,548
rs61950492,13,53635820,25000,5.587136971960561,0.0102833466305045,0.9901,12762.46,20666.12,3.40,26796,430
rs149194762,13,58928638,25000,5.58552338361035,0.0128591737103793,0.9901,10266.86,18117.03,3.36,26796,440
rs542796,13,66636157,25000,-5.57863296463676,-0.0055829254396957,0.9901,10502.73,16282.74,3.31,26796,393
rs34175664,13,46530019,25000,5.545988946618027,0.0101810397048653,0.9901,13536.30,20227.88,3.46,26796,493
