rsid,chrom,center_pos,window_half_bp,akbari_X,akbari_S,akbari_posterior,geom_mean_tmrca,arith_mean_tmrca,min_tmrca,n_pairs,n_sites
rs9509242,13,20486803,25000,-7.96474997633084,-0.0067593543919092,0.9901,25396.28,34261.87,3.88,26796,729
rs12874404,13,108341146,25000,7.557249498194572,0.0145914359682753,0.9901,15250.47,19817.41,3.17,26796,499
rs72267004,13,57862242,25000,-6.64218472708798,-0.0080895212817097,0.9901,10270.55,16847.07,3.38,26796,371
chr13_58723149,13,58723149,25000,6.0396017850170525,0.008036038244439,0.9901,15234.75,24707.59,3.37,26796,464
rs72656280,13,109144366,25000,5.961103259152143,0.0151742672551113,0.9901,13634.19,18298.34,3.32,26796,437
rs57453590,13,28105289,25000,5.732638901853616,0.0055880628520932,0.9901,19843.46,27386.18,3.70,26796,588
rs61950492,13,53061685,25000,5.587136971960561,0.0102833466305045,0.9901,13335.49,18740.82,3.40,26796,404
rs149194762,13,58354504,25000,5.58552338361035,0.0128591737103793,0.9901,3568.42,5330.95,3.37,26796,290
rs542796,13,66062025,25000,-5.57863296463676,-0.0055829254396957,0.9901,14598.15,21682.52,3.32,26796,470
rs34175664,13,45955884,25000,5.545988946618027,0.0101810397048653,0.9901,7720.87,16936.27,3.75,26796,277
