rsid,chrom,center_pos,window_half_bp,akbari_X,akbari_S,akbari_posterior,geom_mean_tmrca,arith_mean_tmrca,min_tmrca,n_pairs,n_sites
rs9509242,13,21060942,25000,-7.96474997633084,-0.0067593543919092,0.9901,16212.03,23020.31,4.46,10878,540
rs12874404,13,108993494,25000,7.557249498194572,0.0145914359682753,0.9901,13512.93,18412.29,3.82,10878,420
rs72267004,13,58436376,25000,-6.64218472708798,-0.0080895212817097,0.9901,4975.24,7849.53,3.37,10878,189
chr13_59297283,13,59297283,25000,6.0396017850170525,0.008036038244439,0.9901,13380.54,23177.59,3.36,10878,333
rs72656280,13,109796714,25000,5.961103259152143,0.0151742672551113,0.9901,15499.54,22395.74,4.00,10878,421
rs57453590,13,28679426,25000,5.732638901853616,0.0055880628520932,0.9901,18761.85,29540.95,4.60,10878,520
rs61950492,13,53635820,25000,5.587136971960561,0.0102833466305045,0.9901,12933.10,21137.07,6.88,10878,390
rs149194762,13,58928638,25000,5.58552338361035,0.0128591737103793,0.9901,10259.48,18578.24,3.36,10878,386
rs542796,13,66636157,25000,-5.57863296463676,-0.0055829254396957,0.9901,9478.05,15807.85,3.31,10878,361
rs34175664,13,46530019,25000,5.545988946618027,0.0101810397048653,0.9901,12552.82,19606.00,3.46,10878,415
