rsid,chrom,center_pos,window_half_bp,akbari_X,akbari_S,akbari_posterior,geom_mean_tmrca,arith_mean_tmrca,min_tmrca,n_pairs,n_sites
rs9509242,13,20486803,25000,-7.96474997633084,-0.0067593543919092,0.9901,25993.41,33496.76,4.39,10878,663
rs12874404,13,108341146,25000,7.557249498194572,0.0145914359682753,0.9901,13843.95,18601.30,3.17,10878,432
rs72267004,13,57862242,25000,-6.64218472708798,-0.0080895212817097,0.9901,11928.01,19042.71,3.44,10878,319
chr13_58723149,13,58723149,25000,6.0396017850170525,0.008036038244439,0.9901,14387.10,24106.41,3.37,10878,432
rs72656280,13,109144366,25000,5.961103259152143,0.0151742672551113,0.9901,12898.98,17598.79,6.49,10878,368
rs57453590,13,28105289,25000,5.732638901853616,0.0055880628520932,0.9901,18041.29,26536.72,6.20,10878,511
rs61950492,13,53061685,25000,5.587136971960561,0.0102833466305045,0.9901,13178.15,18701.90,7.21,10878,398
rs149194762,13,58354504,25000,5.58552338361035,0.0128591737103793,0.9901,3825.60,5584.62,3.37,10878,190
rs542796,13,66062025,25000,-5.57863296463676,-0.0055829254396957,0.9901,12618.89,20295.87,3.32,10878,430
rs34175664,13,45955884,25000,5.545988946618027,0.0101810397048653,0.9901,9421.20,18129.79,7.04,10878,275
