rsid,chrom,center_pos,window_half_bp,akbari_X,akbari_S,akbari_posterior,geom_mean_tmrca,arith_mean_tmrca,min_tmrca,n_pairs,n_sites
rs9509242,13,20486803,25000,-7.96474997633084,-0.0067593543919092,0.9901,11693.14,24560.30,4.81,34191,474
rs12874404,13,108341146,25000,7.557249498194572,0.0145914359682753,0.9901,13854.58,20970.49,4.43,34191,309
rs72267004,13,57862242,25000,-6.64218472708798,-0.0080895212817097,0.9901,10060.05,20601.26,4.41,34191,251
chr13_58723149,13,58723149,25000,6.0396017850170525,0.008036038244439,0.9901,17477.48,29263.51,4.41,34191,367
rs72656280,13,109144366,25000,5.961103259152143,0.0151742672551113,0.9901,13301.96,20584.84,4.41,34191,284
rs57453590,13,28105289,25000,5.732638901853616,0.0055880628520932,0.9901,7723.51,18737.80,4.58,34191,385
rs61950492,13,53061685,25000,5.587136971960561,0.0102833466305045,0.9901,10996.07,19995.64,4.42,34191,308
rs149194762,13,58354504,25000,5.58552338361035,0.0128591737103793,0.9901,4605.11,7295.48,4.41,34191,178
rs542796,13,66062025,25000,-5.57863296463676,-0.0055829254396957,0.9901,9013.97,18721.97,4.41,34191,286
rs34175664,13,45955884,25000,5.545988946618027,0.0101810397048653,0.9901,10090.36,20517.20,4.43,34191,243
