rsid,chrom,center_pos,window_half_bp,akbari_X,akbari_S,akbari_posterior,geom_mean_tmrca,arith_mean_tmrca,min_tmrca,n_pairs,n_sites
rs9509242,13,21060942,25000,-7.96474997633084,-0.0067593543919092,0.9901,8141.01,20115.26,5.15,34191,286
rs12874404,13,108993494,25000,7.557249498194572,0.0145914359682753,0.9901,8614.83,15575.62,4.41,34191,337
rs72267004,13,58436376,25000,-6.64218472708798,-0.0080895212817097,0.9901,6780.72,13048.86,4.41,34191,216
chr13_59297283,13,59297283,25000,6.0396017850170525,0.008036038244439,0.9901,11310.91,24015.50,4.41,34191,310
rs72656280,13,109796714,25000,5.961103259152143,0.0151742672551113,0.9901,13275.55,23760.63,4.41,34191,290
rs57453590,13,28679426,25000,5.732638901853616,0.0055880628520932,0.9901,8938.26,17662.54,4.55,34191,215
rs61950492,13,53635820,25000,5.587136971960561,0.0102833466305045,0.9901,7630.59,16898.29,4.42,34191,259
rs149194762,13,58928638,25000,5.58552338361035,0.0128591737103793,0.9901,10964.98,21423.54,4.49,34191,280
rs542796,13,66636157,25000,-5.57863296463676,-0.0055829254396957,0.9901,7296.61,13326.62,4.41,34191,250
rs34175664,13,46530019,25000,5.545988946618027,0.0101810397048653,0.9901,14869.05,27497.01,4.43,34191,372
