rsid,chrom,center_pos,window_half_bp,akbari_X,akbari_S,akbari_posterior,geom_mean_tmrca,arith_mean_tmrca,min_tmrca,n_pairs,n_sites
rs9509242,13,20486803,25000,-7.96474997633084,-0.0067593543919092,0.9901,12911.61,27128.25,11.57,17205,312
rs12874404,13,108341146,25000,7.557249498194572,0.0145914359682753,0.9901,10332.14,19323.14,24.84,17205,241
rs72267004,13,57862242,25000,-6.64218472708798,-0.0080895212817097,0.9901,12020.46,23204.23,10.62,17205,217
chr13_58723149,13,58723149,25000,6.0396017850170525,0.008036038244439,0.9901,14130.00,28870.51,5.68,17205,307
rs72656280,13,109144366,25000,5.961103259152143,0.0151742672551113,0.9901,10239.41,19461.17,12.04,17205,200
rs57453590,13,28105289,25000,5.732638901853616,0.0055880628520932,0.9901,10204.19,21935.50,26.57,17205,330
rs61950492,13,53061685,25000,5.587136971960561,0.0102833466305045,0.9901,13314.01,23308.17,12.23,17205,220
rs149194762,13,58354504,25000,5.58552338361035,0.0128591737103793,0.9901,4606.44,8874.19,5.68,17205,141
rs542796,13,66062025,25000,-5.57863296463676,-0.0055829254396957,0.9901,9183.50,21490.51,6.09,17205,259
rs34175664,13,45955884,25000,5.545988946618027,0.0101810397048653,0.9901,10267.29,21348.68,18.58,17205,180
