rsid,chrom,center_pos,window_half_bp,akbari_X,akbari_S,akbari_posterior,geom_mean_tmrca,arith_mean_tmrca,min_tmrca,n_pairs,n_sites
rs9509242,13,21060942,25000,-7.96474997633084,-0.0067593543919092,0.9901,11225.82,25209.05,7.35,17205,244
rs12874404,13,108993494,25000,7.557249498194572,0.0145914359682753,0.9901,5132.62,12760.93,10.23,17205,215
rs72267004,13,58436376,25000,-6.64218472708798,-0.0080895212817097,0.9901,8291.72,16387.74,5.68,17205,182
chr13_59297283,13,59297283,25000,6.0396017850170525,0.008036038244439,0.9901,10448.31,23163.55,6.05,17205,248
rs72656280,13,109796714,25000,5.961103259152143,0.0151742672551113,0.9901,9830.95,20801.14,5.91,17205,260
rs57453590,13,28679426,25000,5.732638901853616,0.0055880628520932,0.9901,9437.23,19925.89,6.34,17205,178
rs61950492,13,53635820,25000,5.587136971960561,0.0102833466305045,0.9901,9374.24,21226.95,5.68,17205,207
rs149194762,13,58928638,25000,5.58552338361035,0.0128591737103793,0.9901,8787.68,18947.60,5.94,17205,233
rs542796,13,66636157,25000,-5.57863296463676,-0.0055829254396957,0.9901,6298.07,16106.61,5.87,17205,260
rs34175664,13,46530019,25000,5.545988946618027,0.0101810397048653,0.9901,16063.33,28740.10,23.90,17205,299
