rsid,chrom,center_pos,window_half_bp,akbari_X,akbari_S,akbari_posterior,geom_mean_tmrca,arith_mean_tmrca,min_tmrca,n_pairs,n_sites
rs9509242,13,20486803,25000,-7.96474997633084,-0.0067593543919092,0.9901,13743.47,26434.03,4.68,63903,420
rs12874404,13,108341146,25000,7.557249498194572,0.0145914359682753,0.9901,13994.69,21014.16,4.42,63903,279
rs72267004,13,57862242,25000,-6.64218472708798,-0.0080895212817097,0.9901,10395.88,22595.98,4.42,63903,245
chr13_58723149,13,58723149,25000,6.0396017850170525,0.008036038244439,0.9901,16373.61,28855.76,4.42,63903,351
rs72656280,13,109144366,25000,5.961103259152143,0.0151742672551113,0.9901,13173.90,20340.18,4.42,63903,268
rs57453590,13,28105289,25000,5.732638901853616,0.0055880628520932,0.9901,6161.62,17010.42,4.56,63903,323
rs61950492,13,53061685,25000,5.587136971960561,0.0102833466305045,0.9901,10177.75,19413.11,4.43,63903,284
rs149194762,13,58354504,25000,5.58552338361035,0.0128591737103793,0.9901,4451.17,7307.00,4.42,63903,177
rs542796,13,66062025,25000,-5.57863296463676,-0.0055829254396957,0.9901,12453.49,23154.47,4.42,63903,295
rs34175664,13,45955884,25000,5.545988946618027,0.0101810397048653,0.9901,9310.96,20482.75,4.44,63903,202
