rsid,chrom,center_pos,window_half_bp,akbari_X,akbari_S,akbari_posterior,geom_mean_tmrca,arith_mean_tmrca,min_tmrca,n_pairs,n_sites
rs9509242,13,21060942,25000,-7.96474997633084,-0.0067593543919092,0.9901,7618.18,18413.63,4.95,63903,284
rs12874404,13,108993494,25000,7.557249498194572,0.0145914359682753,0.9901,12691.68,19922.64,4.42,63903,318
rs72267004,13,58436376,25000,-6.64218472708798,-0.0080895212817097,0.9901,6197.76,11692.41,4.42,63903,194
chr13_59297283,13,59297283,25000,6.0396017850170525,0.008036038244439,0.9901,13430.19,25276.94,4.42,63903,275
rs72656280,13,109796714,25000,5.961103259152143,0.0151742672551113,0.9901,12803.93,23739.35,4.42,63903,309
rs57453590,13,28679426,25000,5.732638901853616,0.0055880628520932,0.9901,7782.62,16198.48,4.56,63903,254
rs61950492,13,53635820,25000,5.587136971960561,0.0102833466305045,0.9901,11589.93,22541.23,4.42,63903,273
rs149194762,13,58928638,25000,5.58552338361035,0.0128591737103793,0.9901,11562.78,23984.26,4.42,63903,280
rs542796,13,66636157,25000,-5.57863296463676,-0.0055829254396957,0.9901,5562.14,11765.33,4.42,63903,204
rs34175664,13,46530019,25000,5.545988946618027,0.0101810397048653,0.9901,11797.55,26684.18,4.44,63903,345
