rsid,chrom,center_pos,window_half_bp,akbari_X,akbari_S,akbari_posterior,geom_mean_tmrca,arith_mean_tmrca,min_tmrca,n_pairs,n_sites
rs9509242,13,21060942,25000,-7.96474997633084,-0.0067593543919092,0.9901,10613.63,24660.48,46.39,21115,252
rs12874404,13,108993494,25000,7.557249498194572,0.0145914359682753,0.9901,5876.16,14910.00,105.90,21115,233
rs72267004,13,58436376,25000,-6.64218472708798,-0.0080895212817097,0.9901,7419.34,15275.77,24.58,21115,177
chr13_59297283,13,59297283,25000,6.0396017850170525,0.008036038244439,0.9901,10068.63,22188.18,80.52,21115,253
rs72656280,13,109796714,25000,5.961103259152143,0.0151742672551113,0.9901,10044.33,21578.14,61.22,21115,245
rs57453590,13,28679426,25000,5.732638901853616,0.0055880628520932,0.9901,8793.75,19267.29,89.81,21115,172
rs61950492,13,53635820,25000,5.587136971960561,0.0102833466305045,0.9901,11104.38,22555.40,12.71,21115,221
rs149194762,13,58928638,25000,5.58552338361035,0.0128591737103793,0.9901,8884.29,19912.13,18.44,21115,218
rs542796,13,66636157,25000,-5.57863296463676,-0.0055829254396957,0.9901,6097.96,19099.85,11.83,21115,255
rs34175664,13,46530019,25000,5.545988946618027,0.0101810397048653,0.9901,14241.41,27730.92,118.19,21115,297
