rsid,chrom,center_pos,window_half_bp,akbari_X,akbari_S,akbari_posterior,geom_mean_tmrca,arith_mean_tmrca,min_tmrca,n_pairs,n_sites
rs9509242,13,20486803,25000,-7.96474997633084,-0.0067593543919092,0.9901,12250.96,25139.83,5.67,52975,384
rs12874404,13,108341146,25000,7.557249498194572,0.0145914359682753,0.9901,10263.66,19302.51,5.67,52975,255
rs72267004,13,57862242,25000,-6.64218472708798,-0.0080895212817097,0.9901,11353.07,22620.77,5.67,52975,251
chr13_58723149,13,58723149,25000,6.0396017850170525,0.008036038244439,0.9901,12798.34,27498.19,5.67,52975,350
rs72656280,13,109144366,25000,5.961103259152143,0.0151742672551113,0.9901,10247.39,19698.42,5.67,52975,209
rs57453590,13,28105289,25000,5.732638901853616,0.0055880628520932,0.9901,7287.94,18333.11,5.66,52975,344
rs61950492,13,53061685,25000,5.587136971960561,0.0102833466305045,0.9901,12826.17,23670.49,5.67,52975,254
rs149194762,13,58354504,25000,5.58552338361035,0.0128591737103793,0.9901,4582.19,8597.30,5.67,52975,161
rs542796,13,66062025,25000,-5.57863296463676,-0.0055829254396957,0.9901,11188.39,23891.95,5.67,52975,274
rs34175664,13,45955884,25000,5.545988946618027,0.0101810397048653,0.9901,8998.31,19486.78,5.66,52975,197
