rsid,chrom,center_pos,window_half_bp,akbari_X,akbari_S,akbari_posterior,geom_mean_tmrca,arith_mean_tmrca,min_tmrca,n_pairs,n_sites
rs9509242,13,21060942,25000,-7.96474997633084,-0.0067593543919092,0.9901,9722.41,23400.19,5.67,52975,275
rs12874404,13,108993494,25000,7.557249498194572,0.0145914359682753,0.9901,5835.63,14318.04,5.67,52975,252
rs72267004,13,58436376,25000,-6.64218472708798,-0.0080895212817097,0.9901,7052.87,14686.31,5.67,52975,204
chr13_59297283,13,59297283,25000,6.0396017850170525,0.008036038244439,0.9901,9708.44,21546.53,5.67,52975,269
rs72656280,13,109796714,25000,5.961103259152143,0.0151742672551113,0.9901,11159.62,22023.47,5.67,52975,270
rs57453590,13,28679426,25000,5.732638901853616,0.0055880628520932,0.9901,10389.66,21123.91,5.67,52975,202
rs61950492,13,53635820,25000,5.587136971960561,0.0102833466305045,0.9901,11651.35,22825.36,5.67,52975,233
rs149194762,13,58928638,25000,5.58552338361035,0.0128591737103793,0.9901,7469.92,17476.02,5.67,52975,245
rs542796,13,66636157,25000,-5.57863296463676,-0.0055829254396957,0.9901,7505.41,20245.14,5.66,52975,288
rs34175664,13,46530019,25000,5.545988946618027,0.0101810397048653,0.9901,16317.36,29261.46,5.66,52975,316
