rsid,chrom,center_pos,window_half_bp,akbari_X,akbari_S,akbari_posterior,geom_mean_tmrca,arith_mean_tmrca,min_tmrca,n_pairs,n_sites
rs9509242,13,20486803,25000,-7.96474997633084,-0.0067593543919092,0.9901,14834.37,26746.04,4.66,34716,540
rs12874404,13,108341146,25000,7.557249498194572,0.0145914359682753,0.9901,13404.08,20065.81,4.39,34716,365
rs72267004,13,57862242,25000,-6.64218472708798,-0.0080895212817097,0.9901,11649.11,22854.68,4.39,34716,261
chr13_58723149,13,58723149,25000,6.0396017850170525,0.008036038244439,0.9901,15080.71,26476.85,4.39,34716,430
rs72656280,13,109144366,25000,5.961103259152143,0.0151742672551113,0.9901,12630.93,19837.23,4.39,34716,325
rs57453590,13,28105289,25000,5.732638901853616,0.0055880628520932,0.9901,6580.40,18001.97,4.53,34716,411
rs61950492,13,53061685,25000,5.587136971960561,0.0102833466305045,0.9901,11801.27,20340.84,4.39,34716,324
rs149194762,13,58354504,25000,5.58552338361035,0.0128591737103793,0.9901,4325.92,6702.73,4.39,34716,186
rs542796,13,66062025,25000,-5.57863296463676,-0.0055829254396957,0.9901,9944.18,19623.46,4.39,34716,380
rs34175664,13,45955884,25000,5.545988946618027,0.0101810397048653,0.9901,9499.15,19686.34,4.40,34716,228
