rsid,chrom,center_pos,window_half_bp,akbari_X,akbari_S,akbari_posterior,geom_mean_tmrca,arith_mean_tmrca,min_tmrca,n_pairs,n_sites
rs9509242,13,21060942,25000,-7.96474997633084,-0.0067593543919092,0.9901,11405.62,22480.01,4.90,34716,457
rs12874404,13,108993494,25000,7.557249498194572,0.0145914359682753,0.9901,10783.88,18113.51,4.39,34716,442
rs72267004,13,58436376,25000,-6.64218472708798,-0.0080895212817097,0.9901,5342.03,9061.02,4.39,34716,233
chr13_59297283,13,59297283,25000,6.0396017850170525,0.008036038244439,0.9901,14019.94,25665.79,4.39,34716,308
rs72656280,13,109796714,25000,5.961103259152143,0.0151742672551113,0.9901,13623.09,24247.99,4.38,34716,353
rs57453590,13,28679426,25000,5.732638901853616,0.0055880628520932,0.9901,9732.94,20112.17,4.52,34716,367
rs61950492,13,53635820,25000,5.587136971960561,0.0102833466305045,0.9901,9886.67,20110.15,4.39,34716,296
rs149194762,13,58928638,25000,5.58552338361035,0.0128591737103793,0.9901,10773.18,22489.31,4.38,34716,329
rs542796,13,66636157,25000,-5.57863296463676,-0.0055829254396957,0.9901,6234.71,12352.18,4.39,34716,251
rs34175664,13,46530019,25000,5.545988946618027,0.0101810397048653,0.9901,13712.84,26187.18,4.40,34716,388
