rsid,chrom,center_pos,window_half_bp,akbari_X,akbari_S,akbari_posterior,geom_mean_tmrca,arith_mean_tmrca,min_tmrca,n_pairs,n_sites
rs9509242,13,20486803,25000,-7.96474997633084,-0.0067593543919092,0.9901,23650.66,33244.04,4.12,44253,641
rs12874404,13,108341146,25000,7.557249498194572,0.0145914359682753,0.9901,14258.31,19456.73,3.17,44253,450
rs72267004,13,57862242,25000,-6.64218472708798,-0.0080895212817097,0.9901,9665.59,16665.51,3.38,44253,349
chr13_58723149,13,58723149,25000,6.0396017850170525,0.008036038244439,0.9901,11234.65,21465.78,3.37,44253,429
rs72656280,13,109144366,25000,5.961103259152143,0.0151742672551113,0.9901,12446.89,18272.92,3.17,44253,384
rs57453590,13,28105289,25000,5.732638901853616,0.0055880628520932,0.9901,19251.97,27188.17,3.72,44253,579
rs61950492,13,53061685,25000,5.587136971960561,0.0102833466305045,0.9901,12583.38,18447.03,3.40,44253,411
rs149194762,13,58354504,25000,5.58552338361035,0.0128591737103793,0.9901,3364.36,5357.06,3.37,44253,260
rs542796,13,66062025,25000,-5.57863296463676,-0.0055829254396957,0.9901,14146.51,21601.34,3.32,44253,454
rs34175664,13,45955884,25000,5.545988946618027,0.0101810397048653,0.9901,9432.14,18161.68,3.46,44253,331
