rsid,chrom,center_pos,window_half_bp,akbari_X,akbari_S,akbari_posterior,geom_mean_tmrca,arith_mean_tmrca,min_tmrca,n_pairs,n_sites
rs9509242,13,21060942,25000,-7.96474997633084,-0.0067593543919092,0.9901,16461.81,23334.24,3.84,44253,518
rs12874404,13,108993494,25000,7.557249498194572,0.0145914359682753,0.9901,14518.33,19961.74,3.17,44253,465
rs72267004,13,58436376,25000,-6.64218472708798,-0.0080895212817097,0.9901,4736.45,8619.81,3.37,44253,230
chr13_59297283,13,59297283,25000,6.0396017850170525,0.008036038244439,0.9901,11928.20,21803.68,3.36,44253,358
rs72656280,13,109796714,25000,5.961103259152143,0.0151742672551113,0.9901,14907.63,22366.86,3.16,44253,385
rs57453590,13,28679426,25000,5.732638901853616,0.0055880628520932,0.9901,19057.10,30157.98,3.70,44253,545
rs61950492,13,53635820,25000,5.587136971960561,0.0102833466305045,0.9901,12027.66,20477.76,3.40,44253,400
rs149194762,13,58928638,25000,5.58552338361035,0.0128591737103793,0.9901,8413.33,16373.91,3.36,44253,362
rs542796,13,66636157,25000,-5.57863296463676,-0.0055829254396957,0.9901,9593.51,15937.96,3.31,44253,363
rs34175664,13,46530019,25000,5.545988946618027,0.0101810397048653,0.9901,11795.88,17815.64,3.46,44253,455
