rsid,chrom,center_pos,window_half_bp,akbari_X,akbari_S,akbari_posterior,geom_mean_tmrca,arith_mean_tmrca,min_tmrca,n_pairs,n_sites
rs9509242,13,21060942,25000,-7.96474997633084,-0.0067593543919092,0.9901,9086.19,20312.09,9.34,19503,256
rs12874404,13,108993494,25000,7.557249498194572,0.0145914359682753,0.9901,10127.33,17699.15,4.63,19503,271
rs72267004,13,58436376,25000,-6.64218472708798,-0.0080895212817097,0.9901,6119.45,12339.05,4.71,19503,167
chr13_59297283,13,59297283,25000,6.0396017850170525,0.008036038244439,0.9901,11481.05,23346.82,5.03,19503,259
rs72656280,13,109796714,25000,5.961103259152143,0.0151742672551113,0.9901,13524.02,24972.10,21.33,19503,263
rs57453590,13,28679426,25000,5.732638901853616,0.0055880628520932,0.9901,9054.90,19987.76,5.20,19503,189
rs61950492,13,53635820,25000,5.587136971960561,0.0102833466305045,0.9901,10278.84,21081.26,4.42,19503,218
rs149194762,13,58928638,25000,5.58552338361035,0.0128591737103793,0.9901,12987.72,26020.36,5.03,19503,226
rs542796,13,66636157,25000,-5.57863296463676,-0.0055829254396957,0.9901,6115.49,12899.05,4.42,19503,271
rs34175664,13,46530019,25000,5.545988946618027,0.0101810397048653,0.9901,10059.05,26453.27,4.44,19503,260
