rsid,chrom,center_pos,window_half_bp,akbari_X,akbari_S,akbari_posterior,geom_mean_tmrca,arith_mean_tmrca,min_tmrca,n_pairs,n_sites
rs9509242,13,20486803,25000,-7.96474997633084,-0.0067593543919092,0.9901,12713.25,26538.65,8.89,19503,307
rs12874404,13,108341146,25000,7.557249498194572,0.0145914359682753,0.9901,13300.97,21128.89,4.60,19503,238
rs72267004,13,57862242,25000,-6.64218472708798,-0.0080895212817097,0.9901,11077.71,23119.53,4.70,19503,214
chr13_58723149,13,58723149,25000,6.0396017850170525,0.008036038244439,0.9901,16305.58,29317.78,4.82,19503,292
rs72656280,13,109144366,25000,5.961103259152143,0.0151742672551113,0.9901,11879.85,19884.32,5.20,19503,230
rs57453590,13,28105289,25000,5.732638901853616,0.0055880628520932,0.9901,11014.94,23938.96,5.68,19503,306
rs61950492,13,53061685,25000,5.587136971960561,0.0102833466305045,0.9901,9929.33,20101.33,9.65,19503,227
rs149194762,13,58354504,25000,5.58552338361035,0.0128591737103793,0.9901,4274.67,7162.96,4.64,19503,125
rs542796,13,66062025,25000,-5.57863296463676,-0.0055829254396957,0.9901,11442.32,22248.62,4.42,19503,273
rs34175664,13,45955884,25000,5.545988946618027,0.0101810397048653,0.9901,9403.07,21209.93,13.20,19503,164
