rsid,chrom,center_pos,window_half_bp,akbari_X,akbari_S,akbari_posterior,geom_mean_tmrca,arith_mean_tmrca,min_tmrca,n_pairs,n_sites
rs9509242,13,20486803,25000,-7.96474997633084,-0.0067593543919092,0.9901,14145.25,27071.39,62.08,16471,378
rs12874404,13,108341146,25000,7.557249498194572,0.0145914359682753,0.9901,14392.40,21371.15,22.67,16471,262
rs72267004,13,57862242,25000,-6.64218472708798,-0.0080895212817097,0.9901,9768.69,22602.55,4.54,16471,218
chr13_58723149,13,58723149,25000,6.0396017850170525,0.008036038244439,0.9901,16506.41,29570.98,7.69,16471,342
rs72656280,13,109144366,25000,5.961103259152143,0.0151742672551113,0.9901,13208.73,20241.54,15.58,16471,253
rs57453590,13,28105289,25000,5.732638901853616,0.0055880628520932,0.9901,6691.02,18434.38,11.99,16471,295
rs61950492,13,53061685,25000,5.587136971960561,0.0102833466305045,0.9901,10738.50,20145.24,8.56,16471,268
rs149194762,13,58354504,25000,5.58552338361035,0.0128591737103793,0.9901,4207.65,6849.51,4.89,16471,138
rs542796,13,66062025,25000,-5.57863296463676,-0.0055829254396957,0.9901,12758.10,23738.26,4.42,16471,265
rs34175664,13,45955884,25000,5.545988946618027,0.0101810397048653,0.9901,10276.99,21612.76,18.92,16471,182
