rsid,chrom,center_pos,window_half_bp,akbari_X,akbari_S,akbari_posterior,geom_mean_tmrca,arith_mean_tmrca,min_tmrca,n_pairs,n_sites
rs9509242,13,21060942,25000,-7.96474997633084,-0.0067593543919092,0.9901,7855.01,18851.65,9.84,16471,275
rs12874404,13,108993494,25000,7.557249498194572,0.0145914359682753,0.9901,13313.27,20495.21,34.21,16471,272
rs72267004,13,58436376,25000,-6.64218472708798,-0.0080895212817097,0.9901,5287.15,9805.55,4.95,16471,183
chr13_59297283,13,59297283,25000,6.0396017850170525,0.008036038244439,0.9901,13607.30,25514.03,7.79,16471,267
rs72656280,13,109796714,25000,5.961103259152143,0.0151742672551113,0.9901,13539.33,24735.21,13.86,16471,274
rs57453590,13,28679426,25000,5.732638901853616,0.0055880628520932,0.9901,7613.09,16413.60,5.01,16471,195
rs61950492,13,53635820,25000,5.587136971960561,0.0102833466305045,0.9901,10963.05,21816.41,8.53,16471,230
rs149194762,13,58928638,25000,5.58552338361035,0.0128591737103793,0.9901,11567.05,24883.83,9.15,16471,236
rs542796,13,66636157,25000,-5.57863296463676,-0.0055829254396957,0.9901,6389.77,12666.41,4.47,16471,186
rs34175664,13,46530019,25000,5.545988946618027,0.0101810397048653,0.9901,12090.42,27420.48,70.68,16471,289
