rsid,chrom,center_pos,window_half_bp,akbari_X,akbari_S,akbari_posterior,geom_mean_tmrca,arith_mean_tmrca,min_tmrca,n_pairs,n_sites
rs9509242,13,20486803,25000,-7.96474997633084,-0.0067593543919092,0.9901,12716.37,25639.92,35.35,21115,410
rs12874404,13,108341146,25000,7.557249498194572,0.0145914359682753,0.9901,13727.32,20828.13,11.65,21115,298
rs72267004,13,57862242,25000,-6.64218472708798,-0.0080895212817097,0.9901,10393.55,20723.83,7.22,21115,216
chr13_58723149,13,58723149,25000,6.0396017850170525,0.008036038244439,0.9901,15785.75,28985.76,4.41,21115,351
rs72656280,13,109144366,25000,5.961103259152143,0.0151742672551113,0.9901,13086.50,20767.68,4.82,21115,257
rs57453590,13,28105289,25000,5.732638901853616,0.0055880628520932,0.9901,9419.44,21434.64,5.24,21115,327
rs61950492,13,53061685,25000,5.587136971960561,0.0102833466305045,0.9901,10361.79,19700.19,8.20,21115,278
rs149194762,13,58354504,25000,5.58552338361035,0.0128591737103793,0.9901,4179.93,6581.25,5.20,21115,152
rs542796,13,66062025,25000,-5.57863296463676,-0.0055829254396957,0.9901,7310.78,16447.62,4.77,21115,260
rs34175664,13,45955884,25000,5.545988946618027,0.0101810397048653,0.9901,10123.51,21068.78,11.83,21115,214
