rsid,chrom,center_pos,window_half_bp,akbari_X,akbari_S,akbari_posterior,geom_mean_tmrca,arith_mean_tmrca,min_tmrca,n_pairs,n_sites
rs9509242,13,21060942,25000,-7.96474997633084,-0.0067593543919092,0.9901,7245.74,18929.81,14.52,21115,273
rs12874404,13,108993494,25000,7.557249498194572,0.0145914359682753,0.9901,9513.57,16441.78,8.28,21115,313
rs72267004,13,58436376,25000,-6.64218472708798,-0.0080895212817097,0.9901,5965.61,12369.82,4.64,21115,192
chr13_59297283,13,59297283,25000,6.0396017850170525,0.008036038244439,0.9901,12075.23,24813.01,4.78,21115,270
rs72656280,13,109796714,25000,5.961103259152143,0.0151742672551113,0.9901,12767.28,23440.15,12.09,21115,290
rs57453590,13,28679426,25000,5.732638901853616,0.0055880628520932,0.9901,8785.70,18215.09,5.08,21115,312
rs61950492,13,53635820,25000,5.587136971960561,0.0102833466305045,0.9901,5820.78,15446.46,4.42,21115,242
rs149194762,13,58928638,25000,5.58552338361035,0.0128591737103793,0.9901,9665.35,19457.83,4.42,21115,257
rs542796,13,66636157,25000,-5.57863296463676,-0.0055829254396957,0.9901,6415.23,13158.58,4.70,21115,173
rs34175664,13,46530019,25000,5.545988946618027,0.0101810397048653,0.9901,14486.24,28336.79,14.27,21115,334
