rsid,chrom,center_pos,window_half_bp,akbari_X,akbari_S,akbari_posterior,geom_mean_tmrca,arith_mean_tmrca,min_tmrca,n_pairs,n_sites
rs9509242,13,20486803,25000,-7.96474997633084,-0.0067593543919092,0.9901,25661.14,34051.93,3.85,63190,696
rs12874404,13,108341146,25000,7.557249498194572,0.0145914359682753,0.9901,13979.03,19050.77,3.17,63190,475
rs72267004,13,57862242,25000,-6.64218472708798,-0.0080895212817097,0.9901,9203.86,16333.42,3.38,63190,357
chr13_58723149,13,58723149,25000,6.0396017850170525,0.008036038244439,0.9901,13230.55,23246.74,3.37,63190,443
rs72656280,13,109144366,25000,5.961103259152143,0.0151742672551113,0.9901,12766.89,17745.94,3.17,63190,392
rs57453590,13,28105289,25000,5.732638901853616,0.0055880628520932,0.9901,19435.74,26868.80,3.69,63190,590
rs61950492,13,53061685,25000,5.587136971960561,0.0102833466305045,0.9901,11902.87,18734.03,3.40,63190,430
rs149194762,13,58354504,25000,5.58552338361035,0.0128591737103793,0.9901,3093.83,5445.79,3.37,63190,278
rs542796,13,66062025,25000,-5.57863296463676,-0.0055829254396957,0.9901,15965.52,23278.23,3.32,63190,450
rs34175664,13,45955884,25000,5.545988946618027,0.0101810397048653,0.9901,9899.09,18456.50,3.46,63190,314
