rsid,chrom,center_pos,window_half_bp,akbari_X,akbari_S,akbari_posterior,geom_mean_tmrca,arith_mean_tmrca,min_tmrca,n_pairs,n_sites
rs9509242,13,21060942,25000,-7.96474997633084,-0.0067593543919092,0.9901,15423.71,22877.40,4.08,63190,538
rs12874404,13,108993494,25000,7.557249498194572,0.0145914359682753,0.9901,14840.64,20091.84,3.17,63190,444
rs72267004,13,58436376,25000,-6.64218472708798,-0.0080895212817097,0.9901,4295.23,7336.46,3.37,63190,254
chr13_59297283,13,59297283,25000,6.0396017850170525,0.008036038244439,0.9901,13481.11,23394.68,3.36,63190,358
rs72656280,13,109796714,25000,5.961103259152143,0.0151742672551113,0.9901,14351.40,21575.66,3.16,63190,441
rs57453590,13,28679426,25000,5.732638901853616,0.0055880628520932,0.9901,16147.44,26984.00,3.69,63190,524
rs61950492,13,53635820,25000,5.587136971960561,0.0102833466305045,0.9901,12908.27,21007.33,3.40,63190,443
rs149194762,13,58928638,25000,5.58552338361035,0.0128591737103793,0.9901,9513.77,16491.07,3.36,63190,405
rs542796,13,66636157,25000,-5.57863296463676,-0.0055829254396957,0.9901,11146.36,17417.86,3.31,63190,365
rs34175664,13,46530019,25000,5.545988946618027,0.0101810397048653,0.9901,11230.03,17356.63,3.46,63190,454
