rsid,chrom,center_pos,window_half_bp,akbari_X,akbari_S,akbari_posterior,geom_mean_tmrca,arith_mean_tmrca,min_tmrca,n_pairs,n_sites
rs9509242,13,21060942,25000,-7.96474997633084,-0.0067593543919092,0.9901,9658.19,20625.97,4.85,49141,378
rs12874404,13,108993494,25000,7.557249498194572,0.0145914359682753,0.9901,13820.09,20973.92,4.46,49141,362
rs72267004,13,58436376,25000,-6.64218472708798,-0.0080895212817097,0.9901,4860.28,8871.15,4.42,49141,204
chr13_59297283,13,59297283,25000,6.0396017850170525,0.008036038244439,0.9901,13164.24,24947.42,4.42,49141,283
rs72656280,13,109796714,25000,5.961103259152143,0.0151742672551113,0.9901,13969.03,24284.73,4.42,49141,353
rs57453590,13,28679426,25000,5.732638901853616,0.0055880628520932,0.9901,6528.48,14668.03,4.55,49141,357
rs61950492,13,53635820,25000,5.587136971960561,0.0102833466305045,0.9901,10985.93,21372.20,4.42,49141,314
rs149194762,13,58928638,25000,5.58552338361035,0.0128591737103793,0.9901,11275.86,24209.06,4.42,49141,270
rs542796,13,66636157,25000,-5.57863296463676,-0.0055829254396957,0.9901,6644.16,12537.10,4.42,49141,202
rs34175664,13,46530019,25000,5.545988946618027,0.0101810397048653,0.9901,13150.16,26941.86,4.44,49141,381
