rsid,chrom,center_pos,window_half_bp,akbari_X,akbari_S,akbari_posterior,geom_mean_tmrca,arith_mean_tmrca,min_tmrca,n_pairs,n_sites
rs9509242,13,20486803,25000,-7.96474997633084,-0.0067593543919092,0.9901,14224.95,26677.17,4.68,49141,446
rs12874404,13,108341146,25000,7.557249498194572,0.0145914359682753,0.9901,14117.30,20886.21,4.42,49141,302
rs72267004,13,57862242,25000,-6.64218472708798,-0.0080895212817097,0.9901,9593.42,21840.76,4.42,49141,257
chr13_58723149,13,58723149,25000,6.0396017850170525,0.008036038244439,0.9901,15335.50,27616.31,4.42,49141,398
rs72656280,13,109144366,25000,5.961103259152143,0.0151742672551113,0.9901,12209.08,19420.78,4.48,49141,273
rs57453590,13,28105289,25000,5.732638901853616,0.0055880628520932,0.9901,7462.61,19098.25,4.56,49141,406
rs61950492,13,53061685,25000,5.587136971960561,0.0102833466305045,0.9901,11425.20,20312.51,4.42,49141,313
rs149194762,13,58354504,25000,5.58552338361035,0.0128591737103793,0.9901,4041.89,6743.31,4.42,49141,174
rs542796,13,66062025,25000,-5.57863296463676,-0.0055829254396957,0.9901,12573.32,23139.79,4.42,49141,305
rs34175664,13,45955884,25000,5.545988946618027,0.0101810397048653,0.9901,9994.28,21117.58,4.44,49141,223
