rsid,chrom,center_pos,window_half_bp,akbari_X,akbari_S,akbari_posterior,geom_mean_tmrca,arith_mean_tmrca,min_tmrca,n_pairs,n_sites
rs9509242,13,21060942,25000,-7.96474997633084,-0.0067593543919092,0.9901,8317.43,20400.22,10.20,22791,285
rs12874404,13,108993494,25000,7.557249498194572,0.0145914359682753,0.9901,10909.61,18087.19,4.60,22791,337
rs72267004,13,58436376,25000,-6.64218472708798,-0.0080895212817097,0.9901,7209.76,14123.91,4.42,22791,203
chr13_59297283,13,59297283,25000,6.0396017850170525,0.008036038244439,0.9901,11491.75,24921.28,4.63,22791,269
rs72656280,13,109796714,25000,5.961103259152143,0.0151742672551113,0.9901,14329.17,24867.73,8.29,22791,293
rs57453590,13,28679426,25000,5.732638901853616,0.0055880628520932,0.9901,9800.67,19926.74,4.75,22791,343
rs61950492,13,53635820,25000,5.587136971960561,0.0102833466305045,0.9901,8386.44,17685.97,4.90,22791,248
rs149194762,13,58928638,25000,5.58552338361035,0.0128591737103793,0.9901,10187.84,21004.62,4.58,22791,265
rs542796,13,66636157,25000,-5.57863296463676,-0.0055829254396957,0.9901,6250.03,12607.11,4.82,22791,278
rs34175664,13,46530019,25000,5.545988946618027,0.0101810397048653,0.9901,15602.12,29838.87,4.68,22791,331
