rsid,chrom,center_pos,window_half_bp,akbari_X,akbari_S,akbari_posterior,geom_mean_tmrca,arith_mean_tmrca,min_tmrca,n_pairs,n_sites
rs9509242,13,20486803,25000,-7.96474997633084,-0.0067593543919092,0.9901,11235.31,24284.44,8.54,22791,411
rs12874404,13,108341146,25000,7.557249498194572,0.0145914359682753,0.9901,14134.83,21196.33,9.67,22791,293
rs72267004,13,57862242,25000,-6.64218472708798,-0.0080895212817097,0.9901,10452.39,21068.69,4.42,22791,239
chr13_58723149,13,58723149,25000,6.0396017850170525,0.008036038244439,0.9901,15087.52,28114.30,4.42,22791,333
rs72656280,13,109144366,25000,5.961103259152143,0.0151742672551113,0.9901,13563.83,21396.49,4.78,22791,276
rs57453590,13,28105289,25000,5.732638901853616,0.0055880628520932,0.9901,8206.33,20140.50,4.56,22791,324
rs61950492,13,53061685,25000,5.587136971960561,0.0102833466305045,0.9901,11830.27,21554.94,7.36,22791,276
rs149194762,13,58354504,25000,5.58552338361035,0.0128591737103793,0.9901,4384.83,7055.84,4.42,22791,159
rs542796,13,66062025,25000,-5.57863296463676,-0.0055829254396957,0.9901,9041.91,18804.73,4.42,22791,255
rs34175664,13,45955884,25000,5.545988946618027,0.0101810397048653,0.9901,10707.53,21513.88,8.71,22791,228
