rsid,chrom,center_pos,window_half_bp,akbari_X,akbari_S,akbari_posterior,geom_mean_tmrca,arith_mean_tmrca,min_tmrca,n_pairs,n_sites
rs9509242,13,21060942,25000,-7.96474997633084,-0.0067593543919092,0.9901,10088.69,23849.52,27.65,21528,245
rs12874404,13,108993494,25000,7.557249498194572,0.0145914359682753,0.9901,7637.92,16765.27,33.81,21528,222
rs72267004,13,58436376,25000,-6.64218472708798,-0.0080895212817097,0.9901,5373.94,12332.90,16.17,21528,178
chr13_59297283,13,59297283,25000,6.0396017850170525,0.008036038244439,0.9901,8569.42,20202.82,11.46,21528,234
rs72656280,13,109796714,25000,5.961103259152143,0.0151742672551113,0.9901,9870.93,21073.01,77.42,21528,235
rs57453590,13,28679426,25000,5.732638901853616,0.0055880628520932,0.9901,10023.72,20684.28,41.08,21528,186
rs61950492,13,53635820,25000,5.587136971960561,0.0102833466305045,0.9901,12159.44,23130.82,11.46,21528,206
rs149194762,13,58928638,25000,5.58552338361035,0.0128591737103793,0.9901,7991.35,19820.19,12.23,21528,218
rs542796,13,66636157,25000,-5.57863296463676,-0.0055829254396957,0.9901,5619.87,15928.51,6.24,21528,246
rs34175664,13,46530019,25000,5.545988946618027,0.0101810397048653,0.9901,18262.09,30419.65,63.84,21528,300
