rsid,chrom,center_pos,window_half_bp,akbari_X,akbari_S,akbari_posterior,geom_mean_tmrca,arith_mean_tmrca,min_tmrca,n_pairs,n_sites
rs9509242,13,20486803,25000,-7.96474997633084,-0.0067593543919092,0.9901,11548.49,24379.51,30.84,21528,306
rs12874404,13,108341146,25000,7.557249498194572,0.0145914359682753,0.9901,13042.58,21513.94,67.58,21528,229
rs72267004,13,57862242,25000,-6.64218472708798,-0.0080895212817097,0.9901,10813.40,22080.88,12.31,21528,206
chr13_58723149,13,58723149,25000,6.0396017850170525,0.008036038244439,0.9901,10902.53,25425.93,22.24,21528,332
rs72656280,13,109144366,25000,5.961103259152143,0.0151742672551113,0.9901,11270.74,20546.29,37.58,21528,200
rs57453590,13,28105289,25000,5.732638901853616,0.0055880628520932,0.9901,6836.91,17698.85,37.96,21528,325
rs61950492,13,53061685,25000,5.587136971960561,0.0102833466305045,0.9901,14856.32,25751.28,41.55,21528,253
rs149194762,13,58354504,25000,5.58552338361035,0.0128591737103793,0.9901,3552.72,7500.45,17.22,21528,134
rs542796,13,66062025,25000,-5.57863296463676,-0.0055829254396957,0.9901,11694.51,24639.83,12.27,21528,254
rs34175664,13,45955884,25000,5.545988946618027,0.0101810397048653,0.9901,9160.75,19458.89,82.76,21528,173
