rsid,chrom,center_pos,window_half_bp,akbari_X,akbari_S,akbari_posterior,geom_mean_tmrca,arith_mean_tmrca,min_tmrca,n_pairs,n_sites
rs9509242,13,20486803,25000,-7.96474997633084,-0.0067593543919092,0.9901,13187.15,27370.16,5.74,29646,338
rs12874404,13,108341146,25000,7.557249498194572,0.0145914359682753,0.9901,10868.79,19567.76,6.08,29646,248
rs72267004,13,57862242,25000,-6.64218472708798,-0.0080895212817097,0.9901,11782.15,23037.74,5.66,29646,214
chr13_58723149,13,58723149,25000,6.0396017850170525,0.008036038244439,0.9901,14875.74,29267.00,5.66,29646,328
rs72656280,13,109144366,25000,5.961103259152143,0.0151742672551113,0.9901,9860.72,19274.71,5.66,29646,232
rs57453590,13,28105289,25000,5.732638901853616,0.0055880628520932,0.9901,9209.80,20829.78,5.66,29646,345
rs61950492,13,53061685,25000,5.587136971960561,0.0102833466305045,0.9901,13527.81,23621.22,5.66,29646,262
rs149194762,13,58354504,25000,5.58552338361035,0.0128591737103793,0.9901,4422.35,8351.87,5.66,29646,148
rs542796,13,66062025,25000,-5.57863296463676,-0.0055829254396957,0.9901,11838.63,24661.18,5.66,29646,292
rs34175664,13,45955884,25000,5.545988946618027,0.0101810397048653,0.9901,10934.29,21230.48,5.70,29646,211
