rsid,chrom,center_pos,window_half_bp,akbari_X,akbari_S,akbari_posterior,geom_mean_tmrca,arith_mean_tmrca,min_tmrca,n_pairs,n_sites
rs9509242,13,21060942,25000,-7.96474997633084,-0.0067593543919092,0.9901,17260.37,23372.82,19.02,19503,535
rs12874404,13,108993494,25000,7.557249498194572,0.0145914359682753,0.9901,16365.06,21033.55,10.33,19503,446
rs72267004,13,58436376,25000,-6.64218472708798,-0.0080895212817097,0.9901,5436.70,8738.08,11.15,19503,249
chr13_59297283,13,59297283,25000,6.0396017850170525,0.008036038244439,0.9901,12789.38,22497.64,7.55,19503,386
rs72656280,13,109796714,25000,5.961103259152143,0.0151742672551113,0.9901,15303.81,22545.38,25.01,19503,398
rs57453590,13,28679426,25000,5.732638901853616,0.0055880628520932,0.9901,17942.07,29216.82,17.07,19503,466
rs61950492,13,53635820,25000,5.587136971960561,0.0102833466305045,0.9901,12624.79,20992.49,3.40,19503,365
rs149194762,13,58928638,25000,5.58552338361035,0.0128591737103793,0.9901,9757.01,18288.23,7.17,19503,413
rs542796,13,66636157,25000,-5.57863296463676,-0.0055829254396957,0.9901,11243.12,17556.14,3.48,19503,347
rs34175664,13,46530019,25000,5.545988946618027,0.0101810397048653,0.9901,11011.32,17653.84,7.78,19503,451
