rsid,chrom,center_pos,window_half_bp,akbari_X,akbari_S,akbari_posterior,geom_mean_tmrca,arith_mean_tmrca,min_tmrca,n_pairs,n_sites
rs9509242,13,20486803,25000,-7.96474997633084,-0.0067593543919092,0.9901,26736.87,34347.81,32.51,19503,688
rs12874404,13,108341146,25000,7.557249498194572,0.0145914359682753,0.9901,14109.34,19359.65,11.47,19503,420
rs72267004,13,57862242,25000,-6.64218472708798,-0.0080895212817097,0.9901,11638.96,18547.73,10.92,19503,365
chr13_58723149,13,58723149,25000,6.0396017850170525,0.008036038244439,0.9901,12711.83,22461.39,7.29,19503,445
rs72656280,13,109144366,25000,5.961103259152143,0.0151742672551113,0.9901,13665.87,18510.60,10.06,19503,371
rs57453590,13,28105289,25000,5.732638901853616,0.0055880628520932,0.9901,18894.92,26645.79,28.70,19503,517
rs61950492,13,53061685,25000,5.587136971960561,0.0102833466305045,0.9901,14297.60,19794.74,18.91,19503,391
rs149194762,13,58354504,25000,5.58552338361035,0.0128591737103793,0.9901,3823.77,5414.56,11.07,19503,198
rs542796,13,66062025,25000,-5.57863296463676,-0.0055829254396957,0.9901,14952.84,22351.07,4.44,19503,438
rs34175664,13,45955884,25000,5.545988946618027,0.0101810397048653,0.9901,9235.44,18667.71,10.53,19503,305
