rsid,chrom,center_pos,window_half_bp,akbari_X,akbari_S,akbari_posterior,geom_mean_tmrca,arith_mean_tmrca,min_tmrca,n_pairs,n_sites
rs9509242,13,20486803,25000,-7.96474997633084,-0.0067593543919092,0.9901,24567.80,33301.49,3.85,19503,637
rs12874404,13,108341146,25000,7.557249498194572,0.0145914359682753,0.9901,14796.54,19243.59,3.16,19503,447
rs72267004,13,57862242,25000,-6.64218472708798,-0.0080895212817097,0.9901,9657.76,16144.55,3.38,19503,340
chr13_58723149,13,58723149,25000,6.0396017850170525,0.008036038244439,0.9901,12867.27,22611.99,3.36,19503,440
rs72656280,13,109144366,25000,5.961103259152143,0.0151742672551113,0.9901,13494.54,18258.72,3.38,19503,358
rs57453590,13,28105289,25000,5.732638901853616,0.0055880628520932,0.9901,21221.21,27658.57,3.81,19503,580
rs61950492,13,53061685,25000,5.587136971960561,0.0102833466305045,0.9901,12661.92,19073.48,3.40,19503,387
rs149194762,13,58354504,25000,5.58552338361035,0.0128591737103793,0.9901,3756.15,6584.30,3.36,19503,263
rs542796,13,66062025,25000,-5.57863296463676,-0.0055829254396957,0.9901,15008.15,21864.09,3.31,19503,440
rs34175664,13,45955884,25000,5.545988946618027,0.0101810397048653,0.9901,9064.82,18063.64,3.53,19503,287
