rsid,chrom,center_pos,window_half_bp,akbari_X,akbari_S,akbari_posterior,geom_mean_tmrca,arith_mean_tmrca,min_tmrca,n_pairs,n_sites
rs9509242,13,20486803,25000,-7.96474997633084,-0.0067593543919092,0.9901,12875.67,26465.82,4.68,18721,447
rs12874404,13,108341146,25000,7.557249498194572,0.0145914359682753,0.9901,11132.12,18754.37,4.42,18721,285
rs72267004,13,57862242,25000,-6.64218472708798,-0.0080895212817097,0.9901,10191.03,22478.53,4.42,18721,254
chr13_58723149,13,58723149,25000,6.0396017850170525,0.008036038244439,0.9901,15293.65,27675.68,4.42,18721,366
rs72656280,13,109144366,25000,5.961103259152143,0.0151742672551113,0.9901,11856.38,19555.00,4.42,18721,288
rs57453590,13,28105289,25000,5.732638901853616,0.0055880628520932,0.9901,4312.01,14839.41,4.56,18721,315
rs61950492,13,53061685,25000,5.587136971960561,0.0102833466305045,0.9901,10003.30,19119.41,4.42,18721,247
rs149194762,13,58354504,25000,5.58552338361035,0.0128591737103793,0.9901,4074.04,6542.91,4.42,18721,164
rs542796,13,66062025,25000,-5.57863296463676,-0.0055829254396957,0.9901,8849.61,18508.08,4.42,18721,308
rs34175664,13,45955884,25000,5.545988946618027,0.0101810397048653,0.9901,8124.70,18343.03,4.43,18721,194
