rsid,chrom,center_pos,window_half_bp,akbari_X,akbari_S,akbari_posterior,geom_mean_tmrca,arith_mean_tmrca,min_tmrca,n_pairs,n_sites
rs9509242,13,21060942,25000,-7.96474997633084,-0.0067593543919092,0.9901,10638.16,22613.80,4.68,18721,343
rs12874404,13,108993494,25000,7.557249498194572,0.0145914359682753,0.9901,9672.18,17496.31,4.42,18721,315
rs72267004,13,58436376,25000,-6.64218472708798,-0.0080895212817097,0.9901,4579.75,8480.76,4.42,18721,185
chr13_59297283,13,59297283,25000,6.0396017850170525,0.008036038244439,0.9901,11224.22,23551.64,4.42,18721,267
rs72656280,13,109796714,25000,5.961103259152143,0.0151742672551113,0.9901,10873.15,22556.02,4.42,18721,287
rs57453590,13,28679426,25000,5.732638901853616,0.0055880628520932,0.9901,9723.21,20456.22,4.56,18721,224
rs61950492,13,53635820,25000,5.587136971960561,0.0102833466305045,0.9901,7003.17,17442.54,4.42,18721,258
rs149194762,13,58928638,25000,5.58552338361035,0.0128591737103793,0.9901,10125.80,22973.55,4.41,18721,257
rs542796,13,66636157,25000,-5.57863296463676,-0.0055829254396957,0.9901,3775.66,9255.09,4.42,18721,213
rs34175664,13,46530019,25000,5.545988946618027,0.0101810397048653,0.9901,13916.09,26366.76,4.44,18721,376
