rsid,chrom,center_pos,window_half_bp,akbari_X,akbari_S,akbari_posterior,geom_mean_tmrca,arith_mean_tmrca,min_tmrca,n_pairs,n_sites
rs9509242,13,20486803,25000,-7.96474997633084,-0.0067593543919092,0.9901,9010.04,24878.44,5.66,29646,499
rs12874404,13,108341146,25000,7.557249498194572,0.0145914359682753,0.9901,12241.87,19901.80,5.67,29646,303
rs72267004,13,57862242,25000,-6.64218472708798,-0.0080895212817097,0.9901,8755.85,21655.10,5.67,29646,187
chr13_58723149,13,58723149,25000,6.0396017850170525,0.008036038244439,0.9901,15020.92,30099.15,5.66,29646,319
rs72656280,13,109144366,25000,5.961103259152143,0.0151742672551113,0.9901,13922.95,23031.94,5.67,29646,289
rs57453590,13,28105289,25000,5.732638901853616,0.0055880628520932,0.9901,2275.72,8191.48,5.66,29646,373
rs61950492,13,53061685,25000,5.587136971960561,0.0102833466305045,0.9901,12149.03,21721.46,5.67,29646,277
rs149194762,13,58354504,25000,5.58552338361035,0.0128591737103793,0.9901,3270.09,6022.65,5.67,29646,114
rs542796,13,66062025,25000,-5.57863296463676,-0.0055829254396957,0.9901,3802.65,11851.01,5.67,29646,323
rs34175664,13,45955884,25000,5.545988946618027,0.0101810397048653,0.9901,7591.75,17942.93,5.66,29646,161
