rsid,chrom,center_pos,window_half_bp,akbari_X,akbari_S,akbari_posterior,geom_mean_tmrca,arith_mean_tmrca,min_tmrca,n_pairs,n_sites
rs9509242,13,21060942,25000,-7.96474997633084,-0.0067593543919092,0.9901,8963.76,24089.33,5.69,29646,335
rs12874404,13,108993494,25000,7.557249498194572,0.0145914359682753,0.9901,11167.89,19659.22,5.67,29646,330
rs72267004,13,58436376,25000,-6.64218472708798,-0.0080895212817097,0.9901,3984.60,8225.45,5.67,29646,173
chr13_59297283,13,59297283,25000,6.0396017850170525,0.008036038244439,0.9901,7658.95,19362.18,5.67,29646,254
rs72656280,13,109796714,25000,5.961103259152143,0.0151742672551113,0.9901,8438.91,21164.92,5.66,29646,290
rs57453590,13,28679426,25000,5.732638901853616,0.0055880628520932,0.9901,9276.15,21070.04,5.67,29646,208
rs61950492,13,53635820,25000,5.587136971960561,0.0102833466305045,0.9901,7470.44,18872.98,5.67,29646,244
rs149194762,13,58928638,25000,5.58552338361035,0.0128591737103793,0.9901,10076.14,23743.06,5.66,29646,255
rs542796,13,66636157,25000,-5.57863296463676,-0.0055829254396957,0.9901,3589.25,10069.41,5.67,29646,206
rs34175664,13,46530019,25000,5.545988946618027,0.0101810397048653,0.9901,12578.77,27532.96,5.66,29646,341
