rsid,chrom,center_pos,window_half_bp,akbari_X,akbari_S,akbari_posterior,geom_mean_tmrca,arith_mean_tmrca,min_tmrca,n_pairs,n_sites
rs9509242,13,20486803,25000,-7.96474997633084,-0.0067593543919092,0.9901,10334.95,23208.01,4.68,42486,444
rs12874404,13,108341146,25000,7.557249498194572,0.0145914359682753,0.9901,13105.23,20505.96,4.42,42486,296
rs72267004,13,57862242,25000,-6.64218472708798,-0.0080895212817097,0.9901,10846.17,21916.31,4.42,42486,232
chr13_58723149,13,58723149,25000,6.0396017850170525,0.008036038244439,0.9901,15886.25,28486.54,4.42,42486,371
rs72656280,13,109144366,25000,5.961103259152143,0.0151742672551113,0.9901,12034.96,20158.75,4.42,42486,274
rs57453590,13,28105289,25000,5.732638901853616,0.0055880628520932,0.9901,6431.72,16771.18,4.56,42486,367
rs61950492,13,53061685,25000,5.587136971960561,0.0102833466305045,0.9901,11769.93,20765.16,4.42,42486,318
rs149194762,13,58354504,25000,5.58552338361035,0.0128591737103793,0.9901,4567.01,7205.12,4.42,42486,180
rs542796,13,66062025,25000,-5.57863296463676,-0.0055829254396957,0.9901,10288.75,20075.39,4.42,42486,302
rs34175664,13,45955884,25000,5.545988946618027,0.0101810397048653,0.9901,9489.12,19470.37,4.43,42486,262
