rsid,chrom,center_pos,window_half_bp,akbari_X,akbari_S,akbari_posterior,geom_mean_tmrca,arith_mean_tmrca,min_tmrca,n_pairs,n_sites
rs9509242,13,21060942,25000,-7.96474997633084,-0.0067593543919092,0.9901,7806.90,19365.22,5.04,42486,294
rs12874404,13,108993494,25000,7.557249498194572,0.0145914359682753,0.9901,9288.11,16394.92,4.42,42486,299
rs72267004,13,58436376,25000,-6.64218472708798,-0.0080895212817097,0.9901,6610.30,12608.01,4.47,42486,214
chr13_59297283,13,59297283,25000,6.0396017850170525,0.008036038244439,0.9901,11997.37,24514.76,4.42,42486,304
rs72656280,13,109796714,25000,5.961103259152143,0.0151742672551113,0.9901,12896.96,23514.48,4.41,42486,320
rs57453590,13,28679426,25000,5.732638901853616,0.0055880628520932,0.9901,9175.75,18277.19,4.56,42486,238
rs61950492,13,53635820,25000,5.587136971960561,0.0102833466305045,0.9901,7611.47,16842.25,4.42,42486,265
rs149194762,13,58928638,25000,5.58552338361035,0.0128591737103793,0.9901,10814.29,21468.38,4.42,42486,292
rs542796,13,66636157,25000,-5.57863296463676,-0.0055829254396957,0.9901,7206.25,13349.16,4.42,42486,219
rs34175664,13,46530019,25000,5.545988946618027,0.0101810397048653,0.9901,12310.04,26528.03,4.44,42486,361
