rsid,chrom,center_pos,window_half_bp,akbari_X,akbari_S,akbari_posterior,geom_mean_tmrca,arith_mean_tmrca,min_tmrca,n_pairs,n_sites
rs9509242,13,21060942,25000,-7.96474997633084,-0.0067593543919092,0.9901,12009.81,22484.95,4.69,38503,468
rs12874404,13,108993494,25000,7.557249498194572,0.0145914359682753,0.9901,11558.14,18650.49,4.37,38503,357
rs72267004,13,58436376,25000,-6.64218472708798,-0.0080895212817097,0.9901,4851.41,9051.12,4.37,38503,210
chr13_59297283,13,59297283,25000,6.0396017850170525,0.008036038244439,0.9901,14587.75,25740.65,4.37,38503,316
rs72656280,13,109796714,25000,5.961103259152143,0.0151742672551113,0.9901,14003.39,23479.35,4.37,38503,382
rs57453590,13,28679426,25000,5.732638901853616,0.0055880628520932,0.9901,9063.23,18963.64,4.50,38503,427
rs61950492,13,53635820,25000,5.587136971960561,0.0102833466305045,0.9901,11589.78,21117.06,4.38,38503,345
rs149194762,13,58928638,25000,5.58552338361035,0.0128591737103793,0.9901,10384.96,21924.38,4.37,38503,378
rs542796,13,66636157,25000,-5.57863296463676,-0.0055829254396957,0.9901,5979.67,11228.74,4.37,38503,282
rs34175664,13,46530019,25000,5.545988946618027,0.0101810397048653,0.9901,12559.04,24899.50,4.39,38503,392
