rsid,chrom,center_pos,window_half_bp,akbari_X,akbari_S,akbari_posterior,geom_mean_tmrca,arith_mean_tmrca,min_tmrca,n_pairs,n_sites
rs9509242,13,20486803,25000,-7.96474997633084,-0.0067593543919092,0.9901,18705.48,30851.56,4.66,38503,634
rs12874404,13,108341146,25000,7.557249498194572,0.0145914359682753,0.9901,13936.25,19951.37,4.37,38503,418
rs72267004,13,57862242,25000,-6.64218472708798,-0.0080895212817097,0.9901,10635.89,21796.84,4.37,38503,336
chr13_58723149,13,58723149,25000,6.0396017850170525,0.008036038244439,0.9901,14871.65,25905.71,4.37,38503,434
rs72656280,13,109144366,25000,5.961103259152143,0.0151742672551113,0.9901,12990.54,19624.70,4.38,38503,371
rs57453590,13,28105289,25000,5.732638901853616,0.0055880628520932,0.9901,6444.12,17200.98,4.50,38503,442
rs61950492,13,53061685,25000,5.587136971960561,0.0102833466305045,0.9901,11480.12,19629.87,4.38,38503,346
rs149194762,13,58354504,25000,5.58552338361035,0.0128591737103793,0.9901,3672.21,5756.27,4.37,38503,191
rs542796,13,66062025,25000,-5.57863296463676,-0.0055829254396957,0.9901,12699.70,22372.98,4.38,38503,378
rs34175664,13,45955884,25000,5.545988946618027,0.0101810397048653,0.9901,9599.98,19557.47,4.39,38503,240
