rsid,chrom,center_pos,window_half_bp,akbari_X,akbari_S,akbari_posterior,geom_mean_tmrca,arith_mean_tmrca,min_tmrca,n_pairs,n_sites
rs9509242,13,20486803,25000,-7.96474997633084,-0.0067593543919092,0.9901,13044.24,26015.70,4.69,25878,421
rs12874404,13,108341146,25000,7.557249498194572,0.0145914359682753,0.9901,12672.47,19982.10,4.63,25878,288
rs72267004,13,57862242,25000,-6.64218472708798,-0.0080895212817097,0.9901,10265.27,20859.71,4.42,25878,226
chr13_58723149,13,58723149,25000,6.0396017850170525,0.008036038244439,0.9901,16944.65,29098.34,4.42,25878,360
rs72656280,13,109144366,25000,5.961103259152143,0.0151742672551113,0.9901,12612.44,20379.01,4.63,25878,276
rs57453590,13,28105289,25000,5.732638901853616,0.0055880628520932,0.9901,7803.57,18845.39,4.68,25878,338
rs61950492,13,53061685,25000,5.587136971960561,0.0102833466305045,0.9901,10556.14,19985.19,4.42,25878,311
rs149194762,13,58354504,25000,5.58552338361035,0.0128591737103793,0.9901,4795.50,7783.27,4.42,25878,164
rs542796,13,66062025,25000,-5.57863296463676,-0.0055829254396957,0.9901,9600.51,19276.64,4.42,25878,279
rs34175664,13,45955884,25000,5.545988946618027,0.0101810397048653,0.9901,10330.80,21051.39,4.60,25878,226
