rsid,chrom,center_pos,window_half_bp,akbari_X,akbari_S,akbari_posterior,geom_mean_tmrca,arith_mean_tmrca,min_tmrca,n_pairs,n_sites
rs9509242,13,21060942,25000,-7.96474997633084,-0.0067593543919092,0.9901,7429.90,19153.98,4.93,25878,276
rs12874404,13,108993494,25000,7.557249498194572,0.0145914359682753,0.9901,9953.53,17253.42,8.04,25878,310
rs72267004,13,58436376,25000,-6.64218472708798,-0.0080895212817097,0.9901,7723.33,14386.02,4.42,25878,199
chr13_59297283,13,59297283,25000,6.0396017850170525,0.008036038244439,0.9901,11100.14,24545.71,4.42,25878,280
rs72656280,13,109796714,25000,5.961103259152143,0.0151742672551113,0.9901,13222.69,23677.18,7.97,25878,294
rs57453590,13,28679426,25000,5.732638901853616,0.0055880628520932,0.9901,8618.18,17583.47,4.56,25878,325
rs61950492,13,53635820,25000,5.587136971960561,0.0102833466305045,0.9901,6867.65,16728.65,4.42,25878,236
rs149194762,13,58928638,25000,5.58552338361035,0.0128591737103793,0.9901,10160.99,20173.06,4.42,25878,257
rs542796,13,66636157,25000,-5.57863296463676,-0.0055829254396957,0.9901,6407.76,12390.03,4.48,25878,190
rs34175664,13,46530019,25000,5.545988946618027,0.0101810397048653,0.9901,12738.41,26074.23,5.71,25878,352
