rsid,chrom,center_pos,window_half_bp,akbari_X,akbari_S,akbari_posterior,geom_mean_tmrca,arith_mean_tmrca,min_tmrca,n_pairs,n_sites
rs9509242,13,21060942,25000,-7.96474997633084,-0.0067593543919092,0.9901,10595.52,22438.38,21.16,22791,297
rs12874404,13,108993494,25000,7.557249498194572,0.0145914359682753,0.9901,13723.94,20799.33,8.61,22791,319
rs72267004,13,58436376,25000,-6.64218472708798,-0.0080895212817097,0.9901,4889.94,8578.89,4.71,22791,176
chr13_59297283,13,59297283,25000,6.0396017850170525,0.008036038244439,0.9901,13281.30,25190.27,13.72,22791,260
rs72656280,13,109796714,25000,5.961103259152143,0.0151742672551113,0.9901,12206.59,23667.81,34.86,22791,277
rs57453590,13,28679426,25000,5.732638901853616,0.0055880628520932,0.9901,6962.42,15558.09,20.69,22791,202
rs61950492,13,53635820,25000,5.587136971960561,0.0102833466305045,0.9901,11578.30,22050.55,8.37,22791,264
rs149194762,13,58928638,25000,5.58552338361035,0.0128591737103793,0.9901,11749.27,24151.95,13.34,22791,248
rs542796,13,66636157,25000,-5.57863296463676,-0.0055829254396957,0.9901,7078.61,13630.57,6.68,22791,186
rs34175664,13,46530019,25000,5.545988946618027,0.0101810397048653,0.9901,13337.87,27784.34,29.00,22791,328
