rsid,chrom,center_pos,window_half_bp,akbari_X,akbari_S,akbari_posterior,geom_mean_tmrca,arith_mean_tmrca,min_tmrca,n_pairs,n_sites
rs9509242,13,20486803,25000,-7.96474997633084,-0.0067593543919092,0.9901,14681.41,26765.16,24.06,22791,453
rs12874404,13,108341146,25000,7.557249498194572,0.0145914359682753,0.9901,13228.38,20317.97,14.27,22791,277
rs72267004,13,57862242,25000,-6.64218472708798,-0.0080895212817097,0.9901,9105.85,21964.82,8.91,22791,209
chr13_58723149,13,58723149,25000,6.0396017850170525,0.008036038244439,0.9901,14844.71,27820.98,10.93,22791,309
rs72656280,13,109144366,25000,5.961103259152143,0.0151742672551113,0.9901,12893.48,19972.93,10.31,22791,240
rs57453590,13,28105289,25000,5.732638901853616,0.0055880628520932,0.9901,7489.37,19490.61,44.82,22791,290
rs61950492,13,53061685,25000,5.587136971960561,0.0102833466305045,0.9901,9939.75,19757.98,4.50,22791,258
rs149194762,13,58354504,25000,5.58552338361035,0.0128591737103793,0.9901,4094.00,6630.94,4.63,22791,145
rs542796,13,66062025,25000,-5.57863296463676,-0.0055829254396957,0.9901,12840.39,23770.64,8.05,22791,290
rs34175664,13,45955884,25000,5.545988946618027,0.0101810397048653,0.9901,9773.12,21088.30,8.35,22791,190
