rsid,chrom,center_pos,window_half_bp,akbari_X,akbari_S,akbari_posterior,geom_mean_tmrca,arith_mean_tmrca,min_tmrca,n_pairs,n_sites
rs9509242,13,20486803,25000,-7.96474997633084,-0.0067593543919092,0.9901,24736.89,34171.95,3.91,63190,722
rs12874404,13,108341146,25000,7.557249498194572,0.0145914359682753,0.9901,14194.65,19147.28,3.16,63190,481
rs72267004,13,57862242,25000,-6.64218472708798,-0.0080895212817097,0.9901,10175.04,17357.07,3.37,63190,336
chr13_58723149,13,58723149,25000,6.0396017850170525,0.008036038244439,0.9901,12124.70,22212.89,3.36,63190,454
rs72656280,13,109144366,25000,5.961103259152143,0.0151742672551113,0.9901,13106.15,18241.13,3.16,63190,404
rs57453590,13,28105289,25000,5.732638901853616,0.0055880628520932,0.9901,18600.98,26398.69,3.82,63190,571
rs61950492,13,53061685,25000,5.587136971960561,0.0102833466305045,0.9901,13051.62,18973.00,3.40,63190,427
rs149194762,13,58354504,25000,5.58552338361035,0.0128591737103793,0.9901,3653.43,5546.48,3.36,63190,287
rs542796,13,66062025,25000,-5.57863296463676,-0.0055829254396957,0.9901,15425.21,22573.78,3.31,63190,470
rs34175664,13,45955884,25000,5.545988946618027,0.0101810397048653,0.9901,8257.78,17373.52,3.46,63190,316
