rsid,chrom,center_pos,window_half_bp,akbari_X,akbari_S,akbari_posterior,geom_mean_tmrca,arith_mean_tmrca,min_tmrca,n_pairs,n_sites
rs9509242,13,21060942,25000,-7.96474997633084,-0.0067593543919092,0.9901,16042.37,22757.61,3.97,63190,567
rs12874404,13,108993494,25000,7.557249498194572,0.0145914359682753,0.9901,15319.87,20224.32,3.16,63190,499
rs72267004,13,58436376,25000,-6.64218472708798,-0.0080895212817097,0.9901,5167.14,9337.65,3.37,63190,257
chr13_59297283,13,59297283,25000,6.0396017850170525,0.008036038244439,0.9901,12857.61,22735.39,3.35,63190,379
rs72656280,13,109796714,25000,5.961103259152143,0.0151742672551113,0.9901,13772.93,21441.21,3.16,63190,415
rs57453590,13,28679426,25000,5.732638901853616,0.0055880628520932,0.9901,18242.83,29123.44,3.69,63190,547
rs61950492,13,53635820,25000,5.587136971960561,0.0102833466305045,0.9901,11614.21,20572.41,3.40,63190,425
rs149194762,13,58928638,25000,5.58552338361035,0.0128591737103793,0.9901,8958.12,17108.69,3.36,63190,411
rs542796,13,66636157,25000,-5.57863296463676,-0.0055829254396957,0.9901,10184.46,16619.07,3.31,63190,359
rs34175664,13,46530019,25000,5.545988946618027,0.0101810397048653,0.9901,11988.55,18558.33,3.46,63190,446
