{
  "gene": "BPIFA2",
  "chr": 20,
  "pop": "GIH",
  "super": "SAS",
  "midpoint": 33171590,
  "gstart": 33161768,
  "gend": 33181412,
  "win_lo": 32671590,
  "win_hi": 33671590,
  "n_variants": 23759,
  "n_enriched": 3136,
  "n_depleted": 20623,
  "depleted_to_enriched_ratio": 6.576211734693878,
  "max_fst": 0.28644667301372717,
  "mean_top10_fst": 0.2677488638644051,
  "most_diff_variant_pos": 33251230,
  "most_diff_variant_focal_af": 0.25728155339805825,
  "most_diff_variant_other_af": 0.6195693963860054,
  "most_diff_variant_diff": -0.36228784298794714
}