key,YRI,LWK,GWD,MSL,ESN,ACB,ASW,CEU,TSI,FIN,GBR,IBS,GIH,PJL,BEB,STU,ITU,CHB,JPT,CHS,CDX,KHV,MXL,PUR,CLM,PEL
rs75016891,496.33369375346786,485.7308122045121,456.94128276137087,506.1333685308683,514.5298614506693,527.5314501950103,470.6719550160483,15.210124038127761,12.303540381887647,14.872847757368653,16.12884866817095,16.68709260414293,25.501677379776,60.40675813634868,136.37110291634693,168.06067310047123,81.97919382083911,293.2866870356927,269.9105580783214,279.67287028894947,295.24808136329204,309.6248886362706,126.90117856855032,57.56002348605874,70.84385816121156,214.08978101086433
17:46661499,75.52644378930287,79.0166159513142,59.128154222479196,83.41411073373386,78.18389369770247,85.57928654440742,86.00915512149179,45.70003842860651,61.34488791334185,34.26012544505848,46.260897063165935,54.48008368508684,32.34949571865992,30.099737872483182,38.31014535701258,14.668247797063518,14.723222137282141,54.301394969020436,47.0711372537842,60.49048526339276,58.97416222529713,56.32148218248646,81.69940973679219,68.0121945835127,55.442121712418555,58.71472537181236
rs3841320,233.58596447962822,292.54620243436887,247.0294096817185,303.71389460599624,269.3765785658149,279.81019876137407,235.478495892677,42.874071878478006,45.618968249238996,43.86257005450757,35.78746914835384,39.94869686118662,44.06407294372197,48.408729386019495,46.54954684373113,38.755533411535865,43.878766615314404,18.18340648810598,20.856516420300824,28.29414770396331,31.19656445337281,39.523922241990846,57.09084250575419,62.21093755704362,45.923713432070066,39.68561921991949
rs6709525,654.0139724811404,704.5659282696813,627.8386870371313,712.5002621814818,715.7887889630551,678.5266275037284,585.5550309789796,18.30090151566451,185.59490206443675,37.92612678864379,20.870061264998537,61.669231801744026,237.2148612876757,220.1102868991901,252.4767424898859,258.27847057660193,264.06153603163835,85.51898309013306,130.00750420031628,123.70964150136234,150.98517832906876,134.04167169409277,101.77826164367232,185.6232036831669,150.9332353888588,206.4555051326581
rs62262471,130.99437170054298,151.4212305165314,145.96889493322908,155.6708749224936,136.9832350240553,149.73019492337824,136.2005345351567,109.9136421223366,102.35856569485642,94.62980518830494,92.61209037111394,106.43526883518605,35.42738177710227,47.54866350966726,46.861078101527546,35.90611590543276,40.95202845160067,29.310793238020842,28.575187810636788,25.963181458259573,19.19122481208054,22.390935388603367,51.83094169045933,106.10410711884109,90.58326321273422,37.74009877985088
rs143586350,282.35870865814854,328.0861990785687,243.08518688111235,289.0820000422067,278.87550350622223,279.4582940948579,282.07055095311523,69.9942148590476,75.05040279186275,69.24990762367966,69.52948316088064,86.21895592339845,85.23408325129539,94.53263778768729,78.11480877265159,129.54994954524932,101.11795290970764,20.827850298613267,23.93322831839853,21.49879008553608,26.214982362729394,29.793810190169673,80.34438473306521,135.99473414071142,122.1530769986599,45.51472051930805
rs80054178,330.3112428710114,295.2581488458368,302.2639138374211,341.33574538844374,277.1950801023208,314.4972065579614,323.8283431783224,144.58087822428737,141.08167237467936,170.3278834062598,106.98361887495523,139.7438398374546,40.325527094235234,51.35203645935589,48.45558878217901,43.8785597605543,64.15769864552507,25.257119074541755,21.226304766099446,26.51677145021504,25.513559733452237,26.26913208953619,98.76935090803337,217.76721002961781,137.35989632362586,52.275297374630924
rs35741556,616.4975472511236,623.4278865053914,591.915707363838,600.6398633583344,606.8573320673906,644.4334064989206,630.3974178760384,132.90154243181092,108.88052970890153,88.87800604184343,111.02826891576018,121.77819441066227,60.68612659596362,137.66852811369603,104.45205351531149,104.59712019681562,96.61625134702534,21.744993771965323,32.59359741613602,31.396771525489125,25.268430976852482,35.978581222917015,63.048540643375816,216.25357777308824,115.94812316308726,55.129599895451875
16:67347480,345.70655857091634,346.13840867351234,311.11205527044655,394.672447955158,337.0981389464606,327.75967379774954,313.4170321208907,58.20161388547081,51.128504444883006,59.86281197808608,50.439232605945875,59.67592383682802,86.6460950914846,88.47605261660732,79.70674428183747,133.0537962406681,86.94983683766885,27.726225624719472,24.300746192426416,28.018171175988474,31.81190130582032,33.95458481912913,55.31980559166227,86.8476552563526,82.44684810475592,33.47578965188782
rs148178519,370.1263384714875,372.68055160580457,407.2250253886936,398.72028730829373,313.997034101307,346.0465060518109,336.41799855011215,51.8299768170073,52.08926359787707,33.22825994971321,44.26756842302627,67.06087620651704,57.452453068554625,71.57141333727243,77.14906422956389,91.51514148131218,81.25841972087419,26.630696442641064,26.32738052092054,30.534227707715097,28.077540579531217,30.113080738542337,41.93653041002133,66.84388376228154,65.21991816917377,38.58849095249737
rs10254610,495.4828237697749,551.6923361694973,445.27555125903456,536.2488990447704,502.9965938710628,501.9379187119147,530.7568319641638,119.86948196294483,93.43715517697684,165.41624818668393,97.09141465741577,118.97015051530641,80.5723510638825,99.39261304464232,75.50727090614386,108.115175389265,74.41786503355348,29.174308454108754,26.425243554803398,31.70782507187723,33.52695659544856,30.84668102014614,94.63972083217473,148.83077810314933,152.8029720333727,46.26525076537922
rs759246432,424.92572638616355,567.3645656326587,518.6537017900162,541.0227787264301,540.1305722858098,575.7905464907484,534.7324860836363,400.54222656157106,379.1106769010194,380.54652816794766,378.04376287903153,330.2459220926708,289.2366033320873,230.2046825319501,229.40287219335724,253.20179050301567,277.690401052817,34.81190081706982,26.992578490443762,45.870565298340345,45.971789475568194,54.461391117585805,234.87219726268074,356.00442873077213,272.967284365834,89.75853415036961
2:135851076,650.0576239141487,712.6447222759987,728.9939603972274,662.2630863226725,702.63897653011,701.224803946591,645.9316920361621,28.70578055256576,316.2180121279692,81.91195202795703,41.26810185903567,156.14954141640158,301.551238788244,286.3313937662436,338.858232852505,313.95886992777264,313.28895150937507,403.61543090064526,275.47368252876475,431.02623048196324,375.59695762879153,366.13062405941815,268.85278285528835,334.3843552982937,253.66275854584748,264.73455017063515
rs1265775,168.99507187917698,190.78124251372955,183.73378310863035,179.89529464260445,173.88342086083793,175.63673584542883,146.30102568900244,88.24250036502366,88.11576487016305,97.26222726291374,91.02956788019459,95.34213146179768,79.43663576950887,67.13260758177485,75.27558022092903,79.50862258747716,75.74047762763101,28.783920702824652,35.372566339883036,31.868593603379416,33.4335901160536,33.32450493953634,101.92394415150542,102.22767954486355,82.60067305155712,54.71121415378279
rs11065822,609.6215693149198,499.85833940707033,511.1399374552758,513.7893108987032,575.23258461676,555.4928584700725,463.282188317854,61.646863346633666,50.11981078201773,61.26517613353824,41.909702831831574,52.14225556677622,94.95448890016571,127.69892643104512,101.3001942495364,102.91330106884082,100.73941958548596,105.55417376204124,92.88217184163501,95.64113975117411,107.62101347724288,107.79221843917786,84.28686778111755,93.99053753736662,67.79290479352102,31.42113681759847
rs17715343,442.6216474525545,268.9629022578503,273.4421080853351,376.14587009093924,374.1904136802062,311.72754277036296,398.6994754784546,35.989224566957965,35.088284745234,32.811999781814116,33.8133829281533,35.29607429488178,37.604417096194645,40.88657929445954,41.747758593058684,47.729018937879744,39.4898426702784,54.61070618366908,62.593616190682454,70.03079156983777,52.22489421330309,56.49453580895379,141.32681442214138,133.40604296919597,122.70675767216758,160.20755732864546
rs72651554,131.12288341622866,171.23772695130168,201.1366034551915,179.1536649649278,141.29577297456296,128.9270414455178,157.401046920896,101.90099068478848,79.72305277172751,86.54899080944539,94.07767375667335,103.99960137658923,83.67663751960808,82.38134652133932,76.58493134536025,77.79087600139901,72.5558520108958,43.733618543506545,34.08740714005431,45.8918081954905,33.476061862718105,41.429458750075106,89.11585448302472,113.88964421537085,109.1370395236001,87.31444299811345
rs62239982,567.4243502255154,360.4138490205392,535.12541047308,469.36304845415,521.9643114398003,519.6189407096766,510.1490269493215,137.94942756137388,171.92372141891303,100.50623344081082,121.35422438138002,158.85064623182112,131.6937158093908,110.73264147444239,104.00833663631846,137.47990473408493,113.28674522043393,47.221646773256396,37.6124406911903,53.52184603874628,35.28047547498265,46.83056015142943,85.75118079533175,170.1006210429672,106.9863931492144,73.69734042192927
rs2553450,370.68192945213747,349.4582027056115,271.29390474696197,365.94470638337316,333.0121914546427,365.1086147261465,368.329013180857,109.8890459730268,231.17311444979887,69.76260568705298,66.62891994465927,166.89674842969814,66.65273453313601,71.04263163303261,83.64710492428668,60.92609142281738,69.65202544866929,47.1593830459292,41.027494306601994,43.01072174478561,37.432145397276585,35.52807771813873,102.04711461191319,243.22782958951808,130.5994940831861,86.3637890000607
rs11715496,157.30338881762196,160.05304522490837,191.55395470028952,183.002650453008,162.50754458705853,146.03718804354156,136.46678356853405,55.98913846102927,58.908506757093136,61.06226891790816,56.069633042496314,58.87463939383589,36.90931477817751,48.3786723949243,44.95927753342182,40.66882185391317,46.53434473533143,51.26860475081298,48.53670533662911,48.855709756640216,52.79988109623955,63.39375109758063,47.58594578345734,67.234025875872,53.47225152608275,46.07167889527613
rs74496647,903.5975819354716,882.5325219376576,906.6481402224326,920.8871848739768,922.599558145821,937.3100559414154,909.630224924132,502.4090561133588,534.7875359858957,506.4175043564924,559.0449895785321,519.8106452612866,447.41747202058906,489.7659303023283,375.726299205081,386.93350988489806,404.24453198661706,49.875977205726834,84.04997405195883,66.72353519661584,37.97600771721346,51.53056950529891,310.2303874056482,597.3638662347006,549.088796981691,101.14098159403325
rs58235019,191.71067033730637,205.00176769725456,202.49301525426665,169.02088516067323,177.2444312075507,167.2817939444579,167.48939125316008,64.83486259689283,39.28046056825128,63.84071739807005,50.766312111347304,59.472950516484424,68.76270928991696,81.12911465823694,89.67084649585784,84.43667003952048,93.26358263931755,76.46039664810716,74.27341629636068,68.49493825637556,78.69318520751375,83.74291188181934,94.99857135504172,89.94759602172931,89.30858668416636,61.446234616731395
rs117999269,334.02076915557484,334.83285646326834,280.9130524243579,474.73942591074444,273.2746581516042,291.2835516207757,278.37520035021066,84.90494300916856,104.37667869351677,97.4188298711765,74.12127127942216,114.79536618529394,96.07746499048572,146.0549285607432,105.42548864870126,155.034751811591,120.07118503818559,46.57145657638657,53.622200068708274,48.55262251557195,43.36685426642542,40.734016339806054,104.36704760898196,159.8255716090387,172.93833781840885,66.32779109292372
rs71445564,360.2238070115588,344.77997774267635,363.66122781747276,366.57149835732326,334.19566655187424,366.99887085420943,346.3250652428749,84.39147360143865,41.11350108696249,65.09388984375876,62.21983040367088,64.53225246338172,138.6339557868775,142.4566843088678,187.6387696100534,178.8193910768681,181.93106773493832,161.3792971508953,167.24660502390253,157.92353928391856,173.54418291964564,181.8836007753687,198.1829759706932,138.90173872969987,148.90577444813496,112.54881131214695
rs562134801,383.77703093997593,386.12365589878254,416.02166171292447,375.95299940968454,372.3112961392357,371.7260854115147,391.24493934413505,219.5761315834666,216.19752109049324,198.03932784880882,230.24177957234068,203.22664188809307,135.0533367728045,104.05307291590219,119.2802449324769,99.80172512403936,107.83081683615391,42.30260128732847,63.875909179969696,41.133226443898906,44.6753001395112,46.66799118843264,112.80841929747226,225.91056017670735,188.1004702586838,89.56917948508699
rs1204552,345.9113251118737,441.25371953925253,379.6582271299284,328.5703187617836,451.3827329048572,364.25313244425035,337.8173947246416,68.20207690750547,86.4067632641556,71.82051539090575,73.99286587885136,82.50398154964871,107.95085929438554,125.85830488211009,104.10431467326406,103.4258048879051,117.54091572940182,83.61483187934972,84.35025194777967,97.35430468309454,131.02863435040948,136.54053687904556,75.34166638124957,159.21813382945578,99.19114595466046,42.05772279743848
rs62259945,497.0363933224331,509.9885765859466,560.5802939614334,538.8218279637662,539.9253519718486,555.7793954590053,519.5778954670836,305.61182694537655,318.06526208495217,315.5495379104946,295.0185960103277,324.86041452114995,142.64013974404384,176.97292628968123,175.1933015690414,120.30820191588866,146.19342296402723,52.40468635017928,61.60185714031432,44.36573266460438,43.559784889870095,50.34182602770017,152.20043741985685,361.73783843356716,264.2031805712719,82.54496386724063
rs68163138,524.8283122433892,553.0910906944407,430.1856290842695,560.8750959395943,500.33035674243274,550.6561798249427,500.4357552924368,81.09965774313761,91.10039575258378,67.42843003636747,106.372484475442,93.83349378992229,137.34364985519048,102.7002970755047,102.63410997137258,133.75600715765353,106.39413404906277,45.166951749578345,63.14260223841161,45.62809053448071,67.59843587120267,44.143448865650484,93.78311430841536,158.81785612882288,99.29061187399715,63.43949519301176
rs2585846,636.7863254829019,622.1627105248181,641.219829044486,636.1403779096867,589.4405108040793,600.6351836056006,539.1776784132326,201.37921668719923,196.08751641734594,204.52197905234013,211.12197284791532,209.82726271496625,127.20902004296681,108.5642716071838,117.15920083563141,126.61716192132364,131.67353940303516,44.36984055859536,49.67222474416755,47.90147739851343,52.18753517776916,51.02000974763165,130.42981621848517,248.7070143396648,219.65019976069706,78.90166606214328
rs1423626,533.1037844022928,615.0464069022861,374.3685995260253,533.4016205529791,532.9780017067781,513.9908637143283,497.9936781410359,139.89955292072656,177.23300270750516,120.12833280678839,112.86865995713396,202.4498739765569,209.03040072058695,242.94752883619506,182.8375746853603,195.17986576687636,198.1688517278015,68.99044368032064,57.5045660796416,45.05639824918857,56.82812413399456,59.83008451949998,143.2570429369483,219.19251857126173,148.1335205171322,86.2511791376804
rs634382,162.76000089487695,144.74984412312122,167.74756434221055,148.75261827754693,164.9600216179807,168.4147689435809,181.31445404191646,95.36445799340913,109.49627651672371,81.95165166511659,86.2177568548512,106.7259152259773,81.73294097112513,68.21377045686116,62.088948601848095,74.3650962113425,73.2274019970689,48.035539342346176,48.51933631610093,51.53344181633953,51.58323239800746,48.90685469319922,83.37025734905556,122.54405277757367,90.84152781373251,62.69304436074548
rs73087274,245.68611236486157,227.72950639199263,130.45355552264374,103.70795840916057,228.62373550512405,232.56217867691157,219.39628006171483,96.80433194742292,73.13828159135915,86.78038929122555,84.8312076879739,89.94075461760136,74.41807906994408,58.184055169398405,81.91014899481598,48.1923568493888,71.71756603283585,110.29163238890607,91.7419508041539,95.12613485188444,108.38517051832676,77.77211903068398,177.6103037589186,150.8602904437775,147.50112511503795,163.24373001557663
rs55885404,213.99263434599177,241.53468555886747,200.8412019367278,213.39336896649564,218.65097911849833,238.226196737914,272.0542655220134,57.01651877063096,48.408269100576604,64.55989480790613,52.18396800393594,56.40356603973918,295.3872661459599,320.35640763032814,324.1401515966421,319.95614084506553,335.50045252743064,204.90831684111762,126.19596730540695,201.1101890554295,193.10064455768597,205.74567318836444,196.34213711333393,120.47099533463742,162.59456348953876,197.724255769307
rs6906237,656.1640119918336,658.757460841491,636.0541418725613,606.8351638953316,620.1241716504752,617.572182278391,600.0121212788888,100.02275923432174,114.24305857598405,48.60938615550217,76.4693075902462,167.92375781056472,79.73477049664466,100.48282670305899,101.60466457398508,85.76638455683191,78.29102060418255,162.56223807257823,133.05400610487087,155.76772168757523,163.83043281456398,162.61984538110585,74.89304132407547,209.34477749143258,108.28130310636067,96.730422801643
rs62211528,450.8432684017099,431.93195001112645,454.70217878722383,398.4552652115367,395.63708264682697,389.87965233293994,376.0326929847038,153.08448303859439,178.4386626796985,174.21106074644212,156.23236578347573,168.3440033291782,244.85388661678573,259.73585635370574,248.6663566014403,252.32232241734422,263.3807700216193,102.07701929805766,101.0724555652091,132.26818560075404,164.3822712315093,171.3381629762679,97.85704524235359,240.24248002644984,139.8908065426629,49.59858199649483
rs34737513,496.6296692541128,544.8913253161359,399.6624095684451,551.1556039610745,481.29002587808617,529.9613412560376,379.0203741229419,77.37316111426566,78.76789383003103,82.36013684847835,82.04203053123975,87.51930899434821,60.18757340682645,57.571454166044454,89.36817530734845,51.176606649764416,51.925712592386574,74.57857720080443,86.00711678519274,75.8596588725491,62.90113915388337,98.0104471887455,127.66315799908521,163.2155378307643,122.97363462491612,118.88562542215207
rs150357968,969.5347132436714,949.2178693308243,974.3786209318378,1021.4769436171679,995.9522212212029,1011.7134805438698,1068.7863080351055,528.9884350134663,548.6796238723649,597.8500659968944,515.1308521447472,467.890613158487,409.1295825412602,539.3665727396999,393.22705869850523,491.0871806031186,479.4986654578512,59.005315457361355,51.64849009293945,61.97985310771006,56.70112082564454,57.42212423801891,361.0445416533163,666.9530197335472,500.80263295008837,258.36067273208954
12:110750159,399.59458214153875,441.2429144304928,386.3284467570955,393.31636457940147,404.61812284674886,402.3541389338584,368.8984783939282,148.21738063809877,161.13109599250348,136.13962421418154,171.9661881922323,182.30532948293677,127.24174964443499,140.27315060899235,140.31873031774492,159.8495363626482,149.66570731711667,52.148116251462646,55.57478794227263,51.746548834168685,84.82277085053164,53.08351451241518,172.02856583037786,165.92112113242266,172.35446563856755,89.94937936690494
rs229644,427.03425331181126,415.5124500027526,463.0530962363703,416.1354365761155,464.7565660225323,426.72340855945083,411.7512051228648,153.85679599614733,187.14963706372527,162.14252745315193,185.65930769547919,161.307275141689,251.86898639706445,200.19297752247914,171.92481478549652,190.91294376067657,183.9897314717552,64.56233629881226,62.91716973617507,54.68381023296616,52.32038234683985,52.273572336018916,70.57707329698562,147.55876939488635,127.84236168587073,52.000983038333075
rs112685832,424.25579450802337,475.04442702410023,362.7152796846142,386.4886816037168,451.06401839980214,400.67632836159845,409.89879570279726,124.73477450485723,78.0471906826471,100.36486185185773,110.09040893760252,87.34047378122494,78.81090843283752,101.61242631510765,81.47023242597642,99.33304579996026,105.36761333533012,55.50859304793236,54.11945143200299,52.72500426057096,52.26355412933614,64.11808312023221,90.62087804792382,148.79591738780803,87.26063690649966,57.73980467638228
rs66890203,334.98312843330143,376.4276632548891,308.7058655380799,291.98273299286524,375.3046881772302,343.05651797918165,388.0429286941992,228.6280427523045,252.91182005811726,206.89202826499175,245.3311913503745,276.66954997431236,225.15900490546363,234.8458181494985,222.42517761611919,214.16986292216694,158.86520240913876,56.94008208678714,67.62791360117996,62.58769669879516,94.09049045579357,74.423076002002,176.4890403703581,277.03759049744735,189.60201713567602,53.03165110635951
rs1789900,342.42640546517134,552.6947927873363,522.8518043795384,556.9944933166222,326.22028066259037,501.80945148234844,502.80753547689994,741.2344710342493,683.4079258343668,734.4478018128499,703.6021269239754,684.8237644436825,359.35846749301135,448.17056143274664,262.540696657586,426.45563061849407,297.99379404902635,79.3236051884745,53.17681053974309,90.07047503123839,120.85075604855315,130.05835232965217,544.1626365757013,826.6442109282533,615.3270969096368,206.25878488220124
rs144854104,652.9659106126829,539.1483549591815,559.617774339752,585.8919030627708,633.7595806664326,604.241451751921,482.4706682531403,63.79528765805233,71.78673482734736,66.6882643299458,67.67689842980936,67.0542520448853,148.59062542193726,145.57289525752572,122.49889299342396,113.30191192914585,119.30275935481812,53.56393896955545,69.33651429283397,66.78556334298464,73.59612874350337,70.7144800249109,72.17338785926432,105.98392275264978,112.36478471801475,70.23113629484824
rs4890109,201.25841513383787,183.1553594953486,184.740950284026,219.69000685279184,191.52655637920495,190.83332155218923,185.18074823286523,78.09412520449098,76.74518844804813,90.87534395791653,82.96561998228695,88.86098652568651,63.771914628403074,85.89401774457242,69.30693771479652,68.76900413310743,67.79896470158317,73.84617739966278,86.88773613281583,83.81405795774435,79.32288145350755,80.10302876624243,63.886043399964706,102.23872342242746,94.86503639126491,54.476850702080704
rs2424995,349.72018054119576,348.91740674051727,304.1813140638418,310.2160477402187,369.723295042777,369.97043774111415,344.20955247228267,201.6644513646507,176.12666843839096,158.0694309963924,201.84541480368512,199.14709898031313,273.77175845775633,283.2648221057897,288.51265190565124,295.8646988348013,279.9910433878354,201.35349814457575,195.5781004385749,242.13853739107836,256.45513906280564,246.92106974745724,135.4441072140572,236.01781277642456,199.08501338281113,54.67156717738596
rs1942055,551.2859207290475,709.3579506188559,590.4329422361249,579.5031706658733,541.5457813268858,637.5938468322563,571.5008474528636,62.579725328509426,201.04618859974343,82.61684652585727,55.283719251586,127.28277356669957,173.8429188912146,135.9642742303264,171.85853483306175,179.85216667131954,178.90550046575663,173.11288879033967,177.82425812091597,202.46519341282777,158.4077093367383,138.83233218211006,295.7457767991864,236.1001928230765,184.57183093790297,157.5978181571064
rs211787,473.29890964387306,494.94083803737726,597.2877702851365,590.4819823306605,478.6038222781595,468.4860018622421,486.6346982696789,244.6415561234406,290.2916705856254,270.64081661253675,285.4089648339673,303.5123752918376,276.1505856533137,293.40996636248934,261.45030719104085,298.36189549845335,301.39456909347854,85.21942729261973,86.26741899076305,72.60451108092325,55.427335532765234,85.1977485163571,281.04722341517015,337.65469991380417,328.2262430897958,221.45411574043123
rs653178,530.8543373440166,487.9698773745054,516.1258625414009,525.4853126249899,504.5726244665282,515.3126196379365,525.4546458068434,80.2011368240321,55.523968699424714,81.87534698526511,71.9381504609806,78.459341585781,145.49985108526127,177.76826704952302,161.72825124814415,164.338944706547,179.84296203461147,122.84657740437133,138.94624453460898,125.48950883748796,141.4015021914406,142.9560609554877,179.40953610840342,145.03520461894274,166.24003808640333,93.29062382744834
rs62007493,744.6170019676476,793.7040735184738,702.6799233386017,773.0263612524003,730.168812382647,751.8145539191911,681.1655343927475,73.58698182301141,179.7256570080694,55.6868493912907,65.7063862234309,204.64767048639345,310.46773353919815,300.0569846335598,308.65631940862664,341.7268559696887,321.69557199052815,151.48124759738843,149.46512449777174,157.65286656450795,181.25826805177903,141.2027047666708,200.23433078244292,247.15998711499108,222.93138183676172,129.95461238827625
rs12821256,307.70771489047314,341.4544113776455,325.6137191291362,331.7132751161561,322.80788985501033,318.7552949896681,379.4751589210329,73.0007456560059,79.32690848606423,63.77004453978418,56.30408092691173,85.31698513743024,85.46230166515753,70.2904723132749,90.58839911280577,85.77757419894887,85.26639212214974,135.02499814762848,86.22763204773683,106.78156758573046,95.80820524701099,96.95202225139798,85.2427670410894,94.81453666909836,100.35022869778805,74.64352561809196
2:27176778,560.9299858160007,567.114875422232,498.057187437324,543.5126334161284,525.1292794918328,556.4601283507473,553.220700067208,172.5038316073976,160.50577057872022,150.7901495291269,154.65706289106598,193.9088932555151,188.9368818026294,165.06625015562906,178.5559035863535,199.82025728304407,204.32352612458828,66.11447610409049,56.56355091514505,87.65527052238791,92.1376667250278,103.75751973859656,226.12774579995698,273.9025600896082,238.0568756931894,182.0236683992243
rs200510516,463.77010960559636,492.7405554302846,491.75511704154553,469.5919691163978,382.3462826691641,463.1401239220882,357.21474286350525,146.2950982963045,136.9881599174902,157.86317765221534,153.6001273652748,138.9410718915292,143.027024547999,146.32657524041764,136.37218208568873,142.85769311542663,147.41255261148254,57.427035305816794,79.28896216177218,94.80346187236239,118.13343831606593,109.6194230532007,132.10460351342064,157.3390002826522,175.16503649447878,112.65256311998375
rs149128906,202.28024618072303,199.0049626678214,123.78311753308061,126.2336488053275,217.37843146274258,194.53680829480442,163.79487909719197,60.336646566222925,59.11690244725806,60.64893512147241,62.50303129546501,64.14194687497627,68.44778573860636,66.83289416866434,73.7175778106459,65.51063713515164,75.27589162430813,170.03705579923587,131.76905279401683,151.81101090742231,168.38963867694008,148.65707558775014,175.74261524250696,113.68488432435683,142.94192654265757,166.24254444841586
rs4586234,518.3828603998934,461.7467292190784,571.2280552464274,558.1704138455765,539.9954054591607,497.48231284364203,421.79974246461853,110.31438291225273,122.71553683618933,113.28129729643129,141.1087701491959,120.21090257483846,153.74832234567032,145.24005506559067,159.6282401658375,184.4415722519219,163.3757773311253,59.57982363829451,111.03482346767824,70.97976301608429,170.72429778811548,127.39318877588896,122.31741826743468,211.9450367747973,111.74900237201895,66.27118939578307
rs11921171,295.53888885336704,319.66098860932266,268.1558207565514,278.24705774300236,266.17067505473193,280.51333002688534,297.7609110770634,76.64102449825197,85.0734336741195,62.353575587040815,76.26527184492996,76.17887832691554,59.832711681435526,80.91247727607227,69.95348734237818,76.66667888072105,66.6197235537073,81.40718658374138,66.6775542590354,84.38069646881773,71.12304509727505,70.29287012357183,73.97500034605434,112.72656381653495,78.65030600385907,66.74528081607626
rs534821142,833.3780284228521,824.3296860548478,835.5707669287576,889.4165512498001,856.107561870306,864.8439537634505,800.7850194101292,98.9686051193823,95.13654225675175,90.62937206996489,115.37201106608558,114.24656457046557,110.58202888559667,129.41152438144132,124.90847223285428,100.18804352594145,101.85839669214899,72.27147785164081,85.70657966805115,83.13716357561229,60.26730903829574,76.09331655961572,127.12359458989289,154.23812472715935,141.22801773738712,225.47526341353534
rs143392426,294.1163415263333,320.09263970137096,303.1180146005377,318.55771585386606,294.10928041712026,278.5552663005489,287.9631238132852,155.93405429294822,167.76166078638187,186.8013665394292,149.13960652007856,159.09954168172067,134.94798422525997,134.9448936302757,121.8651151502183,101.9619144287749,113.97308805248062,73.05872679324028,61.056249644211995,63.022501694770945,84.74068312451551,65.56407724322857,150.32352281046823,161.89465635750588,168.05377443553738,93.92893778697486
rs75925257,293.8658768519905,363.33874870733354,296.50101713774825,383.83557753008375,303.4436733501783,353.02396343960106,401.20706914695774,268.5775166097839,228.34331619899467,242.57273329694436,274.96494041793903,266.45177882073045,249.80614616258106,237.35659922595534,216.00714888672456,240.73986259364293,237.77182129607544,71.62175589782152,61.20516270699276,93.02844692452108,100.79271281702322,161.50369090640694,210.07397493230218,251.61110615415424,245.82653424854797,62.131149069559996
rs146120306,540.8709034539763,521.9542877536179,514.5967690954499,607.2216980471167,511.2770352767421,600.9684767379723,508.42027643132656,124.0113592725297,156.71160436246456,132.99946678832595,131.863544411064,145.23111279038585,94.79804042658334,125.36997828699369,131.56916793028404,126.70437217944247,106.33706324469783,89.82227115325423,61.57343189927438,97.40652331685695,121.26114906674583,131.28736219238084,155.41147591405698,173.20980489706517,178.4267629375091,161.00121885620055
rs9616751,851.0927641670771,875.6361424049314,839.1073582996306,853.3126920835417,837.5938661930285,831.4813431729103,772.2532609047968,141.63455600585394,162.44472813191433,119.29409434453962,124.3311731461548,121.04661976828193,271.9888019310214,357.47083574517166,255.99384058768135,316.71394121110563,358.24183633542935,106.14999326064093,127.74201034188553,139.10352305664833,108.10959771914064,124.1526165928748,97.99212131407054,182.51577262202395,160.33305481738373,62.49633147631268
rs12329128,149.50534170261622,162.44180426784035,153.96771774756266,158.04916149473678,142.27629003258994,150.57359528340282,164.37493718890644,115.9464479530952,108.29929772276519,97.1007998612365,117.15055097737749,121.24629399636903,72.88627607865601,70.27405037117238,90.94736416064728,69.21162168722668,65.0367839783412,145.88172659721153,142.47196539942658,135.73820474342264,110.67414209664886,127.22099883400149,104.37918766503084,139.24142238920757,138.0053545649976,79.19384424670027
rs770452487,438.24888701058734,426.0379904163321,454.63732612473314,516.617355552787,422.12326551013945,577.7835221312882,587.7665070633881,413.1583382854362,808.9102280809685,279.5217127700671,492.18014285970816,585.9981906281247,197.33906507285838,183.95698099653396,163.50432062554916,87.05445422817928,65.48770267395908,125.3144472247955,117.43244985114836,143.20523291600426,143.526547410748,147.78059749569152,438.85797591012897,545.284347502388,487.49317995570624,171.81946120203443
rs11604662,413.8850744837144,423.67996666049913,394.76645859869893,406.81119216278535,432.4254413738683,415.91413328841577,390.2165499773597,118.03720936640312,104.79155364480772,129.9759741372766,108.7627747851845,104.28774023126279,78.75074850988443,96.55966276833705,66.74042661353708,90.92939263193324,86.62764444733828,102.34086213575223,107.08681478461102,116.40222169862935,119.15804216645316,101.00468344531932,121.97979245806017,172.56895442220838,151.27084117027064,89.4450969654154
rs709631,619.8834989402843,677.3545900878838,689.0690161373268,628.9765240965954,603.8818427853266,684.7241681371543,635.8709273368869,287.7448815426183,205.99096880812695,201.43093667969652,273.81552720036774,192.03569178228597,365.622462437217,333.34639288412484,338.40461054233407,383.28706797348985,304.80863274756746,131.32345957906224,190.24747695978797,178.70769536406314,167.08411916261534,196.43929449192933,105.6456999228895,241.85808132782321,189.9106250080909,67.72790658088095
rs57411618,286.41084955888135,302.02764599708837,281.84069564869407,287.85026765592886,305.0502276349685,300.56211482269725,280.38438718525293,138.79117193790884,140.68581164705853,131.61661216194864,137.07451121495438,152.89485879797894,124.52455313931203,137.76789122007133,109.07255539106671,127.39784663788632,122.18887790083376,73.81256719155986,69.39253228818875,92.1215630531418,80.63594487438645,80.8384400001442,112.18857391167379,168.17410107836648,146.74863280704307,84.62860098836674
rs73165126,565.4016291236417,586.0715775338289,531.9604188395454,533.5587782207107,532.0840299549376,480.1638046498811,497.5232993802397,163.77271913301243,128.33441945569123,142.3086469411423,158.39053701343792,147.4770284985824,265.2745942020124,211.086102184085,165.89979881471317,185.37784998465466,192.12719851421676,92.24280505622492,96.23767137372123,86.70746619041482,69.57374279152299,78.52351503480283,183.60975444460368,243.06244571157592,235.545141030681,145.1345892206076
rs57453590,813.8430007979296,818.6746570720218,860.8360093905029,955.8735197813191,852.4309782267992,876.0484346728239,787.7480071008915,198.08793778581648,248.23864233677764,351.81151074573535,218.6560916519519,247.05012628283833,327.7394888002402,210.36855511550763,255.64160870477835,253.23566176775716,263.32230172080835,222.21191734712596,201.664112703681,233.67478832925227,322.67370528547656,295.341886820456,148.14149573273767,225.6026006730671,226.61884568209294,69.92679639654308
rs6505173,491.8472727354937,539.4377901507097,489.44464770634727,489.0440475626053,516.4655769222852,535.8166223903276,515.1241074422203,238.44335964606697,233.19804637821733,243.92623168394172,247.57238058076823,265.6153116995729,185.76391939510876,214.54745145073457,167.81608557624463,189.0848080883638,178.40646486369226,81.56656057511138,92.39006176767198,113.64701629722514,81.92119904416516,70.31982895786476,193.92209473139962,289.8480574888534,279.6569878795666,199.69807500068623
rs199834630,636.9103161762994,535.0012293311966,620.3148032977114,564.694986570892,665.2801693041557,613.0156183727782,656.4215217519321,206.27907624392245,232.76501133565273,178.28322122880385,240.07600370559453,261.60615830058407,212.64576127355562,262.17451596192876,243.87752611061214,264.15069935945303,259.7046782724047,82.16759492835429,136.44254958690672,70.32351501884577,108.72004070772809,100.25410892204866,328.0703713669949,374.34946166338443,343.2318414969524,338.98311004444946
rs4706006,862.2836499164762,938.9524213331774,859.1856195621124,930.1226678394708,892.4204021281953,910.4381368520568,723.0893727678537,166.41130163236113,161.20167784651156,167.08526090633106,156.68959146174,149.66472214797403,146.952780969043,146.4320502887591,155.08636173232108,187.80362081623113,189.35948689515465,98.62404697815542,84.79203740954758,89.5882647837461,106.32468274923647,120.19528688987513,167.55791015066123,215.66897878151934,159.88968509308174,71.99273833194518
rs76078069,635.9944083254064,776.8623583648116,635.1739693363256,661.7884900240874,693.4312538856584,689.3792524977048,814.6408293353787,210.82148260621773,251.7639568309075,276.21199696493034,205.35118354166727,301.4546409425993,196.83827735253664,228.49749963311893,178.86533482951813,160.84649646404273,158.88700023706406,126.28362075708405,114.39274028404981,87.6435338354412,73.18980292932802,138.56647259417824,255.43292347246154,253.06359446395848,293.48277170641836,181.4134577497088
rs35499598,750.0512525135277,809.0066211938545,706.200818036954,729.7632470914679,717.6938783872877,742.7508089021914,802.788551450012,110.24687977719645,109.30859610329485,160.23483225717465,122.21970682741876,144.4851591302579,218.46601955500583,259.87324629421323,284.06733425314764,281.90792394786735,257.4265719089868,321.51094542465404,284.769054486607,333.68672760073235,365.8671250287896,386.66114034717106,106.69449001179058,163.09078836156615,212.37703727018518,73.28563931012282
rs146822580,372.7280901099309,356.34658309353887,375.5373286091553,380.51048607659175,354.5427107853482,409.131163142818,431.06221591454533,285.1938547544673,329.739811619391,304.65085593611695,262.0040851449324,323.1329824007962,324.78031646036055,354.4506305558436,352.53744932721406,351.8913919097031,366.3992984280717,77.78662368056618,107.9224622614234,73.53173407942666,82.84915361185382,74.68280094756352,267.00001478301033,365.1287352366577,310.6242142012044,211.01646340946922
rs12146727,468.59539337118565,474.15849666368473,467.1465569010886,561.3817435038783,470.3990730757357,448.92479465648483,502.1517126582676,105.94544670448963,106.79511929679114,127.36002488661175,111.93517322734964,133.99599017550344,153.91245094940547,181.14142162958166,175.65924993658368,191.30075070500848,179.10604247579403,79.09865992581888,96.38126199054835,83.32424258447966,108.89954492197505,138.24207909848909,142.40465673157553,181.52405254472512,150.37415580151986,74.12409376570814
rs71582214,153.5148023118624,145.47904412374544,129.70382301136635,143.00699119912505,156.7842649191915,146.61989514439696,124.45367512339608,113.25026883046678,124.92287933678017,91.47684263755873,111.47616561737394,94.35179882341681,100.13289400568317,107.58725051288386,96.8849975125397,96.71267693650456,94.69217892100497,114.607253669546,95.92623617477163,136.91458171756295,197.28066517758722,180.93403758561686,105.54135195203081,124.54794786026238,107.08568627321054,74.1427944492979
rs16841908,198.3027441780073,237.09066447489244,224.2170953001061,219.075715052299,231.89079923483578,201.75894680260367,206.98263116042426,171.29911204265554,145.12680654239068,190.48415715306842,173.44432427715054,178.82218247621182,195.89922591085315,215.32546996306692,225.86409401690756,210.48689932218898,190.37277475692702,95.57765410460559,74.37850648617184,107.00323542494324,119.6139677305396,157.82955973930473,132.04321911071878,181.411585131007,205.71126104084323,193.79985022860674
rs35758692,715.5545831168123,718.5103379711703,635.470745876515,704.835676970779,664.1542607834582,808.2717402342723,754.7226621430639,460.7983809055868,427.75237384318024,398.71505616902175,467.0291958014666,442.6153479485093,464.2156360115882,520.8900295349714,407.9118980704583,410.23305779336283,441.9605916661218,167.17423944449584,107.03130637605362,184.25832042781485,260.25267058241474,247.58678979987997,238.5428341952563,490.15744063186804,322.18122338103836,74.80186256170123
rs17711923,571.1729797691838,656.6185620321799,490.7041672969009,548.1875472547244,510.449376451894,552.8327755336194,593.7243837324988,301.58215614105933,266.0006228010686,279.5140338692694,291.726569203865,309.9916276142147,164.88620276341408,186.5703665624753,157.9260387715388,142.80059126763362,153.44310885204254,98.04631733462165,131.596964451426,108.71002502829172,75.07673627924561,89.07225312421548,270.86410028623544,297.4291383862905,304.2326972527443,194.27047059719067
rs34645606,381.05330447487813,424.64467339851916,380.7026498042504,389.03104998674536,417.28491394369036,419.91142106947285,400.4831277884385,353.2610327632616,343.580198639419,334.0913062033651,352.4006222684729,381.331883780007,312.7479548897034,320.0511216576794,281.0782929640732,288.33358435768815,282.2388042582583,91.55827434340053,88.01095224647834,106.21189121377549,116.0447019613847,87.54829977203951,266.0102035435601,333.17185325301307,260.5438892047498,75.94409979488847
rs10751199,354.74965195283556,275.7883396365785,311.6987699188605,250.2327581281598,331.5612773245791,326.08656925516135,277.4846738130516,94.8841261038587,96.75529194742998,126.36121022539153,76.56499622990637,113.34954468379178,138.0219257651093,137.99586920444713,133.23813917775502,141.61080175728384,133.2644673347248,164.92441072118152,97.09608549621679,140.84694778104236,222.6960122475102,187.502911534198,149.86652761418046,108.87035045944333,139.72317894472022,81.47299254256916
rs35608744,353.0565575825706,316.5862122997245,312.8637573289465,320.755586130507,353.11247266969,329.43300142784915,308.8373291275247,143.35452012867987,144.9989571558276,78.57129620622491,125.77075841915513,120.94980110114538,197.5133691825715,146.42567757603695,284.4806212740194,172.8807308498343,177.59720743427542,278.0160161786883,247.73448459847563,266.44391010479956,321.2809688399133,321.5915439753938,259.6177873619736,268.70267794736384,283.10752484817283,176.62296296684767
rs11795400,660.0016522900972,736.8534530577433,689.3196100879724,762.3529565779361,708.3356918092152,696.5347310082487,663.3139658798125,368.59964341783797,295.3149723941509,359.460871794466,308.77673147993346,330.6894061577539,350.0804284662781,306.6460861436335,305.0457026178004,346.0547468926552,348.0852784851781,120.93163072876605,79.49920422135908,146.76945969401663,194.95422273822444,215.9895918601136,362.38992256864054,398.7835737293822,398.37537708570454,240.86202610011935
rs2164243,392.34086461934646,372.6317604575664,445.32758719633756,426.92035407013555,406.36674551653925,586.5608700972556,527.5850327782207,171.38410197704002,244.2894029774827,156.26106323211005,170.8360768886252,214.52290100565963,359.241284578739,370.5914271772265,298.6323278503518,351.884919536487,229.9284864572307,97.82088125767436,79.74007195096047,129.314441564754,270.7917758854791,217.65672984968947,191.02435840211257,345.26764035084204,359.7239273492375,124.75501790265291
rs111281369,511.83460357525337,664.3966554015947,488.4989783757394,511.90106998461675,502.2887983203333,585.8318666480128,519.3034971502468,143.0521938401354,120.63165472668781,144.8013268657436,128.34327372128598,135.39242177539475,133.93380256641638,132.90840846006975,137.2094077285838,127.99207582323785,137.9776193433586,80.00176647212143,89.92045504226371,87.23299812133136,82.53233552190216,89.90747120056642,151.62064485477308,189.19810183205652,174.23273437003292,153.5077055257645
rs145930990,618.5836094086345,587.2629659541657,586.7898367709365,587.0094902480165,557.538642811059,611.0885753523829,599.7383173713995,236.5893674658352,288.0293181088004,228.08996141510477,291.9534262816878,343.97281976580064,267.6969267938519,224.70051080300627,205.13478593196893,235.58707039266173,180.64925024401387,133.6156193976612,80.04556894981565,99.06877848729981,130.68972855752233,125.88444972246683,178.28348286860393,298.3649383926106,281.5646514866588,123.35953505950236
rs371405672,287.42736047091745,315.5924709090454,311.72621830931894,320.5430715299666,325.7563235112184,243.28237700104415,205.11650341027828,92.00823324663628,103.76294365891866,98.62304206172088,80.10762110160404,118.59312684380062,111.54492130474658,107.70468442844312,114.02908328237073,116.60874678073687,103.51831688095905,104.1531307951855,88.34715653628079,139.22918768646045,111.8333736632034,149.18588921101733,91.24778264367147,124.03594862804106,129.43081114535718,107.24484200590652
5:33951588,844.89652424578,796.3189451128433,789.3719471237213,847.2907883585622,797.9803797519461,845.7587427616626,795.1195320636249,90.81753104910804,81.46857806024518,99.22491899810942,98.10039624523887,172.487523427152,430.1056280505077,462.113903842811,447.32358229686207,394.91234595015663,416.02626768298074,440.72123041179776,468.98537045485756,446.4159530306745,470.81992362252385,498.04690725577086,362.3506727042702,343.7917014970912,267.1966911265056,298.5710652814334
rs174576,363.07116924517675,337.41948359677644,356.0163506436828,475.63694311456464,347.2109326828007,399.38676828835736,484.79768216200165,229.99234046406897,165.90373989339903,327.64443577156806,261.518086878284,207.05429557611134,81.55573158793055,122.20790795399041,160.09565969858843,106.07219649362754,85.64178897749797,146.73074364488798,128.4884213574658,277.0060804319582,300.61692188007817,288.2242423085518,366.56141675834346,415.6345401521969,320.9631438373273,219.25360593050576
rs10631738,328.04888550544507,361.3557777175407,359.96398673184973,390.1217325702058,344.64201704110076,330.9823870546547,400.11311626683664,270.644455191455,290.89718881567694,300.1160688793344,275.3567324325085,304.5351681347971,238.42985633420076,241.21427817425288,240.72623694861298,234.46084473697547,229.26386881276184,119.67677425515862,82.67047246296008,101.33225914682843,113.83220962823255,100.41066262454989,279.5448839388492,352.43535440314287,312.8555493940215,171.01433281189844
rs35924359,337.768789024822,375.1469495654536,370.5967538362085,379.0721436353457,375.679327843813,380.4612433662576,358.8002443873232,215.8489751842853,214.8199047804232,239.72148553229326,217.94376869357416,246.86845190998645,271.38870633717414,287.7250835011137,296.90440824329465,248.12563681229497,285.8943330119805,83.21578278970253,97.16529780120868,113.4753620782498,113.21516072932091,144.86164752987395,198.22174287071627,273.47607225578616,225.86042629015859,123.08430454218343
rs77263594,413.18738824283116,363.0522461031146,443.54946547988953,502.78755523539394,356.9627123998358,402.19771445581046,282.07698731787167,178.5922152632627,155.11845073780918,168.01489219516012,151.335900798143,146.924844190285,96.25704785078685,127.70739471890401,103.71543427745917,97.40053612828588,85.35958118602264,194.4102471356123,187.12334429615703,198.79204996594163,198.59128253361544,189.63720797131234,134.88401416532358,169.1679347123054,192.21431368316618,83.81485583844012
rs62260760,281.22405618456156,201.7319232085722,271.2578057453424,271.7887548247343,264.8470515614089,284.5111099651481,245.66298678981718,145.74797473964207,120.63657527908435,117.03447332777733,114.92315841305549,138.27726047768886,152.74652553260404,132.78680869449033,159.90384700755894,117.82141370613228,107.90925204130343,94.8750806730714,85.26939839153334,106.67503125874153,122.6754043685619,120.0388161460584,119.42789231516512,151.74205988032597,165.77296181251182,139.59195073290314
rs558669065,423.26420361603783,422.4762967286795,399.37884341429657,439.1020226095222,472.899385260253,496.52802616470314,470.9942856702635,260.1218990707745,232.5199943026323,277.4852022713625,254.89411203936885,286.2441731784927,210.71607954228088,231.63487595740915,213.43406964510862,162.54396629736533,149.91032782898668,151.95777919957044,142.34705024462448,108.23312170895274,144.01700230370562,86.00558280749199,208.36126895154945,292.34246384336575,243.5830617092181,155.26516979837783
rs546483712,168.97903864252845,164.06797616374618,204.053762498406,211.67598514201202,164.12468218503432,250.54580571345647,241.68885073991936,151.33787360701214,131.64089730229364,117.02731782764309,147.64283935489837,167.7042318499455,86.93047078871689,105.82371917331278,93.4292582249745,98.1146833329894,107.02503081004016,111.51472388419396,119.61190608965708,124.55110988737195,130.2027122363688,123.6690849891321,164.50126796356892,186.01039337754318,173.6469957684366,123.26250934704679
rs113700152,450.4745273550727,567.4454434472353,401.0700433490308,420.92942455912345,419.482349126829,538.7196567265833,525.4402664468789,337.5350772192272,356.4208681336952,331.61410491254793,333.2198065319332,356.10929847853237,333.36145605180974,313.5126717366982,303.2021074461205,344.1957391401394,337.50958808704286,198.68330656284152,205.89020573397457,209.28272269772785,228.8357409394419,247.0663758738758,214.44250739181243,396.55169459523773,323.6340681211342,87.04126775992694
rs115795637,475.9632690860984,450.65039992343503,457.34394308818514,493.3932943590777,442.4090503988636,454.15473589677043,456.6899706366749,282.1478412077109,243.6218789695575,242.50608677118365,268.03692762376517,231.2685084578317,245.4801571468283,263.0222490785858,271.6543571621579,264.34395795690665,252.88720300627944,87.1775601960758,95.28597187718097,117.86967775787255,155.9453376513369,137.30180687335684,243.94339106361343,289.4723494201842,295.4676152311637,188.3488295099673
rs72290633,477.44219880512145,446.7013510571917,448.6239276726438,445.14319408690244,496.8227483660892,484.9716983155472,475.4860434469662,115.18365450153692,100.4575229905015,171.11395241284782,101.46345386307706,87.20306783032093,147.66605131427434,126.3157323616339,131.91564706489027,165.07480519493495,151.98327447000992,177.55634351165185,168.79398162252545,166.92563779554854,170.49169420845087,183.38734490289764,194.05209625369605,192.82277072811684,173.8809736635927,156.45812817715924
rs35263587,497.315976628052,459.0489503533862,516.1686272819815,461.16033868027864,469.7192672893101,508.2350009344134,454.9486093682752,298.3478138692676,273.4215933028222,159.98211328455815,284.04629639895376,309.08737733824466,135.65392692572544,101.34761946387937,122.1471853894364,88.08432921476071,130.24046377469054,142.4667390967387,113.71134687450736,130.86938050594082,118.96548664483898,108.8331438205857,191.23894906144182,351.3292299235641,350.07022261436356,154.71060980325623
rs9903048,559.8105285044456,568.9498469843969,573.89975088946,569.0624229727272,579.5808309804625,578.7708015207706,589.0070916214178,294.042200825203,305.19786923425687,296.7982549917247,308.861540225657,310.61623647618603,342.4073755258125,374.88385462711017,317.42759031218793,318.8439606872885,342.05081304258346,187.50301567497365,189.06747468267008,157.00921501153618,88.17575609529993,140.85086046604596,247.65933901221973,294.45949581773954,297.22384741039286,203.4469486607478
rs35979828,160.6051609700548,141.29169039779546,170.09374978686614,167.5354660807415,156.09474131231474,189.70343889112343,171.08725421716497,140.07135040527294,100.9744962990564,135.15874975350673,127.56153225120396,129.97771103709454,126.68913383597646,146.0885629109174,128.33173860069246,132.76876462398053,121.3930057956864,88.7822408067529,122.21384350158588,103.06706442419865,105.67930395371224,99.95211462808567,183.87466072356983,160.91049887039762,175.6062695023084,137.15946246583974
rs13097248,427.4767872995961,461.1964907003016,588.210521355662,544.2851374654364,474.81737566900244,504.04652402590983,606.8055420317423,336.7687257192571,316.2802949710845,328.34537100113033,367.99997789627537,347.7903490624772,365.9672345801184,375.9070404715593,299.5498760155341,333.0355000653222,314.0502252555683,93.99678964364854,125.76278920932333,126.6859757127937,88.8632992344299,92.18620081440484,269.40328684428556,351.76085969795156,291.03536228835185,139.36293567942343
rs9289629,475.7871760654235,496.2489800233288,567.6262384344607,474.1515676126784,482.8742209147518,523.6493043759225,479.99025026906105,163.69890128986364,131.22789133297073,149.1016216425774,157.65504772150524,169.1955040870527,161.11839643054273,159.1890995943221,109.88653749053313,111.72328551150576,97.52699420565034,101.74580882806487,113.78677491192454,111.05152067932028,89.33325517217696,98.75103237161251,184.0776166216622,194.40412085342268,207.5965142650618,196.3542070846414
rs79478560,822.5926568551904,825.4345597128001,858.9387520182967,853.9410236241308,797.4771223142279,834.9433275100811,772.7032555312503,284.8716856671693,351.4870903259884,284.35444896264886,278.19200736285126,336.07172891945845,195.1593069003891,226.8717379012534,220.1688498265005,205.1359196457501,241.02906740297507,101.02868948550602,113.43051496582154,99.5963077357774,89.63674555307736,105.81252962049699,289.2976617399467,370.64177104884305,345.86340979795307,189.83954544394243
rs630579,752.4930464373795,800.8441778199048,735.1506574555508,764.1322819554169,756.2918007082752,809.4381832401033,857.9052777813123,565.9068073187466,577.4260804135329,546.2732954767154,566.072345062979,519.4349730291859,394.4909887720087,453.10788519276986,277.667384553611,362.4573928208099,341.87349326190525,121.285669463901,93.51811597953395,97.93712579549891,89.96865709246312,109.29807110122744,320.7626452689228,513.8110603762087,492.30822664784637,224.29503713946545
rs1160496,576.360886858009,520.3900329617478,421.4619287720692,661.6908017789124,588.6470067763835,618.9886202202318,634.2353913728505,345.89073034262856,320.61070005810666,397.01569196966915,381.44853034140027,344.97168065124805,182.25800798923083,193.04376844263373,180.40499398804434,157.51557981704403,203.25456064446306,96.78284286538087,90.3172501085274,140.40441649601064,172.4844548225839,168.7764579560512,179.44869881050488,346.4014815789838,238.41511768051873,165.26061527370754
rs543985085,436.90002991086305,431.4871947079704,497.9979655826245,508.5650771020015,415.66394522278455,420.9653364882497,450.56117499828343,155.46843464882159,154.25422039408275,140.56997260339145,154.69130800360287,143.54643822602515,175.65165597622047,181.6286831831909,131.4165277122849,173.201301860021,186.14252379438997,127.03343644411318,90.58786856993427,129.717539779061,160.82236610515392,114.80965682775192,222.84349369759872,215.2910239920331,226.66939520593982,142.70614898162086
rs7779160,282.44494467378894,369.16438710508214,283.66683884019346,315.59618249418975,290.8803004122991,346.6820581279363,345.0070528320353,175.18149347366855,122.47096018004022,206.00313527375397,122.79631989949051,138.31084960186635,176.1008543321984,173.54628855886963,157.29352842260275,178.40521863531015,143.39230619834822,95.22053492696365,91.17710775651989,105.56023212367892,103.43168644971801,111.85894217984922,187.2085688465858,179.4392152056612,199.7288245498456,123.60711024508466
rs376061381,876.6291540876529,921.9260340602058,873.5520429480905,875.8564722134518,865.712686746094,885.7012566694339,886.3821796480506,245.43301205809806,269.44435395119467,253.87472121486664,243.94102603789884,306.60212122625177,203.85027988914388,212.93329660371955,254.76403224442325,193.8898672066161,170.94945889748962,189.82899540705498,92.03973195766227,221.90302688415326,297.9397761680594,292.01223075494363,376.933710201801,373.6571634069381,298.26657747804984,327.59985891835294
rs10778208,849.7531019510747,843.1202122398909,877.8620274343523,895.6423375353866,872.610589476357,865.3612303057031,817.8874868256993,424.91241607967277,412.10641440165057,310.9504462196613,350.3293496645473,430.99519091706736,345.76651405290767,398.3572730693024,395.6357229630151,410.0599928738818,340.9918806624901,100.81777727403662,108.64743094100146,122.30974648609227,92.53291336867001,140.33327383248727,518.8995399299401,563.6230978901359,542.756046589666,367.19672115144743
rs11643278,358.6628491776727,369.9404389465043,364.70993921925435,478.3236014549085,368.9295381390383,488.1697349707586,386.58976268550913,274.9696323245558,254.9770151031554,249.26949646705452,270.9925425708482,253.78261368118012,249.89141623489937,210.17881059730894,224.61123689371948,156.33737543229915,273.96913797786567,238.56242418607945,221.21650029984477,245.63204547968,241.38394627616367,208.0234101984649,293.03988933356624,319.4146527353758,311.3038145677925,92.71210996438191
rs10171471,102.5078699300306,105.53793045269543,93.74729907811594,94.16661634888692,94.01807165460725,122.56417451373936,102.57358577601816,135.2547299250021,125.46953105205355,128.4127789354337,141.70903062559867,140.57646633021346,135.76858770317747,156.51309967292525,146.08748578340146,141.43989757403497,161.77832631898158,202.58117828058397,184.32503922787168,192.50246105307414,219.2856821900838,217.92239442126913,163.6893527265726,150.15721904442194,193.8624966539974,170.93547888320452
rs1522278,359.6888456424818,366.3322446761479,394.82748476808473,465.1289975684762,382.7267549297083,453.0531091603252,448.872405201051,224.99369833365265,173.8194337958178,243.69110523801197,220.30648441413422,229.89006567817796,197.8810508780845,207.24397938543038,206.45278530553207,204.67349600632664,212.6003919328692,384.3074892111804,354.6980269192819,358.09270915730696,388.140976873255,385.6721457851699,268.8052901931617,253.36784670228337,288.859237066911,93.92335126757575
rs386457469,949.608457945077,954.7211246551221,877.2937177778066,919.9764899063404,903.7992020129861,862.3448082195762,845.5673683513743,269.21555691410197,244.24330286785334,244.92777643743455,219.46259333783334,288.2198760065788,414.7997482725051,501.00874231485597,427.59883268222677,420.70484660114784,431.5316194709192,400.92450550434285,336.79733127707544,467.9261168770193,437.43316858212364,515.6579768999349,190.03998875740962,417.82901691195025,290.4427566091528,93.99976039778173
rs143060887,638.9815254142886,759.4255850452346,696.2840887080141,732.7317736167099,669.2139799256754,644.1734724211134,703.0375312336322,484.14907503620606,540.4427180231938,474.76475782397586,446.0398222604472,468.34828875377866,432.68270444610323,430.29920032786845,404.50105894617934,449.59472059429885,343.57508036852334,171.2236600397797,195.55501336139756,155.54545085321786,138.77512562019007,94.16074028521503,505.1947633570376,515.4677611337562,432.90088761067983,269.7546283496405
rs5816206,202.48660888409043,347.6822166402968,263.2100045515844,243.61683555903085,215.49217197303852,246.20760180603895,272.7102744316012,345.4854422760553,294.48813279505634,404.66889356049006,346.4042809814105,332.8854833247869,170.72079812706093,231.84453095353936,178.52625514919916,208.45491212485632,276.27628007869197,122.07713428744852,94.29864141673318,162.9149000733808,134.14547564186037,155.35557832142155,356.41302056136925,305.2366533585884,268.4732159558978,237.18627876679054
rs118165911,175.28086056215673,233.52288499029814,139.84833346610066,274.3353026044612,157.4834306862055,163.98023093161356,184.92160201702583,214.25997419891513,180.31633199044649,200.5612465961089,208.56302576154388,182.4836953099063,169.58456155305697,142.16159126264327,153.5663762980595,187.08758203794102,180.0231262384802,108.4688526957181,94.38151696313717,121.94090357766942,126.79685527655217,124.08044203271015,278.47367271566543,248.49902862950034,277.37857864005423,241.53019357965061
rs146178869,425.7769779775415,365.0812170289522,462.046889291793,449.3584410404079,420.19478667384726,488.18114023959345,454.8832403268437,106.56353063400336,148.11639165451948,159.16605224578086,101.69018950999117,127.02697945544527,304.80205725873947,333.972198636996,347.34712592018457,332.0523144766485,333.6159936865868,383.01206557399865,330.58858632307687,371.72267195850947,360.87877781275006,428.7026367903553,255.31187270253795,210.37615532272184,248.49850773497405,94.95914149479424
rs186956666,310.7412572663081,270.7843721691663,318.5156756217876,349.1536754570786,319.0345913577166,324.5636867055423,197.73392416553529,165.73495937105483,140.63808751460365,156.83617888038012,134.55401038448903,155.43479845927607,123.98970387612135,148.93914099164954,123.49672140565481,117.22485310929859,111.5065726694574,95.04711697506148,117.79242926139156,110.96357539013574,108.61368989327313,114.71446670657829,112.70619511260715,199.00256685980494,163.11622348941938,102.6799728568111
rs1924470,891.0810757017213,824.172502376461,912.6549690605375,988.4368433034339,864.4576537521683,935.6603066426616,805.5625404645394,468.596573903093,528.9273917396192,398.6686991084068,403.3533058514911,432.0539956968273,525.7602915301095,367.92420655606054,468.2674029006429,454.761763837551,441.3717312845517,414.0020984648037,350.25278658079446,436.2601771311329,429.9826535424419,410.3356789820297,242.0835577663495,512.5502002722087,371.01944091121567,95.43759910905308
rs75923814,571.6637534209714,562.4520852426567,531.5965129576481,709.8660113322986,662.7441968604738,654.2788007189681,642.4930773906647,124.67315527391457,97.93707686201002,95.46689664436065,114.05995511280302,117.04204305650875,260.980366843005,261.871206327029,280.3302574966596,282.70793167113663,273.2808992254382,229.6092272318053,161.06171001515582,251.71503345592686,270.4541901635083,292.5140867835116,308.8451202037564,199.77313277648008,270.89108606237176,248.30254345696773
rs2377474,365.1320062822144,365.5302086997774,391.8072618193004,361.7119128387229,308.2409751721451,418.8204496348998,423.79161710119604,236.16855926097494,216.0949402430803,267.3956042449734,210.18323175548753,250.43293378424127,215.90709321319122,166.5095021797866,208.87902917156381,230.6912908109455,214.07693835036247,119.01127274874922,138.6296540160043,108.21600413509752,141.96170720825313,96.02247149786693,324.9570783585949,312.02341615547,296.5518954711162,173.62530641978773
rs12313279,239.73443435325524,281.9276007993821,221.77990134354704,262.32097619064547,235.80071023060074,320.5775802692589,283.7237555039822,158.44236842367948,125.42295696922339,189.42666170568384,165.5128523247032,174.08852085925082,149.66177833033404,174.96601418822283,180.06931804681454,168.61248626792727,148.7143566374267,195.76862592536654,203.26252901153947,201.51124909977528,196.81162255912056,208.77926270421483,179.3956936829735,174.04896967770964,142.28129982460325,96.35965149957416
rs113465881,634.2461155933743,601.1948126621085,686.3484697857003,690.5969840764416,651.0137292076374,637.21285413222,676.5834816551593,243.55272801808735,215.2006335662165,225.05028486813683,258.31634449994135,239.77721680905773,211.02208797515178,260.4123234127205,238.34968008526118,268.95058375227734,304.7933574283928,127.7172468339003,187.667009420325,162.4632265984087,159.93848933275837,136.16959156638336,173.2033911024625,238.9264339354845,229.4438603892916,96.54344702098267
rs2316775,388.34649499826946,359.8212969078613,362.42393119924424,421.4751589587062,374.016530873534,468.1770650627179,478.41012666711805,430.72073704221634,578.4139611395843,311.9389174506381,459.29154895338115,545.7823304281427,241.51069535457535,260.0168263666616,167.6296498838644,191.13342765804887,173.6000515107602,99.85344904259291,113.59319222196655,130.2836014771602,129.14749481852394,124.66671905986858,339.1506070747482,480.826581563038,416.7367411159019,158.1658817100183
rs74439044,268.8380690364585,225.94656691175823,289.37171472627836,287.14103337259604,248.67847535267893,322.94047076076737,327.1760167709718,155.07753772944636,101.37066486704778,162.35559169790565,127.46113051734888,151.3847485389479,272.8654611630255,283.58197011650304,259.4660870055637,263.50655270925824,278.6537724859689,244.48722444935385,224.41967830444756,256.05613788193745,225.6191333282672,249.33718046478805,222.64011825680385,195.22920426303287,272.9998898835202,193.00129134207506
rs116380454,457.9086819835909,496.7974228593899,536.8137727030686,516.5436072378873,456.1485028580257,521.2883938437345,533.3613624271604,149.60378273681062,131.50802820757755,164.0316025943506,154.1359154936305,149.3461722091345,116.14054676080232,139.71782266547592,143.50137813533652,134.84189309825945,128.94009348644155,152.1798422868684,102.27654414414044,118.22055232484794,140.91540395610048,109.74527463994698,198.54938441591122,170.03847669911156,154.5401556504092,184.5647712485336
rs72762048,318.01784973553055,254.8278634921701,301.44826822219113,288.58188889909815,296.08107629040944,288.9723668489853,294.07915722069305,131.24434623458893,134.81767421431783,102.35387671521757,134.46326755575325,121.15978660121004,155.2330172769716,144.42213411008473,162.78308087396712,161.1331503066906,156.93780655593616,185.3836128474231,148.8201958216011,200.0729075089905,178.56682783250054,177.7855572579223,185.6875504991206,198.78619639706451,168.7889466834694,131.05481010727135
rs75097049,625.2875517624412,652.2200287473414,567.6271988745436,645.435465679062,625.9881736191998,623.9081865655688,583.7374223849877,194.21328097095818,214.8505922705,139.33738818893588,164.76638848201483,213.90314451801908,102.66803050371196,120.35281511719369,103.0210141216781,104.02509398138417,112.53850636542248,131.23414999972715,120.43361592255904,142.9085482733181,134.15382318052184,133.51726260039632,162.76269995148155,278.06636154653114,238.5433782162818,134.7499224385734
rs71138837,247.39975726379924,262.5970539235578,258.0808775587822,264.16533479103,259.6154733052073,263.09728191408874,288.1849096701123,198.89762574671565,167.13186126454286,191.73154547304858,180.62899530949582,207.3140483266874,179.1626094747508,201.44008397185812,155.9649084769512,175.28252560989526,178.5993096022808,102.69559118786792,107.26283954647286,126.61448500524912,104.13512063068592,105.16144068093865,191.95886644326862,200.8992142933327,227.08594210678828,152.23434166914043
rs72784702,722.8140854623497,781.8744703551998,617.709157662919,725.4655471757087,745.4926158336211,738.5864652440921,683.7323776124491,103.62623917994858,149.7941457531019,114.29648791728783,114.22686578056118,146.5580258937598,191.7639289263709,200.91843009518217,208.89840398015127,216.69481237268332,250.0285434804624,236.4323772898396,275.25302040418563,305.4661205630167,256.86656204918535,267.30878044925487,180.30304109438993,157.9346536049618,208.1693053731254,110.29451033093562
rs10170556,745.7684055263467,843.099245998459,741.6958367685407,820.7011400139763,775.1952353434459,753.4547335629934,687.4800460825936,132.69367794574842,327.6014694852578,103.97476467905211,145.4210340413896,209.75474786716262,253.5482469603088,273.8809480721266,252.11317603728722,270.40509745369025,303.6713513881576,278.7836250304001,273.02641493243584,227.42927106009648,230.3804402916211,211.96314847851374,245.14937080084994,301.702679766486,195.86649561754473,133.54653033783688
rs62399909,316.25885326906183,371.229054907401,268.0433515692466,304.2567376967677,337.6971502008808,272.6203689089765,370.804725947748,104.82239825505904,109.43960309644703,108.8508197971371,111.370344773911,133.06028251159609,200.52546165745056,155.08576991745778,206.77912310156307,219.02876201867397,206.08074287204153,183.37035092746473,178.02856995850203,191.62740323251623,177.00913002428666,169.42751443540106,228.73115970293932,192.201576893086,203.95593050508032,150.1430840836875
rs6935678,578.6374682553804,505.0180424394824,502.5780473596154,403.29158859164363,480.23310217785416,586.7376074000742,583.5592013191005,328.4964579488205,321.09079332478666,308.67118340884855,340.3477663881662,413.7799242605679,279.59966408237966,259.8898171667524,245.4345115044346,232.38619943375252,208.37854882694157,163.68816840582548,175.49649772063253,106.26247436867493,109.4775411544313,202.08916553242952,417.52491264564486,373.82180775218296,308.74308794905807,162.20769624773203
rs3744026,786.5386988487419,771.7859768230549,743.4520718554381,779.7563359438891,815.8581299018695,806.9452884810559,810.3540905976896,242.08485276376038,278.7543108079361,115.0527310636246,222.90157145675823,282.31933097626876,175.67978439522983,348.67083608568913,193.58125315852803,263.49740990458656,276.98150887687723,243.34873417993555,292.75741433741007,213.59580383143327,189.05945103413532,185.6718218292151,223.41071717731302,273.49921264074817,256.3920750136157,106.48216726599162
rs17163313,605.182051203758,639.2305831265448,561.68226130581,612.9946875421311,579.0994242661162,632.3231251005184,604.1362759322839,156.05661339357346,161.44603080042245,145.63427592962142,208.84104905543285,202.39976647503772,273.54616330717477,258.66233890048545,306.9402414027758,360.0425509852696,287.6293975104801,261.389499248622,237.97808521496364,306.3927167896992,346.14803097358515,328.9993365867713,229.1040723512587,349.150951053585,273.91966228701835,107.17929870269163
rs117467721,477.5896036297247,463.5207808779798,518.2773398363195,589.8950513946245,547.0628642907388,624.1811234396291,536.4222823993061,278.53279471468835,218.40514821981034,282.2764037037638,203.92556387772362,297.660691903747,300.96818004601937,229.45319288088876,258.0011914835592,211.35976702789455,232.13153626720398,107.239072074972,131.47015818566413,122.38329384800667,121.01746245459732,121.1736583964214,294.5205634708139,317.13236546759475,321.59233607569513,174.0626080746449
rs751523440,702.4794617606452,650.8088116745766,706.9032651757364,755.046807241425,632.301387600264,690.3490445395329,639.3295591574185,494.2542481524655,458.83601810847813,472.46204876940686,384.59526425597306,489.6194585025772,305.1883896234011,400.83278719277234,335.881723653505,374.13213451650915,322.7170706133701,120.69779619632108,107.91589690527043,127.92744258298202,111.83462945620191,133.9855503547321,372.7330162364686,498.0112157291733,420.50619201866766,289.2475761094882
rs141046636,316.4772711551824,266.3025451704226,206.81489924649978,296.21676483842396,220.7823627611775,268.6803722874166,339.92374617908723,225.21692942861154,315.09925273298296,269.1041251467459,323.2194220376527,281.32876657943973,291.52063706944773,290.9331318933554,296.450206464762,303.280595917713,315.33366125927733,236.61351441271387,312.6109066420927,221.5031038405759,345.66950294269355,293.3222177742289,180.87684465801158,173.1089799608764,239.75191927602003,108.12723283996452
rs111959859,631.4909161888825,699.8658054108629,742.2807266132967,693.2032511751812,493.079822027699,744.1516993114311,747.9584130791361,685.672004567179,693.2818327201087,686.4585287451756,701.1067284282115,708.7879648352296,453.7308858337493,518.7022004506846,387.1308619234673,453.58615500373253,476.3094772613942,335.6430702421925,375.27592685533983,342.2969949301981,433.4985829819293,307.5538772850694,425.67214987792113,645.2371267826792,656.6755974542899,109.25731404442291
2:38070996,975.7736936027551,1019.5633449735691,1079.022760951294,1034.4090416289644,952.8772095928283,1025.172252429484,1156.3347469198466,525.0824365561563,548.5840519927349,427.635773674974,500.65971256347024,576.1759366556233,363.42202694971667,374.09652875508124,335.45587532455113,369.12224147922524,385.69646459153165,187.73048834496103,119.6119294533199,145.9136768716608,109.85784842146984,168.70479233919806,425.31837224652304,575.0228828084996,499.6463708835155,228.60174211336633
rs11743803,425.9439467485664,433.1448424321862,436.2031341018004,444.45660643464026,448.8976754664281,464.7884913178905,463.9989366181598,134.7130623822357,127.36113498679633,182.4054561126829,137.0694693511773,110.56795911018506,139.75351799662596,127.79033256381128,143.24763040714487,168.8266442388258,155.54122253963516,175.0916462183848,176.89272586260591,179.38589812587094,177.66443338871858,186.9122308337312,203.75904817618547,218.57422836184148,194.6139828421251,176.1590748250332
rs142418095,311.57129660789616,433.26590951174535,333.2872289820004,333.0044220803769,297.9186268647231,333.2428529282218,365.0867937122691,226.67463429083494,264.0824952390933,259.9305899621235,268.49335947716656,252.6711945875734,239.93835978820655,230.0955506112245,252.70357869617973,251.77540098324934,223.6187820543084,275.66287449387596,300.9373501615826,267.7443111131086,262.76996789633114,301.27677415193483,200.93841694182902,338.5891060337922,300.68143243255753,112.08244280103155
rs12365699,713.5570821376239,683.7474586964139,632.8572537953869,674.7094916092469,774.4295930132628,723.0993429807323,720.3203783340957,403.6591595549717,423.6180754768732,390.1207643709457,406.65057202448986,420.6916618728568,437.0932747340174,420.43895191581265,380.3721719648302,432.3830959381895,438.28105170672694,364.3430760096181,262.5689561963536,390.52895591735546,377.6031759080446,383.9013337926384,264.6903185534016,433.57613747163083,419.07115918848996,112.1601107473104
rs17098279,726.5699283222423,660.231453462183,697.4292424147623,710.4383473822218,680.5655251822774,702.8145521426023,678.3714327179445,141.56981687467018,157.9708610270274,124.23394508727407,113.50306804575432,160.55535620671557,196.5780524934005,231.9318365752816,222.0661648760566,212.43592383211362,202.70204867233423,192.1162325010891,174.87801209346583,211.76601294375038,200.99791307258323,193.43044760432602,187.20637074455897,163.195900004246,223.2628398425372,161.36287882208768
rs149194762,183.2217602741455,184.31484156990538,152.9289130516674,184.11985807855606,163.48790105712547,173.2491339800627,191.1112839222336,170.36740704767345,154.5667093817157,161.02056149415625,160.88987121203297,153.81902173894287,154.14470934992067,177.16519350356538,172.68287218493742,182.05137633828753,163.20542210817203,152.49401082240516,115.10210089430451,158.15042126613076,155.35710819307016,152.97426764265165,162.3888966205221,156.35375615688423,171.50504888250197,114.05684865233832
rs200294635,561.0363094050953,587.149756109128,572.6585097520891,553.2470828415833,526.8502188797339,608.3159741028645,656.5395751271795,142.6718934000082,114.41647959875856,233.0580873760317,114.86663672050582,122.82209295763816,126.72058208000733,194.26790387590964,214.3166385481688,143.44659315112938,146.20605844890142,223.15446317777509,227.09943823006068,178.339975042904,211.24789599078375,245.85482984528144,293.26617849350083,244.785881339673,264.20102834820136,291.59489361775167
rs4896022,472.0087849541734,555.6887181614817,526.3755488487426,495.83072929569147,397.1324073212399,454.23364761971743,493.6963079727355,175.7430663218017,169.06261875296983,153.8841048106204,193.5232697380665,213.59521005487935,194.55387001763208,191.0835044407348,214.18993844271674,221.96903027103593,238.94859178450116,117.18108925151694,130.4297319077573,122.57007400957049,148.5420413837411,115.35937650313788,249.35249445127994,279.79660881699914,256.51872564561467,266.8797300974948
rs115035509,699.651473526777,721.4928799431608,718.5996700601129,693.2647375667583,645.082465654683,725.7069668568249,604.0676285779587,263.8838305221677,258.3015963938666,277.8286481782441,295.5470701503118,298.4574387211711,239.4443205621743,230.046180611189,263.1418200442382,237.54224031595805,195.653133289519,280.5063720756033,237.7350528415717,292.51758813077964,256.7258028224919,251.89446806799674,202.7564836263099,294.6774840691498,252.1190154083376,116.44392386662614
rs279580,698.4731601087198,727.0900356800535,611.452711781163,700.9530718111124,626.4819224716106,643.0920813303571,680.0703394332966,419.77942448934226,376.1839196187828,413.0070437499007,424.44335981468913,365.6755772108395,440.335979053771,448.3091843489113,453.54190758527056,463.5532431112542,470.21834876521973,120.34511415817806,119.32910385502225,154.83341191607676,164.81719357209087,151.00677596614605,399.2653147771875,406.64370692329993,400.384108517199,304.33263966302053
rs6437198,809.1200910507953,833.673854644493,765.0269296860428,779.6457368167718,760.3190075182575,793.3901667924022,775.0094177639756,505.04660234803754,569.489666081618,463.1552126520735,479.5140094236737,564.6201145872286,458.5273869621386,417.0854528152712,354.7362026612071,440.74547036493334,429.161650540455,140.84815832526178,162.2312049403543,147.04688967077144,157.9189582794486,168.38997484965543,336.65276226317036,629.4287355332804,445.34397498727213,120.27141708971793
rs10024928,764.1403312357631,775.7372693763014,783.2452074560464,765.7754585098976,769.8677469051046,829.3772090974669,817.417039422166,439.0202238912911,418.3709695806046,455.2208108949504,440.35111620992814,454.695943573548,363.0624339850611,388.5668845885983,373.4434729358395,373.72783353086436,391.2802694529646,121.35300984834238,170.2983499474855,143.22979853345734,160.22239921665107,163.19334428737963,395.6251919695051,449.53624876150025,458.3870133618531,213.803125708271
rs11454735,739.5447746617983,847.2510963827806,808.6051748967285,757.6930222578686,757.0932369152814,857.9732707066458,848.8021845923643,640.0970210784587,629.9890192822076,689.6901361760796,705.3895257809703,582.6717910450269,733.2890523515287,685.3997250632648,745.9634439163967,742.1134165844237,746.1981210283323,467.2083352975575,378.45086381046093,404.9929982105361,411.44595688882964,462.87172684728245,376.1991798192877,630.1364789830102,426.3720118663633,121.53297072231925
rs11754483,639.7870102354111,642.0034958569521,628.2612937155973,663.9972914919562,633.2924124649525,644.876910370409,701.7668100474932,430.6821911103089,423.51673914903495,444.3522808657999,438.81330347531474,442.2575627748994,535.6315757860942,651.7302233356256,566.7830361779309,594.8707217727008,616.1851595814172,401.64293243221914,427.77540776863805,388.8496687767096,380.3483766845157,362.57194060547016,277.714845358604,472.71199913946657,404.2399173397976,121.58199345232988
rs58993513,368.2746750676416,373.7622424814334,356.107115749017,339.56124617750964,369.9387129352552,388.3611770822786,337.7403643671394,237.72387853742157,192.81041097348918,185.39450881341713,219.25053221872065,214.29431528640646,186.82182651064966,168.1117284215307,183.86123915491865,165.3163372508548,178.41128320167235,189.3363483350939,151.67208370093286,221.6465413836286,191.2439937724074,196.36044561066777,209.80437402067895,232.1752385939059,223.4071000024106,121.62417116288442
rs17236593,538.6736330647947,521.5663996088924,578.1748967397796,537.3662544675858,544.1424302494996,447.21919302853166,511.05043301765215,149.80965260528873,154.10487617723805,123.12030899764147,160.54868489496093,168.4604247561517,222.6240738639567,173.83735600999438,212.01686103896063,210.40513851430075,177.35149848405814,202.98442992562357,153.5757356508039,215.98570454785164,211.9158389694393,210.08192730127251,193.2742393392635,188.59117147081992,240.9314395106958,157.6359138989517
rs544087541,425.9853041928,372.56337342782064,406.37630418058944,337.7592560789875,342.50602965717036,365.40468279560434,413.86606309812015,194.91125316039702,230.27426582974573,141.445890302991,209.22819677952808,229.5351749462661,205.0511686182877,220.43308365159186,196.22133605274055,213.73250292918283,187.63312245554744,159.88508974699246,174.38602706601054,198.4459680965786,192.25097458146698,192.02081626207823,158.75460175585332,244.94522168368738,211.71474219049435,123.69896579151599
rs80302162,438.3721725226527,490.2369119249989,467.1476498466146,486.7003973832601,406.4106197460285,439.29697243145176,429.4961428323328,187.4084787402897,163.7695714502722,235.68903316144429,198.08170584847562,209.7750594915596,171.84156456852182,214.69543256853922,187.57669888628462,156.95190752080413,160.4124157956627,138.74259034694074,144.08293745309112,144.25617376597774,147.11064441324154,138.0434708419619,187.7789512517843,223.45468392898408,187.5237031054754,123.84523362345949
rs78307723,516.25515418825,549.4344845356321,541.6585738064207,538.8291390480115,543.3319734770797,514.6575426362228,540.7881941351447,270.96938281352044,238.96510800357967,253.16810103473594,262.5938697023105,267.96177087422285,215.28800437931076,244.71553630676533,219.8809130563385,234.1513597976956,236.14398159038421,128.15598898873014,146.72339561056123,124.8955657092754,124.35385228032148,135.98702919043092,245.36469360340837,298.6290389072172,317.276229932342,190.44530792790732
rs7701967,542.1115001313242,594.812769112208,475.2686562603854,544.3825414039616,575.3148712748674,538.6803346341462,481.22630985019754,149.05970935086012,124.3593333551885,177.2247013457179,129.2320095579921,139.86254317060374,166.98748028865595,161.9166225438457,186.05781108013073,219.7555082001655,179.16320274782615,222.7770783460471,161.71253378659608,163.7389058499717,267.02472851571986,241.86843952973746,288.6152184631929,235.05876180931315,244.8800559935085,211.74046262794013
rs117976941,266.66533098084676,358.92614866609495,242.26806311388373,291.5116637322097,298.88911237984826,342.39420057128797,339.1995559444372,391.2944248728249,317.19102990247484,349.06666467231634,359.58647551197737,361.68240737269264,309.84937363104024,323.4469343075765,244.1027112573777,281.8491339102413,323.1283881449633,134.2974189978742,125.32516037282002,124.48009926923932,166.39207807368405,131.62060199776872,503.6191475186598,341.5610738763516,416.81387177167517,469.87864884122206
rs4840504,1189.5999091271105,1165.3837457675613,1213.1150413339433,1268.5983327861973,1101.968415354603,1172.0695752762867,1233.852705430432,324.5294631011955,310.7189005163624,274.71676211863013,380.17748136586,335.1597088034084,461.12889926901005,409.0463288201188,380.2063877505192,432.33808741837674,411.1376351349273,139.21646389983195,205.74750547179877,137.85857454014646,126.07182083345256,149.1502903126162,295.4804886724403,370.4182149561104,356.91875456271094,287.1298698491605
rs719161,510.95725832486664,554.9049546422984,506.1525986745218,467.0091748062256,491.92033376678614,550.7273659375488,601.6828344772894,509.9269379217594,537.4292128593801,515.1975135744534,483.5869362503557,523.8376674602589,442.0388724406967,475.7169668014666,409.26838720416123,469.20528303625014,443.3106924508574,160.85504510418102,225.7401353592411,151.33985615599883,202.0753519272414,201.25873697162874,382.19611277130025,542.1650343812142,504.77921207008916,126.14326570887233
rs10860831,329.25053800662073,328.6021914408927,267.7415335833802,296.797494282029,299.2162830219757,342.5066548628357,343.20900011640526,194.1929321371412,165.39799214958046,227.4593427598971,184.0350763983882,204.20898208754946,150.51014850627521,154.11484515786648,152.05892640067532,141.29516020348012,127.23278953025068,212.22089492480467,242.4343068493983,191.85660305850277,177.98607111492328,181.16483932749165,187.1578346889193,187.70134675418768,169.86149614479933,134.3360644417183
rs11352274,570.1425822953424,566.5759170836052,578.7652795211214,591.4608373230709,579.7084432374222,565.3042309485503,543.5857254004678,210.65014566754155,208.26017203054215,226.87426968337806,229.6854013138301,227.18935165728786,187.88675319131218,190.19211762293958,172.44904272070508,128.09368098721714,156.08212512058702,142.52316836974472,177.9582348410583,148.9501169276022,152.25679104822035,135.46624177666928,246.9842757177416,290.8859838871702,283.2394542307165,246.94040388411378
rs10716379,563.3487246575924,553.7740304774362,515.4065295068051,542.8444743036093,525.6625962268653,584.2659280557519,504.9545782636946,194.95057186222212,244.782133047495,245.66918726489814,185.72255589747942,241.70728523579322,217.33970201533344,274.32289586141343,220.16886319914963,234.61987254245744,251.30996299632278,206.23446187518138,230.5332254991506,220.73826374280083,226.27362385522116,215.4860674349861,228.18331605028547,236.96577744798336,216.3782720336636,129.7176815442931
rs11406672,420.2774299792724,440.7555486096176,423.0388828005302,402.0118299232664,395.35126207677155,426.1558032814964,431.9220111730292,346.9750159102783,335.52829479404056,322.22864234994296,338.06902270115114,315.96465751988467,341.7093395415513,362.90268996466557,321.555457132089,310.6381424600478,308.09819539841305,345.32635455050433,304.5283163656962,374.53184739536215,367.1912678763705,375.5841400522898,178.27004385864777,377.32263958901905,325.22089508662197,130.9261593977957
rs147297128,561.6458823970216,599.8074242812589,539.7161189782208,564.1390699544537,567.9913147041067,578.0445502904529,631.9993891213562,399.7598842715146,358.7990239974246,386.1128876457288,409.14057966695646,350.34600636300206,358.4253504970196,381.27279240093907,364.1567305787011,324.5496187482462,380.0184241492659,177.3770958171605,176.4083838829104,149.8293669638445,139.9012676301578,131.05244853576747,349.5933514825927,393.2233953364827,422.52778474609136,155.1586517676853
rs542796,770.4749260596652,743.9124787907222,792.7322711561583,753.3874133282629,708.5731198807478,738.4963258298255,630.4147766705818,482.41552292437797,497.76272617272224,450.7139527213455,493.26054023497875,503.1354509333434,298.37660092199985,412.40056088360785,361.9020683475314,373.79913025379614,358.04833972579866,453.68022912750183,429.01126400078533,411.4336515271888,336.44042253434486,427.55059145007857,344.01655785247436,545.5103076170125,408.7840706023528,132.45010987209204
rs7533686,579.1508661116727,529.6174386619759,576.9147867117788,613.9102080622935,598.1523839885359,610.1426644881694,571.8886595306392,247.40321238754993,248.3532668028357,217.29053477999082,244.3702558278784,261.75053009193255,290.8169049672169,322.86516934078577,317.4833233936421,341.29569767383174,332.40554547662447,141.4406953595887,132.4626203551134,144.43099450464945,152.14383303122764,142.512922070541,259.0203786376656,318.1984647835072,243.99532290679198,188.08068059179132
rs76654204,442.3210940779963,449.54497954302303,465.269769772625,459.2832073962017,408.8281914575239,399.9314820880935,419.3993311167921,138.35285449566885,133.1608471530997,136.1733457615743,156.42653516620715,161.92093972120833,239.06339870493653,223.9608905004263,255.2376910460854,220.52681370357962,238.6332187626341,227.76754783724925,229.18509052813286,207.01095296602904,248.10647124269306,230.84028550661927,206.44771012420017,214.84548399606246,161.9595170546971,170.3379084988275
rs12816797,466.504312098196,508.52281166764743,497.7845493040523,499.09811550988087,507.4768719540809,468.41861618238494,497.8282965979023,232.8673457730784,236.16979641413997,240.88411991691555,246.85914142970105,247.86611602273112,292.4112865186868,277.9196227249924,294.55891734019275,286.93222020209146,237.5179134288313,180.8106596607126,152.45750631791014,180.1816850412373,173.82122073202606,168.8458995410013,230.11212381426992,296.06141642794245,300.3248417236558,133.32772138964907
rs386543940,425.3384027405258,496.2547245404597,413.1529788646998,461.64456331163706,421.46818133398017,462.6868714742054,451.34723891889433,277.762671978485,404.33453502971133,220.26563143668523,286.3623526665389,376.64243562653144,206.2373741520117,237.72780911451235,179.0545078125909,193.85978790363848,204.6459543493188,133.61566175484623,149.28593749536236,142.44266193344748,152.66746201154228,135.29066971406772,312.67510725411574,410.1012795475806,353.70321729659946,199.32462073548888
rs143930250,478.8425965940323,698.4803213114402,660.5455554931611,603.0156457163836,452.201901609079,499.45059400244463,485.95980096166073,266.6842341058944,264.17601131080795,287.6977295323552,281.8481004479803,252.41535201676348,218.20516163161977,215.73389222922242,254.22313525868358,230.24605226844147,212.88810859562346,142.26945260582457,134.9942320486559,138.765879765718,163.384163917636,151.10720212262316,209.81189031738762,254.64584444300317,239.7865139573711,141.41367594088365
rs602049,464.0194967268596,608.9580101332441,446.45365641193104,527.9798050058317,449.7880718624141,483.9324064126499,515.2394941766556,373.91276513291723,357.33756501746694,373.3316435199958,380.2524271256847,331.71248116192356,291.5053254495411,325.12639946927527,320.2145114615348,248.39311600963975,292.07058479389514,417.8239271600137,316.57018137337985,280.1675871926998,320.4041179403162,372.32514157911635,232.8020158639681,370.80553656887184,299.33983991487486,135.2238147713993
rs1500004,488.28812684652695,793.1695133008503,422.1967013097707,553.5692285692667,621.7855601325331,807.1529654975495,930.1999258007761,509.1422601969951,463.81746662749515,457.95531368720066,480.8530758926544,507.3312129481385,400.6589696576874,421.3569836984293,440.5750895588976,422.7436699585039,438.7533276773831,253.27392332527106,255.50845959521092,152.73986256754893,136.3958638893703,150.9638496589843,384.6541437870601,566.3432215173752,517.1132896403533,266.1297112977756
rs76153647,400.32194104900714,372.67168697068286,400.5047205560291,427.1086388307423,457.30864048353226,396.09394253765595,431.6968200517427,150.96139872924164,155.57322939864062,138.87762724821798,147.99628369772634,179.32700386712435,216.65113146429164,216.92319605616154,212.7121203712504,240.53820589234874,211.58743394378735,208.81756123677468,166.32170132275445,171.97477163304586,207.9853283598702,168.612083076791,200.88120655996053,236.0510713262466,196.5805384968419,136.77816186220218
rs41444548,290.16067109726373,264.29689065551173,294.14762165761795,273.1156393008701,261.7427786428627,320.87694694974823,311.09105547437565,261.54335131368003,309.0547941394922,273.8221587659504,235.16326383002843,256.19631724176287,318.21449419345,342.49857233847854,330.6085427743641,325.55555376484006,372.54602571848505,147.74001935131548,137.1180030318913,140.93321239490416,163.02910806234496,180.27020637675122,309.40666330120996,318.02145587097414,275.7738092736865,156.57397084946368
rs77697285,323.0951138218238,299.3360084682168,339.9683852214456,373.55504621044764,262.0876561470696,301.5229325618413,277.4198039773037,191.95602294438245,257.48797805495263,187.5052001046235,265.1332556505687,263.9247160228234,275.55043652979197,218.52425155163277,221.06864666676339,257.4668834352413,233.7095786199883,156.33856299357956,188.71332267862488,164.79737832394247,153.6499529005194,137.46305842426622,217.8048175731016,231.21873351070283,266.8832468926464,193.16900560660798
rs641445,454.66589747456715,472.9367188215061,383.5781196335825,387.07652168441825,431.8744994691438,407.2343023410979,429.31881249825085,247.68815655486847,262.4874305179126,214.78736454349414,223.29005809116904,283.0756640909884,259.30526202761587,289.4174261941386,306.2599927673019,319.2433785131182,279.44287180255947,166.78793808177028,139.16504636837408,167.58210624335928,171.9697302378989,178.068796973699,263.2927387804447,243.39291251106363,268.44342208478173,216.94875749181514
rs77095725,342.4112950505545,330.73593797712897,371.56271858270617,435.10958483161454,393.79730028836667,364.9286297566258,335.4174194142913,254.5271372377358,232.17028059751397,199.8992636300854,266.71953181423305,241.43112936316666,238.58245940218913,222.44544858969323,232.35112773319952,192.88871447220293,187.45541032293534,181.4597720875849,139.48533451310087,186.37774346429896,172.37600297914054,179.21415572593392,188.57798772578542,196.31925987761986,240.7256422156235,185.37700280982594
rs77951681,423.8841312869055,425.20794982837583,384.77842636386913,415.3996450696718,343.80493866182445,451.18977031085683,494.5660073090868,139.81698491818412,167.9118699812715,186.1219041112695,144.16848015552776,183.5442155559084,189.81490986641197,193.07337632506074,229.0770833518009,244.07411204546372,246.37480280005764,143.0186970575428,178.2516153604656,167.8175220715722,166.1556386851458,166.4418183585304,231.51764008198535,218.6544067602502,242.0093478820015,166.7187196491653
rs112555644,374.8491159590555,353.0110297020716,368.9632448103109,370.7861681112592,358.7082831349858,383.85943391651523,377.90880602728635,244.56399808786645,205.15655130299385,221.08718123752334,207.4990542087951,220.43319746107,236.67423597937793,243.3109863611107,259.095585565347,219.84948758523285,216.22858276780022,170.82214925099626,139.96098471275735,175.7133953418182,176.6735311875887,179.14184423723975,245.51036656377897,254.52138659287098,267.6290941627968,242.4033298695343
rs1326798,509.9059191196804,579.3717412321724,418.06024351792684,506.5385620383409,469.0822665492666,581.2783206369054,665.3149186271887,317.27027936641866,364.5312754499281,303.1881892373295,327.93747464584976,365.9404265839654,506.1424984881886,487.59328090626093,394.99881526099136,420.559460474491,456.08532083786736,160.1679806835702,154.0401553429631,148.91198147740272,206.29597797635037,140.08871963402464,397.921585235593,564.5275030462736,496.3433208556787,324.67266661090633
rs550139318,800.6883622994484,679.2365058119318,775.9356449820106,846.4243556265093,690.2310710468201,832.2224016455569,863.8908456525613,603.4205970956042,654.14338344171,566.3565249799473,591.5961767755181,620.7290183102132,349.0347498972362,317.6866455467309,208.98766070070894,262.72930553823693,315.80112413971665,142.65221860642174,159.86924624536286,165.6503737154903,140.1317661894885,169.4873646710925,465.0682464874002,565.690852843829,611.6252510979335,320.9895006901658
rs8075695,472.46278976707276,511.9635503075513,514.6069556434696,517.8209598146815,485.783711153053,564.1780631003148,530.2632749595653,413.10993881280547,432.945515256682,406.1550203387301,396.7788310965081,428.24063374299794,437.3810927785763,423.373460558128,421.51094740016885,427.5863008018313,420.9316979004241,195.09618585846533,140.16844347508683,194.39941900275886,205.2369969918908,197.97211878952703,364.65979542926397,426.6897461880304,425.1855680932231,301.3363832192072
rs4573547,571.7539208659612,560.5013183809198,646.7957968306828,661.8004619184877,524.7651895368672,628.14404658811,530.3818473067263,250.94473853701177,232.62925058938433,262.29229135985383,208.65642538683326,280.207251869274,270.26203058457696,339.56348813072003,336.9976672744733,333.1033910571216,304.94083692405826,214.6155585822811,180.23694923452777,278.71732365300494,264.400219058684,286.34127147333993,182.75862984845304,266.1554383131156,269.67541459938843,141.2658673769563
rs79543903,575.6387975246847,668.9354955725337,474.4429943936848,424.3828651287452,453.53140120765187,492.7391456749415,503.47049145234155,360.9740406388733,384.8993707849932,339.24462263398317,414.1782190304336,357.75574144659987,320.8079004631401,412.5987587807404,339.15937463897814,358.2496054594556,337.42865279092626,174.95351249614555,189.9841811909003,178.44437006283724,167.9182158607578,170.056367444992,282.8736364498789,431.5584013075233,375.75444345703727,141.29181629211078
rs2082980,809.3927229401901,831.4837134227284,902.2954425699121,861.4953494012791,873.887093919268,874.4371164906299,927.9289793233471,527.833940861806,511.72619984741556,417.2325813121219,449.1709471930305,421.22900795034985,654.2885185286491,675.4444059729096,659.3020523838763,661.5108916404406,638.9602137633108,175.74243160203972,143.9887834735254,142.22032571215553,207.27794695679805,270.344254483997,447.3135309354915,516.9404722604007,552.0114554859899,321.3811135598824
rs16953649,802.6412567143115,837.5134807146741,741.6482067367228,827.7872965460502,778.9532729833386,811.0859154991017,787.4632932298258,359.57171589575916,313.07598808267306,255.12523394788448,312.16811863091567,355.4925674669828,306.6435051684237,364.0958963794723,220.53164540226086,293.6645669504194,301.93589818596064,150.06840311600902,241.84687442172267,154.70277776167723,142.44705685153946,151.52719812610417,394.0096720468192,472.9413821182456,356.54548572088333,275.1150754609947
rs603424,586.7037467852541,778.9145777108058,703.6347340640857,698.7823020789947,681.3884809930072,634.0681869276546,640.8640115647628,252.48740023434993,247.66994967846958,238.62591204035934,221.31037129164505,261.26751774741194,379.54430111582786,350.3661183519854,370.58952283029174,434.08722672913086,380.9329777841229,237.36236574529087,221.80013647153893,255.5248622347681,267.90224120240475,264.70855218059944,226.501369622915,350.52912907630434,303.10863824697765,143.57845779457043
rs4795278,885.8982615456403,959.3401643087819,949.1371771750026,857.4583833752891,901.6735819962687,917.1874557142419,1020.6210313269468,505.4401619718853,524.6260658992342,521.2152990349732,488.9914525569792,569.4268983478919,460.00150686251254,468.61604188078365,447.3839276416205,467.1006434138934,434.94460675344504,403.4708919700266,360.69875631870525,400.61318884492874,407.9612838702552,369.19130990890307,360.80873286523456,633.6061033771471,553.9774856055226,144.1161985489285
rs368565,1087.9618706185588,1156.317517427764,1097.9776598234628,1172.3178538441791,1082.3525851286054,1106.0532933277093,992.4837827747598,277.159305272655,299.0924529456264,389.24078890545235,320.8636886252019,311.6191772300077,370.9014470757929,271.1195690781848,342.1351718364415,287.8839814103495,306.60061256038455,198.26918886471444,203.8578910556446,202.347063387718,146.5302707061503,144.26176151486916,331.3319745239491,387.8601354581056,376.1205137045459,244.22844853527792
rs570984194,498.6334716804667,473.00860103681725,518.6046288312052,519.6417202542739,490.6902472427664,520.4114753298326,499.4565711284891,348.0689098638118,341.14667076948086,348.9469771822457,353.2513134595517,362.2211528354456,328.22368261888624,365.4762006648067,366.7300767215418,349.00315141551954,371.27270949048165,144.37968804648452,215.78641145351435,205.73056017990967,239.90034266473126,233.39118570082837,397.83989219416577,410.71115386202354,335.9167044943704,309.0758453465997
rs66996981,527.1930516890868,615.016370388469,544.0750610978932,669.2537042650139,607.8791528932375,532.0100404130045,500.95549751515665,215.06771795367374,211.23741595546144,145.0407570385655,201.6613113585796,198.91117095685146,200.1129661979532,184.36123964257618,232.32336719115156,150.2249029103664,164.11511500541167,257.70511451029887,230.17362798138782,314.6856647059575,238.3839801829178,287.8762263238919,319.6863755843896,287.0418356341908,244.1746538690723,217.77612691798166
rs12142473,765.5981250682618,747.4891703139236,674.6232758279892,756.1591436172134,707.6593504542162,826.7023904201437,856.691755994875,434.81105916601126,481.8622185919503,397.0660470291771,388.73605457785607,485.8214977310379,408.61917143799303,433.1176180669991,404.68272778867225,442.8368083823029,437.5141339821663,197.68222229152656,145.95428887639275,235.55123148843884,196.58616841434997,240.8827172077166,425.76728692423706,541.9350420255763,401.73489743772456,445.2106307991703
rs57440165,617.5881759019283,635.1674717506287,627.9107486464367,618.1907241285561,645.4302816731129,639.8108673920116,713.7386535447614,330.71891711113153,373.42032117721203,317.1899083305147,363.33019480052445,412.3436971889871,362.8162519153994,368.32483257758156,269.1470392330833,265.1529757456802,281.16992662419227,283.61858250924575,312.3879487599391,161.54808781718774,146.1527233061681,228.16434434716092,385.81357954687866,397.9875422045233,321.4893517775859,203.77132883701103
rs36183311,387.2918028454574,519.8381323937397,424.04829069885494,377.2335875615151,359.9658131443208,450.1401832188026,458.232576105944,209.77711176422838,178.8747951044342,207.1655659354624,161.49211542989795,211.971403502301,150.91968962210095,191.3747822702222,251.0889418790133,225.55775460540258,188.303272447364,225.94226489854245,166.95426335496916,146.86474249718137,203.25910799978985,189.53609055556893,234.06994349789156,268.58099870343807,244.43777730501867,266.6923133537462
rs73396583,495.082258983455,458.3078856940014,497.0479388841002,430.2023013942917,473.2690837914601,418.3121983028487,461.74827465780265,187.0051415253431,156.68715504546674,148.06286578815863,165.0289855454508,187.29814487550945,213.69232069453074,208.26630123286392,237.84772680668712,271.8167015567768,299.9335906930869,246.59561876285588,350.592155823722,200.09098553864894,243.62254641501903,272.1884067340514,240.73548104396102,335.7840156788903,230.66107668077407,205.06024608415706
rs191717432,327.9941873287175,298.3867709426688,217.16505671943088,276.61367218246244,258.20462660978484,289.24986460106794,288.7911011600137,233.08168754757122,235.9214993585529,215.09630494214005,228.76069880580047,258.0067230886973,300.65733084855964,301.1182992943924,320.5598537731023,341.58092618182843,378.6440893372481,394.17965982564033,403.0609392874473,437.29546210579156,326.8486738279015,379.9257472123885,273.18160539486,256.97499073306284,272.8855092897343,148.35573440105605
rs111402414,758.355603360228,770.523910347319,907.2841068482356,909.3408708052341,771.4178446049013,852.2875443592462,842.177633854456,248.52392014045563,259.59059337449287,322.37581525573506,265.8768380184857,235.5866609826065,434.30824032848653,409.15462295800836,426.8719395924655,490.9975841643135,407.10751292967626,148.60671364482639,186.25232271434024,156.69840908304008,323.0561057600188,199.6494789901193,381.0151138848231,454.0917092268566,410.78320856108417,207.2028145141396
rs199792565,549.3402268212393,546.4343222161264,556.5844983560033,580.3882742443458,551.4743009775525,555.046290769104,564.5617247348215,384.4373813246791,379.47366953297507,387.01037444310793,375.73643044070474,389.71791798745767,361.8830569381428,356.5407971438974,333.8265316785616,351.78561407706604,368.04320940574877,182.79173416333472,201.29887779296976,160.92518849580446,148.78864235800296,178.23730811776977,337.5936506281892,382.1026997153565,398.68491077367133,250.18100734262293
rs6583435,373.0060510626916,306.43370201743375,297.23316756969814,461.720310366253,351.1205711189976,379.6402370348208,383.76006199678227,326.451367646738,311.55226214161127,338.63723116515155,313.569507792153,324.39016612403844,375.7989285786183,410.71631082801275,387.051445690201,357.72309184476654,375.219445857096,149.0129145172786,238.18516953072498,150.30545656513672,183.32254547462452,176.28681202972993,266.80917246543584,346.42538101859714,274.8073573479339,175.53061371538504
rs72896886,455.6363337656213,486.7799382046225,501.5799001762012,505.36830181199537,507.0133502745347,485.0960503102714,451.438966458359,303.66548680574317,325.5664207276946,298.38129393120494,310.2569477108876,351.8756879277593,285.9787940824079,295.82372233747066,311.9024910323845,301.38810465051665,289.9639449474311,174.8678033679314,198.07963573479782,189.79416098803884,159.02233670914518,149.52794513909436,310.3447157790526,328.5810964376274,324.2304726710361,222.93911121624436
rs17286262,463.7702627620327,448.4529275356227,467.49943468070035,390.46729661370983,453.04494337722696,428.5718688286925,443.2248853224728,224.7360248708679,247.3545782992121,222.025409234216,256.7223023040113,249.3579510304835,267.88416954404045,237.2748482211401,283.41779341757984,277.970604931111,257.947286456491,178.22496232442364,177.05082809982827,202.40530366594638,236.89634019153343,223.1191629947481,202.36167261316695,279.0158990221236,243.83055724139726,149.58609085694562
rs17441830,327.4163028574632,293.6560567033114,362.6559631518953,333.11921952616643,314.47440873080484,335.27080192471857,330.73525126393145,273.43722993966736,225.79798523537187,271.8280621471386,275.5099355496111,248.5322467601064,186.60496400310058,160.58460459987697,201.56790564188506,199.8368452608037,166.33885232079155,197.58058898425526,197.1451132454489,204.6063423105592,171.52152370215015,152.8924504629511,252.95063212784055,222.43067036066054,288.5359028924743,194.02366446065344
rs2196521,487.72149116996763,397.71930044435214,447.36699310771934,483.27582130503674,501.77800284350946,442.09328658764525,524.7560054718444,339.3363903746052,363.46614821067675,347.99948083525743,351.5988838838961,357.21932326396256,304.71937366332367,315.949293450542,310.08905340849964,325.3813961946355,319.9090969496221,203.12269297780776,202.6516113404279,222.92450997288097,247.04251054473622,250.96341520590468,247.00822444174278,307.6421808081834,342.91536229075155,153.2717755949306
17:22191759,475.34374396239116,517.4645793117174,543.6092099657516,589.0873092034309,513.1314258209566,461.3500600116242,503.78720903617443,356.4149977915317,389.3154725317516,384.97992469781167,400.6062739440133,399.0988587114495,378.9211721752035,362.4754423898048,367.29112567957446,371.56613106031665,366.67164685618667,225.36891288943525,153.8768404862173,225.67107602898272,202.4135372834484,208.79034815042405,311.1167433049969,390.1410924201013,401.4260187619563,230.53716734344576
rs11606033,800.2960757028355,727.1482793328622,828.4071918577106,747.1252740580063,864.7776665144111,778.001169641831,844.2461656965381,212.41109064259823,155.04881699569444,307.7353250694552,171.2455275255204,248.62251997986607,449.7139185296543,470.71309604546667,413.66217413485765,305.9195191387789,392.10554588569283,383.1528418092927,449.6560164599308,499.42891710109484,540.7585666306628,544.0498066834459,468.6098992088388,457.16968703632057,435.21354895437264,364.0098010105448
rs10085472,746.8755199078981,802.3272997421498,775.0838043187485,868.533973585796,743.1333841403374,832.0828188045817,812.6172192899645,521.1199125687949,525.1072022638696,512.6693487939531,530.050803354151,545.8953727593159,485.6271791731324,497.73240012678735,463.6708615861622,441.3870727495075,445.47921201728053,155.54014597456214,203.45381190217216,189.71091549185422,160.13077734145108,202.93852232674698,602.7630820909499,570.937130344671,546.736465164692,328.88196094133156
rs74237290,375.25438650527525,342.0215074105349,363.2310661137279,359.6144943805519,343.3487685417201,387.35726773589323,403.0223179992845,235.1538361693403,212.17295059615338,156.36497243544443,241.4390812538004,229.18303177797958,172.7654064537924,164.550709823213,186.92039146808727,192.76100886859763,191.1820396572752,175.46661343282312,166.00858643291602,251.21045609872385,257.69472086821287,268.7532585273377,220.63556705488105,308.84164969862553,278.3261722833023,222.40190703757648
rs9890899,404.293150006394,324.7221327673425,480.787353012785,483.7625114835132,409.53743023752827,509.0781564794756,401.1906406473473,195.83711634987256,183.03399914286874,212.08973897726696,191.37365340607562,193.5685928425324,188.92020158599422,196.97508377390503,213.08639140588994,193.94988976671308,193.15713951461902,187.94728948705819,180.5336205850888,182.46498449442043,181.63902533187945,190.51130475573186,194.18916613063382,249.26716287304023,188.75693991653642,156.45174938033577
rs1042602,991.0600199867833,909.9189666706243,869.1916650632329,854.0179142497826,950.5435392803494,959.501308947208,933.9699177791032,241.82555474397049,156.5615739029046,391.2072951663599,245.38984674085512,222.65683274807185,341.07921686971105,298.6664896679473,301.5105105496954,264.61692454304267,218.34825739836708,209.29233147306786,270.61008972176586,159.39000545328383,213.4915064629793,185.8836468007273,351.5352827103103,360.0296590146177,283.6225095406426,286.0194484014796
rs12904134,693.9664916868115,710.2100303966893,656.6114894734073,708.9616605596846,744.8331791121321,842.2332651735646,812.0489632015644,225.68152292743954,284.2583163415324,214.46484288231505,200.51038583808037,311.21688464859176,521.7035758963812,510.3710075810579,497.6302043703197,507.9573122454507,506.5752816007007,451.31245996947496,405.81953090615843,516.3846243949757,492.02315736807253,457.66128214246555,400.04834747111136,322.85667270854975,367.9724242320187,156.64571119158165
3:56521405,496.97055830597685,643.8912420972528,529.7714096693144,564.5879189793999,537.6351837215072,573.486822139728,613.0515513233319,265.15354573712574,263.42002782414863,309.45039169755125,272.91915874411194,281.0412302428896,558.6322323834498,508.6014164866878,531.8716924093181,530.7573834170109,518.4882379883865,372.81768045889925,314.554300270455,353.1146489605687,360.7542722402509,324.79887032723343,351.01205334141326,342.9454994820462,297.6565819147126,157.93271499123557
rs11446223,1228.2496705881695,1248.3239526131874,1102.4756071218756,1182.5650396766475,1209.0452393468468,1201.4618426883999,1174.052751350627,368.12106523155745,338.16802128957664,355.20759849918517,428.4942652447526,309.1271141913707,579.6895389379165,553.4593508224943,489.7926616030567,565.3879824151873,545.4863554824709,264.3937913435072,157.93443778231017,290.74359963744564,310.772963907383,311.9160093000977,389.60722329788297,539.9936724618047,351.1792553073421,165.93000049637843
rs5896935,586.4254196910839,644.4085884179761,613.744334360357,645.1179168593723,605.7981915485527,594.2292235657206,548.8395920069291,206.7833168301707,221.81531187566588,158.24044345563607,188.02097800616318,177.84052603104246,346.13526102394144,336.06288072036153,334.6003274162485,308.7453273927099,285.4036407206095,361.15205733049737,326.94742590363165,338.21930936599114,375.69161830552054,387.68214405146205,304.2504235677096,333.69697678705137,233.16596663888888,187.27582009632377
rs12153255,893.2798571635587,928.5142621267445,946.2211630373512,933.3142457570801,949.6423240715295,967.7529792826878,970.228461799266,517.9535327700203,422.946405544343,598.3503321704787,475.25363367036,480.5580747338546,600.5537985135287,566.7461731177167,524.7354385303071,560.4878493406868,597.0487205506473,190.52953770445143,158.58347547606323,160.2706597216007,181.65530640724225,234.1957286037985,485.16287408458686,634.8881419325799,581.9107650767031,371.60921654001066
rs73162515,901.9730535761216,990.2996046673455,843.1534998264117,953.5404483308329,899.6214901316979,967.0091199495279,851.7054961427073,305.9062504492155,341.8197716912669,234.45162228345265,281.7710988827312,309.23466139584116,243.06195080830005,236.26593519645394,273.7055898807113,192.32653803147142,213.79572891353547,281.622650246905,292.4686291804317,290.15225826363945,307.69394218531664,327.86188862868363,282.3803280546332,353.13998247522625,279.0553317860178,159.30767843784102
rs56062142,659.8820237027597,659.2893641524022,648.1600744913053,649.3062523246583,724.1297490917426,668.6674068296745,627.6744666139359,183.28766500033856,228.83956243301182,185.59914611537917,208.8598497474233,250.6095377383582,272.40604640165463,304.88579057254105,250.0820923408648,281.70665405956504,305.3773044993425,159.35946223678627,179.40962997390707,192.02330044582737,204.4299801589872,230.7401456428298,295.0867956998613,239.8823510517914,245.76029200040014,245.64916129543565
14:64311644,328.8799012718949,420.1094382455821,411.38751442493276,452.1191446436125,351.552062273494,392.49562063111995,407.0136556481372,269.86162531306934,233.76963455952247,247.90898270827162,233.23508794360222,229.447365728127,202.25724372260203,159.59103944928887,209.03554946606243,173.8336686476015,201.5992658416097,263.39304762219786,215.30029738870712,216.84516715056773,215.6579626209843,167.77954197339923,279.7513749994282,320.2889284472502,276.28451714976273,239.77277734967785
rs113569731,264.10418529013555,241.03546645967128,228.52214502115993,247.92053114031586,254.49737344028458,268.17255519008336,271.75846256197536,182.63462576873724,176.33523990402705,168.68665799210407,161.06418352644067,174.35611331857726,169.85092222576432,190.66993409388587,182.36946193754056,180.18632254377368,170.35864935789962,199.6793182382323,191.26384197486948,182.53786345014333,171.37086504252372,202.57826009700864,226.67554269118267,197.9382834391355,236.3802175143659,203.92475618692166
rs61759525,277.74862339527203,324.4093698973838,372.9350181152137,358.34260696324577,320.29543983325084,374.61813671883993,294.9995789564988,215.47412948573304,161.15556491461123,203.46134638081276,197.6518807390901,219.97174508531504,214.4349213507177,217.71354238184009,218.84220261460464,183.74905990939226,215.31026058510824,244.9791014212864,258.97810383671936,273.1972466365346,233.87600454761244,248.78260314579947,207.25477721340522,262.6317243305464,273.8944316484224,274.57790096013673
rs140372346,578.3822545472125,544.8951468167943,552.5667699718929,574.2351635501384,622.7631869335452,550.2533091151184,602.7169954940795,265.11993861489253,299.4820936203827,217.11133191758836,306.4639556409703,301.1825224297239,170.76363767340752,220.4479397104253,238.03453581540649,186.38043672733096,162.45570526313602,223.4295985215707,222.9659505625,225.8642206689566,242.18720054276733,228.95763154331482,273.79875538532264,293.6440804594595,302.0693743210968,219.96101425718192
rs745361528,644.0658654064833,621.1185502325583,599.7437526441952,650.7348657355645,635.4487291385358,610.812652720609,594.0112694239912,169.41674615789807,174.02377837584828,177.80177052570875,195.68659662443577,164.78016659012115,457.8286215020733,464.9053039635028,482.3869060225358,478.95460060018485,500.68995538004407,259.3483540351969,209.54897480852148,259.6253255496941,275.2348104406698,262.1060752703825,389.8283568748827,347.7966941501145,277.13159739447445,425.03966842588704
rs5743618,1030.0008181096366,1088.609966900697,1038.146682994593,1156.42746093391,935.2314818130264,1075.8585812257663,1102.0910613046638,192.16137275447912,392.60297069571254,165.29135896721564,186.32622513833923,456.64749971717504,711.2130211920113,680.9578687049246,741.7203838792165,773.3812335064172,800.6772408469425,644.7821172426573,581.9146663382693,674.4780981919282,666.1955958992106,656.0771783424409,450.680957333194,497.4004706232332,480.2029857785276,333.18843948807154
rs4275402,990.821393822176,1042.1761039630883,1090.3448754423725,1051.883599489433,1014.6230153232184,1043.2813826381062,949.1294313916474,335.0385170638097,377.66392817357547,361.84610645949743,318.98303656865437,342.77083611241954,348.5095884775196,367.7068478383584,322.8851660456068,271.8283662429437,358.75070736177025,168.30183975696954,173.7993133559485,174.64164700162016,166.57131210637854,169.3848729149993,254.4190777139291,393.33955166113594,362.99920857461905,172.1900693538935
rs2731672,356.68611835450344,400.7708716132266,400.2463135715662,399.2455039027806,389.1514205640339,404.11671602705326,411.92887404178947,188.77343019318695,167.08408252004116,206.05411789469247,186.39474970697816,188.65137261299847,240.86271897607713,250.684419328666,205.38102799852652,222.33795652766355,210.84797745210997,211.2953195899808,174.79354948020162,196.46325108404437,193.23844031712034,180.32175181693992,231.21140072280258,232.37434141979438,222.85781170860736,172.42999677806247
rs76798990,416.6031306737481,277.5014007253983,350.17023747306257,356.13479895003616,357.16709229092226,381.32347417413973,360.0726828141739,226.8452632221047,248.66958258741772,171.04796085652407,212.65913326009453,219.12214768396083,230.68245193649886,196.1178484781427,171.17798469323313,197.2161931057497,225.31956431076526,168.22852677355144,174.56718005388964,208.30223145485024,180.58973716239402,205.86328898338817,198.90300683569657,250.8413740158449,194.51085498281137,177.5347237758673
rs1757459,385.72978328036385,418.4788906478381,338.6655499196814,324.99802069308527,394.5500250788766,378.2206298310091,391.0014155115874,258.3121259085129,299.8149159851856,288.7530944360317,306.26670659456255,311.09460768455125,241.05092577235976,258.46300329092827,249.0685267914438,302.4775240125562,309.879447664825,199.83449500089617,208.93841403140178,195.43062510321136,199.7187848063141,177.82534275635427,233.3246921016306,327.01514990363967,319.29863172000023,168.58084593847738
6:160602994,652.2390508568066,636.9099166521058,611.4582990323308,617.2084689925015,648.4595544513692,667.334905703106,603.9878561639588,277.21119667079785,283.5580697854923,268.33738836426164,289.6131958034858,245.2969187429118,254.87150219189567,262.95488419986407,248.4539992493674,267.076256244634,294.2057513838825,236.5978977835185,232.81926640410916,233.43097288812837,213.6630016767166,223.40395895393598,201.35816961871038,261.95806774761104,238.90662634055374,168.6879781887991
rs4712888,888.3691241151754,843.833337728562,920.879525221675,960.729113758363,887.8704575778486,1040.6177931616394,1050.0234008184718,278.2232421295005,305.09006143244073,220.22411724677002,339.0058573724698,358.82233045897294,270.71003402015003,256.2687554636339,213.83350345661313,228.53105502810277,208.7528600157852,202.19261004482675,171.77851219683623,213.78366436673224,219.38643788382953,254.43460645985434,392.08705400571665,390.9297063755068,381.9994741120828,168.78496729352827
rs55929017,459.2976328022547,399.78067020680857,460.4306556035759,480.85888940345353,510.4945121167704,547.9545383457595,638.191012347646,362.6924137107113,378.88211747008165,331.95017909808666,361.63698379925376,357.009657925301,376.86876491511043,442.8783265326693,453.26927869827443,490.0190414701693,514.1646374532006,202.4819878631057,169.3209956164106,223.6467403600833,245.81372891915842,266.31024820330293,411.0974017814224,384.7691726759655,402.7665355632323,277.5078605605286
rs11600393,888.7613956332209,799.9411349535623,940.9202937693,1023.7976568673279,800.6855732761877,930.7748763240027,846.6396548399916,240.37706765341946,224.8464506954181,230.04595190809184,250.25292827033184,244.34556155400338,177.28479962529275,223.8704104767971,280.60242399812637,170.2420300908401,202.15182291797714,379.92566168064474,280.37386540323195,452.0691084882853,335.6291621840259,361.62997964728766,200.26594228689035,315.82249304586776,235.28735596232363,188.40992174921325
rs36119967,752.745577341557,812.5580787415454,774.4276666212772,772.2880643359775,789.1441351826234,757.0207670841282,797.8392566465466,233.89470172660944,193.32603349410604,228.57780208171312,224.2079174652601,170.92402059067123,313.1309801351789,250.04365947310288,290.2649585343212,282.21572598316146,216.78050689656146,300.03797161881636,365.64196005369075,335.00887069069415,320.7421885969106,464.06956175305186,318.9939989043682,283.4941924276019,237.8187468481305,415.5630735130776
rs61587156,572.0260282374087,627.3372702405019,591.83180984661,563.684666611071,554.8444521190567,588.1661888852838,544.816276464023,192.88618073445033,173.19874435243602,192.41091048433057,183.98176719834228,216.87923844193506,298.79657666028584,269.79939823772384,344.4211185723511,255.17369679150303,273.0927960212356,201.19866207180576,235.13760227668084,236.14081756423374,270.6665091487379,247.81845144190248,222.55099800784183,244.87846103758127,288.9926107718745,171.2387909556473
rs72785099,544.589255338354,527.9220423048803,514.2259320303639,567.1299146773971,487.6671009816036,576.2876036905213,539.6061746977645,287.0219838316682,305.08333418539394,325.83383182286593,277.5345898197312,255.33603921964678,357.1303235492718,408.4421655714267,344.62871160667765,412.5238511446286,363.0643085323218,205.92461328567765,172.75876829269336,297.63843154327265,271.8787483784482,262.2620481555648,210.44819335117037,326.6198201776821,289.2835518028612,210.4896275666702
rs4560519,440.2034996513151,448.3093100910442,360.1172644107152,386.0795450153148,456.0484511393904,488.62453864722596,450.12038162410835,329.303067240769,310.7437477938527,324.7778152110464,323.4391734378005,306.136401027309,304.59754269027314,331.9037903160342,328.6474264856632,330.9030704405877,383.2992988518526,173.01069157935555,204.1790017924824,210.53294004767656,176.68655504311835,193.4160023032726,448.75919992074023,379.99992659352705,454.56617674650914,341.52269476677094
rs372429030,843.4137702845485,978.9760754368765,915.479776331391,909.4229209871805,774.803771610979,915.0738128095675,801.8489207902375,491.067608004044,501.96428920178954,428.1530710909873,468.4966480266884,540.7565591741123,325.224622456203,355.524140297072,380.58142474021486,335.8464367512968,352.17198360247556,402.7540030758805,339.29940587687014,381.536569047045,306.81574139848186,332.21056977228295,359.6365355769797,475.5035869315096,494.22638406379707,173.24293920478829
rs59007786,684.0653476916771,620.0469283020607,692.6764909818436,664.535777206036,646.4222494184523,683.7655982944741,613.8214866301012,309.7347049826625,283.40432565850125,336.9960784293776,321.6504810065845,251.618577849088,395.2861921487082,480.8912437273985,485.4546239959977,486.1220754288966,507.3331625746964,190.87009240086513,254.86338155992703,174.2412662954318,255.05150788336766,192.18805906623075,493.51923552269665,426.7994402493893,434.0867425601163,474.65536803182584
7:26825580,589.4162216104829,487.0750378039563,583.8169973673746,711.3894107211661,538.1773065531276,615.0147969241209,646.7077246569023,442.6029605962328,431.0779168269743,348.85167166647545,547.7913501538193,552.6684444451507,350.3916950768329,312.5069846830371,320.2188556093551,273.81498063485856,338.5438591739661,205.1975842675192,185.87910164288675,176.41060612203674,174.34430677771127,279.5809679437023,359.8288289710896,484.30013277518475,423.332772609407,235.63719069565474
rs76017999,791.7794954690248,780.9883739566452,691.5952711486872,796.9025140460587,811.1982647909799,773.1893466009868,868.6294975735035,415.3619049698715,391.0328868628327,308.7872146958659,422.4614110445846,470.1704316187786,201.7791750664367,175.88223715535807,208.7609659730112,250.5195511602944,215.95912056118792,208.6334853603901,174.66236088860373,219.88859606671988,213.00913026425053,224.83748471150324,308.73965874184256,478.10038704734154,374.43858918660607,210.7976406985999
rs56792959,587.2251144227967,614.0029852801043,559.7580277442643,572.6380497457902,688.709415132583,557.4172385435819,604.2215222498037,394.0645988958996,315.67701975629603,298.16769809557337,362.5321310016536,386.04292937290217,345.89610430797273,290.7944357385241,324.47583098793507,329.0219130871757,330.45778868967653,311.50433395920936,319.5925249282595,345.36837736656,311.54157634861286,328.43338036794705,315.6946026204037,375.67169360145334,388.85912901743967,175.11864582917744
rs370601154,801.994909280696,785.7902370646125,756.1790996237448,803.9454647939557,835.6769817416887,877.4205173973924,797.644632259841,503.6694969463266,446.9919833682906,458.3298619662155,499.63547324262476,499.1300641689766,471.3948694099207,504.9448472792679,431.84827936102283,500.99894225911765,503.29658864434174,441.5158189532611,482.8470186971549,455.59213911295774,518.5955136001162,487.86451062328484,325.5674805396459,499.68724949224526,506.23910506540943,175.5882960492587
rs6564702,1315.388910781059,1236.5932168634201,1216.4802994544082,1331.4207802756396,1256.4127319324914,1404.575586984464,1240.8044217946774,225.91633607658426,356.8827539454406,233.2479143165749,366.95644434248584,289.6738530193471,656.8136720524792,515.4593865012754,605.9168210590449,503.81469704419294,505.3634414174142,175.74784461337583,228.1351048934267,279.30153277085924,277.33455238619297,306.272939870379,205.60389757469054,342.03182819566797,342.5898702731083,273.08526258015155
rs6069740,699.0614365417917,733.5718880297003,631.0948301998379,736.4426219887939,678.006579069062,721.1457135474699,760.4799466794233,253.2319180474165,243.07218079257163,201.70003202698473,259.1558999535441,253.24136477016833,175.83425489915697,256.2728810042829,265.0944738270039,210.03794205206813,203.6339266954591,238.5855572591007,239.97283061191789,243.37062190343752,230.0597143382939,241.98803371960236,255.97314537746504,385.41239240022935,328.93265285250897,314.7317483302244
rs34555420,665.3917849872873,731.428923025618,693.7906650814525,673.5647159407363,679.165799284047,748.5499754293808,738.8416007801472,488.62061997383523,408.75966741921496,508.883946327216,533.5264206600887,506.8791838030192,470.71808984135663,457.67032046714775,487.3528460156472,480.43033379823635,475.007662466639,268.7968069765049,178.78060057646002,197.29366576209938,260.9589125343926,411.79813004598054,490.7192898763927,623.4207649359645,554.8631770525878,328.214305807768
12:112919388,324.04448505793476,358.8087579125545,300.53183125156943,375.9199586441334,300.6950312218956,368.37514465307834,366.3872157846788,381.2753645507891,423.1566400533054,339.40315277253785,384.6585024127471,394.1352786647,372.8956366161135,364.22201959071094,306.0602859725016,349.85569641876606,357.44690980573665,328.7387877607112,211.19895188115046,268.44141672548693,303.60526100591693,342.86111360656935,354.22794406571245,510.5905985651992,413.3220183228119,179.6152845748228
rs72843998,192.10165102747789,186.27874605468025,248.57191014908992,186.5691475001394,179.70614963976834,268.59638117568204,304.14496839175007,288.3049764498568,340.11004479199806,251.15725311179557,291.9243270614822,331.13249442342794,367.7172242209611,306.0049628478289,357.72629243507185,314.12633050799013,326.8412010913984,382.2310102976,270.9409158151736,427.4820112431435,383.02139353553605,382.76824943386134,279.5099197007046,315.6455696735512,271.00316927080564,245.7751215237192
rs2276025,381.09888407407675,465.6469073830688,354.1863263776909,392.7623893734646,320.9879484164996,352.32530903146767,481.5029126503183,411.05703753355016,411.4533528075125,419.76085136107554,390.39050089987023,374.1150304808571,418.14979831652926,383.92243956711195,346.3837118183121,402.85769926663136,413.9727829888844,192.11764966139614,232.05788719793324,184.86485208623668,181.55421900784205,239.5379012291325,352.22923618777537,416.78794837374755,372.81050113606756,181.18977850667576
rs79007531,1015.4160408919333,964.6699461436934,954.5860785323619,1016.6083321244257,990.3136054082522,1059.831011137691,991.683722160172,518.7784166326745,522.0193514600636,539.4315811031803,534.1702423835868,565.7840664725537,581.9757720876355,558.1091826721765,518.4862084411687,686.3724638438,596.2793045810529,347.2544965620326,272.8241611790213,366.59950522661245,317.5627077431921,313.02805174428084,273.6370163892785,749.9037375466318,523.5498616386129,181.47718291284423
rs11630467,691.6684780119788,751.7970188283524,643.5946628765789,785.1380958597185,713.3170113154316,775.9540854823214,778.0799422937862,195.83145538145337,212.1223788544925,182.31205298453648,226.43371993412063,230.89218807706254,353.8468172214611,371.1650962137996,438.4313510294146,408.28452961606547,418.420901927611,239.18149172362547,213.1636114611744,250.09495499726862,181.63972535721595,233.46319485337904,309.76086044928286,345.0375584280499,376.8515808793902,336.22499278389046
rs4896244,289.48993034646713,331.14274064488797,337.49155254656773,331.7808983112091,287.89152608009755,286.20605072934285,283.56613759100156,206.93908331857028,213.54565539418843,194.11171404656537,181.95069192359705,206.0045811724974,346.36246012827615,401.5538212072589,386.48071905149527,387.87310441710457,387.4681958230894,212.38317733291225,194.2426220476487,237.88619403297164,284.1515277172646,292.8516588176334,218.16016413403665,222.4493532889636,216.16805425178637,224.92974177849734
rs784235,328.3351937079097,345.62926908360043,313.85940746231597,342.15255093451435,324.3707248640577,368.99927391520424,415.7657157932829,357.5924554893613,361.9724527233171,289.30971166257643,359.371509129746,382.9886210506404,313.75702741257237,354.3713963985086,340.1547877422158,349.2242694743872,337.65170512184034,182.43893808745173,217.6936232877402,203.6642781765043,238.71128753841384,269.3503502146453,281.97067090442204,396.6743751703288,323.004936013334,201.53538451595495
rs12543924,591.2071211356783,634.7734635275065,639.3317643341916,682.9930677946835,605.3855759050878,623.0346136918392,689.3077767055771,334.6255461502439,338.95920039936607,382.1291673394114,391.7409380097666,357.40260281998275,357.22952960155754,228.20152553396784,360.20290054916455,356.01752901928444,374.16475266266474,311.30817853687614,309.37415868386694,310.3256661274501,285.1057083452722,330.92062923963545,266.0295457150073,329.19342637292095,325.9949096765271,183.24145208747387
rs62209647,591.3172716204502,686.4864787478732,528.3620888696214,580.5566964937468,568.4863924576538,679.4181021878151,784.0009656836858,339.9692803522404,380.37567442090983,333.25775930884527,322.67781064012706,323.17526305715086,372.62203350007525,389.20973442539866,344.52990820094595,314.43506024255674,316.339877320036,240.82811318484,218.66236741211554,312.79004079582177,299.8735759701286,250.6969836001962,267.8031984556625,481.7384863659696,328.4827200113676,183.4942917474525
rs2369633,263.65594967441865,268.6046343476878,279.295823592458,393.24805763152966,270.0099874387317,348.3069594636006,392.59525067787905,314.2900302258871,295.8237908438342,335.63332421437184,312.11572851007463,348.2035437756737,346.0648871573115,366.3857927104061,363.96819417868636,343.3210787966172,289.78808952250364,232.8854466566793,260.1913872249358,233.19817689041182,184.9133363532441,224.4158296176331,390.2115067937115,372.4140521382772,344.716605363867,203.4209935728159
rs559868066,868.0918468400259,843.2625317825222,849.5292435639174,870.756409901601,868.191856512751,892.0462634751998,799.4156962304127,225.71168089523027,383.22638762204747,303.9645612148126,207.72516763609286,185.0038016441415,323.9839861249299,266.6438501557445,338.3373711623614,389.75877726091574,277.35304067296966,639.9167858180978,673.8365863545006,647.8211577414137,603.3794323100378,583.947299917432,446.2702194743946,485.82526257301913,504.63352149157026,415.1169673131687
rs76313353,628.5967196973423,637.0902513078842,697.3307616338055,685.2421811917061,625.7090266704693,674.0045639712254,682.5097970709423,243.44385992188873,288.31322374724954,249.9334124997093,236.35289348030975,253.46364131074932,355.62014559259245,368.1774501043463,365.94909428601187,386.8512721465901,359.58424461377484,207.12496102191008,193.08183725858632,230.1151688762563,228.68368154964017,186.31582204065444,262.60839857566754,311.0726961535951,262.68651058608225,189.1788591566658
rs72844525,772.8810325223742,671.848255945395,656.1369285626108,772.2391629139906,789.5833993242179,781.6756806721228,810.1572063958787,331.04131911617907,363.246483373375,362.1478403688275,388.9718346448488,334.414401416355,517.2568643703664,498.932785934388,574.0435396735044,576.4374084786062,549.536789555428,194.24977673412315,199.9725933269745,259.7725078673108,187.25922853461,240.31480343854392,462.34635174517007,453.5114670074418,462.46504527098926,433.50193950694137
rs9461056,695.5542595233562,686.9263027772549,671.6083609123966,720.3365720360981,696.0716907207515,717.1857618973875,677.2020095488674,366.61437352830166,381.7007469763239,260.9343174064195,364.256559265532,382.4283599963952,394.0956393259326,347.48128786738204,390.3861247920956,359.27562061969644,345.7304979953259,304.2228560384339,244.95923837936593,237.00002507004564,188.32798269561525,301.06211173931683,422.79885058143896,510.714260028673,455.87684960903346,287.4265398965552
rs150826383,714.6260404371745,566.1427280015357,701.6570362589397,785.0675941513628,775.8074398793531,727.6770309142263,759.2844806399523,375.6594814903461,380.33174332964364,425.53358174998806,419.8851220189279,411.28284931573853,393.868990202225,452.77321887377616,426.4242702173056,404.7393534463822,469.38377093478607,233.52573805536343,210.18282218944216,253.89431650707436,297.06953947185445,189.32150054841662,446.69658423840235,561.9997293625605,529.0869127380905,511.3652906063009
rs1332455,624.8496982929256,661.5346357890077,651.6934527847402,633.6904140310801,605.4451307862638,640.7277505276296,648.570747024165,369.2440937757664,370.88450741844076,336.6578173177042,412.70042237230734,384.4171865182024,394.96951026530905,370.973090019522,343.51697046467314,338.27905557856116,335.84257821787054,194.62885828604476,264.24091401560196,201.10857202284052,219.02920735766392,190.43074432807367,381.790899754299,441.86899257699514,404.8408054799403,309.92033476141535
rs73040262,663.0438609117148,587.8923798155247,662.7558164826713,669.2883124311833,629.4659041745774,655.0485033816202,697.4225778654418,422.603209601805,388.45206816528645,336.79832346505475,377.9065427424691,388.65046819193276,459.7903163732225,463.8854923997679,437.89452493936113,444.86188567833904,467.57191416485585,258.12831579479047,262.2234134861586,232.638479472169,225.70887685277543,191.08157121636302,450.7041269988102,468.2899414404632,447.7642497710724,379.2299373022081
rs576307070,261.09757690834346,376.1041552362722,373.82969289448624,330.91740520104986,335.80811355273096,416.6796770994168,506.7492931368606,403.1161460397758,442.8524735512896,368.54000811894156,387.9793632501207,437.1303686390755,348.4043709947506,419.21705077288,463.30432265177166,415.46270327543283,354.75025823588516,291.0796055096625,192.44139459963532,214.49647271780992,208.27893903412337,297.72001842536577,387.39394752308016,451.955425774754,408.2720125765853,323.8953548992169
rs7713126,547.9224453150345,501.1706281886714,487.83282047497096,538.3937514675107,567.3720853871267,568.115279285172,539.3368104500487,319.2952433785276,335.2023873232987,293.8233897573878,334.6880618380896,358.2564138623385,226.85218050965472,192.50279781623456,243.47616952472285,221.50408908207487,220.6187526463876,282.5794525430842,277.1881253631012,192.8182887407422,198.92147841103724,250.10851490486957,336.37686357159964,353.1102199140263,370.24501778727705,231.90491906009726
rs562047,364.479337514836,475.9070873614188,416.70088096925735,433.3427874044533,337.9595009669112,430.16661486731294,444.1933202179702,261.788455350618,317.6617147166704,267.34417724641565,276.2011328834531,276.49605687314704,288.15174014697334,280.4955686770751,286.7812918598107,284.6924856631085,310.7277842767024,304.56736997112716,274.28715455458536,203.35053985849981,192.61342406712507,281.9594842772474,310.9953164824257,387.8147752559543,343.09350938883296,297.49899627456244
rs11870626,512.9471562247201,520.1438000464335,520.7842160182016,586.7754807658426,527.5890393138093,561.1015448918562,527.9193951747486,246.00207019795064,193.0433554814265,218.81833894491717,211.0985170271257,225.84222512150652,279.6519493871381,284.3800585997856,314.03638538846525,280.94937506959747,308.7373239113409,244.7785521701283,202.91592925111902,261.49184712219494,298.6853609602172,274.74986181200177,289.16931303763664,310.3394686927981,277.4026122065868,213.3254233087341
rs4833253,697.2353167037396,672.105825531216,768.4021824290879,738.1955895962598,671.5384142959164,738.6379467017492,687.3556228360554,283.55860880903134,289.56697853515186,194.38474340659815,240.33153920047963,293.1540316074897,403.95612801854026,377.54415010115343,355.69769542289464,375.57270288663426,352.27966490104063,222.57242024847935,231.56863819776132,230.06278995462233,254.31134248756598,239.39900517610647,274.47232254954065,370.802612962705,328.87235658739417,278.36015583932755
rs2579643,1053.7827036503809,949.7735119923783,963.8562844884063,1008.2961239157598,1093.6326317971273,994.965409293923,869.9789902527882,275.0961554860993,298.21736853740475,259.0935049335349,333.2570644921012,289.8301352370911,373.3240522692317,436.97889543370155,471.488311365572,394.41938688306146,423.71294782824083,249.52780600951897,195.001560931071,280.1800398376702,346.8986989342013,372.90339185388933,278.0887474487609,287.2739923802507,297.3803841459379,242.81285841198562
rs72996108,772.2737147162632,683.3870385042478,827.6443106814627,768.5722686082819,776.1470824935689,840.3574043586073,767.0254488902883,466.08573073552213,467.9490081250496,413.09918366568235,417.0115344585157,523.661538735847,368.05005083302245,335.8691092013004,403.924677439602,364.80504818778985,404.8430850030428,443.93508263444073,399.7063707459919,436.1488573869176,389.378457585527,412.278650020383,382.3890166583713,646.5284722394147,396.63111190975064,195.25904525299492
rs112169037,951.3660889925579,751.0272650828213,833.7554748219611,889.2907933310307,896.1051126325771,921.8801276539818,823.2457808972168,405.6073609911159,418.0280463034737,305.9386916300567,386.63435961975506,332.5039334764453,465.9688368985887,444.279814211003,425.9611281336983,470.75494379029135,492.1083293841597,442.4799206633289,348.7356744392574,484.2940611694199,453.82708293545585,487.5261688858435,425.53357423792863,496.20296913161314,462.67278294577704,195.86915938271488
rs2258380,1011.9226673750902,1027.2534217760347,1029.9944254957707,1052.4298725149051,920.725082480076,920.5315663102477,1017.4646290949507,671.9427013615295,720.1484843300642,690.0195475048566,655.8995843731277,711.6824327467893,635.4371555610517,734.392714633306,624.52620637722,611.4471742656792,621.7184224719199,681.2615980067817,615.0694873512534,696.1732720979704,671.1413525821879,603.0323338593915,509.89460261122207,768.6068000657842,649.2755428549445,196.1136376088466
rs369604532,239.4938891722596,446.07364850719875,371.22019646119946,373.5075414735717,340.55150004119434,338.0259107353853,402.70834368950216,324.67533185940755,275.6093647683583,304.1065875608795,353.9598589876427,358.8241444422078,246.37719828416408,267.6089837647714,324.16360488170915,296.25727352934564,197.38786900325488,247.04827533112328,215.51217619467954,243.23597364419737,263.6860744164437,289.5465142960422,225.0911602238098,273.71744734153015,421.25573601408377,311.7335264581799
rs17711548,521.3279183328099,561.121913527805,497.04887976274523,600.2695683115693,509.34561415593157,621.7212465114576,579.446109347283,244.03176391823362,269.8252836805411,248.71316766123914,288.6072739704495,297.7565645441945,208.87192534807315,216.25350064581818,271.2863500330988,231.58372204664053,235.8706535274907,238.9115710509987,241.13392052502113,255.1321623310946,240.61881248950473,251.53748840059265,217.42203258775996,343.6702065969867,297.8128570295167,198.31696663319937
rs153519,600.4485909173363,576.9694598625572,590.5012712565675,595.7501778757241,590.502332085208,540.777897119045,598.5092099593203,437.0210338665844,440.37595053925816,446.2218926308048,452.731401644585,430.16266855533036,367.3087358367733,379.1304561249919,350.52696867346924,412.66936808342757,354.1015893721694,336.1561549411682,315.38062562984493,247.06003403230966,230.50238949204422,216.8543719626057,370.1394863878487,490.94246904484254,416.78351444437715,203.54642030511087
rs6788891,689.8832014285119,612.4069259961202,746.6855822168825,811.9593836778007,815.2960547510634,686.2943093458704,716.4640876166658,325.6099842628518,319.227930759849,362.15021744623857,316.5606769951293,309.8395404482262,249.22865495120382,334.04966345894286,328.2643905738551,297.1284318888294,280.14399360165396,320.5158574019391,314.35243983706727,316.02532868036246,204.41091273356523,295.55967550942677,296.96104787745026,404.16738416034127,372.07472049359785,244.095991931527
rs2381379,579.7364003022752,792.9728822728775,493.15789881901713,603.9686067429287,520.8468772420498,641.8544322580775,601.2848007880679,385.95661500972113,387.3568251512315,405.7136988075679,422.28630980754133,361.2822299224157,261.73017154676586,296.6753496242264,307.48678568299204,213.2359789367882,204.9551880794858,275.1462717511919,252.53302534079097,255.00787741579717,328.21528251642263,365.10683065564285,237.33084171704405,399.2642233306517,342.7894426658575,279.7099232334169
rs78620295,575.2212607531123,605.6624238626207,663.8891759798307,715.6761409750811,639.8672856269964,614.355163721173,601.7717272393211,212.106743340104,211.5243248110843,207.160507076625,218.14401487435265,222.4775364347977,334.6099098088109,310.067365794028,307.6337443739006,304.1338336616409,264.11048807619306,255.4376185678088,204.9912221844374,255.06241443539852,265.23082629515505,218.65149452108508,241.70865648651903,319.3972617925478,227.84309557163738,212.53683896380255
rs17686636,882.1201854098922,872.3860573641216,806.5789383163531,846.4611196597973,848.5107865848149,914.3145932002515,813.2933933473926,319.1586615885594,283.1257273248365,323.2120532959674,324.8410419094518,333.17145010153826,266.15183321459364,250.9943233577815,275.07930202173986,250.9477119373669,286.20452680095724,241.59463722818376,205.2132497182434,262.13434890585967,235.02936335390822,240.70918874118735,307.1658300614965,423.04349546931905,345.43561908055045,263.5799346458804
rs33807,748.7296304583123,723.9496906806015,664.5538629018987,789.7905305707858,824.719968832908,678.7714828792249,732.7345436066154,278.55221149899813,278.00658824513164,263.02864548218275,205.5140566238352,287.8731120836389,342.09926944690335,369.90297847003785,426.24231671461865,293.1404336935441,435.3663731624875,384.1651636688363,398.7188065236744,417.9096048911647,433.6078534432221,416.81632441964086,332.3213454387513,377.59363954440516,310.05594524941614,242.88700486518903
5:102127673,761.7373090099431,713.3403964094229,684.1923927482727,797.0434598315344,678.8442406590527,701.8101623336842,731.0892338721263,455.43844344900896,471.44279154030585,479.5430088205546,438.3835532333394,435.96394380654954,424.84845936753516,443.49863653464195,409.4976941814679,415.20264248419346,405.0505601864613,334.77822877030894,292.67101943392083,337.5636838261782,240.98461071860646,216.55707012942824,364.7863535150462,475.70285012579416,498.3386443915392,207.03113909099258
rs1038165,771.718092496241,694.4973247128719,701.4866963426267,803.8638461083808,795.6033192470078,740.493983842989,766.6566569978772,472.79139077896,503.12261924365356,417.43005189636926,430.1292163178917,462.9804302549752,467.92824735737014,521.1362087585295,453.4987105113559,498.6826306997753,481.0855648398456,307.05970973020976,399.207780481439,307.20622287091567,207.4943855097345,251.26495166908725,486.3634831367692,508.27700849445984,517.9453276619201,358.8089039341274
rs2388486,965.0915910493712,1028.0284557809841,957.1948865863203,1004.4694922823077,997.5691304538269,1023.2557045028823,866.2120260069449,495.2219414628181,491.60138186471625,541.2072216715244,519.3037956214476,505.1652010150265,472.25632776200587,355.3408625968818,354.20314225856157,401.0959043935962,348.4545004815471,292.19342139205577,296.9998208716438,264.1141427076479,281.2323736640556,207.68771984777254,479.74033710768424,589.423063984091,533.1202257827405,318.51004885179844
rs34789728,497.72879200115267,516.8246661718428,529.2611529056218,505.6510100047683,504.5681095611802,474.36213390129996,516.2516199353732,259.7121033555685,252.3253222493574,230.4212053597753,280.5422882209364,259.19975633668054,375.02479848742325,369.62269531035463,413.24316654050347,392.5510493021537,429.79067878737874,208.93503239658045,233.59595128890436,215.17433577401192,272.37496991113215,266.9944837690352,351.07156068548136,337.7042276065162,364.8103851584734,321.06163339910245
rs11183617,590.3175626856231,680.2687456986566,575.4721734412075,610.5865998698401,587.0461334615732,647.2911980500081,620.2444865826687,282.11244026079225,258.8884004714137,210.12659427560334,249.2324722491834,232.12183395994856,481.21920045341597,470.5756661746688,442.7113180096166,426.2388011488077,427.27191427098876,309.61129861948564,420.96168950284755,372.3613202545848,357.0364851038358,474.52320249497154,345.85294644580955,317.8560400791905,284.3594959274022,240.7887159619377
rs200707025,655.9649670831037,666.6633668696976,742.5949422651041,754.8301366267946,668.1016929727267,709.4285839738134,692.7696257792551,413.14011537492576,330.88471946500226,410.41986819991274,394.325498228974,357.2384557579247,309.246863135835,262.6711256381933,344.2298401104392,304.3594841798848,342.4347722134144,219.25980816539084,293.5861976618172,228.8814577595087,239.34637412316926,238.21591018680215,371.4037764956727,483.54158600443367,367.7633781205461,210.96359614466905
rs2902812,549.7315446813202,559.2282920795194,573.6446023850634,565.708108564913,574.6914776193474,598.7485192274581,579.3049178003739,329.3778058873284,324.5839831932612,336.503547601124,312.15330608126646,308.8612885324384,241.39381532415155,287.77238539249186,241.75125931595238,301.7079778380781,278.2417874396925,258.3965660077557,242.02088079324375,265.8672834070198,243.28850366641757,249.7789821073265,246.50470292999532,374.11364484624636,328.58121816195455,211.22519579423954
1:150565809,563.0311553745305,513.221328326575,515.7920033252507,562.0921685496361,566.5531166739539,492.89619234642925,551.2143944976744,307.01270130363787,310.1843988650815,299.92044205074444,306.79301177106623,318.77935662026215,211.24239910952002,303.90215064279425,230.6400102503696,256.7280202605985,262.29680859000473,276.7123525380457,286.3969779045117,295.23006406569203,252.38882079125793,249.3813967457213,334.4301001800568,377.7561879865385,307.33900853999495,230.44145298726664
rs8078336,611.4509329585461,646.7102124900359,637.5592574306648,657.3088654840253,595.9182562238913,684.8823466650645,708.1157265487037,421.36688733871233,530.6345732815039,390.5219746594935,408.61046538611686,572.5127756820606,517.1968319528659,445.99596738748176,488.5380138944282,402.2833060838406,400.6800357857891,343.4213208520078,212.19247754427624,330.8039141452414,427.3943955514422,397.8314292884903,462.76547333998514,590.3786659125378,457.96845299027626,427.59659311879074
rs72847650,831.4587994524795,884.8682475169832,756.9521548831052,769.0212751488651,863.5503641857177,818.0677369764834,846.1249932078388,212.6940146440418,497.40097680902335,315.75721699723204,228.71212098931818,368.6156078301547,466.9404380155855,433.69132489173035,573.7377771816914,536.4239539102388,554.7277807422311,494.45156914621964,500.935410065331,531.246472486204,544.5257062622804,578.3565661069686,513.7569380671126,541.6939782896387,510.6953974073492,417.4946710138635
rs11518785,988.524697462431,1108.6294667510235,1127.5707151203446,1144.1880784108546,988.0384961073078,1027.4080747060093,970.843015395527,558.107970957247,621.9467672051057,483.127888866297,613.915992228799,559.1373705407077,616.8085174792835,525.0839540391127,524.9291193785739,566.7924847660231,529.9403152509797,218.06581799129464,215.78192189072996,221.19426555135195,214.76174096096298,249.13950236686742,461.43652721377583,674.1238201670217,613.3244677671992,411.0982729700444
rs72892915,480.2035381466628,488.5278927599017,537.5768255261592,526.8209897103264,491.14690944362366,492.8973525559231,572.7647707355662,331.7179908686507,354.1657649251729,317.87432266642224,292.2314948142842,367.6747340075369,443.86814988624263,410.00480391524127,372.89442076247485,400.55178090901643,386.22755055281004,215.19506287317358,253.8177836753849,242.52471423612377,321.3657416365063,298.30406100306766,219.00318758905178,411.0487827714553,396.5391667164723,255.5561694834211
rs77795894,521.1451468658108,452.1499007096629,478.7612582047954,501.4774313429163,537.6981780276589,505.71594583918494,558.8448137510635,288.30892081833133,263.96441235072757,216.51944799632633,282.8629155388416,340.8035978430046,275.6889320529932,274.91345726621074,280.9851486369657,252.5316327742971,266.3356131643435,292.1712618970506,256.6567838975718,239.18053134076544,243.12102738247953,221.627267560936,225.87544380632124,355.74068365561,312.8315794887835,229.0446897183697
rs4466492,748.9465950413645,746.3762079808042,783.4517361390616,853.3635177377332,678.2761131277978,782.4477190802145,835.3704693607948,289.25349980630523,255.30196851635608,293.6286426827624,252.45680024794675,308.41487066972553,370.714388449937,401.5221777310296,386.0515128515529,398.4681796532127,385.105322177447,345.7153292558643,357.53826966921173,403.12207851746757,319.9129752978295,367.1043000178768,321.27254639998824,347.916901092869,345.50025097913505,217.5517575528249
rs5793350,911.8643600544559,875.5934089516578,960.8744409876808,1082.8305102738846,917.1960984492581,998.7994882042647,966.3731150544851,367.80091174061266,273.0013834062813,341.4487003449053,285.23669410086353,261.55094415579816,373.2099557048258,378.61923948424936,320.26744688861584,291.3315420788316,218.3129902955257,539.6886394932704,526.5415745997891,419.35296598723556,319.0700681783166,340.8512083075005,549.8359836453694,488.17957199982817,486.760114243164,414.1645926967215
rs513413,596.6454000787728,583.8684366445991,655.6612584765769,625.8858950972642,610.3727692453277,603.5862265437667,575.9476979524245,269.1044051818626,252.56366241213325,231.58601461766352,278.63880080100415,251.41049369289252,362.46669231091494,359.7297073579592,354.0965008037998,325.51209465633906,288.5905182606636,259.91222182369523,221.58889319290543,290.4794196641054,304.77250065420526,328.9370428099241,319.3284042592923,327.10377071705466,249.6357411938833,218.49605140196152
rs61777792,644.0574905379273,661.9673416268355,759.3712025630721,806.1257710390538,597.2467606619715,691.6801806706158,642.0483158724816,258.58125246206265,370.7149383478555,343.4937940948082,388.14136921222854,347.74814039475444,482.740018192135,447.18619005649623,381.1587838394072,431.7754257184139,378.05000162623276,276.63599524679205,219.4521862536342,228.470195441749,227.7829101964379,283.3639083494195,392.3714740657166,516.6007649786577,469.5950649308363,289.86739680339304
rs76790252,503.1252088827665,365.4115410474889,500.24312160719444,544.0496322574131,486.01284205526315,530.9239708766992,504.48393373601397,359.46851078541994,362.90179362962203,303.80410414914036,367.65162130142073,372.8083998812983,418.16227754388854,400.1907385793856,366.66361808643126,371.42795133596655,389.9095367278261,392.5493199435379,425.3151234445636,399.93924348208844,432.25978389724247,428.85028300666767,309.37110228806233,421.55695926447453,374.1216392382214,219.59623356889455
rs36094528,627.4550784028282,564.6324790276028,614.6312329690318,711.8190835104392,621.5254830632315,690.6854168516054,542.2571902768018,291.7569624877891,303.89476353896265,219.78883873904067,275.3039675035003,321.19260162076057,273.39260352423213,338.68818457989335,340.01450709304726,391.2253687349627,361.41060545860404,267.35051986234834,310.18856827328295,300.6821284653355,248.89407246120405,296.0896780977825,404.0781434490849,393.8862138634233,359.5923039279507,257.1310983451527
rs9994654,419.007143249799,305.27007535074017,338.60919040265094,489.58954843419684,421.77369909147535,408.92919431515077,407.6543598131858,280.52629023286244,256.3606962993934,239.91697711246968,287.1175689864401,300.48291918668565,263.25458423083523,244.95776149511352,246.14225042066542,261.47065456964367,221.12753238931722,227.21490619492153,224.2014691480189,275.82713969913357,233.30861401800053,274.52928312460426,291.78732895732884,308.27415648786825,286.7432520754874,257.0022756019986
rs6579837,949.0197549659813,902.3224248751993,870.4622679498864,952.4132357803231,962.5493384968105,948.0518122554146,950.8845327185888,303.5899132266489,346.5394322240616,294.9591632002564,342.2479757225539,358.8488410358993,428.16967645488717,479.84271663576993,453.6232747231543,448.1648533456879,456.40922756028243,321.4182890650174,383.6699217131027,309.9969904376868,388.2948686497252,384.75740465221287,332.7461139278531,385.31231442876896,416.04004387902285,221.26979564432602
rs1750963,528.580361762892,552.949413276245,523.6768771438727,628.4064125091103,513.0715570267256,617.8694787123188,622.8417924726548,262.3812332755673,280.267044355248,304.21236332313794,347.40887265708574,322.3481030874943,320.1677125231582,397.56642023222025,333.75611591101983,290.08956182285107,347.48556767086194,266.2302013283788,330.2366307933151,304.1690057711325,344.88647961428546,330.17899816986227,268.13314249559755,453.86119071547455,416.8547197878962,221.4406548125443
rs13176003,687.2969000792116,752.3509181802759,662.8526530279252,679.4757567314836,692.251960150193,694.2222064602963,744.4067623118798,559.4240099426302,526.4681447440523,556.5736694367486,570.1952742210881,580.2824675689129,489.24166939771874,522.4776757630028,478.1914597864215,498.4478652706903,508.90140470514433,251.45707936604856,222.02425994036136,261.5318657645426,334.70239419429817,285.9125002780507,469.6706975743009,678.1674487657307,578.9497272624502,238.456854948803
rs73195680,588.2214835763965,617.2850259885364,578.4049604750601,641.413936944785,566.4146796099011,600.5037063237861,583.369356950516,484.1890052499966,474.5231518572122,504.6184544686307,504.9311110222026,489.5887093174511,509.2614221064737,489.73430697732016,551.7488098921243,509.5961358343384,564.0974670369166,327.8150842251785,332.00550570812504,320.1616102076809,327.5335994184191,339.70290092118273,245.33701404836523,471.90627880954236,494.18156968511977,222.1022059356275
rs78085391,917.4842081639789,960.2136231895722,888.5792774239419,867.0124111224948,884.0911528844562,956.1819773072776,961.9199489964149,610.3040214137637,618.3269205930359,560.8299625386813,559.7138776792435,617.8874850545606,462.93059411217166,492.29337999286366,443.3269703650843,420.06950309971313,434.36467623418605,317.12041909050185,319.4552775660759,338.59695779239604,452.72398263672136,363.8511210208938,451.6296323728848,580.4341406183692,518.7509504346929,222.29240942920524
rs72731889,705.5869949297921,708.3945655016918,744.731873479711,706.1864667264459,627.0195137195276,681.7734861954856,794.0808342204679,400.65107561580334,394.9111571076976,332.71074619394074,379.09364925662817,405.3024283439607,408.8735450755322,332.7303937554366,389.0466609041254,404.6605480783201,395.20524661578924,355.48925748217994,329.2454379794074,370.678226049562,386.8658365758055,367.2311693414764,290.09832664207073,392.5476240150194,409.3962601227126,223.03737788694394
rs111460975,695.081549998098,705.2820836194386,742.5122049958205,763.1376887264894,687.4437086455906,666.6299997845092,613.8338967529533,238.63398830428184,225.9830692969443,266.1279996072462,257.8477419270729,223.74859307595332,315.7033305795181,343.3588666898126,332.30123580344423,355.76693372148486,341.24154314329,301.8203138336559,306.44972385800634,322.13562559177694,307.17016134629324,282.92944825063955,308.9912866393562,303.85753902044365,319.6336344462273,257.1798392437106
3:45764708,508.65931030180394,577.1577600436153,482.39968899684925,507.79257603699585,510.65077460180896,589.3027612413323,601.5493811200982,407.8296226821968,375.689532512328,376.0361305002219,389.8901380034926,377.2004022821661,304.2693385608707,338.0501807459192,353.0361537734526,283.595012059698,357.4155806127804,245.1994896050058,226.6306991423674,268.3740611669076,311.50809781247614,333.9410178420444,354.5252666827873,437.3725945703187,414.596843653076,257.4593626583629
rs149580409,488.1645786017356,414.2143142266587,425.8423350288238,475.40731520200404,463.9128988035021,501.57097761725777,437.2473016417707,396.9968299628009,378.92573666901484,381.008481146494,374.40911247040947,376.25781382239745,352.5519656668509,395.71016128656066,381.0821243236057,329.7337719191257,366.05999891063504,275.7391414056407,261.351692657579,273.51007607329433,226.74034338578144,260.1370618558152,415.5605495163432,423.7606712437824,410.19481206682315,288.12006128086296
rs112192278,675.9635072871357,706.3878308797579,681.6517682209674,653.950346791066,700.346455078755,700.1010797520329,662.4792983300623,368.8341257945115,338.5997419939477,226.88229695366553,430.6809315533775,391.90220081057834,492.96823584695625,551.774368570206,531.0604410378822,482.00141264586097,427.2248948646969,467.62171808925655,377.6929903111602,368.8756958663995,309.3280292814043,439.87287512820023,478.6647951123408,558.0297294778991,478.09228417487077,313.05004086567095
rs780581362,488.8532500088057,487.96622178575467,486.216418342682,475.4368829557657,433.19319815199805,530.9317293201511,505.94731492842146,235.93183778365318,265.6167400238719,245.12850044472572,227.45247033009505,264.9608821669,324.4683093251579,348.4933594007688,309.17972509188064,316.1522264528136,324.27153451901313,258.20690212069667,236.122286175985,271.58052489645723,323.6199503720755,326.06323092495336,393.4351858710157,388.87357949044224,299.82110171194415,327.5188951793342
rs1379553,831.9508784260776,831.3079430957928,829.9499831782477,826.4733928167499,838.2597795364677,864.7608866984039,799.7138956911533,298.9380264115686,333.22991340106853,227.6692456963173,268.158162275368,318.927296470028,386.9024277823048,284.89704151458994,500.7402011684949,381.592375488633,364.71116591044654,277.596362669245,393.7514593222541,270.69669612409194,332.1747418434672,341.8868879701098,445.4506655806113,423.6692529307944,457.95661386144894,432.37708516159864
rs117747153,413.7516377838848,443.11474063617646,323.2840147351204,423.1837175491911,457.91840703148205,476.82178056729725,476.2921863756115,439.73889093931905,484.8675497119935,372.32037214344984,438.5459311668546,467.2392836514407,392.30648349284974,412.67891219128813,437.31139886776,432.4524620910649,412.36823996459157,294.56344416714967,266.12868542404306,235.99376247333475,227.787228967001,260.7269103061243,388.1211828255353,402.19166466963185,384.80505054914187,350.0976528362618
rs77087867,634.7609243226557,630.9264289488871,628.0876398208643,625.5653395095047,633.0449876534722,716.1965245318346,664.3203472097426,481.9021889877899,416.71106505119303,342.1732208318569,428.3039561751507,444.0531935649992,400.36497720557605,449.09359493412677,385.1744699329187,461.6651495765301,466.21738926820655,263.18629814399634,251.77775576152766,254.75260850364353,284.1478328490722,227.79401489860055,455.14761029793476,488.59669352115867,458.61233834765005,308.26766233959296
rs2385094,525.1114697958237,564.5466776659117,551.0201426511362,549.0305343857857,459.6325474231112,575.9420260248108,596.6846614898689,400.1870887040981,367.9840389104161,391.86252715903464,407.98487884171914,375.71456074703485,427.163577226553,424.4097327000205,381.8450761107137,406.7048264394528,415.73674707432224,290.6455155435038,327.5771285819312,228.3637651532654,301.56689585703623,271.7152967689173,333.6878990041262,392.9101441090842,380.00519671738783,259.4113933714729
rs71456692,825.613394380504,897.9454509454737,721.0968345325928,877.8907352501285,827.0991670995223,916.732822790682,838.41698154248,415.2769785555551,547.7853833948056,337.45419891703654,475.34011473924255,441.66580764717685,271.8255534120319,306.98720461115295,335.42839686229064,290.82215000783157,362.99392827951425,308.59023263358364,228.64595967469612,347.6792443753245,359.9410698550149,330.2430747873252,469.84169614593367,607.4319582574957,501.5379141626512,307.8223713351867
rs151323183,561.4126942294238,611.8838981615312,508.64996120457954,547.1266947923776,605.5677683300843,632.0722028215816,617.1626004364255,392.7340942622373,329.00795121932345,340.4653208845147,385.0604114504259,375.2806898505483,393.55396462251633,407.00824146792354,387.05182008833805,370.99936554505524,381.81265039539954,307.51305805846494,257.5429108522159,287.1852651432156,351.2981439709078,291.8975309600769,319.97208746760856,471.0348359953498,425.4818317345601,229.15853876111743
rs35447532,699.8400225975188,679.4225617119299,712.7381388605515,569.05039813652,715.002582465589,762.5580321515358,739.64812705722,281.9356826072454,293.425793952398,418.4595594102001,288.57039365659034,230.01159195397824,433.32545028941564,352.56534235764565,450.20798480360907,480.50844672639204,479.71118734138156,500.88249251178655,519.0281162468814,488.08178358761745,495.4229881293674,482.75023496196144,451.2952601239157,348.1866148047367,407.55956945340785,409.141279012663
rs112862764,573.9152947768267,653.2124341306295,728.4299099522236,618.585139906409,592.8145255826978,607.3078058627534,661.5054220326996,562.3971558272794,495.15329573856525,499.2797992137878,551.2047426535732,529.6519080052508,572.0376710547059,557.8536908450027,588.5456650675332,589.9909325037089,570.7273362501043,277.48705780186003,319.58091376269584,248.55313673275265,230.12354955211816,348.51285259175717,567.0866692714975,576.1211149303919,603.5716619766292,374.0339867016809
rs74317099,415.0888501346998,503.9831942188414,481.59419657456095,394.93838347074853,492.201103319382,475.0953847336449,463.5190734894969,444.32050590164584,422.6128319403089,437.5546647374166,445.0412253661451,457.23810836998706,437.24861915787835,467.24636776322035,445.6346735702672,375.2294060381209,399.68324793350376,292.19826353771555,267.7414180179422,270.934403446902,285.41973441971754,274.11036552719156,416.650831426966,431.5936111554865,393.9864841500238,230.45632814947416
rs144526132,678.1289591837542,685.9413085098925,727.8463677940953,736.6897354866379,704.0817837250723,749.858547904087,705.2965951361307,417.1512265176792,397.2962423386054,407.52941407812324,384.75717011521095,404.7803736526205,418.34727446142915,393.1311193329381,435.6054571972438,475.3461662105299,450.1265935949818,372.78142843227215,398.5365003154429,377.46899123004346,361.48604153297134,371.0685072911404,391.92920256027116,537.022954436329,430.33188062175515,230.49873285410396
rs7975862,722.2199889316382,734.2184715691828,731.5407614065078,787.4454712057777,741.9372624999022,797.1848504444052,776.5394713050314,414.3687300460047,418.99295936498,436.9662986268985,334.7760216641489,451.7282767055148,482.551328635475,497.78182101923426,496.058969719472,525.1629494170351,515.0688223096566,333.3203190217913,306.9725811272895,292.91257670199036,266.72698824527146,230.53894421374605,485.3185357584967,492.4132464870597,501.56550084517386,408.5792584499827
rs10893779,396.2554252838642,501.15926541238014,473.25551332300563,459.13797025105225,441.0997262379273,480.72455145653714,600.4072724791944,559.3716932247446,545.5822547935854,503.5292357647341,593.033146453582,569.4653601650817,402.6201602215456,458.4018142553615,314.1108197175199,434.22475130081233,402.4465318930579,253.35242607597064,230.83809243033122,280.4818466719142,268.51370036154134,282.3836369405735,439.18332820666933,624.5362564064121,522.8397962059236,305.0636648190777
rs115470478,685.2150603834017,759.22640971451,612.3868139089404,678.0344703294257,614.1654912301973,645.7467564423144,707.0534307040313,403.8366376386031,494.1852327396098,525.1231775379302,440.33072675172946,488.8613247531354,399.7990945942045,396.1150152523042,317.13976258411384,321.2314258517412,335.293277019628,231.62942792882168,250.04426070883338,312.58250763829415,308.20802422188325,286.67064699670556,332.0552779515569,505.01182094008277,444.3424033915001,259.46888185632633
rs118127175,589.2147025263033,593.8048672755509,579.2609756790616,588.9299712275558,589.9023347342356,620.0997950662103,610.8485921127242,417.9824828019692,477.24881171284653,384.4500955287391,456.1064569216269,429.5846509976258,389.4055636342269,387.200337934777,335.50989909931803,323.63877713700384,285.8224564124954,273.9150411556116,258.59102918740433,232.04412301241658,295.6298976453375,273.3243970925721,405.0511602001307,441.18851722798826,394.8494444417586,235.6614482775435
rs13182481,777.49838124478,868.4099967440276,778.0217249276142,848.9037565140395,779.5243822145542,914.8147090672353,855.0869692040912,473.72095161365587,536.726647872261,441.65940057157354,455.5149821270226,481.0912106524957,399.9056657578605,420.0884076940824,332.9775945606922,374.53606944091496,456.19167321357344,295.8930092526615,283.01444282677426,282.16535329257977,274.89714644701144,344.9590729870271,503.34522564448895,578.3505344613825,534.972265826625,232.13762891322824
rs6533107,629.8983029803294,612.1254993380592,566.0789930898254,642.4199955859766,580.4150080264609,616.1628875016097,571.7907134310317,291.6939434706395,290.0818555846061,255.38076901925533,277.0712325222657,277.0668482459049,443.3300374613872,400.05895793015264,419.16019967413564,403.23369271049273,396.361695536715,313.26870299773634,330.4144930921698,313.0152720153823,353.95883775738093,335.08869724045786,255.76992096467322,325.9029863137717,281.2071197938178,232.3898740413032
rs55726545,666.4222012029951,656.4273812835729,696.3330508727058,699.5764836572088,667.0600906559198,648.3301947016877,680.5341301428476,317.5637998928154,318.0555253295647,300.69763728604306,286.44518846875974,302.24437820945644,301.78565900850447,341.8419506110906,306.1681702571438,343.2775457962861,347.8764395876877,312.6240908441118,292.51735051891114,314.8746211427981,263.87603273504044,331.98335957394147,329.68031363667325,373.7294999137936,315.483852590034,233.1469579342124
rs7844616,1101.8681270313878,1097.9712452476126,978.1041535777567,1039.8381130944724,1092.7814974130392,1087.207764450668,1084.870031350945,754.9243222761193,747.4812479872339,789.6577196270543,809.8256290131898,742.3081980040324,639.3699710464497,729.4756309456478,638.800271647212,564.9359200423237,620.5112257983517,233.16241242817227,285.57304114728066,287.2726034540846,314.1300917889967,402.084508443004,777.7574721834352,803.2417803369716,909.608407019061,630.3803024918537
rs145870731,429.48305083343513,403.3465334631297,470.92580858730804,467.86451421630096,422.48222213905274,412.4252571084737,486.81837231490164,405.76046688783794,386.63896683876015,370.99703414382253,390.63832846694737,402.0348845523696,390.7495786956446,409.1606104931397,413.0979828650258,408.4135003943286,413.96741193218463,270.31248387834,235.81097488221027,255.5010617713842,284.8133851600786,344.0730375059833,389.51837849655595,421.62995595521136,410.21307500115523,298.2690186839026
rs376217474,1016.954100293812,957.2839252877449,927.8891925913382,1033.622641299948,988.2709898400973,1037.5306490988607,1101.560093729463,237.80874448806003,315.4608381496509,244.73968462635005,266.8551680440338,355.6392313759708,679.1952634780387,738.9181295935448,680.925160940761,705.4647484895834,663.4523246196085,436.99867978976084,507.3530562693708,449.945851554567,379.3037687089294,467.7912585035611,693.3077419233692,625.548484342315,624.907202987655,468.2227482543746
rs112579976,697.56367579075,735.3233064493556,620.5841856235086,579.6534086522879,555.8973406479345,632.1066271161025,713.8529661090171,301.90266731208607,313.12517506789186,343.88374551490455,239.15580785713797,284.6884923179768,418.94834950165483,360.57081671967137,370.25185805881387,369.7723054110946,405.46394202808364,293.7756430846801,294.7312934921009,297.9058758751133,331.1928244176408,330.53184109122657,341.1033611557405,434.2769107735183,323.2158016295743,307.34521232684665
rs72704787,632.3098096281103,586.113910071748,627.1804467531717,701.9999333909112,575.9793654616144,652.1885981151427,659.8619939800092,418.9426379751917,396.87436207701546,333.1397255418176,386.1399117251021,393.0460504400938,404.30716670009343,392.75688618888915,409.40193216081957,353.2844456071862,393.676622852649,242.75057306521742,288.98380872376725,255.7877404067485,240.2256790523681,269.5286245777397,497.71472617015354,389.3539773105357,453.05411314588724,460.2603666317797
rs74629965,577.5288218970084,602.8781990971033,611.3998602906867,695.9132965893331,565.8214453134631,631.8265720256524,659.208610059731,390.6580193447426,351.3175254129592,353.7847859373872,420.5540698167463,393.5216553898955,331.7563054363971,407.5138426529773,374.7121521695788,383.9974044877846,362.53243503844766,273.61091244761997,270.17463955985005,278.76776983276284,255.67856133468447,257.23058123593427,260.69908610270727,458.5246319310783,429.595343337634,241.1371455496278
rs12577765,790.8832649247798,809.7939355622048,765.2759110057847,926.2377136063467,805.3273244656923,957.0585438135929,849.9997290229038,459.99976848723554,445.1110904901553,619.7119796787246,511.93712583289187,418.05357101295937,518.551685154927,511.87805926394856,575.5156963190952,553.2021354590831,525.1893793917568,299.62293405422923,322.7388250380937,241.2002506029649,401.04827957555926,352.53640001829314,521.1030246236054,629.1911170484641,512.3841493618263,325.1997168336281
rs10774579,718.9922545575686,751.2319559693791,712.4204723463508,794.6796999138951,767.9129519386016,781.2736041772248,790.9310330585251,507.57805043980466,480.7807813756758,443.7604942043884,467.5984332368303,504.7004472793774,497.3584580290116,491.31714793161944,524.9475682865667,542.954925702794,517.549876945087,373.0066791291821,291.3729083100218,382.7583474518457,375.6303792688895,395.5883108274963,444.81015060846187,620.3205559117629,525.0019771712249,242.07716410947202
rs116611655,421.3826047906498,433.3633189665617,502.3386306789132,467.5487193860074,441.6261830908094,510.07117611143605,551.3713519402772,375.80732605354734,354.81216134245295,242.47278257122414,368.97873940128767,391.9501953041897,446.161198087604,544.0913861636263,480.8049492588625,415.6892762108763,429.8120128149723,419.87669897584465,344.35838631512337,362.6521635343451,349.7632854367788,429.6012561409034,466.227090698575,505.98245906890844,501.8569711499996,325.76662305503015
rs138826733,796.2554783138633,847.7142777241381,883.9589884356228,956.7142150658345,814.6666440010424,905.9595620751638,939.3834583412704,376.8959429492484,389.59907438328463,242.85126823019436,286.5648808294966,431.78684533195394,507.8265133147519,507.4807574700264,525.8548051283611,483.983851339493,543.9164355335084,402.10235210789546,393.41020206719617,385.74850789142783,264.84988017047516,340.8683421640697,444.42775896290283,550.1596215566775,539.5739835533359,397.2864580256657
rs1813006,563.807417742495,533.2247375403296,564.6743039184676,631.371769676979,570.8211654974949,623.7216966022563,590.0429054628852,284.2444364562739,305.6632888638944,242.95096835781402,257.0572531839686,323.99412186041786,250.98751898527428,260.1131085301651,333.69337235808337,329.2394154800282,283.81691373081054,359.14206205515075,308.908709474516,334.77589038151285,359.14598791568307,414.9192521657717,379.84859972909493,372.5848952759696,377.7721673492284,340.5800073615536
rs6477613,597.2648427023631,739.2763637241977,408.6767056135057,600.5556753021095,739.6448186702197,582.0182570349228,641.3792660303798,243.4586321293216,258.3570126289714,282.494656607252,271.9741147132694,296.3433530285165,493.22281431027585,493.102212369013,476.1739775741108,454.48753196651256,448.0954706236196,367.65221186170777,342.9293758325407,363.2886101082528,390.9336198336879,390.00851298112843,395.6119912385857,427.2294221033906,402.45118871425007,354.81774979075703
rs35786764,921.7986030633364,965.7296633987704,932.6526664578212,1023.1276385424052,997.2198048652659,1010.7564472182498,943.3665681528048,575.2027052463283,541.1593951835946,465.7439924130753,533.6316459600193,529.4581986445328,656.898649813459,679.4281326771286,667.7749655032746,605.2084641219648,629.4630193142095,272.4330632160468,244.84222370595833,262.5097523945755,316.58567030835303,283.3908722772766,424.4213841749277,631.6802098639115,556.2997329616218,334.57590402669297
rs35506085,936.7071848077898,944.942928885208,900.2199236410041,967.2813785403939,923.6823956909499,946.3893458162482,922.914570232517,533.5404975221533,530.0656432395707,478.6746255383095,537.7119792876023,570.4638623259184,394.16071436714964,409.303029488317,354.7897948182225,371.38821945041957,360.82067672004115,291.59223064266973,310.49356090698194,283.7161725595923,324.4772737400954,330.4684181381309,430.8264916939625,616.5609663319278,508.0221640583163,247.2627505686245
rs538021413,404.45776475811476,369.405331875253,364.90368118945275,332.2293594504325,478.72109645099226,457.28974554158174,410.51252751887307,320.4528656366927,307.00755468768574,353.0160346166758,308.0924138507954,251.38395353849407,309.06449139996,299.8745645256932,316.94347711046163,290.70068372442864,276.77669441690864,420.1479736765897,364.7469872999092,439.35249525481146,433.2786429724033,463.4949855411986,335.1132131448508,334.4491849614258,365.01843655062265,257.85814989991485
rs72725826,775.4941343446405,813.097751773776,834.9786008475135,833.7088913665377,774.9632876236147,811.1916394460784,791.7022351061435,390.6542031575258,394.4776259033232,370.7903321536093,422.9358933885007,412.36598734026416,330.7211243359476,359.5509482139767,378.3145471875791,352.6217971878556,400.96271231169396,378.43339749534636,348.9234967973875,335.5693592310539,382.566277784862,371.0528372332805,374.71615043631164,436.9014946399382,418.0318578711737,253.3699615255202
rs73123161,591.3642885085013,576.5039011536315,598.7594867378764,564.2346881040604,585.3300504357322,627.806713944029,606.658901656837,381.28688100851303,387.7115188207574,410.33210884723286,323.12666914554404,406.5354445512593,433.04247899301834,379.296876455331,382.22554874910196,402.09952874547747,417.6488340841899,332.75894796037466,326.7791266799048,354.82874948679506,255.01098663298384,330.4241660975466,551.4262144008761,472.3193243639935,474.6211879584578,487.1430602589273
rs150087472,858.4153886040275,866.5228938311836,849.755118710031,783.3250655441525,922.8832575545537,886.6885640711105,878.2213155841267,431.8948942146919,473.57588454107565,307.36458446073715,516.3555222554446,473.2902605836501,283.69648582922633,327.62349791491107,387.5380504386467,333.67660706878684,316.921350854635,488.114967592543,486.38373067588884,446.61601126471146,464.9946076107579,452.46865331756885,514.0728607479921,544.1738146994531,500.282871050899,255.18506263668277
rs293709,516.7125934630207,580.4358165390489,547.429502286761,539.2566111800785,531.9685019278339,501.4033375938204,562.0566326077253,265.52211798509495,280.6756087337908,288.59841128814423,270.4854131169715,255.74470564101526,265.7881467811734,280.703739979165,301.3758759207549,263.67494351372426,278.61534891134596,255.8011779502882,275.2757225856555,304.4388767548608,291.787213839479,286.5117089516497,344.4952342791625,369.45186383191214,376.0490987361878,333.96830840896433
rs286889,797.553590549727,750.233091550335,844.9032446561232,835.0303614268759,787.3446248005091,802.5357646745044,798.8266081548694,301.8226332356316,257.253937701495,391.033311750091,315.63833516001364,403.1473216433964,440.4499634611321,504.3635394922835,529.3435521975308,512.3741799395949,484.2523737072085,425.0295549208547,449.8226891655697,443.3850352882852,384.1672202702765,399.57228524611253,425.0799690045118,487.39323851466645,494.06074426509235,368.22367959539605
rs145496844,1148.8358211786608,1147.6011187837944,1140.9922378962804,1102.1209176864097,1136.8205814284906,1132.8022896479922,987.2283484562347,364.24654924614754,318.46662853618693,503.4965421680128,375.5953207886276,338.81969369950747,521.7530600248795,547.0319271959407,488.3002737674444,525.6890973969296,562.5607371384723,359.07672948660286,262.70351270849466,334.6434271056637,257.38449929859075,310.2984853073705,450.14755878651357,631.9135528731191,528.1345023213999,331.05453763927227
rs57172187,821.0789719348832,777.4445733525323,863.7654600708477,926.0449075274767,772.487994115572,816.9791662470009,834.9265231537728,345.99486028339345,289.2509335619808,375.3465959702035,364.4472349311223,296.24613520203866,563.7244909523463,571.4785922771446,604.3204045499791,616.0465326195318,601.0949462134431,490.0668896173344,458.89590693781594,442.2249410701953,487.9993927684621,471.19997192130694,307.4202775343252,385.26314479478447,358.7486617276044,259.1701567594513
rs34175664,401.78374901661357,441.6668546089113,496.4744526350544,466.02030914728726,461.80672661764663,387.2629873676904,464.35531189691227,366.18042615853324,376.0897113706283,354.0639782458753,397.9442939400698,398.4122342306397,392.30221126267486,373.6023468528962,399.73591128687735,405.1643566133312,411.75625796251865,324.8195653372766,313.52817129285404,310.9470397028275,357.7781570705067,387.1027494247584,307.45124009455475,411.11539170023326,384.5036258249751,261.40970347282666
rs12965811,721.3046426671846,731.4831685360145,722.7624725808836,735.7812334490053,811.7025797985663,725.2934501549646,709.4868231557278,362.54285127368996,347.50149882015756,369.2968333972308,376.55522937444135,342.12482459865447,313.44305358017255,339.7629594522981,349.5475223258999,346.6368433637797,332.5705125015977,261.75319716428805,325.46380724355515,306.77155886315444,308.8087838605423,287.05994815882565,373.15120188355303,430.59502643751614,434.9671360486595,363.3266021034073
rs72883919,774.8017634520816,785.7071239659773,843.6372770768277,863.5963842313425,801.6879592763661,859.2534603625636,847.1631842289133,364.37825551719976,333.9286079628003,352.07531105983793,333.4682933683285,440.321777791462,323.5552374948933,319.9770041589457,307.4343242050921,308.46927350191913,323.6890083775653,265.9390971464034,266.9629915411563,284.4442240837974,307.34769631223077,273.05316821181384,470.7402166255571,564.9392720860317,515.7917103388305,374.77924947146045
rs4730640,369.1573800533541,408.2810764033814,363.95749090043125,424.6205610360746,434.64882161388573,438.0770321572633,445.2142416957328,306.0697487756816,319.7532610184977,303.6256546630138,314.30151991455404,330.48609214169835,367.55206130094876,412.89069992535354,448.3905293395511,371.70226185260213,422.8244186996304,332.680715393891,268.122578846781,302.733929435219,296.1812346872662,322.0135438148818,356.8057845220148,361.44638624845413,437.3108791310311,293.1261831941876
rs62208255,677.0126693095567,722.922764962106,682.1562631871258,648.14210473018,664.5928076623844,706.0685513601552,710.2149680532546,381.2333596743569,390.1515257802551,372.03796071537255,399.59857645653085,366.6460932287011,355.2108231443086,293.47054973662506,336.81246076253507,268.76560410192513,268.1629181316742,375.25266915844696,401.0218749096966,380.7140676290578,420.2539993875532,466.6577510912927,465.6379781884828,470.05882061527024,464.8687449529224,367.7733689200927
rs113799755,615.021722581003,790.2280656791506,587.5313637435931,675.7405937337139,668.0830300047049,751.8960279573757,705.907649848243,522.4545789827424,553.7097246024288,509.3041445164106,527.4573257369605,546.7279263021679,534.0030934183682,597.2590399306602,517.0118207953776,519.4407536028571,468.63243014204033,304.41859192429604,327.9064492068227,376.33473983599754,273.3256032244599,268.8010086060526,550.3238503890445,607.7418365566181,603.2340086562698,482.188605178144
rs7569514,826.9135854387616,839.7173970000617,842.632868841203,938.7778309069085,842.1312442657049,847.6475810228504,805.8296743088819,416.8050196950953,269.39606353000056,418.5128673480016,370.2390306525079,372.4557280060566,443.92116247371234,537.3495635577411,517.9557903321204,529.2620496317439,523.2530764324031,465.0037371133672,528.139002179178,483.8848201111802,456.90102969019455,472.28936085802974,522.7210908120196,509.03673056269383,427.1689361844668,451.4361958167863
rs72267004,478.26320280922505,540.1811903603584,413.9931218783439,446.5161431256262,448.06546350352943,476.1685965686627,557.4060822117083,368.0599910782236,313.86790490471697,391.72464644206275,332.1848469795083,339.44532395092085,359.28066206097395,383.02451777648196,344.9797992599772,347.6024110581419,359.1005516522113,303.4169545004799,326.6998065462222,353.87801859432426,368.7579904619034,367.87043794464444,353.0494883238615,420.46675446005537,433.0696307445042,271.0167424223252
rs11861698,513.8901120676093,563.6096075277803,475.33746788790006,573.0827418623364,550.6637310718663,568.376601081177,544.0516158867646,383.65917723094327,391.245636624366,378.9882969022377,406.3331165656023,429.5441833639138,500.13095879621636,477.52246487525537,486.6002433720618,485.96764934547554,483.1561532665936,354.9324833456601,406.8710665528397,306.4100296822206,404.39626585132254,346.41946325846914,345.22849164626933,472.9437700043949,387.2748588256609,271.54585666694925
rs34448065,890.5604811248844,822.9078980827713,832.5772660892122,859.5093358486223,918.0156749103031,914.3821788560024,847.780251817278,395.46241600807843,456.6172670263068,451.8393951504665,380.2148581867439,397.0614809132787,551.4013508186783,539.2044870482697,522.92850600904,516.6669315488136,550.8895730974605,417.3429123094418,341.8675248475628,328.723493376907,419.03146850913333,436.90242274699955,372.6416870988546,590.805380225461,393.60202611439837,272.46030212200276
rs4687148,913.2452785150168,920.3863516810211,942.6644136798424,958.9028192973877,872.1645660331518,935.1448653001409,850.5706655207613,369.8524225299929,414.06929037703804,400.70933468507405,415.6317710057221,373.4703332363864,393.75580864807097,377.46699085125744,403.1569066268449,449.0285729456375,397.55124522359415,406.04985635017954,318.0569035857496,422.98191791170547,436.52871757275864,437.93048267595344,272.8309784134246,485.20194848250065,418.3276404258193,285.69252165038523
rs145325967,587.6082525009441,751.5582168035038,804.5020622461864,638.6395759364057,660.4547900092739,635.6777760545166,839.6183913767612,676.4885749709581,699.3856186559806,559.9580588183663,652.3114484496606,707.0590636425038,416.3798750316851,490.31833634744316,432.12871673952515,491.88569514107706,448.53324882108456,437.988266278999,506.564548686853,368.334599961915,354.3033132665511,273.8272566804596,655.5914784228437,746.0441810280446,566.8276731479839,576.9738898726785
rs113686375,570.28924588494,635.7326235844959,645.4392341495318,642.0820496048674,558.3111895769825,554.9101939676169,556.7362919955374,278.2472375410379,287.3436536916481,388.8073854260649,309.12501546217845,305.9499575893001,309.2152146123751,419.7275067109824,406.2963871617804,407.7027440102907,405.26122679610796,388.64633959110114,290.80770325442217,386.82048468241055,390.54899185355845,419.28792497646583,321.70707187113396,419.09632619101177,281.3285457857078,273.938951264207
rs17153607,1107.2888129765254,1129.3905498203137,1148.024579408346,1173.274416601744,1147.392366355067,1184.8687879094437,1152.5116783788155,663.6258441913844,700.6231422692331,696.1863829891616,670.6907684512455,673.6706834443819,742.1522823759632,726.5787290580643,644.5543626611307,688.7053894227824,631.1752933491077,398.09066334290486,301.9796983802728,411.8089000996715,274.66367605173457,422.33080531215643,652.8798834325722,800.0762382287476,740.8985726768493,418.1495784932189
rs138607377,815.7042146654986,913.2698839700564,840.1187842724723,775.0329943744331,817.7410458048703,723.1790129413323,856.4394731308818,611.7415941000884,622.4420074781783,485.1426315639121,625.4121648109219,557.6264598940231,565.5242342777689,561.9456595102992,552.0234649155095,508.0621535817883,542.9748264916398,301.25514844487896,307.1275100383296,287.88336156240587,278.0339924783579,276.87190157347715,512.1371728459951,654.389125827149,622.4171447164105,413.15719548411687
14:90796856,755.9730129105093,833.0125672509159,770.0516403609778,718.3259009524402,663.9895957997119,870.2480961676,854.6351196073788,381.5844968092442,409.4923750463204,327.44016234619335,339.95994574089514,424.33466082967357,479.6817354741496,515.8236033163122,487.2423520970665,587.0763000115312,525.1998750365825,407.2399924932034,425.9111125020685,422.5667572749522,389.58119510407556,440.2490256843736,380.59204110508307,512.1848244649083,392.0118326379813,277.5119506019055
rs62092498,805.6147604223432,886.273323272253,876.1995756994912,829.3214488174424,792.4874785282495,851.9169029186236,860.832076597739,295.5238311866567,311.40213324371615,296.0823500948649,303.2767940339402,336.96863169027307,355.80328788136575,383.79916102844487,356.3095073236454,381.640184034866,351.92201989053933,301.9131272708327,278.5834175843471,293.4575065238753,294.39509643948475,334.2466646295253,388.0557877575378,408.3275595219988,386.70081398378227,301.1899522611579
rs58277565,703.795323663404,634.1343620297905,617.7990820892428,688.9193145110868,652.4261005046965,700.5612488461096,739.0912970546864,501.73952251903177,516.1870356135939,507.3405559193776,527.3270195697185,515.0864427706209,497.8168649615705,557.4255990002007,550.2691828831615,546.1243020816976,524.6709628311958,281.3937737348662,310.71490378294544,303.5163899307146,368.29832649421763,316.85304712399585,550.877942733466,553.767433425323,507.3493619740152,481.0400157391458
rs86703,967.1206413520698,1053.6780739101694,982.9581578249629,990.7861253693917,972.5920950291434,924.010778708229,1013.2666323777074,570.7074177914416,595.0148940891585,568.4820792659388,575.2823759753637,667.1093854165999,606.8369186488317,647.6206831744133,602.2951387979426,657.8583006629741,669.8054625388851,590.6516495272995,635.1899056434439,592.7806289984458,577.6975871811385,583.6602472078823,462.031794188985,731.2882479697776,618.2171553834572,281.6836578980374
rs3771247,889.1031217506002,937.2687237553071,930.0127873481845,1003.0497836206162,771.3993859798998,882.8082546880958,922.7608975976442,532.6800274220309,595.3537468868248,542.3197559664054,602.3272877112737,595.5710110673457,526.7694054975776,585.9337415110836,525.7874985593227,541.7219196566601,519.6175284100988,283.68532363046074,344.6146161703202,281.72625092957657,307.55098514813346,340.69790799615953,446.19624414013265,621.3110100851076,592.3628121783375,316.38456741714504
rs10511190,632.3703954148198,645.4420628690871,600.7098729720077,654.0920544269364,684.190257087695,671.7399371267678,638.6155695687734,454.13534716701025,413.2134055080545,397.7799714167495,403.4294347903768,457.0011483290414,398.5677903506919,425.8087246106241,435.16480854372924,421.04835659639735,404.88504210485604,359.2414992739374,362.05886811667284,387.7180289157549,377.0156580682741,372.61250633905894,346.33628066075914,498.8499772507544,473.17458867905555,282.68133746535636
rs62050284,763.9566511292084,754.6178476914685,863.3741606539968,903.3854928685009,801.8885778294004,835.5084400134333,834.4316049800703,391.3141628320546,411.9425551520297,415.074447736849,489.1276679339142,462.37250342529757,490.84083858050354,481.2847636615828,495.09332152138444,423.88981524031567,488.07742572142325,485.3303069869992,445.92715731225826,507.4056913883257,427.9510387601876,545.4804670347474,380.83327509009735,502.66214534319624,438.34604058689007,283.58912837879086
rs532014593,560.8163628551084,560.5948166819145,454.33893054018137,524.8082665307302,532.8617188685148,584.2362109380481,514.8507372067883,355.1461015414302,355.9440516416894,331.92471721588373,348.7378459849689,313.1254883978103,365.79919053933025,361.4172239061503,345.60595053737705,375.67763780547,336.02808177509,333.12554476136256,326.85479373913387,316.7119932675588,337.8311413444355,307.8147655887194,283.99753435597154,405.57008564975695,306.5831681701066,294.9191073665421
rs74320175,958.4561421303749,1052.9240350191187,1021.2894229526853,1014.7534586955043,1019.4532253265669,962.0674232364153,959.3640067915452,484.06739630034906,473.66380343550804,477.4652577704403,476.8345331180612,487.74569396702833,524.3005767567662,492.94876927754456,476.60710499972106,453.04397053244776,474.1313905998993,293.57391226732153,324.88362159598694,371.46693898324736,333.1857777793395,303.9452491994501,479.8793644645318,616.6492561035241,512.6707792733655,284.9694796257412
11:90133829,798.1947348486713,847.1115127964264,818.8166455983804,887.4491061663365,779.1915346068271,789.349960109415,814.3064945745163,352.0878875818178,287.1574347354042,387.3022339040623,298.3534946820042,297.1886423715832,495.6542009533187,476.5051655142339,489.5902980578956,512.8274878604809,538.0113095745245,358.8487078582457,300.845266967186,376.16627629103067,359.5902633711498,351.70320363614906,414.7651261949859,418.82050806821627,426.6307291952702,293.1854449562352
rs35519280,605.5643476975725,739.9385057055209,563.4074928060088,644.5504612105519,606.7101143929219,580.0514110205871,488.3257418021003,430.0787099436808,471.7033501003806,342.1581017777106,413.6573724249799,461.2876149822388,521.9962187460636,482.0508702558473,440.444683964387,490.35108643264647,451.85912120559675,309.7628044427725,365.92365949871294,290.7680631119141,384.5964633451808,318.9843952733789,442.9183646592169,505.9034728649097,489.4167304486535,287.7926293272241
rs56266105,584.4638649861947,537.3790707647742,603.1467059078243,640.077202711038,536.2887615161594,698.5017287533649,662.3644632097458,309.2231081472414,442.4451968568515,361.2373067987464,288.37800918001324,346.8462253746162,400.7045122737289,488.1544543613708,439.00760237703844,402.98365825774914,349.57273669987006,467.26515296353017,472.6464756466714,495.4571846961777,466.8723664962052,422.49176872449465,433.32944898580774,374.9775893533514,391.6806229078165,298.503289058647
rs4841233,989.7241590919336,1305.1624323729884,1008.9893687785853,1178.928075050641,915.7984098806959,976.1389647081493,877.3816259939232,372.1137508963819,377.8918653969622,532.5768273344061,341.16989753117264,366.4573175001508,401.92375054318074,416.6754367272591,467.0542387975308,445.7588195443022,461.92766723437126,562.7063829226706,574.4243564536349,592.4694325904414,669.5413639433195,477.86796268775464,554.3364710210421,551.8329516948371,446.3471642638053,288.95140810416336
rs617688,644.5993950041302,605.35125080805,620.545928481088,660.0919702185495,583.5403153797769,602.5458042932129,646.2865516785107,406.7563620452955,414.3538949522189,463.4091826185313,311.2876067625745,370.76916279783654,393.4123907605234,392.00811798510665,408.7073108202715,440.89386866038274,401.6356820231808,345.1443301287444,323.83959716683,299.11533553305986,356.68936988434336,397.42391038170007,342.5677684626652,447.1723010129887,392.8487173963512,289.39304213643095
rs4816636,759.0587051489297,817.7531876429285,717.8203038731447,783.9176081438736,704.2706933196364,765.9905474376898,742.7671155299137,427.83696992855624,516.7086407810754,438.25737701210954,485.03231258156967,490.53768115892257,479.78696721315697,505.00995299856453,468.5651342024792,502.1335552994236,500.48255607779817,341.8636800176695,304.1720643126644,397.1134771001021,427.83820802527345,398.0804132037298,366.28533876366293,533.2969001803442,501.9496065990345,289.68339385550274
rs10645486,537.1136487410288,503.0239602660911,496.8098800408693,546.5638837469098,556.7720347597851,595.1304233171119,571.9554101448381,430.0258617509285,424.000691523274,445.58926977914075,456.1017554232541,445.4469098431057,361.1736230039062,410.1262367541818,379.73668372847345,421.7022498763639,379.85336527231436,454.2100034327728,426.0573135403247,429.0938134873629,319.9838803161492,329.7333995952133,422.52609434361256,480.3167464035172,518.4271708283733,294.3100069693243
rs1481012,416.9675886135757,553.7798240308811,442.4929392164698,539.1323790868513,446.93718578654466,546.3933875895582,586.6230622131675,294.3424237095131,360.68527219280776,319.0682492587182,306.74749790207767,335.1184429255993,370.0688042942945,440.24134373162036,432.7178538744516,406.3274190102398,328.46280874651234,353.22597977743834,302.6184388030541,366.00278645751814,420.32193879200616,359.1829954192703,422.928098989244,467.67796816330724,446.33053190790184,361.13315069319526
rs9509242,1265.6735646278382,1366.8182413705176,1324.3484923687515,1272.795242842833,1196.4682555503687,1306.0280825340528,1337.3751159619046,550.3562810276619,585.4837032439106,476.50366103054307,556.2277682161928,590.6145838137182,510.3238579501047,423.63307469597345,490.913962480074,538.5079473292809,449.6464826942316,387.0791290631525,441.19851158814015,475.8707695757203,479.9425581823274,496.5652132506827,516.3498107633937,829.7918727904041,635.1205587559602,296.8622468055553
rs36113657,473.7162492684657,542.0020600309543,522.7029819378643,485.7365170081084,454.4465314717283,570.0046021367488,638.8669121714199,529.2698092254911,513.2532000954504,518.41596050473,552.2773929708314,548.5306672818709,570.8481789605071,542.3210853878061,549.627961030066,495.38286007692574,549.9029363925083,382.49773822203025,342.210486326286,377.8317989343096,348.2711468123375,297.8662622490024,658.2586126348795,614.6645962501423,654.3129763619795,432.47710142545225
rs112228018,835.126302477802,989.1689921014953,838.9505063576521,878.6472891684039,787.3805510757734,913.2365425683458,923.3964505689718,670.9422581649526,723.4647120595391,631.7004665243519,676.8102303659474,713.4718450583223,680.441951835849,611.4938913545284,612.8596127319718,722.4209105191,682.0069204111794,401.94228127271754,355.06582064565504,414.2618824283966,412.92061341179425,386.02070103331664,474.806650243122,645.9240726919472,543.7632308030737,298.6895365028013
rs73242340,919.148121517884,892.8593328171909,864.5912035853933,886.6684340257186,932.1911349054235,941.032177531827,882.6338583283838,445.0566033139035,457.9751020408609,503.6899636176784,458.65282505466087,441.23561651022953,540.6150041871708,562.7296434476322,554.8455880973546,535.8179512143153,542.8494554912992,444.0606857288731,309.9691723848153,504.0064737548063,472.69832057488765,492.97453931307615,359.11698082135246,528.5654867964448,555.2181834072203,299.4499293260095
rs477238,694.6415203166528,652.7108256104187,694.7915951026727,756.381425408113,688.5885820927939,742.9311163381858,730.9949935733526,355.62748035549646,377.5691018123184,302.02679087598807,376.4020380042972,413.5849468229429,429.7883994538637,454.7007576033797,417.41027397093956,410.71898625956993,417.5179808427922,331.30652491178944,322.0692269091572,346.2541886457791,330.35906956799374,336.2736070099664,329.42395931201617,497.17912023090736,493.2078548806522,347.0490586249436
rs76499354,741.7061377884979,808.9099578002845,670.6481201228693,769.2715738429514,748.9653309651183,761.2440468499956,811.0333902381011,302.25179172376016,353.9383891693087,450.1394495737758,314.4143116664855,333.1939019058846,510.0251381633446,477.53426413582906,504.65291734423306,460.12603492757967,509.58022139854063,409.3698984454921,326.90911225986,456.47705411338427,363.54050364428645,451.8254666638426,330.3673209587612,438.97006915158346,446.11906254199056,323.8049168842363
rs2813773,1002.1428292877961,978.2975987384353,920.0686686536384,1042.405049298392,1006.242206514542,1044.0369676656044,951.7928228858932,549.2531524049276,495.0146726403111,532.3697177594963,525.3790030377459,507.82690028410184,598.1959633831372,619.8785137770893,641.1524193956323,633.977854468752,630.370666524959,555.4848221024604,518.181324731268,503.8794960324634,515.6762137036878,513.9717326666508,509.157231388682,624.9089701262496,629.2399701502482,302.6307002566909
rs6905389,599.7103597852082,610.6986159260302,712.9918986870902,666.2523604834906,681.827594682934,649.3063913320403,685.1068634948847,512.0944213585459,575.2192093431096,475.2200020024153,582.5850694545421,569.8028025482616,471.7711735725453,511.6907185628469,443.17574940908605,481.641550526119,462.30726235752985,462.81969352668455,484.1602552174801,365.1500230191943,303.93304374923275,361.13852344588713,547.748584569255,662.4270229192952,527.9241502857208,397.6021614087929
rs114198721,729.3985959591539,724.9791809169847,740.8055743174597,803.2150499998858,595.552711619793,1062.052087700057,895.1540208179853,554.9682888672841,642.1898817579936,593.4369885890924,599.6355551675608,682.2715922834384,753.0900952999896,673.5341558415396,744.7834487511318,780.9953830811121,728.4596816465208,644.2057631306511,650.3221062666499,718.2674278379232,709.3464198080916,727.3586031670338,609.4060558516234,677.8493711794283,622.3020600689925,304.14480991743284
rs2642438,907.2779017614064,862.6482883127943,866.114659443567,835.49662910424,869.8293802523003,802.1014040141009,789.2723402747104,382.12659482918775,367.34566449622093,360.06508561880935,392.19356773850245,327.71325192109146,439.87823426214726,515.3082341546902,519.7551201385675,453.37203558585935,471.98867449474045,654.1392498024292,556.4280754212286,602.609586893747,503.10843241839353,528.9355407803134,470.35552021895114,449.58151630967916,461.09069306108086,304.78803441730213
rs140997855,660.6631209158279,707.2712907069161,685.4567952895039,654.7493690204678,653.1671441079166,731.4125308224401,701.3963670054204,520.5760581569385,473.5046169465448,508.31327681224326,479.35992641837333,563.5321552478833,432.9327130197581,490.0860794566557,424.1853849286917,483.1173747228537,406.26445420680113,330.15080473321945,386.0564381040467,399.9457842944478,356.7315716110707,366.745282566749,467.0825775099165,601.7715420839602,552.4775215845874,311.7243873860716
rs146987041,1179.4935087911088,1281.2209237453512,1416.2015289443434,1459.1586939972995,1301.9952262839377,1303.3109854307856,1373.1421645119103,517.7166565796225,570.5583970574239,499.04686062059244,523.5200139797593,508.57830617723846,319.5201667003661,418.1806732772555,312.23237662421724,348.9441145876439,405.02074761439394,355.54916449286304,411.90409709418356,327.0654185553823,392.98229053276907,343.56393213792063,604.889538149574,743.8002219969842,623.1429599829744,536.1838829130195
rs35702515,817.5361707293448,788.0666654207532,807.8173974040412,847.7370437609004,813.2512863515898,821.7489346446259,834.550616245157,366.72784189877115,462.48335717718527,448.89990035450666,442.9858841944217,484.7498686986002,594.3178852909941,596.8434178244568,495.8861453428541,548.7623849989151,570.1966040504517,365.53985273358256,466.9305183238023,464.1184195682221,380.38232916810176,380.2339627732461,385.8612407890739,467.3088889138575,528.1720172797781,312.2501629183577
rs117390886,787.2467457056301,834.3409784124756,753.558317431394,779.5593552897456,795.1119881451981,883.2448142591601,812.3293015291308,580.7047074348931,551.5764428771156,467.026201687125,525.3032601275713,612.9197044860375,595.4275096665423,569.0979574786973,555.0327858517268,568.0714827760738,572.8006972220817,314.6524651074477,323.5122427657039,382.98683605665883,477.83496878140596,466.39829040320586,617.4345071837425,612.7360097150026,625.849579614183,557.332274922612
rs6074164,466.4851883979541,545.082258005955,556.4571464010113,576.4902769318562,503.64985439782475,539.5715271352849,573.6922328549849,412.069057818073,392.09592742002894,356.6304453024599,376.25779572106836,410.3302007210959,526.9884516235231,500.65648685798175,520.2077505191291,512.9708483639195,482.3555535251767,315.31222998088595,336.5857649678137,352.9746923599651,324.3390924835151,321.83350123416886,400.7607217979878,494.8525488631424,474.37275067493937,366.0513250148745
rs117265989,781.4187378986151,774.695971568113,747.855162049698,728.8629161552418,795.015155149918,824.6979840661262,794.7945946973012,505.19195888892335,433.53106750150187,552.4666028213959,400.68825874252667,337.0045849121805,676.3491071191545,632.7053705202517,692.176399555086,667.7929220720526,675.9611965244582,400.4894288194482,377.66965087358716,412.52505028937367,421.0715740175429,392.6177861526001,517.6021994175519,531.029832004281,502.19180395713363,315.66014725211465
rs140937328,581.9647383810518,538.754174194379,525.3988609163865,526.9615996080605,547.2620734386312,589.9454842394772,577.3456108861856,489.13586694506824,464.24977773079036,466.2683797543386,449.0076690795712,434.50289399879216,519.115825112845,458.4696793620869,507.57209977820537,477.4265182849319,446.380691538985,325.802393405221,358.59076957848384,351.4499670822229,316.48921744726715,368.80821485193246,338.67518218086633,513.4561147348084,448.9856378356025,318.28249952455803
rs201139689,692.1686813650417,724.4847706813014,775.3321227484762,818.09130912918,774.1409000906693,827.0050236389388,808.6934997913327,540.5532396813579,539.7883668981758,620.2064704870921,590.6076739187014,590.3552888424211,688.4651629820365,627.3935204844162,654.7025069567222,561.9833468108087,604.9031138781558,427.71813497232785,490.52932228946264,452.9744554012143,459.15234589199304,496.2254219039171,527.2333959340233,665.3719674542637,600.5434784993615,316.6251704838436
rs58334749,597.7521032074474,668.0044288690649,529.263400506173,673.5585755054296,616.4704459596347,687.1129671135693,564.889895154522,351.443383588057,318.4134885273426,356.55752098046935,374.50149025310907,321.07954170860364,387.50774986295625,441.35262675026104,465.95891849459764,388.5939883568056,414.22568722089096,431.7728900480249,443.60450987472325,397.202044920356,415.1895921735875,390.76066155818967,538.3391286719565,416.2584245077741,446.0623842346446,369.0955434844487
rs11242723,1261.86747119265,1232.021421295378,1267.4650548506993,1269.746385169283,1206.3023193524984,1279.0748824527166,1195.6193400211891,403.9975337081747,436.1129283684643,467.9151395659237,382.48157521791614,394.7483015126201,439.2611199349592,547.5819066401772,638.2454325118416,737.2479649816594,584.588061485509,580.6266688046743,586.9913253930488,642.8625281366227,622.2795766940931,724.3087018413635,437.08443695592285,590.8279129481398,443.8658590897738,318.9884424880263
rs34343843,605.8969838686846,701.7651067915324,578.9131532534182,590.0565640321793,607.9928753227643,662.000054618005,639.5810453595182,551.1657621280169,496.09793948981144,520.174332947626,523.1977559014388,489.3083289464008,424.7471393719207,469.9294033081163,521.3763788256754,470.16401269789884,490.4172008317045,522.9313947596278,467.2508293886898,491.2258641322439,529.7073376513983,438.00051346065027,434.275448671493,550.2307466462048,490.1994728530019,319.40666501466745
rs11605606,902.1312139117673,911.321855574002,904.0945470178543,847.1987185804556,821.8474158784252,934.9931650258831,883.2355277240791,385.14551735965466,376.0770594041737,324.8943394053222,374.9560569304482,421.35385542909677,460.71940091009253,471.4986372102933,371.4917669928461,432.0136555528727,412.5818994221691,399.1321178316914,429.7372627458944,397.17897236877286,368.5649953133737,372.6078765074123,396.65390799008975,504.6878172358928,482.322650680857,323.14013810860934
rs11561378,819.1784707785151,882.6414753642762,740.108763432704,799.8123431560477,786.0070204523405,863.6974549163376,851.9012423920509,444.2471031606359,495.52571177632007,440.9194830698605,400.99551189557775,407.4066689094812,561.6019038957265,503.514913913596,517.2453833098331,451.2385364926362,443.22489384468076,383.2059816700186,372.6010305105421,362.10586827062684,366.87043167952396,358.75406375298996,441.62621593218057,577.1094091403961,519.4264308251509,328.0313026284033
rs6905035,1025.6358091678137,1069.8548887026138,1087.1331339351607,1040.1869060918366,1049.0302958796462,1065.6022528537833,953.0923206031882,380.03990822342587,360.43781210031136,328.1800512618674,411.93702527190743,421.1138591955989,375.275924136054,377.1095535754262,377.0271641131005,400.7253610143705,383.831165075968,436.918099301711,377.52965052445614,433.57064505620116,378.62372009360956,385.3307730360049,434.2282144777816,480.82180165306335,431.5290180810107,345.1634871193341
rs74849416,665.6490436557906,711.9646645217049,718.761526103563,661.5145262355866,624.4016883473446,733.7923166663928,711.3640452935442,450.9474094387771,491.464627994682,418.7175812261608,480.671188180549,453.35372202804587,399.85886167166734,459.27245873272005,399.7319474732203,411.2234035957571,365.21386202260055,349.0501824475438,366.3132959564485,398.0127167307126,376.6757035198131,331.73464311121876,527.0705303255562,567.341045935192,525.3218504303327,365.19112508527434
rs76624186,627.1456995305779,586.3926571112639,656.584489527147,652.1149469069,632.2336344791487,705.1306465226545,676.2981673922067,348.64817619696646,360.8599356848375,370.3316507747408,356.4837737859724,366.33934273920687,538.071615968685,467.49523501549356,494.3615253583516,500.1308651192598,453.67902800608084,513.9237455866066,568.9288819388731,524.1138189372681,488.6188991722136,521.6775350483326,482.38298813552615,560.1447888721034,525.3890729185515,342.52370347980747
13:58723149,541.1365396144594,555.9195850550791,590.9722364408598,584.7748313588432,491.012762617019,703.2596418598674,653.720333683341,601.2312173372319,517.0659640982772,570.6292676514529,571.9975447665327,557.6773943999626,556.8272779654186,558.7890838274583,633.6454829884713,592.1966838969718,517.3532318472502,391.3074383585943,344.110588403619,434.6296728901049,470.3297874988483,497.97250489225775,561.37320567272,579.1545261158303,551.0773174888801,502.218524870403
rs1244349,886.6497031545008,995.1986239430951,918.9331219273028,966.1043758057059,895.7537128875098,918.6110740660321,892.8759247849184,385.65971854121915,344.7973770588543,434.74939577223546,383.91852072869085,397.6914714681932,553.9507180626507,565.115556311365,581.9795422140793,605.7037286156542,571.579619650438,490.8695465613146,462.43854737258965,476.6183877658225,496.8156508233656,520.9437530026075,544.8558059051837,549.9206670395007,484.1860320444797,492.0156245273911
rs17502847,723.913883902772,782.2958856913941,667.9128189324509,706.6800916744575,700.2326302310017,739.0602549134773,783.6314449121003,418.42548321580676,410.20427207058185,429.73166920857943,421.4140476852002,462.9154375486624,481.1466837646946,502.1640886263888,419.3707009900282,470.10038054987183,456.981505303152,414.8055412348685,417.5654452201158,494.75082824048025,425.0902271808052,438.966160710155,511.827905081644,426.4770253288103,508.62177857098686,345.64657373276566
rs72656280,658.3044327713006,666.0530547946155,640.1167839384373,685.480422995124,613.9874673639785,687.797047460019,647.5330430302932,496.2131177464643,486.6061324098137,441.82718718241125,486.2784810101832,464.95020059271445,510.17198163294285,473.03277053099174,528.2824529121579,492.0984065120021,519.6220924302968,349.8799820763884,392.44784588935613,361.482214083307,355.95797426333166,347.5641483806187,465.43772939350345,534.5487667387197,509.6272127669145,493.0677538821677
rs17418327,957.691644997351,1041.9371522574415,921.7654486865953,970.4470753097531,903.5726188532711,978.7088158928084,1019.1004545695536,429.2031241085676,562.4856517525625,348.1986941460056,413.27433323659636,505.88557708725773,426.4500428885056,555.4108117253419,585.5332928810966,579.1601190335491,483.44748594418246,518.8753650489764,543.5906019238354,555.103385083436,592.7413909836432,631.2107964019601,756.3527903302063,649.7872920924391,695.7372379370316,642.300486716844
rs66755627,747.0726646117257,846.3612292841966,675.0416546072413,804.2995141513812,780.071786289682,882.6739846382707,790.7858505860751,450.7906416925804,455.1085869078805,506.1520186182503,459.6885388780777,488.0820738889972,634.0434908181396,608.4621493835133,659.5957220548391,638.6169914316904,618.7868704996824,501.758551304916,518.0907284269106,555.1052359006904,525.8701782707053,466.8791361126134,477.58475623318685,583.6310382005161,543.1463230442006,348.3095543438038
rs9371649,772.0528738127842,759.1191384086662,832.1997303842446,838.2892091510755,776.2469747331251,823.1405070862187,797.4209831193872,556.0676511789752,519.5557582409873,520.7482376592017,523.4244573230379,496.7911692931955,608.8564511583154,636.0492197330343,630.5987469617554,545.3604819558567,576.2354800299478,414.2354410515833,387.3601019912497,437.0697409143446,506.11154110374815,497.43066653441736,543.3406837358419,601.4209236279777,593.5677516677977,349.229223189965
rs12874404,705.4256444746168,690.4974258742646,696.9538981618191,740.1468735965253,702.6230803927169,747.6975435172593,683.1571313573893,523.0623042601514,497.19097462787767,493.5363737043148,531.1894299943269,533.2403599422637,518.8190784159158,495.7177504371812,528.9703840950739,477.2666888443929,525.9431716591257,361.39662898175726,445.21825823976707,358.128259274534,349.69070475322286,377.4628044529982,424.0993874877007,565.1097978741661,528.9804896608287,429.66775285587596
rs3096337,1245.8634404493182,1499.1593559753107,1284.5626501448407,1359.0651134276386,1356.1014206931961,1382.6019231101345,1350.4381964165648,925.9591600436524,972.9904208434542,862.9138737779202,978.9893358534493,915.5244746794414,888.3493179162612,882.4549411327566,832.7570783486541,935.071075410836,932.0715166090629,564.2624575246484,585.6582464952772,444.4548543590959,352.1261487642483,425.81840815909663,794.3466773355747,1042.4412940538036,903.325470112964,721.0805501751182
rs113177067,1217.3401254377745,1270.0921299727572,1208.2871602940133,1234.0045385640851,1142.5480798928397,1268.5915806161581,1300.9635426391862,807.5871944963184,752.3140312241625,739.5796877354811,783.5248829713898,778.9548149891025,749.0930987612289,833.0164183082676,654.8421752078671,654.5561069417859,646.8912190028061,660.4129749022123,657.0560711096334,655.3386368548121,674.4867112449434,664.1331456372648,599.0929494302636,846.4554698002737,792.9071206175856,353.2334038274645
rs6509859,1674.7269742096585,1786.7450823477088,1561.3772354436169,1655.3266751763808,1640.2762596149332,1688.7847709238913,1680.3225029136734,1116.883438882932,1110.266275802161,1048.0744890854858,1089.3072983609306,1160.7455007581163,1206.9532034910133,1198.0231209536666,1339.3986933674648,1341.2797754874962,1292.109883107706,355.31215512834166,415.2313910561915,580.711714584813,889.6180554997122,764.0389973704252,1186.0752132222399,1318.6287793605807,1217.9936219413216,1049.6542803044877
rs57737477,996.7661814619986,1033.9803678664261,972.4602007176524,1079.0182407218206,1011.8041424322312,1076.5958366708346,1062.185093691331,749.6823569351944,685.9351063374455,786.5169230268382,736.3993220987402,687.2961098023229,672.8208493353341,800.5113153338677,728.6012192798436,742.9709779669154,744.452797060014,356.4089970376126,371.5793914629818,357.1448856223496,385.2568455607524,376.60572276360506,622.3970302390125,746.4837311837064,762.5747783402115,381.0333308878619
rs79719039,813.3348854063794,841.0245619898478,777.7841644269456,828.2131238585425,807.3143756135145,880.8374407160592,795.0164164579513,421.4756222077444,412.41627220593716,509.84093402546904,483.57864233705294,423.4211788025522,389.99222279491033,397.4483712032161,405.52532837423047,356.5453899018582,410.80757389373787,418.279079272749,393.5643454761097,415.69949517757345,459.8235947230683,366.89700785759817,516.2115842875396,578.2896784045531,552.4925444113488,521.5980034281107
rs58463871,1102.0124662756098,1053.9546174278855,1165.7105392494557,1150.0012390533868,1044.2729820814238,1055.462842272563,1073.2608143932234,413.4575075406712,400.90922352033795,483.9446100410423,437.5194668289101,357.5828729923546,757.7012758621806,620.2007568393057,786.2083131095994,727.7250646188412,749.3540469802027,563.934971064051,630.201764387608,579.1480798083817,554.7799589855142,594.2319299371356,490.861091504961,440.2941980699715,566.4989714721871,497.16025039068245
6:7247111,805.454915465003,870.6099490958899,829.9379696625411,836.9753991230134,793.2804456218611,874.446536741581,866.593166620533,545.9848520511781,478.0053718997337,534.8944996622887,531.584671268031,497.2085533023374,555.6070486363509,538.7166945608919,529.7569555964061,545.0908646933095,560.6847324449798,599.2958638601638,562.1890788173492,594.7424821657125,605.4632324553429,585.7480400572931,528.8071108933786,558.825215448256,512.3621515832386,363.16088774171834
rs140024501,782.403430342797,703.4231030030344,693.3801633759158,822.175363825931,724.8835368501882,756.5561980067552,725.0121498041343,513.213014983282,571.4140104672855,444.16525632607517,515.0913555339303,567.3110937343212,556.8755422564591,513.4959864612621,494.87809631484146,564.3653522243784,539.7616619516841,479.4065659401562,448.85194553251176,491.0434731601473,414.65982016810796,419.97688385496656,506.10226691965573,489.55893480646483,554.8729705407425,363.6466017984471
rs2608894,1144.9770167275594,1180.5182660447783,1093.84011075743,1206.2223931524463,1075.0645637534453,1210.302834967833,1249.311174121887,786.9197108869429,876.9865370374621,803.9365873706652,823.3368447939423,817.3053871193702,887.9984380388842,880.3860880578851,842.2218416215062,844.7405913779278,770.9307797425294,552.2016761954852,562.6136847463291,524.6914305846267,642.2486953717084,627.4300829291444,669.1912167548749,937.5123965397352,855.8292737883133,365.030448269375
rs61950492,691.8552871184241,763.5682530013141,599.739983186378,650.5839190443314,658.1258900202303,700.5723004840877,696.2509368302914,403.2457860151315,385.81146538764193,365.16799369442566,419.5731396211327,448.7507135682099,414.10229652719903,465.20916892531795,435.09302388198637,409.99633372065745,458.9233825560233,425.8292715920835,533.9841042943631,443.23159047406915,477.745661975331,486.6170892993945,365.6562991618371,505.1050120069258,475.8386119734401,418.6832501491192
rs35648552,731.3519871752745,900.0809224221778,815.5079789574723,800.9199821139365,747.8749061663399,755.193466676033,883.136577586731,535.3173507247376,567.0339633733062,478.6926858062565,542.566733042348,594.6634672342674,513.1553596981524,518.2670037245094,494.2137940975129,515.4277141278268,502.9639539522772,402.8094378977065,385.12862202865153,414.08389048062253,385.145370534129,404.24034742133284,511.5873681184795,693.8830100582261,557.0905964630667,369.22778475663654
rs204993,467.2635444479574,484.667797714552,487.9508698119541,376.5941582005271,446.4082636689893,503.6486723913978,539.9848579476977,457.5114166544593,497.5582525008557,395.1261629118388,475.6086940726149,508.3352513020601,525.152492933473,485.7641697720786,558.5154722674826,493.32967265711613,508.1936996979181,499.1029936228169,435.1603007361022,425.5601458116786,414.21404230497683,503.20630844224803,378.2834487874851,486.84348584334,413.52378989004717,369.92674287571344
rs200439755,970.7488828620703,1020.4102631958715,845.5850573795134,880.2572065980872,941.1441864369648,921.8025410689244,887.6659567142719,391.1512134464796,436.6499703303007,466.8425466726017,370.22593600282414,431.4033693470967,633.532494097298,628.1377854596262,674.7367868680235,661.6651608349952,648.2407241635606,487.49851393477894,530.1128433113622,477.2605489777772,478.8642738428456,527.1620967320323,451.7356557674509,512.1621272131131,418.8174436176686,399.0162578588586
rs193159515,775.129697255911,770.1005004834304,774.6447734667817,777.9422059433185,787.330566501254,751.5398278531691,788.091256428689,575.9233120665624,638.7965246664228,634.5330296106708,579.6228375334273,557.6685800430408,523.9204938503738,537.1608244310512,535.5715389902406,568.0549881906346,523.1051785637874,467.6085980406386,444.54351858285094,450.9823453269123,481.30617228874627,447.964127693731,579.6369348627676,659.575368363162,607.5547886697681,375.8757463606084
rs28558783,1242.3417770179014,1346.493062330159,1282.4602190234768,1206.2237334793438,1320.8473959604185,1345.2124396940774,1345.289005436318,798.8155460136759,800.0578959207144,673.2417469865221,737.6576169365101,782.5464425999909,560.1602397619129,700.8376711913585,562.9604222854882,615.8004490471176,570.3353615556423,508.7207853638196,434.014574918427,531.2749375804029,497.03678132706716,513.910274481924,579.0725918977579,865.6893052637212,640.7613792715265,377.7981774895424
rs13107492,913.3196503414622,970.7018164727896,849.442444798959,1021.6412339427076,935.0962653197785,994.530603803486,980.9873897427979,425.31845032926975,449.4952830677357,379.33652618583267,394.02826332573557,444.2400196183772,494.2719126421798,398.16691260824535,440.25513926273703,450.20921622199893,442.39958624036575,435.108676670358,425.85901709656406,435.2285433619407,412.9702502277911,438.30680977503016,437.9880480486324,574.832245212729,514.3745187967819,486.7120312497913
rs138109476,762.9864312234344,809.6612614235629,839.0394250465122,875.9709273335685,843.4270372212237,890.2913273056265,854.1822876939551,539.4589173369137,479.01759135593846,536.1334613722238,536.4689372177916,559.5264626669443,677.9825700570309,694.0839947666702,693.7295911664504,692.5370130232125,719.2092571484137,380.87966168677235,437.7445101505801,421.6264420178039,453.7521039896946,510.94352907308104,583.1263243361414,635.8858781292835,557.315429462862,440.01332966759696
rs4817984,828.2772770219025,914.9918561119434,821.1128718518883,869.2115679250985,871.2590377482087,938.5673194013199,891.4216531976182,564.0562770209079,589.7056282077888,495.21952099864313,538.5329491779152,591.2183299532722,584.7645613875698,581.0788235372072,585.1864910344945,595.3485674707157,595.534328461354,513.3964617152782,552.782561215588,480.43238848116096,522.5180424634979,555.8147497003355,469.83430425663516,640.2462617578442,575.0165541144586,384.60015495718307
rs750112563,564.3112396794653,622.9783473513693,682.2296011834391,611.6109677226287,603.0412693032198,630.4138055405396,691.6497984767393,450.02777291287134,426.14031373711754,392.51495790700295,413.3455442693486,472.8939650430874,488.1715316921248,501.1351271142376,644.1396406997209,531.9347891708518,501.56704948809926,572.8960149761501,514.0782003677907,505.267882933763,454.48786288400316,654.3759327837022,541.9972737662763,626.3190985091778,544.1517393804339,446.11142766493515
rs1150322,695.9371558377185,626.4638662554274,746.1872591050267,757.5048280348444,728.1161973783262,846.6558304666922,930.6299439100458,578.2038456311062,651.2262555571286,658.6532996149513,665.9687162890322,621.7001709302795,545.1463019194528,568.1724385558559,512.9965237178575,436.5797996679039,534.8165062443071,591.0437469753546,393.62894874344966,470.64422847060337,660.4324888507815,630.6655208963845,736.969232869159,759.9633572898389,719.2935363544345,482.159742058978
rs35586577,676.0192312477604,670.2164858438122,650.8619951848937,735.6288084191976,586.1123562096792,742.629517457471,668.7874034912485,405.7111527454501,425.4123798274632,411.8184766237866,447.3124195285246,508.2473362937826,517.7493096837711,456.61184565398,531.3965871994997,460.0156280897066,434.1816887322923,469.9469766462299,512.5983952393086,445.64443679671865,414.79297149885,484.3428616519406,524.6863555217584,568.2814432714123,520.0975224963746,400.15554526681115
rs201574164,826.9384539872083,892.958931347192,746.72566426794,866.6856429605253,898.6585505860378,866.4387192646233,853.8291211331857,403.58052881849244,414.6648658906032,444.25632922827344,414.6740592933914,433.20565922787756,511.5688718258736,463.239906412784,535.7675294824016,508.0674349189562,522.5563577340337,578.3565826699876,569.8465755774853,615.2537937797091,630.7906910255018,551.7137611605797,504.6270521430872,476.46536216289195,555.9825575337126,503.5106872875211
rs10901252,1591.4600261343971,1575.3950265422247,1561.1599558337052,1614.0297224225085,1524.7394243528852,1587.6565691063488,1380.5625412721738,624.4909242902908,708.3598677044278,736.7683234732513,631.7931554595439,653.6789194280032,899.843844016875,889.6003743843661,921.3914816832921,951.0073259319104,902.8800601821973,804.5168642210415,917.5969648073312,928.2906079915944,877.3874219288226,864.9208581391824,735.517494050344,775.3371651881117,649.6152188766278,404.35417665428093
rs10873701,524.9506064894521,503.0590529289643,550.0843589446686,606.0649455349816,635.7731528378199,655.6988495422872,611.584282963758,500.08507628709094,482.61036400336604,492.50104161752637,486.1158341179718,471.4860333469433,447.4550016034399,496.1975480257148,546.5834626900555,516.0735639430716,501.2454858661003,545.414426379594,493.00257312062416,519.6303474856886,441.45998309023247,489.32347884948155,406.32359972320677,463.2061559478405,486.61150175646935,417.5268815848776
rs10802491,1104.3621752207785,1208.1310121786182,1161.996602640809,1174.0725839620484,1078.090594068053,1235.7767849009044,1236.3161943119335,694.7398651527436,729.7667278784612,615.8727273106758,736.3589137788639,710.9646407113132,583.7518302000686,695.0378128577654,564.3993749476928,715.455948825355,648.4003130015992,408.97327636106337,421.96452583610613,428.644588384834,432.6823976924279,462.4022142936644,602.4658641955864,888.0767478666959,758.2258910142624,522.7992998431981
rs112166539,821.2671278144741,880.9518456688121,897.8911026744668,868.7753136873916,803.8548056879956,854.3497398824503,858.9259359742641,646.7026746368684,612.2593542633466,606.4660517221375,638.2197090933917,594.2247467303846,709.7505807420922,649.973735964875,683.6554265715179,649.0336008062068,674.7365487455771,509.6813769067056,416.81737370647215,473.26056759584776,464.07997875851606,510.97639537455274,658.268988290733,673.5449035123206,678.1580094765443,410.7498121642351
rs10701171,1038.2194974214228,1080.1516593403214,1031.9232427696627,1056.8085418705675,1072.4690140024102,1099.0654026846432,1098.208729664863,655.4030086386819,710.5619479910933,685.8505256003526,683.9505991334962,675.7065791840862,637.0135425044915,632.0945809569731,617.9569724925675,653.0618001767933,579.8263449422777,578.0576668495431,551.848227144728,522.3652089717345,477.9836245911998,459.63089999747245,686.9724291202627,735.959695760088,760.5235104096118,411.0690609032906
rs750871923,747.4454833096547,879.5453152279317,736.1854426123402,765.004882712345,861.4447325485432,834.6081549184865,937.3838747162165,544.1899691364623,559.6078160076878,526.2822256574503,539.0136692681954,581.9976782311322,656.1545763463178,667.0347674849997,673.874400321521,640.6340015466363,674.1114849861467,440.3771927984596,495.89935450970324,517.2098225262472,444.39378696126,480.5621804403147,614.6623599638336,681.6080485079948,678.0081509081815,413.74063006116006
rs141037074,766.1580763890177,807.0425264541609,714.4286815899834,737.4528053603216,757.6075460741527,712.0763370954725,771.5159148761772,462.1318178181675,454.4406878815908,490.3325402530412,507.80638770701,487.4910676389237,558.1876235003588,548.3118180253796,545.6411623900218,438.60084099120286,564.6226171299885,416.2550445729684,447.0472856257943,435.65329165930706,492.6061939280367,421.0305634312248,540.0851635865262,536.1415819691495,489.4574314575304,482.57457620133204
rs150494852,830.4519391490642,843.7547003950706,964.8838573278865,881.5165690737451,721.6894345719709,907.5265116603985,809.5955466320547,708.5096841538417,769.0424790556965,687.1936871599268,676.4347220779307,820.5934217647377,833.2865080888062,731.5512436391708,778.8120248817402,826.1590728515347,778.223373356889,417.4375095014838,457.1129250899815,468.7013774497861,440.69085994505656,449.717953155718,680.0881829932181,822.0227850963976,864.2226428914112,488.62178971485525
rs1774131,763.6360756971882,846.6184642211606,799.1886665841749,758.518239817469,770.1759806434676,807.4464263239959,790.6150917974592,596.0586114503138,587.9926986369795,555.9884200234097,557.7687198360392,578.1613882276647,580.4395161669398,607.7609523788773,580.3783025305364,597.1629014807255,619.2308121526054,506.1868780207107,481.09115570899036,486.2483260647478,458.2571380051679,491.62802506849005,574.5413559529509,658.5598360166105,554.4523168385437,417.9361632623668
rs7023969,1294.9663394357872,1165.3544802897861,1119.8346536548524,1325.1519660021095,1209.1211068466778,1216.326102536695,1019.0990645647437,558.3764812257959,643.5482414372085,422.2987937181349,624.8681221574424,723.1245344622388,945.043862651621,1091.0593127105262,1040.9438306183692,858.2585545246077,963.4525022975752,932.8944636923109,921.4860073555913,983.0757908256694,941.1603627947167,1076.4496942070414,563.6395492478034,789.0701746139148,791.4140512755534,455.1832702047893
rs7246865,694.3944603417725,666.1212728920618,613.1591381800798,711.1018734726556,590.3869057865749,699.4588221436161,696.5727011709532,626.3111031014028,543.5519491025924,594.7028265782143,577.4482400225711,574.9917179310074,525.6858384078678,509.88107283896,549.2895847128865,489.6490524149165,507.8687444224328,509.7159844993556,435.3938046040157,431.6065904462346,446.9151188616397,463.1122727465413,548.9775180483186,668.2877507813832,647.5490942329349,480.1801719423407
rs1941635,954.3577709005353,1124.4196720067566,766.6522597134745,962.8379462765907,955.2391451315368,1014.3262652846186,993.8969338726959,457.62356494317856,483.71789879758825,485.6828489193859,442.14225361059266,523.1134376097662,668.7135908821512,716.7004362635329,649.8553087389012,655.7564392507447,650.0646544015419,661.2027292682561,637.243724660201,723.4801104998363,768.4685640612,753.1351894198058,554.0572527691081,661.2568750261157,567.6308593488149,549.8369844803159
rs12512607,932.2348688505749,1004.0963648808361,992.5512884378192,1003.6927192657351,901.1853626124062,1016.4402884502651,1025.8161070369024,583.7726398426464,590.3047416661573,599.5773716727902,536.5729725452805,574.4430859469732,738.9895363047622,737.8550449559284,687.4907076528876,714.2843972394822,636.7727354787653,452.6203284797784,547.894101125914,511.3715084212279,505.9416753114785,544.6598166107951,701.1928346752185,767.2828265101494,734.5057283451803,442.6986966085548
rs76613515,1091.229793895274,1063.6839465643793,1214.0617932187706,1198.7435591083554,1038.642090835278,1096.9003326191835,1132.7448975246318,572.2700443660742,604.2775668633894,559.9436119669542,576.0823743986851,603.6440010978339,641.3242116402677,689.7630924847931,736.5416844937712,714.479007095671,709.9607006137775,443.52747291201945,548.8924128395105,531.8402563285887,472.89727689692074,459.19959566286855,625.9620426198675,656.1671888723139,710.022938282213,522.4339018988362
rs114087609,1320.1966204575729,1375.9364400540335,1341.6777228980757,1420.108931653289,1331.1183404166954,1338.6699023121362,1305.5087747587365,593.2560266915569,595.2356891848211,541.2943879104566,575.7936810923793,543.9953592524702,553.4211594130169,508.67702351707305,460.0612641124618,518.4349670980337,449.2860681876698,637.5022988753004,699.3116538456193,602.8166093942616,517.2983633345431,502.3129431069973,588.0954001577737,723.4384760466916,621.3685333878335,480.47457841433777
rs11160318,1052.809163525152,1066.6177684663594,972.6395836524298,1069.007170562432,1019.4792023410454,1106.5945875085406,1082.2288232308742,649.3292506320832,671.01363887766,642.3938906809652,639.0490261383276,677.2940998900293,783.8603598741907,820.4633325329577,833.3365630738444,855.7823064524246,824.0832014956802,807.2230093962568,804.2231691680272,784.8738715649321,759.4715860904003,805.7435687433955,620.9456931145057,803.8801508043852,794.3199157580009,450.3196289966338
rs76277413,762.6559121439415,858.9772274449692,819.0053915733274,843.2264277749128,759.561387395489,841.3814724705986,887.1913282823037,720.3102720047049,735.5602468181702,684.8627884176985,636.3819464814832,676.4004021828299,739.6938062279619,729.3469303024099,649.0145791404648,727.29021420871,762.5265631743916,676.0685923312079,642.6451801042631,625.788443572734,554.782838109682,608.1566782729401,576.1904475604263,702.8436465709387,681.2052511806256,457.93416602837567
rs75398812,836.9452675081926,852.8235753026352,821.9753419600688,867.9979353820322,828.0939193064164,827.0991006092078,844.6787908819967,555.0894692460496,589.2585302976076,530.7406785000767,509.90488588711503,569.0243886153349,576.5844741159049,640.5294443261389,527.4252084460213,614.8071676833991,590.8249387810938,508.33690160966677,522.6343825095595,485.88787546403097,463.99425291921045,460.78926151533415,524.1796016128956,682.8294436608418,566.4098695683189,547.6870160110301
rs2516747,1314.8134756046056,1333.968272810219,1340.864754630766,1411.8629827440034,1325.342850077565,1476.7053528606086,1409.4695801077771,809.0082117719436,786.7879371285586,883.3661289006785,829.0555030305013,784.5628536901652,838.5268059028307,921.1257537408868,940.0829736595289,847.7557665283008,748.3125704799975,1013.3788210544376,846.365248392003,895.9763368382193,486.14074974095666,738.5551567158428,837.4091247095594,941.2261580836843,937.0691189237718,500.1467461465935
rs67585720,975.1875450843361,1162.1500062399634,1128.434167326327,1104.2201335454909,983.6652464025211,1084.5997022333718,1117.9316123481276,681.2167597576162,669.1148535824668,696.2461660370556,728.5529335019426,708.8463753408804,964.0976455691069,849.7321199371904,895.9029109634118,981.6451730373902,868.9339202990805,646.8767815755604,547.7352298353601,682.7159062537726,639.5716004556112,656.8060039466682,840.9855181429141,888.061524510419,754.2327376955966,488.82458680081277
rs17814543,1488.1866050452113,1703.6687690004226,1448.4744138607173,1566.4496235190973,1380.2162401841147,1579.3607829996768,1679.1939000562495,1277.9496416316151,1500.928002910301,1290.0944889215039,1256.3799001760367,1320.936334647763,1283.4488093504299,1328.0004392743074,1260.3687320239264,1470.9986421510334,1442.5341605100239,654.3645226314943,776.2327937273324,725.9419096778173,903.1633680431459,1005.3612439161782,1263.9781112484384,1364.5983181845397,1424.0060162213917,491.09912129058955
6:30989273,996.3503168674049,1033.3267832252702,1140.763214768573,1148.9708687245893,951.8471472206691,1160.5372389235463,1161.1692364858538,850.5054298882953,1065.44799975496,875.7331933469784,905.5217607954665,1098.5625636852799,723.4090722033286,829.92417306215,817.8525548614899,790.4261893219079,841.9411037379116,926.5630611870404,748.8691214916183,643.5050957620729,499.4019596798867,634.3620085913027,1046.7576239669716,1046.1235538033186,1174.3992042774719,1080.1019156869786
rs72771556,913.8170660264136,1178.346488665956,1001.2460471261647,975.3614409895483,1141.6650968271206,894.0768054235022,1239.7319354127922,574.9251201654134,606.8337637913455,503.1148668834574,611.7895201249288,572.816227337657,525.0229005872199,676.0600180818569,512.0404773427784,681.9444596131602,588.8709571812237,773.6076411800558,682.0157652159709,809.0786696368156,867.947362241641,828.7418964011987,573.9343047673249,678.1773715882434,549.0110939269077,525.9733757312898
rs11867717,854.675301518399,1050.5524039173151,716.806273901215,956.7865087199356,898.3686952546092,1009.2907007177245,1058.4903636346971,550.5894276856792,524.2744855354941,519.8414870049647,529.1806203538036,620.1207131363095,744.7445932691502,857.1123508631996,893.6482260994716,903.1838474485756,894.9386455043763,592.4051197146962,671.6743605402047,552.8943120784434,536.7378276958757,504.3080998966469,577.1902264773862,716.9845579453637,677.5097714787245,742.8218375217845
rs2921098,1243.2180174234784,1285.385939367108,1141.4423798765804,1273.8417680900905,1234.3675763647627,1238.8292090525053,1253.4701522573287,798.204529139683,838.5754463767225,779.2971988162029,804.4305779496816,793.8906459914974,792.022399986278,864.62303371792,752.2874346312029,835.3160749963413,715.5651932697572,511.46477968703294,552.4613402684867,611.7520739202682,545.9142346329328,590.4009113152553,716.7396592513228,1022.3834742399063,884.7245567642931,606.5811706548826
rs61828723,994.0395444449467,976.7006319598866,908.2897707939395,919.5503001975803,948.0293617326793,992.0469713011277,947.8901390513005,589.6255674281542,701.7224961621636,615.3949066708163,615.6932600139198,645.105306275739,522.6963015627342,577.1176769758471,591.8555701846556,570.7195515217046,641.2999143854923,585.598985586463,604.8559967617554,607.610897631354,576.4603614319899,574.5476411715016,722.9339128180185,787.859849714263,718.1178106041643,598.1814137992897
rs7146689,785.165583131243,810.3232026040203,681.2524319152762,797.5083534551227,751.9149202195886,730.1903726646688,725.4927301622309,638.5726316752168,655.5236957896095,628.8618848029706,631.3636464954899,627.8018665936089,730.8120323859993,660.7427954505793,702.9220730361832,753.1675345528513,701.7282999766147,536.4103824689594,535.8474250399737,558.6411729904826,567.02474519592,619.816603707296,677.7079315421036,725.8946982299939,706.9998519536298,557.9491105360161
rs55945512,2872.15350954562,2508.7724343763903,3126.195573200803,3033.817391805479,2317.724123371707,2590.999808163247,2668.972001917258,826.1172415938946,1438.959622837415,694.5738873901479,987.9973279295773,1229.1507452501944,1156.487531808957,1332.840798597656,1961.0905215138582,1601.3717778271248,1155.34054641605,1516.288600156578,1520.762923233747,733.202353790593,552.3861487953517,1990.241163808866,2268.5385166432607,1978.9436802211071,1530.0161241781454,541.5657580442149
rs34361301,1119.159179093988,1024.676668791327,1057.1724862023234,1148.1122259029055,1043.7803248126302,1094.097478653321,1117.4932986455972,666.0023230565738,655.7453792426951,734.6596809699689,643.6569825911021,704.6927978733735,728.2386750259482,722.2045702304462,677.7729425618526,731.5673264964731,707.2317511612158,739.3904550679225,770.6763904506952,689.405161017698,675.6052016011396,591.5089692396567,722.0157490701208,746.3765431720864,715.1518109172973,554.1442646580554
rs62433354,1283.213422817975,1455.27650204714,1257.999773830757,1302.2208104956117,1273.1422227578187,1372.4880711084438,1403.288195040229,1092.7911047755772,1144.440669975271,1172.9364887010154,1140.3348945242626,1109.3699849862433,1036.802316232774,1105.1403631021158,1043.976835480604,1003.8629213229507,993.6868308394294,1102.6413309698905,1008.3462377876868,1046.8417048408428,1061.2108092955891,1076.8263594999278,953.2265662654606,1221.590865393554,1182.19439919854,574.3929902778906
rs72807046,1397.8375998890933,1514.6315647103786,1348.8716828979589,1342.9564539460484,1308.9106959864946,1399.3330540945758,1433.202846957566,1054.7119104473575,1069.1310203493513,900.6619406521543,1061.0723699606344,1037.3303374199988,1088.9148301437851,1097.5042552604452,1048.772676083563,1095.3530432784503,1082.9610883674582,840.2670926238847,890.584093209503,760.9314199028778,793.9294566007226,738.0621740918831,1004.4536527703998,1062.5779897333487,1079.2174204653484,637.4536134371988
rs56309796,1292.8699715237108,1278.3637040387498,1112.6098107224673,1145.5479875375477,1204.6706540258333,1252.775195092464,1130.9362045046462,786.3494388090019,673.0936631178078,834.6815539238124,790.260479536478,727.5567070369111,911.0076558776894,1018.72503409103,934.9738367128778,952.1359480301401,913.27280894465,813.9272080224846,678.1879607735094,740.0547151837312,788.1496255543054,720.2490726631804,836.2792834010228,914.1294302998679,902.3559936847672,701.7296187510287
rs6578679,1504.9957877366505,1568.41678656881,1551.813976994228,1603.0037259484518,1458.4339213040591,1602.7596574465585,1562.1284722466467,958.1925069230841,970.0284923599581,796.4844428102494,863.6119468333368,973.139895238644,951.9661220409778,1034.8960747240822,959.1811338223636,1046.3727162779116,1075.5210070930998,991.7906641434918,1014.4215588180554,992.7557903315118,944.9857142425559,979.3459190303995,1113.663641640982,1108.1550888173476,1151.1616365309274,1012.7859777639014
rs78963230,1479.3945270844988,1480.6798987279153,1378.094324311025,1507.4816927147008,1428.3686737938124,1480.9908768424705,1469.5621405298862,977.3929302746423,978.473952152568,982.1021738232057,1008.8457021216936,999.4731500162592,1055.4237276412584,1073.9023337332305,1015.385250922171,905.5573111969295,1000.0614405131967,897.5341352402764,865.6036441366099,929.731416125888,801.4755278694523,839.635917294352,978.7600462996774,1055.6336154160886,983.7651430609056,807.2276498871418
rs41284511,2197.662051789993,2484.638190157625,2472.3304922550806,2510.5315228152685,1776.3123873359696,2381.7304020885613,2569.4941238357833,1750.027459372612,2616.3103739918797,2161.865833952823,2346.3788973339833,2530.1782819072805,2423.6998510683943,1949.1602113735698,2452.5788404164264,2503.155225169575,2377.7849079805274,2250.9885703524124,2181.4723200416984,1754.0511935367315,1696.048221842828,2232.098432240108,2706.661805659764,2595.0164048682072,2446.4684506016706,1995.8227989465195
rs28383234,6829.812915515638,6159.92354142998,5917.779721651435,6141.209734471014,6388.09037833784,6189.567562438128,7875.872072966055,5714.307383178445,7154.387578502298,6919.419889678158,6799.107574016033,6808.647508933628,6541.435445113209,5632.9273485646,5746.956934856052,6925.20416389968,6642.2720978027255,7273.836264147763,6753.394501856262,6196.391103451807,5862.037177998579,6569.643180448239,6359.612401756645,7177.729358926339,7359.389682798587,5475.292655903739
