gene_id,gene_name,start,end,chr,ACB_tmrca,ASW_tmrca,BEB_tmrca,CDX_tmrca,CEU_tmrca,CHB_tmrca,CHS_tmrca,CLM_tmrca,ESN_tmrca,FIN_tmrca,GBR_tmrca,GIH_tmrca,GWD_tmrca,IBS_tmrca,ITU_tmrca,JPT_tmrca,KHV_tmrca,LWK_tmrca,MSL_tmrca,MXL_tmrca,PEL_tmrca,PJL_tmrca,PUR_tmrca,STU_tmrca,TSI_tmrca,YRI_tmrca,ACB_rank,ASW_rank,BEB_rank,CDX_rank,CEU_rank,CHB_rank,CHS_rank,CLM_rank,ESN_rank,FIN_rank,GBR_rank,GIH_rank,GWD_rank,IBS_rank,ITU_rank,JPT_rank,KHV_rank,LWK_rank,MSL_rank,MXL_rank,PEL_rank,PJL_rank,PUR_rank,STU_rank,TSI_rank,YRI_rank,min_rank,max_rank,rank_range,min_pop,sd_unique_bp_fraction,is_sd,AFR_max_rank,AFR_descriptive_score,EUR_max_rank,EUR_descriptive_score,EAS_max_rank,EAS_descriptive_score,SAS_max_rank,SAS_descriptive_score,AMR_max_rank,AMR_descriptive_score,descriptive_replication_score,score_rank_all_genes
ENSG00000117614.10,SYF2,25222276,25232502,1,17519.844413457187,11913.184104767517,1369.6377521769448,989.9745581341308,1755.7311092278549,1316.5757462967683,1253.915606125509,2154.122141642676,16653.02892367817,1868.3320586175257,1835.322573627148,1437.4051191804133,15210.51138061961,2323.4088664101987,1492.1749160151644,1241.7726898178348,1051.756579209226,16792.792243494194,16453.305226484787,1823.0178571241413,1621.629772996128,1717.7154804133545,3329.960777069016,1514.392106330127,1861.7832897899202,16811.948939648744,0.3229551451187335,0.12826339710390022,0.004551227773073666,0.005322263026238757,0.012179622961237027,0.01668083297917552,0.01044151163407007,0.008880900777078819,0.31361884142155566,0.014503532911863145,0.015769353297228415,0.005407411334358268,0.25158328055731477,0.025133604952642996,0.005716705483802668,0.013251024426587196,0.005572656830485087,0.2971802724680537,0.27155081343756604,0.010648442466624285,0.02178522209265345,0.007509254362771021,0.025990491283676705,0.006509658639851813,0.014900837840704211,0.31634808321892494,0.004551227773073666,0.3229551451187335,0.31840391734565987,BEB,0.0,False,0.3229551451187335,0.11470298476750629,0.025133604952642996,0.002032405299415996,0.01668083297917552,0.000764673110934549,0.007509254362771021,0.00036670612978249357,0.025990491283676705,0.0007811213807518058,0.001833530648912468,343.0
ENSG00000183726.11,TMEM50A,25338317,25362361,1,11973.617595387155,9982.465310025456,1757.285169960501,1449.6977322059802,2900.289183516131,1926.422715298708,1412.379169030574,2877.5147836590886,10252.737573895172,2827.403837616196,2670.8283741081277,2270.867778642402,10820.292087640855,2610.5394982697926,2239.0897308562544,1906.4175344971331,1294.8442875441986,12291.03207336215,11445.99731806606,2886.9189217189914,2565.6508919245966,2509.9561928537214,4171.572110290999,2193.502878180146,2503.204733543009,11621.053289913712,0.12379947229551451,0.07974844096818517,0.008784928027095682,0.01772313587737506,0.04871849184494811,0.0394177645558861,0.015052737584141622,0.024581064650843157,0.09082748059354702,0.04813260372947989,0.0450249548688542,0.01961511954620156,0.10597424530293435,0.03370548706280756,0.020008469193309338,0.03538928210313448,0.011410678271945654,0.13655085014257048,0.10511303612930488,0.03941513032422123,0.07092123396586451,0.024272871496562664,0.04580031695721078,0.018364646731939667,0.03436207445116131,0.1267293272784877,0.008784928027095682,0.13655085014257048,0.1277659221154748,BEB,0.0015803701393221044,False,0.13655085014257048,0.02204584242283389,0.04871849184494811,0.0061901573888037634,0.0394177645558861,0.003452957952156475,0.024272871496562664,0.002445367855321966,0.07092123396586451,0.0055884460778458,0.01222683927660983,1004.0
ENSG00000117713.21,ARID1A,26693236,26782104,1,2931.7898722115956,3201.5532038974916,2995.986489299978,894.7903180384894,3751.8958515995128,1286.896091915708,1352.9938466391184,3546.1378453802986,3020.867062536258,3365.150599970409,3745.734826581595,3241.7042133892614,3609.2985639649464,4170.161641403445,3275.1950476712336,847.206499281507,1102.9289723827906,2853.9402164885,3369.747098712149,2458.9976579710183,1615.7845538109816,3331.4133741619444,3472.2761643601175,3476.178195794326,3227.3133104470962,3007.6130573758114,0.004802110817941952,0.005073459465172815,0.04064352243861134,0.004044919899941455,0.08276848125397161,0.015830854228644282,0.01319764668468755,0.04350584130676111,0.005069440777314253,0.07076449025128832,0.08808537750876075,0.051953559879128454,0.007441418619379354,0.095243134557384,0.052826593266991316,0.0029801500718429036,0.006262604819021336,0.00427711479564896,0.005334882738221002,0.02542911633820725,0.02157320046644758,0.048810153358011636,0.028684627575277337,0.05874569992061392,0.06368649909852582,0.004646742000211215,0.0029801500718429036,0.095243134557384,0.09226298448554109,JPT,0.0,False,0.007441418619379354,8.362669949969858e-05,0.095243134557384,0.01912584434722363,0.015830854228644282,0.0006976833174098205,0.05874569992061392,0.01021249629496454,0.04350584130676111,0.002144273763641513,0.00041813349749849287,149.0
ENSG00000060642.12,PIGV,26787054,26800659,1,2259.9939295518543,2355.0150401773826,2349.2595184946385,841.0636416511433,2570.8142550056036,1259.0389026437488,1399.2444964537835,2502.144793970431,2434.786145727499,2488.1239794405783,2949.6603862138745,2680.2215158311114,3450.5945974624615,2879.7882612219246,2573.6243177629713,876.6527043265534,1033.1127218059266,1958.3090585427515,2712.0978204026137,1728.5987964900933,1187.4293988027948,2620.053158713162,2161.3027112857617,2836.561274904931,2287.4596254900625,2373.209389453547,0.0032189973614775726,0.0036465489905929604,0.020639288738357325,0.0032465804460056415,0.03669773353103156,0.015087122821929451,0.014893729792759845,0.015964476396891684,0.003168400485821408,0.034479094724539125,0.0541573749601784,0.031384191273922495,0.0064914502849905,0.043335626223609716,0.030277366080880795,0.0037251875898036296,0.005307292219509607,0.002428978772837681,0.0035389816184238326,0.009271031998304726,0.006996713664793809,0.027128503437334743,0.006973058637083994,0.03694098967980947,0.027150281047831158,0.003326644841060302,0.002428978772837681,0.0541573749601784,0.05172839618734072,LWK,0.0,False,0.0064914502849905,6.43733883368164e-05,0.0541573749601784,0.0073968660606472175,0.015087122821929451,0.0006412441747327234,0.03694098967980947,0.004822912481609154,0.015964476396891684,0.00030048503991953916,0.00032186694168408203,128.0
ENSG00000204160.12,ZDHHC18,26826688,26857604,1,6179.393624580836,6155.216789329795,3839.351283642902,1206.0655173174594,5189.455042560592,1680.9552357303169,1746.2546698882966,5420.378604336683,7016.412974421239,5019.4001848621865,5745.707440560569,4103.482964842499,9221.454542858115,5874.9921260198,3788.590686130559,1094.0713188556913,1372.2252868717678,6525.87138245452,8034.067878207952,2978.322216103107,1949.6036797030847,4280.237097685609,5713.148156218225,4236.647213289772,4557.600430023894,7332.600179002165,0.020474934036939313,0.021086565902124512,0.0691151566469094,0.010963861834051838,0.1516098284261809,0.029802379940501486,0.026183282980866064,0.11534598509277369,0.030786291387231345,0.1498698400892525,0.18583412976531805,0.08445104172188941,0.07071986489339244,0.1745595005026721,0.07294092737666737,0.009206535043371827,0.013268230548774015,0.023233710001056077,0.03908725966617367,0.04328247510065692,0.03800487649740274,0.08228450555261767,0.10359218172213418,0.09012966393225721,0.12138084632516703,0.03585383884253881,0.009206535043371827,0.18583412976531805,0.17662759472194622,JPT,0.0,False,0.07071986489339244,0.0062496815309348195,0.18583412976531805,0.05889961865396511,0.029802379940501486,0.0021149506121348974,0.09012966393225721,0.02040630658441625,0.11534598509277369,0.014498957325458448,0.010574753060674487,940.0
ENSG00000142751.15,GPN2,26876132,26890283,1,5768.411805931375,6047.145229364906,2973.9484278087093,1208.2251973554419,4793.04709799917,1320.4896033518598,1384.6117540777398,4449.346580683646,5961.080989545248,4753.567427674973,5581.029261848046,3294.283368135956,6964.084534861835,5348.809140085335,3275.7103705534228,1040.2455666063279,1315.9159132082218,6674.5904496247595,6566.654141552771,2639.9737357609392,1558.1001812863562,3851.1294883027613,4705.074068980512,3597.611407523113,3918.7379107502793,6532.7269941020595,0.01699208443271768,0.02050523200507346,0.039743861134631665,0.011123529724839001,0.13037492056767633,0.01689332766680833,0.014310701224359994,0.07443040651266057,0.01932724296351059,0.13754449343887798,0.1766486142083466,0.05370301648730318,0.0333544437407642,0.14799724853166835,0.052879525725174674,0.007822893938587622,0.011782188727311326,0.024923434364769247,0.02223748151278259,0.03077982623437169,0.01934697339128591,0.06536224219989424,0.06444796619123085,0.06319132045514686,0.09147311485841553,0.026877178160312598,0.007822893938587622,0.1766486142083466,0.16882572026975898,JPT,0.0,False,0.0333544437407642,0.0014809409675069116,0.1766486142083466,0.054083660570567925,0.01689332766680833,0.0007818314013334032,0.06536224219989424,0.012136477026676007,0.07443040651266057,0.0061433395740221625,0.003909157006667016,546.0
ENSG00000198746.13,GPATCH3,26890488,26900467,1,5844.480618748594,5864.500278991109,2968.3359363131985,1283.1274910280017,4686.66041672599,1268.4428889473202,1265.1401950385318,4276.803604089264,6509.3404436490255,4451.223761615854,5284.168728461506,3238.1528422696465,6720.051200602851,5337.593008250559,3268.4032947964865,1008.9060895989655,1374.5864267860295,7405.6280219761975,6228.643506113057,2642.801129874061,1480.8607764290864,3798.2841157586968,4623.604840470555,3798.8074264781735,3982.4604638944306,6540.359958187771,0.017783641160949867,0.018444139097347004,0.03963801862828112,0.012986321784022566,0.125979665325143,0.01551211219719507,0.010759527216833625,0.06813976846222974,0.02497755716322543,0.12155341868990065,0.16098545184241267,0.05174150453268303,0.030451762719020475,0.14752103285888143,0.05266779589244124,0.007077856420626896,0.013427449315359304,0.033952898933361494,0.019702091696598353,0.030938758211485486,0.01542457330647726,0.06351136964569011,0.061489698890649765,0.07102408044456206,0.09438964895535051,0.02698278593304467,0.007077856420626896,0.16098545184241267,0.15390759542178578,JPT,0.0,False,0.033952898933361494,0.0015322668377175206,0.16098545184241267,0.04626057959529093,0.01551211219719507,0.0006732448021338834,0.07102408044456206,0.01388163826159801,0.06813976846222974,0.005166915345074063,0.0033662240106694173,500.0
ENSG00000090273.14,NUDC,26900238,26946871,1,6083.871844635756,6466.166221945855,2968.190352321797,1341.673768830176,4668.723040606075,1302.287792414336,1255.1418032350282,4253.833774608522,7396.85787352391,4396.998977287933,4927.981854084272,3273.838251675387,7782.4264478372925,5333.452924730392,3126.019531419065,1070.5906627132993,1384.0738846767554,9090.315624284442,7429.826453623066,2734.6592087151153,1540.080866815824,3507.0495469972807,4771.264006872808,4167.5097264786655,4086.8706221646316,8035.458389542556,0.01984168865435356,0.02409893245957087,0.03958509737510584,0.014476555431369418,0.12518534208854057,0.0162027199320017,0.010494514231197329,0.06724110588359676,0.03538047209167239,0.11895022047495085,0.14309227991929488,0.052854795101521496,0.043592991344732955,0.14715064289115826,0.046951090408638575,0.008674365387685594,0.013692813926334785,0.059773999366353366,0.03132262835410944,0.03406442042805679,0.01849888688646242,0.054045478582760445,0.0665081880612784,0.08578989150568933,0.09926821508113268,0.04578096947935368,0.008674365387685594,0.14715064289115826,0.13847627750347266,JPT,0.0,False,0.059773999366353366,0.004528379161086883,0.14715064289115826,0.039768773614877816,0.0162027199320017,0.0007266666912864116,0.08578989150568933,0.01884101049847235,0.06724110588359676,0.005034185449552987,0.0036333334564320583,521.0
ENSG00000131910.5,NR0B2,26911489,26913975,1,7120.515788783773,6996.0139465750335,4112.776528589611,1392.1499082667706,6210.925873213365,1374.3649831761459,1331.977743327299,5872.59613787222,7751.567659190694,5320.900434547869,6404.478157262535,4264.271794777408,8204.20182936717,6862.395526365595,4186.33248756075,1082.7205474406155,1582.0934291225253,9226.67181225937,8285.290513894446,3453.706647932336,1859.25408269012,4594.854095605105,6347.79649314326,5624.812272370323,5137.829322645202,8285.290909497176,0.030237467018469657,0.03049360532713244,0.07991109229466553,0.01570067592740433,0.20530607922050412,0.0184870378240544,0.012667620713414957,0.1359094993920812,0.04076675291756878,0.1650640174254901,0.22507167887862375,0.09224407570375869,0.05145661811272958,0.2287422614953172,0.08760321829345755,0.008834016284391464,0.019583908289990445,0.06209737036645897,0.04225649693640397,0.06177156177156177,0.032651330435704444,0.09799048122686409,0.1282620179609086,0.15437946546705478,0.1501749920458161,0.05032210370683282,0.008834016284391464,0.2287422614953172,0.21990824521092575,JPT,0.0,False,0.06209737036645897,0.004871598549990139,0.2287422614953172,0.08354737236765247,0.019583908289990445,0.001013049200431433,0.15437946546705478,0.04872478634722842,0.1359094993920812,0.019998426499648413,0.005065246002157165,638.0
ENSG00000158246.8,TENT5B,27005020,27012850,1,5501.678164931892,4685.7069373819995,2156.5884369998726,1708.232535754875,2386.499011708362,1691.651901245175,1588.8719889963772,2731.758106828725,5585.465568024946,2213.0126422094895,1929.7399026932812,2302.544449367214,5874.4108725697115,2736.9901846351663,2361.234187306036,1432.583585450311,1584.0401984866303,4331.737636726861,5431.284422618075,2937.397489625063,1916.1692435222997,2300.824194116254,3150.2159014269378,2309.2556428376006,2242.55098962417,6774.363772284602,0.015197889182058048,0.01051685868301448,0.015823454699407283,0.02804832614827825,0.030502012285532724,0.030174245643858903,0.021095033656649175,0.02130358936406407,0.01610603580292549,0.02518195824257557,0.018583412976531804,0.02056936860520596,0.02200759974667511,0.03815016667548547,0.024401863222528054,0.018093768293331914,0.01969005413438064,0.007973386841271518,0.014472850200718361,0.041375291375291376,0.035672638609138135,0.017345319936541512,0.02223983095615425,0.021169621593014026,0.02603669530172871,0.02993980356954272,0.007973386841271518,0.041375291375291376,0.03340190453401986,LWK,0.0,False,0.02993980356954272,0.0012041311784614863,0.03815016667548547,0.00410201081115347,0.030174245643858903,0.0021614300480836002,0.024401863222528054,0.002466418825191356,0.041375291375291376,0.0019432787736558604,0.006020655892307431,696.0
ENSG00000009780.16,FAM76A,27725961,27763116,1,16745.389305312267,13931.05700361579,2628.694241323992,5570.214334938131,1301.2466417477656,4585.657592148557,5219.160583781587,1600.542017287673,17742.5261731256,995.5858833024921,1141.9562243178816,2076.8012053723596,17556.899376255875,1394.6374379709714,1932.4363670257933,3429.083373743512,4956.005465760068,19005.000918831673,20020.574629916286,1832.3147282027508,1235.0002710419608,2997.740636108106,3762.9154464412254,2334.978221915412,1536.934984883772,17369.65855432697,0.29271767810026383,0.1922101257795159,0.029000846740050806,0.2503060301240087,0.0047129845371743275,0.18471100722481937,0.21619759368209043,0.004176137865412063,0.36040555526218515,0.0024969452265844977,0.0033981098014229587,0.015267984944070402,0.3494827950179438,0.0047621567278692,0.012492060131272496,0.1134053536267362,0.1953614266001486,0.3913296018586968,0.4192900908514684,0.010860351769442679,0.008268843422029047,0.03802221047065045,0.03618594823032224,0.02175178618682191,0.009173825432177325,0.34121871369732815,0.0024969452265844977,0.4192900908514684,0.4167931456248839,FIN,0.04330390784799225,False,0.4192900908514684,0.18913973078183557,0.009173825432177325,0.0003727849289309262,0.2503060301240087,0.08820554609381528,0.03802221047065045,0.005053259317212426,0.03618594823032224,0.0014943394608600913,0.001863924644654631,347.0
ENSG00000117758.14,STX12,27773219,27824443,1,16342.525408136493,13004.806991868498,1947.3180479986847,4348.358464647001,1182.054107265158,3546.0607790407166,4053.242820036524,1526.1161083775978,16850.174114691203,1003.9223350573683,1085.4700614152118,1587.6767500278957,18880.821023362623,1250.296496933685,1608.2136452292143,2642.009487112151,3720.6917821522684,17737.907235464772,19838.329572494433,1797.9625850711798,1254.7207065148732,2283.4228162696877,3519.692393337467,1784.8541590753623,1270.7835868752068,15880.125068570518,0.2766754617414248,0.16013106436951696,0.011960203217612193,0.16706583639363456,0.003442067358610464,0.12005949851253718,0.13891980707054646,0.0036475128191573716,0.3221735227332735,0.0026563247091324444,0.00270786874800892,0.0067857710862535125,0.40663922313700657,0.0034922482671040796,0.007198814312936693,0.07067213027513171,0.11978558539433182,0.3384201077199282,0.41152545953940417,0.009959737232464506,0.008745892080992261,0.01713379164463247,0.02989963021658743,0.010320190526594337,0.004507370877081345,0.27632273735346924,0.0026563247091324444,0.41152545953940417,0.4088691348302717,FIN,0.0,False,0.41152545953940417,0.18248612623541066,0.004507370877081345,0.00011274892499330562,0.16706583639363456,0.043420081432972206,0.01713379164463247,0.0013922178818631462,0.02989963021658743,0.0010280147156407848,0.0005637446249665281,176.0
ENSG00000117751.18,PPP1R8,27830782,27851676,1,15228.73467587016,11619.262702088683,2816.100102156088,5659.856201271052,1725.078194840155,5529.883837403911,6044.7124052091895,2383.2989061342046,15474.550485998694,1539.5522570228477,1551.0799164810744,2391.903738690163,17422.121894424712,1737.722402714817,2545.7128528897674,3688.624764415761,5050.086800420601,16682.186356665698,19312.47233788799,2976.152960670918,2149.7768065363066,3264.0202234489366,4624.02179389684,2568.368644614879,1810.0971161051907,14862.499687022233,0.23092348284960423,0.12091745058661875,0.03529847586790855,0.25626696471339616,0.011597119254395256,0.24734381640458988,0.27402342714793027,0.013585663688745572,0.26260759359983105,0.008075227115762631,0.009557183816502071,0.023220060435773737,0.3436774329744564,0.009418487750674638,0.029271649375396995,0.12910435846948007,0.20167710434136504,0.293325588763333,0.3908197760405662,0.04312354312354312,0.04839393618149051,0.046853516657852985,0.06154252509244585,0.028102672664726117,0.013734224201930215,0.23603337205618333,0.008075227115762631,0.3908197760405662,0.3827445489248036,FIN,0.0,False,0.3908197760405662,0.16530098960448614,0.013734224201930215,0.0007351373055080199,0.27402342714793027,0.10337585129133586,0.046853516657852985,0.007083755788345417,0.06154252509244585,0.004231952721354157,0.0036756865275400993,524.0
ENSG00000116478.12,HDAC1,32292083,32333635,1,5547.636927368074,6252.284602553521,1220.209304323569,1140.2888051943848,1213.3458426833524,1017.2317842437116,1178.3347120781107,1794.0129580518544,8568.223761535042,1263.335332675834,1129.819683966066,1158.936860863809,6164.615560362561,1547.1377217130037,1026.8632229111709,1175.287860336579,1207.39919804332,7960.640495552316,8745.047726003055,1379.3169580818733,1057.3695270705148,1160.6204610387315,2415.375101733828,1191.0870221678233,1204.7656499587958,8262.508644890058,0.015567282321899736,0.021984991015748863,0.0037574089754445384,0.009260737665655437,0.003865706418131752,0.007756056098597535,0.008692425928870515,0.0050748004440450386,0.05338754818609072,0.004196993040429262,0.00313263247318679,0.003763982399406245,0.024435296601224402,0.006614106566484999,0.002646622909167902,0.01154808152839125,0.009075469695361427,0.040817404160946244,0.04870061271920558,0.004609027336300063,0.005565567687904166,0.0031729243786356425,0.009878499735868991,0.00396930404869013,0.0037649803796797115,0.05026929982046679,0.002646622909167902,0.05338754818609072,0.05074092527692282,ITU,0.0,False,0.05338754818609072,0.0036469180672812356,0.006614106566484999,0.0002149674949394457,0.01154808152839125,0.00040132981673759137,0.00396930404869013,0.00013077695815995468,0.009878499735868991,0.00011727143154556807,0.0005863571577278404,179.0
ENSG00000162526.7,TSSK3,32351521,32364312,1,6678.85457298707,7939.95618066409,1126.0047610967429,1059.1730059361935,1237.1959843847667,910.157601346249,1135.384971964567,1414.1608983589326,10184.329720466027,1177.055145834141,1063.2071799173848,1050.1759515226706,6510.386693722068,1264.320851748672,1019.8135303139653,1024.8200256451207,1134.9858061642299,7693.582988547583,8847.78465841319,1113.203745043054,857.1763854254128,1078.2616805581517,1644.5557986319473,1059.7097651792253,1138.1783634290146,10076.729884094599,0.025857519788918207,0.043282951062255576,0.0030165114309906858,0.006439938261748895,0.004077525947892396,0.004993625159371015,0.008056394763343404,0.0029074377544008037,0.08897924697681787,0.0035594751102374753,0.0026016778167144527,0.002915761013624556,0.02823516993877982,0.0035980739721678395,0.0025407579928011857,0.0075035921451758825,0.0070586986519477765,0.0368571126834935,0.050602155081343754,0.0027548209366391185,0.002968302766882222,0.0028027498677948176,0.0036978341257263604,0.0029108229690394285,0.003181673560292714,0.08622874643573768,0.0025407579928011857,0.08897924697681787,0.0864384889840167,ITU,0.0,False,0.08897924697681787,0.009704247948524166,0.004077525947892396,9.525057109136536e-05,0.008056394763343404,0.00021349124416982884,0.0030165114309906858,8.389582713229356e-05,0.0036978341257263604,1.7087922380755272e-05,8.543961190377635e-05,61.0
ENSG00000225828.2,FAM229A,32361270,32364278,1,6462.016572890964,7501.6846162335205,1163.9334703670193,1074.3455142850287,1279.205466927128,945.6315170928449,1168.2960804549355,1504.3061050004485,10002.823495478227,1227.6595109838095,1113.8073648998666,1057.5106566365132,6545.716180170152,1317.9915144117972,1060.2035398222213,1051.9736333075007,1137.6528827125044,7791.041069748204,8442.717649908405,1143.4098591911386,896.6457740041857,1097.0699908140848,1683.3667872063575,1073.1017997452664,1199.006464939047,9882.783406652707,0.02316622691292876,0.03662403551421626,0.003281117696867062,0.007025387194635159,0.004395255242533361,0.006109222269443264,0.008586420734615996,0.003488925305280964,0.08459629297143159,0.003878234075333369,0.0029733460762450888,0.003021788686847267,0.02860460206881993,0.003968463939890999,0.002911285200084692,0.008195412697567985,0.007164844496337968,0.03828281761537649,0.04426368054088316,0.002860775588048315,0.0034453514258454363,0.002908514013749339,0.003909138932910724,0.0029637470230219633,0.003711952487008166,0.08211004329918682,0.002860775588048315,0.08459629297143159,0.08173551738338328,MXL,0.0,False,0.08459629297143159,0.00880911829098342,0.004395255242533361,0.00010806980196364576,0.008586420734615996,0.00023872021539571552,0.003281117696867062,9.611630152343991e-05,0.003909138932910724,1.9054436697572012e-05,9.527218348786006e-05,68.0
ENSG00000160058.19,BSDC1,32364633,32394731,1,5354.37898578231,6993.710577152278,1159.6000339462335,953.0903928619158,1324.3408038710638,920.4183714646493,1049.5113370681481,1642.6435963764936,7404.913020500018,1296.7085888363013,1201.5230085631017,1023.394697858399,5703.545005853498,1323.1479972614043,1098.579008018453,992.4011326337247,985.0085132449476,6236.493005171771,6988.023793596368,1141.9816291492266,1010.0586917453942,1105.1997782924816,1697.049729661837,1016.6419339547405,1246.9651642909787,7410.786925403883,0.013825857519788919,0.030440756791036888,0.0031752751905165114,0.004843259353877269,0.00487184918449481,0.005418614534636634,0.006201303863889331,0.004229000370037532,0.035486085441199765,0.004622004993890453,0.00414144632048423,0.0028627471770132007,0.019949335022165927,0.004021376792422879,0.003070082574634766,0.006545686764940663,0.004670417153168453,0.02001267293272785,0.026304669342911473,0.002807798262343717,0.004717481183080674,0.0029613960867265997,0.004014791336502906,0.002699126753109288,0.0043482871990667095,0.036962720456225576,0.002699126753109288,0.036962720456225576,0.03426359370311629,STU,0.0,False,0.036962720456225576,0.001803041179523261,0.00487184918449481,0.00012851096269236382,0.006545686764940663,0.0001483478329155374,0.0031752751905165114,9.115211768033214e-05,0.004717481183080674,2.754263342069621e-05,0.00013771316710348104,83.0
ENSG00000273274.2,ZBTB8B,32465072,32496686,1,5043.252423106775,4944.469567021022,1515.576839074876,1526.695193170878,2031.0174280203018,1604.2037621906484,1571.3984319031472,1799.7980182719314,5167.620194039205,1787.4430491553553,1853.0785734198564,1612.8994811987272,5261.497669050276,2251.800133257793,1631.7241379339446,1610.5051984190154,1595.5099292745433,5203.7289696685775,5380.2707665631215,1522.4782540002636,1003.2103467104907,1802.9910530078873,2141.210761418582,1411.927056410804,1645.8094467302365,5137.847382968589,0.011820580474934037,0.011732375013212134,0.005768416596104995,0.020224599499707275,0.018428299089176023,0.026933701657458564,0.020512005088249324,0.005127662948670508,0.013360088715213603,0.01243159963873984,0.01624721248805352,0.007156867942533001,0.01651889381465062,0.022805439441240277,0.007728138894770273,0.024213719333723592,0.02006156458974631,0.01235610940965255,0.013891823367842806,0.005880483153210426,0.004558464963426269,0.008566895822316236,0.0067617538298996305,0.005927494046043927,0.010605578534309046,0.013781814341535538,0.004558464963426269,0.026933701657458564,0.022375236694032297,PEL,0.0,False,0.01651889381465062,0.0003853567673161194,0.022805439441240277,0.001725719821129636,0.026933701657458564,0.0017711098985442857,0.008566895822316236,0.00045380340852551996,0.0067617538298996305,5.578034618457229e-05,0.0002789017309228615,116.0
ENSG00000284773.1,ENSG00000284773,34974356,34985313,1,23116.169196143957,18300.482835854495,2744.844549798844,7806.12597840704,1327.2975460120017,6692.137578536435,6909.4506042426565,2385.8764049409638,22071.46869050762,1364.9587165350308,1185.9220151039478,3269.7710715430594,22138.528432776944,1467.397044234308,2813.5595644528635,7019.621317972446,6831.187745014136,21606.051510067366,23597.25275511469,3126.1847406915736,2082.122638486549,2279.657867988385,4008.668024045433,3702.2032023996876,1285.236950925071,22900.475620150224,0.549287598944591,0.36650459782264033,0.03254657070279424,0.40874980041513653,0.004924804066934971,0.33021674458138545,0.33508241903853286,0.01374425120262198,0.5429582299202619,0.005312649418264889,0.003875968992248062,0.05274876742829879,0.5393181338399831,0.00550293666331552,0.03662926106288376,0.3570858389654622,0.3278845133213035,0.49429718027246805,0.5603739699978871,0.04852723034541216,0.044895579349093606,0.017028027498677947,0.041838351822503964,0.06700185234188939,0.004613426662424435,0.5735558137078889,0.003875968992248062,0.5735558137078889,0.5696798447156408,GBR,0.0,False,0.5735558137078889,0.3447145890655679,0.00550293666331552,0.0001577463805099482,0.40874980041513653,0.2083864058660016,0.06700185234188939,0.012632636138143943,0.04852723034541216,0.0026562447822321583,0.0007887319025497411,219.0
ENSG00000243749.2,TMEM35B,34981380,34985347,1,23315.703962275806,19606.651151620365,2649.724422829538,7879.523293371972,1342.9804622993634,6796.086005764435,6845.019099640505,2414.557030452738,23221.21749900564,1387.1315058763737,1199.521964729166,3221.459318009359,23324.574707463566,1483.1404236188423,2706.076887856745,7047.529918156777,6891.472604191038,23618.73579255945,24153.87972637379,3125.360043928423,2026.1500508497397,2248.332332471231,4103.903706025231,3660.488392648089,1286.0868560654853,23360.859886038867,0.5569393139841688,0.422576894620019,0.029424216765453006,0.4141252860716377,0.005242533361575937,0.33898215044623886,0.33100121905973395,0.01432573875350214,0.5900617838094735,0.0060032938426393245,0.0040352553891897635,0.05115835232995812,0.5877665188938147,0.005979152336102439,0.03377090832098242,0.35926773455377575,0.33186498248593566,0.5724997359805681,0.5815022184660892,0.048421275694002966,0.04192727658221138,0.016023268112109995,0.044374009508716325,0.06546705477639587,0.004666454555095981,0.5914035272996092,0.0040352553891897635,0.5914035272996092,0.5873682719104194,GBR,0.0,False,0.5914035272996092,0.36555829445147736,0.0060032938426393245,0.0001826247022743099,0.4141252860716377,0.21321437319265474,0.06546705477639587,0.012167966828054964,0.048421275694002966,0.00264488820091168,0.0009131235113715495,242.0
ENSG00000271741.1,ENSG00000271741,34981533,35031741,1,24890.028909188746,22533.265081259713,2780.7063469220057,8098.122632711294,1368.0167334803846,6997.989611712155,6669.937703360147,2480.2193295129773,23990.10357971996,1337.7378365539673,1227.1250209308898,3001.590615867862,24807.546453190425,1522.2042917306455,2766.285832382171,7305.609521718809,7145.783208740801,25727.483960903646,25335.82644387854,3059.700400621253,2024.2293816709464,2340.361439392632,4380.347751378052,3825.53939937608,1389.5216806907615,23437.537062414965,0.617203166226913,0.5399534932882359,0.033604995766299744,0.43014529778061633,0.005454352891336581,0.35343178920526985,0.3187046165262098,0.015382988846011523,0.61963352167714,0.005100143441534293,0.0045662100456621,0.04310024916503207,0.6430757863626768,0.006296629451293719,0.03535888206648317,0.37938374753871534,0.35208576584226725,0.6508078994614004,0.627720261990281,0.04619622801440983,0.04176826036255698,0.018350079323109465,0.0537242472266244,0.07218840963217782,0.006469402905928519,0.5942549371633752,0.0045662100456621,0.6508078994614004,0.6462416894157383,GBR,0.0,False,0.6508078994614004,0.4391346757907089,0.006469402905928519,0.00020711260192953236,0.43014529778061633,0.22788335174663166,0.07218840963217782,0.014251529514408518,0.0537242472266244,0.0032424943582873436,0.0010355630096476618,254.0
ENSG00000163867.17,ZMYM6,34986165,35031945,1,25045.087733032506,22791.5561666997,2797.2629278478557,8114.018854060255,1371.0970933252113,7011.99496572612,6640.447163904512,2487.618196575674,24087.95064514866,1332.951191166815,1230.6530343930322,2972.7638637661234,24942.965811621565,1525.3120191964165,2774.165968115911,7303.901814910259,7156.8252988085205,25902.349670040116,25434.079576111235,3054.3458297741013,2024.2042468560517,2351.562858903228,4408.899778379984,3845.1452907692055,1397.099949176847,23450.11907110006,0.6226912928759895,0.5497833210020082,0.034398814563928876,0.431475863537176,0.005507307773776742,0.3545473863153421,0.3165845126411194,0.01575302637838981,0.6228019221629614,0.005047016947351644,0.004672400976956568,0.042252027779250384,0.6477200759974667,0.006349542303825599,0.0355706118992166,0.37917087967644086,0.35272264090860844,0.6573027774844229,0.6313648848510458,0.045931341385886844,0.04171525495600551,0.01866737176097303,0.054410987849973586,0.07308811854988093,0.006734542369286244,0.5945717604815715,0.004672400976956568,0.6573027774844229,0.6526303765074664,GBR,0.0,False,0.6573027774844229,0.4475692706214538,0.006734542369286244,0.00022159524238108143,0.431475863537176,0.2291205266081754,0.07308811854988093,0.014539890621544196,0.054410987849973586,0.003324238905336306,0.0011079762119054072,269.0
ENSG00000197056.11,ZMYM1,35032172,35115859,1,24552.98609193356,21481.487037210867,3373.800762111403,7366.158850003271,1789.7955959760843,6834.619178556366,7164.211293790713,3481.7734990544413,23921.284682073012,1631.705688032729,1523.808120554282,3093.1266465300737,24937.886851329604,1796.7084561377485,3230.5018689118583,6855.275186503599,7320.195322549889,26088.117306824435,24466.58128282144,3945.323024127505,3021.856050218493,2942.359561714507,5180.386710547506,4172.530912030514,1798.8756622223254,24265.525288180805,0.6034828496042216,0.49719902758693585,0.05249788314987299,0.37772100697216454,0.012815081550518958,0.3415320866978325,0.35416335400434623,0.04144420362636782,0.6169931879389555,0.009031504011050311,0.009079324625676967,0.04612203785187934,0.6475617479417353,0.010952960474099159,0.050815159856023716,0.3445798520568357,0.3640271733361639,0.6637448516210793,0.5937566025776463,0.08200890019071837,0.09859005618573094,0.035959809624537285,0.08071843634442684,0.08621328393754962,0.013416056845900944,0.625673249551167,0.009031504011050311,0.6637448516210793,0.654713347610029,FIN,0.0,False,0.6637448516210793,0.4560110386317067,0.013416056845900944,0.0007067067248010809,0.37772100697216454,0.18145289979416235,0.08621328393754962,0.018991618388301802,0.09859005618573094,0.010658869375237348,0.0035335336240054044,512.0
ENSG00000116560.12,SFPQ,35176378,35193446,1,25313.797481031535,20795.842090965303,3486.352205831407,15458.045885915111,1444.5542558734498,12941.23096121414,15882.932887658231,8115.178158756042,25463.314774439506,2267.4400824992617,1167.4133642759036,3113.676187188135,22377.606926376677,1528.3225868430789,3780.4620655270187,13253.854115529057,16763.99826659168,25605.503436929,26787.984376951037,8917.643124896722,14058.955944189966,2908.512014654918,6395.927464820437,4184.557855200102,1361.276621662136,25006.63282120256,0.632664907651715,0.4710390022196385,0.05572607959356478,0.819415615519719,0.006142766363058674,0.7189757756056099,0.8271585307680076,0.24602209652693344,0.6746052701061415,0.02666950007968974,0.0035573961983646598,0.046917245401049676,0.5491344732953346,0.006455368008889359,0.07241160279483379,0.7391836517481774,0.8474684216112939,0.6463723730066533,0.680435241918445,0.36443102352193263,0.8288985476518604,0.03506081438392385,0.13048071843634443,0.0869542206933051,0.005886096086541521,0.6537649170978984,0.0035573961983646598,0.8474684216112939,0.8439110254129292,GBR,0.0,False,0.680435241918445,0.47823278949666526,0.02666950007968974,0.002245734481086741,0.8474684216112939,0.7481654223910772,0.0869542206933051,0.019256281888598726,0.8288985476518604,0.6922235329413895,0.011228672405433704,962.0
ENSG00000146463.12,ZMYM4,35268709,35422058,1,15089.931245150823,11443.381477748177,4069.5671671354658,10008.626007755953,1668.8994609938554,7016.880732347169,9490.70912176893,5919.0998583560195,13882.872345042926,1748.0033631261645,1399.8788163881331,2874.3468007538554,12092.725286895875,1781.0336094846666,3949.4972175700746,7386.652926907472,10748.89592840786,13521.512833673763,13292.547893929377,5542.860174216608,7365.296061767235,3304.6802422070946,4508.101145541571,4407.59521804559,1415.129653891377,12997.08376978483,0.22612137203166227,0.11631962794630589,0.0784822184589331,0.5580392783011336,0.010538021605592036,0.35513174670633235,0.5184184025017226,0.1382883121002273,0.2007181707767862,0.011369069755086862,0.006583837740256982,0.038063934686953294,0.14312856238125396,0.010370919096248479,0.07876349777683675,0.38486509499228355,0.5877295403884938,0.17446404055338474,0.15587365307416015,0.16110404746768384,0.43581045266617197,0.047805393971443684,0.0583729529846804,0.09727441121989945,0.006946653939972425,0.1680747703030943,0.006583837740256982,0.5877295403884938,0.5811457026482368,GBR,0.01231170524942941,False,0.22612137203166227,0.05794222219710424,0.011369069755086862,0.0005348706169266033,0.5877295403884938,0.39387540326548043,0.09727441121989945,0.023085811502190388,0.43581045266617197,0.19631389886953568,0.0026743530846330167,430.0
ENSG00000142687.19,KIAA0319L,35393883,35557950,1,14138.478410330628,11297.9450213073,3834.352247262617,8874.466813347524,1693.6216315687152,6599.449567381705,8795.823455518235,5743.377875448362,13071.906677813538,1894.175628867256,1550.591098634944,2775.5078915638037,11930.093686075326,1881.4093892964136,3895.335288224753,7046.4147191222655,9773.866774146478,12893.21756569022,12400.013867951737,5515.581879176893,6483.549187722618,3503.0604113083414,4845.8526037217225,3986.933000619398,1594.1998244907827,12584.592998167403,0.19197889182058048,0.11267307895571292,0.0686917866215072,0.48523072010218743,0.011120525312433807,0.323523161920952,0.4707160650871893,0.1297245863509013,0.16935100596715424,0.015247303830420231,0.009504088350854837,0.034352966124158404,0.13800928857926958,0.012381607492459918,0.07669913190768579,0.3591613006226385,0.5285001592187666,0.15323687823423804,0.13162898795689837,0.1594617503708413,0.3632460510972119,0.053833950290851404,0.06899101954569467,0.07859222016406457,0.01002227171492205,0.15497940648431724,0.009504088350854837,0.5285001592187666,0.5189960708679118,GBR,0.011507423751127581,False,0.19197889182058048,0.042344667113113875,0.015247303830420231,0.0008764904590107144,0.5285001592187666,0.3269541871379539,0.07859222016406457,0.016351491883751273,0.3632460510972119,0.1373743263389226,0.004382452295053572,580.0
ENSG00000020129.16,NCDN,35557473,35567274,1,16840.56175655148,13644.006046114371,3953.2246488836463,10285.43586690722,1552.839662107177,6709.217731004387,9727.297028438656,6003.591360433236,16617.85852354215,1571.0912303578075,1466.9604827786334,2888.48447822024,15226.189502332321,1773.9935055619717,4380.992274465383,7969.0725466405875,11765.146008395206,16132.641777274093,14526.365956114956,6002.195282480082,7724.250147021434,3616.9087928809317,4857.656807483068,4078.9450507429165,1346.7594893058083,14612.638076831005,0.29693931398416884,0.18232744952964802,0.07366638441998306,0.5753366331364096,0.007837322601143825,0.33186357841053976,0.5343191816399003,0.14246444996563937,0.31166499445529916,0.008340859586675875,0.007858128915790592,0.03896516990934634,0.25232214481739496,0.010053441981057199,0.09607241160279484,0.42445851737533924,0.6456320985033436,0.2724152497623825,0.1978660469047116,0.18637423182877727,0.4639563235450016,0.05795875198307774,0.06951928156365557,0.08266737232071977,0.005620956623183794,0.22621184919210055,0.005620956623183794,0.6456320985033436,0.6400111418801597,TSI,0.0,False,0.31166499445529916,0.10714362618542475,0.010053441981057199,0.0004348827556685909,0.6456320985033436,0.46440429002040917,0.09607241160279484,0.02262622756696702,0.4639563235450016,0.2219362442868461,0.0021744137783429544,372.0
ENSG00000116819.9,TFAP2E,35573314,35595328,1,18853.369142919586,14142.37269746187,4118.532116953149,6484.549890464037,1531.943212022846,3660.432143881287,6344.132129382168,4944.323841791194,18473.19112805308,1470.4207339810625,1339.8224430770917,2707.460091284539,16235.389468365891,1828.3377359016554,4452.193269125912,4708.699542573492,8970.530187751961,16965.030826491336,16451.447003296766,4448.996150427303,4792.9855410232085,3530.309828728381,4255.337630223449,4231.462360529712,1383.0124063360367,17294.000559645352,0.37778364116094987,0.19971461790508402,0.08033446232006775,0.31449252222044816,0.007360728659182377,0.1270186995325117,0.295436476387343,0.09531109583972089,0.39113903997465277,0.007331456197205546,0.005893596686842944,0.032285426496315536,0.2924846949546126,0.011535001851949838,0.09919542663561295,0.193390452876377,0.4761171850122068,0.30525926708205725,0.2713923515740545,0.10738503920322102,0.22659811300752677,0.054838709677419356,0.04907554146856841,0.08970627150039694,0.006310319227913883,0.33794487274263385,0.005893596686842944,0.4761171850122068,0.4702235883253639,GBR,0.0,False,0.39113903997465277,0.16555979887121652,0.011535001851949838,0.0005480723807796879,0.4761171850122068,0.2722822702020536,0.09919542663561295,0.023827609580972003,0.22659811300752677,0.05447196445605878,0.0027403619038984394,442.0
ENSG00000126067.12,PSMB2,35599541,35641526,1,18143.039714447055,11839.23385804338,4240.446977617958,4824.732876939462,1202.550692196021,2439.9672736397924,4528.989361828339,3902.8688373951322,15838.35853568546,1144.7735179396752,984.0505458662707,2519.730570475769,14077.916846889391,1364.1402729219026,4200.812145884463,3311.811699397797,6923.634054431013,14810.504891095972,15240.86381494772,3434.1641197814884,3449.528781367215,3222.4621393190596,3435.817128475156,4002.0975952715776,995.1939102757291,14995.141081854896,0.349023746701847,0.1263608498044604,0.08541490262489415,0.20001064452605247,0.0037597966532514297,0.06103909902252444,0.17204643027508348,0.055928529893746366,0.27797433595606486,0.00334696913350688,0.002389295954125518,0.02677198748873456,0.20740975300823306,0.004338853907614159,0.08834427270802456,0.10547602575701133,0.334253263984715,0.22204034216918364,0.22390661314177054,0.061135833863106594,0.12832608926110464,0.04531993654151243,0.028050713153724247,0.07906853664990739,0.002068087814190264,0.2410497412609568,0.002068087814190264,0.349023746701847,0.3469556588876567,TSI,0.0,False,0.349023746701847,0.13309580975648064,0.004338853907614159,0.00010574640772438348,0.334253263984715,0.14644865475959673,0.08834427270802456,0.019756571952952377,0.12832608926110464,0.01786975150533238,0.0005287320386219174,169.0
ENSG00000142686.8,C1orf216,35713877,35718894,1,14166.50595716962,13299.30242373855,4638.3229846000795,5716.593358264581,2252.5412156312123,3279.5088535657183,4507.425515612867,7288.578490934113,14403.344533565085,2256.551316833289,1563.3149993374382,2993.6883700617846,12265.661846044739,2402.2822729036584,4332.363734724814,4991.358631725864,6079.01848516143,14628.112590007247,13244.876570877921,6349.105195145153,5662.478011385791,4186.295906495324,5799.541308200883,2847.8339876767686,2245.9687612330617,14067.040950290684,0.19287598944591028,0.1700665891554804,0.10425486875529212,0.26089733354622385,0.02547129845371743,0.10258181045473863,0.17024434197275667,0.20193476766929216,0.22194645403178961,0.0261913616320459,0.009875756610385472,0.04294120765519801,0.14756174794173527,0.026826816233663158,0.09437857294092737,0.2112181363418658,0.27422778898206135,0.21501742528250078,0.1542362138178745,0.20645263827082008,0.2966712604685678,0.07815970386039132,0.10670892762810354,0.03731145805768722,0.0261427510870718,0.20714964621396134,0.009875756610385472,0.2966712604685678,0.2867955038581823,GBR,0.0,False,0.22194645403178961,0.055909956079824685,0.026826816233663158,0.00226807084851882,0.27422778898206135,0.10351104144278526,0.10425486875529212,0.02582382540256384,0.2966712604685678,0.0923749276966672,0.0113403542425941,969.0
ENSG00000134698.11,AGO4,35808016,35857890,1,10470.643870668224,9429.49340280423,2940.0089791387704,4794.152979690364,2153.4537659968973,2920.8246413526604,3726.5460973674285,5442.528819644526,11254.24492136452,2176.0022788004376,1491.7376349504189,2344.1599129201713,10477.51933661823,2296.3843252618103,2779.2619433290406,3738.172406507033,4673.305549932827,10654.57570709107,11692.329214922602,4815.12087566641,3942.417044816812,2582.454745300469,4303.70257480557,1869.5338049930067,2165.65644279735,11269.513807428471,0.08554089709762533,0.0694429764295529,0.03852667231160034,0.19676406408004685,0.022294005507307774,0.08436039099022524,0.12036889807600572,0.11661468520378496,0.11480171093626235,0.024013175370557298,0.008335988106615694,0.022053756030323914,0.09768841038632045,0.024234086459601036,0.035676476815583315,0.131658772816774,0.17604288292113363,0.09029464568592248,0.11192689626030002,0.12327823691460055,0.16352167921127955,0.02617662612374405,0.05081880612783941,0.012119608362000529,0.023438328560822994,0.11653817720984265,0.008335988106615694,0.19676406408004685,0.18842807597343114,GBR,0.0,False,0.11653817720984265,0.016272860119705242,0.024234086459601036,0.0019115046018944547,0.19676406408004685,0.057844013213893125,0.03852667231160034,0.0051621298169943755,0.16352167921127955,0.028737564799390325,0.009557523009472274,889.0
ENSG00000092847.14,AGO1,35869808,35930532,1,9827.392211079265,9196.853957474652,3443.360192765511,4822.660985168475,2062.335224724259,2873.540392324503,3530.0445053122626,5496.39407653244,10094.957137003361,2190.3105814320734,1561.6243769452622,2521.3119571618677,9614.710168596877,1988.0353902525699,3359.6890864219367,4180.21316724614,4878.022369040216,9870.051449527778,11516.0780209608,4983.496852958666,4345.997753228012,3146.7014865041433,4518.623872735485,2289.771066868665,1873.442916626132,10784.21251800068,0.07224274406332454,0.06431666842828454,0.05466765453005927,0.19985097663526533,0.019540351620419404,0.08239481512962175,0.10775427995971802,0.11857059787492731,0.08649733326292443,0.024491313818201136,0.009769565679091005,0.026931028998568626,0.0781612835127718,0.014392295888671358,0.05568494600889265,0.15938481187802672,0.1899479885362488,0.0747174992079417,0.1073843228396366,0.1318605636787455,0.19362875013251352,0.04304600740349022,0.05874273639725304,0.020375760783276,0.015325060982076573,0.10339000950469955,0.009769565679091005,0.19985097663526533,0.1900814109561743,GBR,0.0,False,0.1073843228396366,0.013912261346182437,0.024491313818201136,0.0019457701352830518,0.19985097663526533,0.059444247026944605,0.05568494600889265,0.00936590838091242,0.19362875013251352,0.040023762120501315,0.00972885067641526,894.0
ENSG00000126070.20,AGO3,35930718,36072500,1,11034.985941290179,9850.394155640173,3709.4401652403485,4979.790267545513,1860.424653369996,3392.2733532790144,4450.739374911099,5388.7633821412055,12011.951743316136,2161.626533599202,1446.6675715012589,2455.894537864254,10859.924642426662,1830.623878654277,3601.4104060182162,4469.588360904866,5175.307098946853,10536.057382123683,13941.927849444592,4756.27098960502,4675.455280569585,3150.238546002649,4572.780749796074,2101.054042502033,1731.1555038943563,12821.684577245322,0.09973614775725594,0.07763449952436317,0.06339966130397968,0.2098568311245942,0.01450963778860411,0.11007224819379516,0.1660571367997032,0.11365438494475869,0.13761419443417647,0.02348191042873081,0.007539556121907189,0.02496951704394847,0.1069242136373232,0.011587914704481719,0.06463053144188016,0.17870257037943696,0.21112408449209213,0.0878656669130848,0.17885062328332982,0.12041746132655223,0.21732216686101982,0.043204653622422,0.06016904384574749,0.016247684572638265,0.011825220065754587,0.16237195057556236,0.007539556121907189,0.21732216686101982,0.20978261073911264,GBR,0.0,False,0.17885062328332982,0.03697093402578285,0.02348191042873081,0.0018127291325889723,0.21112408449209213,0.06544664993573043,0.06463053144188016,0.011917511416071143,0.21732216686101982,0.050186968531719556,0.00906364566294486,864.0
ENSG00000092850.12,TEKT2,36084094,36088275,1,14002.58933334025,13287.332089948319,4427.177669673889,12065.470317553527,2034.4470398095623,11388.29772629468,13388.339296361377,7689.600034220485,15563.173830553906,2697.147699950292,1451.6664965075345,2721.2762650087407,15573.735508244243,2124.1835575719874,4579.88479057289,11695.58100229992,13378.653900296084,15609.537075488977,18419.272480940042,5969.6479880952265,8257.341149367152,4009.058698485621,5445.516191759912,3009.9754195518985,2003.5655519045715,17286.704108118407,0.18638522427440632,0.16969664940281154,0.09372353937341237,0.6758209590717973,0.018534208854056343,0.6407246068848279,0.7324428897015953,0.22307976951947983,0.2661456408089983,0.042819954311215006,0.007592651587554423,0.03276255102581774,0.2672049820561537,0.01867823694375364,0.10470040228668219,0.6622851365015167,0.7267805965396454,0.25298341957968107,0.3534227762518487,0.18489086670904853,0.5068376974451394,0.0709148598625066,0.09218172213417855,0.04265678750992326,0.01871884611305547,0.33762804942443764,0.007592651587554423,0.7324428897015953,0.7248502381140409,GBR,0.0,False,0.3534227762518487,0.13632827205069514,0.042819954311215006,0.004981806862061472,0.7324428897015953,0.5793525829830547,0.10470040228668219,0.026002536994238056,0.5068376974451394,0.26392703591983624,0.02490903431030736,1502.0
ENSG00000116863.11,ADPRS,36088892,36093932,1,12906.14637901776,12058.17116131013,4984.140374499884,12841.476399805833,2079.1170291020962,12356.811137621276,13747.03244617432,7606.332850693923,14226.086553859544,2751.8939720403732,1474.7191163762038,2882.9518379022343,14494.599314813891,2149.6235758244175,4860.516302447518,12099.540984106727,13633.599220703252,13844.413662047851,17314.611463856483,6342.5201685854245,8333.850327896376,4224.1641078440525,5471.558387361893,3419.138145445181,2020.6617205255266,16134.42847174672,0.15229551451187334,0.13259697706373533,0.1200783234546994,0.715471818617276,0.01996399067994069,0.6917233319167021,0.7481316584512641,0.2186921816355659,0.21434229286581824,0.04489188758433831,0.008176701709673995,0.03875311456290092,0.22308423052564916,0.019366104026668076,0.118568706330722,0.6845298281092013,0.7401549729328096,0.18560566057661843,0.3076801183181914,0.2061347743165925,0.5139404219230361,0.0796932839767319,0.09355520338087692,0.05609949722148717,0.019249125039770918,0.28836202344492556,0.008176701709673995,0.7481316584512641,0.7399549567415901,GBR,0.0,False,0.3076801183181914,0.10453440734447393,0.04489188758433831,0.005394111982186044,0.7481316584512641,0.6012822690898428,0.1200783234546994,0.03245399348349072,0.5139404219230361,0.2712258460244479,0.02697055991093022,1557.0
ENSG00000123091.5,RNF11,51236273,51273447,1,7562.358767483109,6524.959039503034,3027.325522039699,1537.1895059713227,2337.9011001737535,1558.0786014073083,1588.1667793878958,1551.8000666972218,6946.554700667024,2250.0223784903396,2113.65871546528,2109.8937886217,6552.4401567810455,1758.9165000366131,2698.9126577135703,2270.5104588040085,1344.4124354890546,8674.34868164734,9247.25825039773,1664.2125734861875,1397.4723323740684,2537.957005615167,2144.7221366397557,2549.533390896025,2074.7476948946714,9690.702399682485,0.03509234828496042,0.024997357573195222,0.0418077900084674,0.0205439352812816,0.028754501165007412,0.024436889077773055,0.021042031059521918,0.003806100333033779,0.030046997940539683,0.025978855655315304,0.024317723266433045,0.016328261676297515,0.028762930124551403,0.0097888777183978,0.033453313571882276,0.05193975839497632,0.012525209638042671,0.05232865138874221,0.057627297697020914,0.008476372112735749,0.012880313792006784,0.024748810153358013,0.006814580031695721,0.027202963747023023,0.021052073390603457,0.0773048896398775,0.003806100333033779,0.0773048896398775,0.07349878930684373,CLM,0.05557498318762609,False,0.0773048896398775,0.007412018212647503,0.028754501165007412,0.002548998039790147,0.05193975839497632,0.0056004050881054476,0.0418077900084674,0.0058916129501951795,0.012880313792006784,0.00019727716504512878,0.0009863858252256439,247.0
ENSG00000085832.18,EPS15,51354263,51519328,1,12301.572973299883,11723.257601156085,2516.928948881089,1089.8492378048538,4757.92771964653,1474.3848644576794,1458.7071671862316,3323.4034805922443,11354.276228203098,3567.671853524576,4021.8591242987327,2521.5505762123425,10257.532047110439,4395.322232274996,2486.1843304218437,1212.250045356188,1128.852835136154,13287.881118291754,12546.706518723087,2220.351747193268,1795.4866947066864,3468.7576848137587,4581.633034077349,2770.733046469281,5185.678605847218,11369.362212939663,0.1329287598944591,0.12350702885530071,0.026143099068585945,0.007610836127521422,0.12889218385935183,0.021621334466638335,0.016271797318068586,0.037373790770206694,0.11812853144637482,0.0792116028263295,0.10050971647021345,0.02698404283517998,0.09193582436141018,0.10423831948780359,0.02773660808807961,0.012293119046351978,0.006899479885362488,0.1669130848030415,0.13522079019649272,0.01928374655647383,0.029630022262270753,0.052776308831306185,0.06027469624933967,0.03482402752050807,0.15250821932336409,0.11954799873270673,0.006899479885362488,0.1669130848030415,0.16001360491767902,KHV,0.0,False,0.1669130848030415,0.03238797834354016,0.15250821932336409,0.042235468214223526,0.021621334466638335,0.0012049851637978835,0.052776308831306185,0.008587565000987743,0.06027469624933967,0.004062749483063279,0.0060249258189894175,697.0
ENSG00000117862.14,TXNDC12,52020131,52055772,1,11937.473521823063,10519.868902207043,2089.468424800529,2563.0191644724805,1653.283712540223,2467.065156016889,3643.009142985938,2213.875714304769,14163.566107438131,1409.7677234516073,1564.8258825031373,2697.39382656041,11513.040580639261,1599.763600400538,3741.284502734766,1949.7673367380228,3317.229237167666,11729.073230161712,13345.55621296241,2165.379174022862,1789.4001663137367,3510.784491650756,2876.6828169019495,3041.106302303579,1596.9561694276508,13230.195369072117,0.12279683377308707,0.09248493816721277,0.014606265876375953,0.06445260524775134,0.010114382546070748,0.0625265618359541,0.11517464355753432,0.01004387587883914,0.21122669905476052,0.006322052807735217,0.010141233938621642,0.03191432964003605,0.12470973189782562,0.007619450764590719,0.07066483167478298,0.036932574104624555,0.09765417683897676,0.11838631323265392,0.1576695541939573,0.01827717736808646,0.029258984416410474,0.054204124801692226,0.016376122556788168,0.043821116697539034,0.010075299607593595,0.17720984264441864,0.006322052807735217,0.21122669905476052,0.2049046462470253,FIN,0.0,False,0.21122669905476052,0.05085092466995294,0.010141233938621642,0.00044129228712011016,0.11517464355753432,0.02262146148337402,0.07066483167478298,0.013768260608753044,0.029258984416410474,0.0009852820453573202,0.0022064614356005507,378.0
ENSG00000285839.1,ENSG00000285839,52020153,52033350,1,12033.36133064868,10497.18541585028,1993.7909081645014,2615.867401266289,1659.8238753744636,2378.6583739845623,3573.8679110198937,2261.9014813727813,14601.48726670171,1370.0343935592161,1546.9466599742711,2546.293301216341,11758.435891845484,1565.640241117351,3641.8441081752094,1970.8466410877168,3392.2904197832518,12052.990372248552,13349.497834372813,2243.210342112595,1874.7029576214359,3290.197078913305,2853.745489577927,2818.630300109845,1585.8796940221434,12963.282421750355,0.12517150395778365,0.09190360427016171,0.012912785774767146,0.06706051413060833,0.01016733742851091,0.058382915427114324,0.11040440981608099,0.010889675952846645,0.2294978085229973,0.005365775912447537,0.00939789741956037,0.027620208874516248,0.13299556681443953,0.006984496534208159,0.06664196485284776,0.037943696450428395,0.10152850015921877,0.12878867884676312,0.15782801605746882,0.01965458783640602,0.03334040072087353,0.047540983606557376,0.015530903328050714,0.036305901032019056,0.009863188036907413,0.1669130848030415,0.005365775912447537,0.2294978085229973,0.22413203261054976,FIN,0.0,False,0.2294978085229973,0.059611155861591034,0.01016733742851091,0.00044320538869569624,0.11040440981608099,0.021004701150275692,0.06664196485284776,0.012523081972510862,0.03334040072087353,0.0012727016692126903,0.0022160269434784814,380.0
ENSG00000198841.4,KTI12,52032103,52033810,1,10899.111148642804,9866.035013063814,2018.0873210005607,2646.706761022012,1644.2229934562176,2446.3166983207298,3641.453727938881,2211.3382773586018,12908.034831127285,1377.3514302996418,1555.293415544671,2545.9817609364227,9670.831027767654,1575.3609906638205,3655.177802614971,1971.2609546934161,3477.0574883558297,11432.592955227816,11607.214210072361,2137.585529507955,1794.4919583500798,3383.986896871456,2785.076651668701,2920.240752151144,1564.6838196476426,11306.737323625943,0.09630606860158311,0.07805728781312758,0.013389077053344623,0.06865719303847996,0.009531878839228977,0.06146408839779006,0.11501563576615254,0.009885288364962733,0.16433437186460367,0.005684534877543431,0.009663374747796539,0.027514181201293536,0.07921680388431497,0.007196147944335679,0.06738301926741477,0.03799691341599702,0.10550896932385097,0.11131059245960502,0.11023663638284387,0.017853358762449673,0.029524011449167817,0.05044949762030672,0.014368726888536715,0.03942842021698862,0.009491992788206597,0.1174886471644313,0.005684534877543431,0.16433437186460367,0.15864983698706026,FIN,0.0,False,0.16433437186460367,0.03143610274444452,0.009663374747796539,0.000406866867217688,0.11501563576615254,0.02256674120708478,0.06738301926741477,0.01274906473483097,0.029524011449167817,0.0010028522293005905,0.00203433433608844,363.0
ENSG00000134748.13,PRPF38A,52404602,52420836,1,11537.171924779263,9753.690406921822,2691.921581658552,2098.5511141859774,2530.610883970756,2560.8617766541543,3251.2143109981066,2059.2691021181895,13066.58946434718,2077.4631187438517,2454.7510466171,4084.645482244023,11855.074325007065,2294.405085183403,3532.5745161424134,2127.1135101321397,2808.8882598498612,13026.87618966101,12449.738344095796,1969.8470794986952,1619.4274428079968,3541.1567312928687,3010.3448126481644,2905.609358529071,1740.6111666535628,12520.490561354884,0.11097625329815304,0.07504492125568121,0.031276460626587635,0.04220554579807334,0.03563863588222834,0.06656396090097748,0.09233052419568559,0.00750647565681662,0.16919258594286318,0.020347447271954523,0.037538494212594246,0.08323172347982824,0.13558159172472029,0.024181173607069156,0.062089773449078976,0.04523442073332978,0.07016240314191699,0.15746118914352097,0.13289668286499048,0.013668150031786395,0.021679211279550515,0.05520888418826018,0.019334389857369256,0.038952103731145805,0.012037331636440768,0.15270883937057766,0.00750647565681662,0.16919258594286318,0.16168611028604657,CLM,0.0,False,0.16919258594286318,0.033240702312970695,0.037538494212594246,0.003991944562029679,0.09233052419568559,0.015353538631553669,0.08323172347982824,0.017940803494449348,0.021679211279550515,0.0005474085146359166,0.0027370425731795827,441.0
ENSG00000116212.16,LRRC42,53946077,53968168,1,14582.259122701058,14210.691287241394,2030.895321523987,2457.72101262258,3852.2037189847338,2338.970679168313,2690.8643745035156,3124.4276629479464,15712.986544488882,3615.958099087064,3851.96229604425,2740.9264378639123,15557.750653976032,3581.668629488827,1753.3029660240297,2765.636787341079,2549.744061604183,14699.981437395989,16516.20474759779,2315.1172157038623,1442.612848953929,2378.5991488066143,4299.83869985534,2175.204396388668,3587.0818611973946,15675.099916908372,0.20812664907651715,0.20177571081281048,0.013547840812870448,0.05944967800308691,0.08806396949798771,0.05684232894177645,0.06360311655271109,0.03124174023365227,0.27364418862544226,0.08160229506454869,0.09254539662312838,0.03329268939193129,0.26609668566603334,0.0703211810148685,0.009474910014821088,0.07695173221222926,0.05700031843753317,0.21755201182807055,0.2744559476019438,0.02161474888747616,0.014417470581999364,0.01961924907456372,0.050501848917062865,0.017941254300079385,0.07673136069572595,0.2679797233076354,0.009474910014821088,0.2744559476019438,0.2649810375871227,ITU,0.0,False,0.2744559476019438,0.0839808422682616,0.09254539662312838,0.01822307544759716,0.07695173221222926,0.011155674402664194,0.03329268939193129,0.0040763844608032165,0.050501848917062865,0.0028722500354866442,0.014361250177433222,1095.0
ENSG00000066557.6,LRRC40,70144805,70205579,1,4857.710219774178,4319.16853747862,8360.044796203078,7603.967237542605,4441.542670735476,7035.700452904393,6246.788843850079,5221.3963119356495,5736.698679466294,2645.460886626254,4087.6504957575407,7944.999848846944,4940.607601011042,4474.546341920842,8112.420659288734,6131.230983627814,7092.62901404854,7589.113628365937,4579.597014912813,4775.7678891034875,4856.507184470843,6651.8299740556995,5109.802871477647,7345.103244212127,4266.793832604054,5528.276706749771,0.01071240105540897,0.009037099672339077,0.2951418289585097,0.39491191654691576,0.11560050836687143,0.356619209519762,0.28796311019239945,0.10662367182957129,0.017743042720599882,0.0405355150613611,0.10380163534034194,0.2829348459948046,0.014355077052987122,0.10799513201756707,0.2909697226339191,0.29237400883401626,0.34810529667763507,0.03564262329707466,0.010141559264736952,0.12137105318923501,0.23179264284957066,0.19397144368059227,0.07871104067617539,0.24218047102408044,0.10849506840598154,0.016738831978033584,0.009037099672339077,0.39491191654691576,0.3858748168745767,ASW,0.0,False,0.03564262329707466,0.0016816890795633922,0.11560050836687143,0.02649626871967979,0.39491191654691576,0.19617723396362904,0.2951418289585097,0.13896631885808827,0.23179264284957066,0.05694662547263853,0.00840844539781696,821.0
ENSG00000116754.14,SRSF11,70205682,70253052,1,4649.675063354706,3991.4917657437286,7141.627492508516,6014.507336632596,3302.320392277799,5991.803290154658,5188.792373398484,4230.774888129318,4962.468465028203,2319.1458786086864,3217.172708970503,6738.608795043218,5284.298906794233,3371.7814314161415,6534.2002580700855,5199.299919944646,5517.560163593859,6930.338673376433,5022.905761934014,4123.44972717712,4705.893460910045,5154.495551804497,4146.619455641889,6203.273329142309,3045.2800395920463,5838.86913053061,0.00992084432717678,0.0077158862699503224,0.22682049110922947,0.2817073819788174,0.06359881381063334,0.27879303017424567,0.21381247681136376,0.06613099328646191,0.012356761894703491,0.0286883068586304,0.06488265902091961,0.2129565816678153,0.01688832594469073,0.06106143182178951,0.20278424730044464,0.22462881166515886,0.2328839825920815,0.02766923645580315,0.012043101626875132,0.09053824962915873,0.21944238312307857,0.1227392913802221,0.04532488114104596,0.18189997353797302,0.05679287305122494,0.019590241841799555,0.0077158862699503224,0.2817073819788174,0.27399149570886705,ASW,0.04327542167148678,False,0.02766923645580315,0.0010352648559081791,0.06488265902091961,0.010025263378629037,0.2817073819788174,0.10851107112228497,0.22682049110922947,0.0907778670123901,0.21944238312307857,0.051151234375284224,0.005176324279540895,645.0
ENSG00000153936.18,HS2ST1,86914635,87109982,1,20320.46500505923,17375.61113154699,3645.7897448163126,1127.2043167414774,4184.388472999283,1222.2273232790722,998.6473202170594,3894.8867082801853,18313.50224507351,3646.333218606996,4791.005336673827,3692.8465147782654,22345.05521859073,3168.150911581264,3226.3362715603016,1236.7523126256765,1163.5416071620168,19078.038694591614,22036.48443196361,3601.629334695898,1742.490505119075,2784.659576428189,4586.603600029439,2430.26188250594,3314.5192096067412,21139.352696992613,0.4395250659630607,0.32766092379241096,0.061547417442845045,0.008888179253818724,0.10294429146367295,0.013599660008499787,0.005247257115598664,0.05555849236136808,0.3842741722553731,0.08340859586675875,0.13672082404162683,0.06791072469914648,0.5479206248680599,0.05391819672998571,0.050550497565106926,0.013091373529881326,0.008014011251459506,0.39370577674516843,0.49735896894147474,0.06823479550752277,0.027032757341248808,0.03183500793231095,0.060380348652931855,0.023868748346123313,0.06686817265881854,0.49836307952265285,0.005247257115598664,0.5479206248680599,0.5426733677524612,CHS,0.0,False,0.5479206248680599,0.31580137765447536,0.13672082404162683,0.035141139179174226,0.013599660008499787,0.0005345633988407501,0.06791072469914648,0.012910925943876135,0.06823479550752277,0.00518104947555487,0.0026728169942037503,429.0
ENSG00000189195.15,BTBD8,92080305,92184725,1,17354.49238482079,14417.809668400507,5645.660992688906,1153.1107132537807,6519.189034625216,1156.7737363811145,1522.8988211105275,6956.870527019907,13336.916347328577,7367.07020874428,6617.289707190578,5921.93859052962,9418.626998893753,7060.208856381559,5319.166360156557,1327.1426213519176,1420.9724776522014,17042.676243347854,11553.39108330944,7017.657904999711,5687.9064758124405,5451.102186567954,8973.561603299699,5081.799010569992,6578.564029830017,15999.737801697707,0.3162532981530343,0.20896311172180532,0.15008467400508044,0.009686518707754537,0.22140436348231307,0.011580960475988101,0.018868924577304286,0.18623460379552784,0.17964830754607383,0.28640493013866014,0.23749601784007646,0.16943222180989237,0.07415030610090775,0.23948357055928884,0.1406415413931823,0.014741099462508648,0.014595053603651417,0.3086915196958496,0.1085463765053877,0.24539097266369994,0.29889748754372947,0.1375462718138551,0.2502377179080824,0.12818205874569993,0.2264821296001697,0.28271200760375964,0.009686518707754537,0.3162532981530343,0.30656677944527977,CDX,0.0218059585715517,False,0.3162532981530343,0.11018602374940267,0.28640493013866014,0.1219628786434838,0.018868924577304286,0.0009491067163227425,0.16943222180989237,0.05663659512849496,0.29889748754372947,0.09373860073796222,0.004745533581613713,610.0
ENSG00000203910.9,C1orf146,92217915,92245813,1,15336.396257364127,13753.928827777077,4388.140891987543,1285.2037543667461,7046.382734341599,1109.04683136645,1602.9326007511097,6546.033496853992,13766.342814548165,6498.151733421482,6976.1912945670165,4277.811713155351,10531.97559174641,7433.267233739637,4355.063667326086,1167.5371591531473,1238.1809689709007,13884.444823726291,10893.696297022858,7179.106683996463,4846.71195572155,4147.188747802884,8997.935963497375,4007.7735775041297,6881.126740553329,13966.522346244277,0.23577836411609499,0.18592114998414544,0.09208298052497883,0.013092767044547341,0.25466002965473417,0.010252868678283043,0.02146605183653999,0.16662261457947877,0.19601837672281777,0.2326409180258195,0.26059254539662313,0.09272120023326089,0.09927169094363521,0.26059579871950894,0.0951196273554944,0.011281996700548134,0.009871563528287868,0.18740099271306368,0.0913796746249736,0.25603941513032424,0.23078554012509275,0.07673188789000529,0.25166402535657684,0.07922730881185498,0.24456464100116662,0.20308374696377654,0.009871563528287868,0.26059579871950894,0.25072423519122106,KHV,0.0,False,0.23577836411609499,0.06277576761293792,0.26059579871950894,0.10404289646121738,0.02146605183653999,0.0011898552193294707,0.0951196273554944,0.022264442168564397,0.25603941513032424,0.06920902473221915,0.005949276096647353,692.0
ENSG00000174842.17,GLMN,92246402,92298987,1,13120.495458234052,11368.786443269937,4015.7325607728285,1087.3552597329178,6728.982523020347,891.0671216377748,1103.6940352423771,6282.368179015118,11109.62640030984,5834.576486795597,6387.713332842894,4396.097306731624,9394.554110503863,6778.919936818396,4256.8236564103945,911.4871360163672,960.1382948857645,12263.739549178697,9245.530931283576,7039.638653450938,4597.534322208022,4048.5621731664446,8142.894520354436,3712.0022239017276,6413.770205953831,11681.197075663402,0.15889182058047494,0.11462847479124828,0.07625952582557155,0.007504390866996647,0.2348019487396738,0.004515512112197195,0.007049345417925478,0.15467568853412275,0.1112636637270951,0.19274292089465017,0.22363810130614845,0.0986587499337327,0.07362254591513616,0.22413884332504366,0.0912026254499259,0.0043637911766271084,0.004458125464388069,0.13581159573344598,0.057574477075850415,0.2466624284806103,0.21059048022898336,0.07287149656266526,0.2076069730586371,0.0673193966657846,0.216300774207233,0.1284718555285669,0.0043637911766271084,0.2466624284806103,0.24229863730398318,JPT,0.0,False,0.15889182058047494,0.029471711438739598,0.2348019487396738,0.08730538556619445,0.007504390866996647,0.0001885133385076036,0.0986587499337327,0.02361947162049494,0.2466624284806103,0.06432799065360213,0.0009425666925380181,245.0
ENSG00000122484.9,RPAP2,92299059,92402056,1,13943.77691824872,12125.867490394809,4509.831435304703,1194.2793773311469,7463.138588598878,1000.7630239023357,1239.3089806766775,6953.282544063599,11323.497554106545,6790.243759497956,7422.266640523468,4802.135864200059,9548.104115698019,7526.595053511726,4540.244220414967,1091.1378482081411,1160.5581963012385,12087.604180729366,9903.95271526889,7615.726255724139,4992.978434728176,4585.951940884502,9532.005270673753,4026.9614327248087,7169.115534974446,11507.923027903442,0.1845910290237467,0.13423528168269738,0.09785139712108383,0.010697748682739901,0.2818788392289769,0.007331066723331917,0.010017490857051996,0.18602315377702597,0.11686117125204626,0.24969452265844977,0.2871933736858872,0.11779674495043206,0.07647245091830272,0.26609873538282447,0.10263603641753123,0.008993667181097334,0.007907865407069314,0.12979195268771782,0.06988168180857807,0.28226319135410044,0.2432418106646878,0.09751454257006875,0.2791336502905441,0.08023286583752315,0.2623820129388058,0.1235610940965255,0.007331066723331917,0.2871933736858872,0.2798623069625553,CHB,0.0,False,0.1845910290237467,0.03927774706141723,0.2871933736858872,0.12252839892468308,0.010697748682739901,0.000350969917455428,0.11779674495043206,0.03146258082315114,0.28226319135410044,0.08378613677846694,0.00175484958727714,332.0
ENSG00000162676.13,GFI1,92473043,92486925,1,13964.924919945342,12737.503941894389,3947.52077378765,923.125781735946,7228.072882743839,1238.1179343081235,1534.5383361878437,6263.3979972936295,14023.751701787627,6742.428926718984,8142.072701878176,4228.27163251649,12404.826133478751,8211.916820758663,3273.7951933076024,1199.340361165536,1120.313584024971,12216.943461825998,12855.041315987266,5513.001153622296,3151.8305380651022,3309.909187453736,9664.064404057599,3357.7511093575627,6725.919739727834,12137.47576240389,0.18511873350923483,0.1520452383468978,0.07334885690093142,0.004417478311778168,0.2666807879686507,0.01434339141521462,0.018974929771558808,0.15398847597399165,0.20584041822886412,0.24735695691441323,0.3316873738982691,0.09012352223930446,0.15078108507494195,0.31065135721466747,0.05277366080880796,0.011973817252940238,0.0067402611187772,0.13433308691519696,0.14309106275089795,0.1591438864166137,0.1071769320470688,0.048016922263352725,0.28689910195456947,0.05424715533209844,0.23565595503234701,0.1417256310064421,0.004417478311778168,0.3316873738982691,0.3272698955864909,CDX,0.0,False,0.20584041822886412,0.04839563557776241,0.3316873738982691,0.1561353010684808,0.018974929771558808,0.000958473796498831,0.09012352223930446,0.02040405778035525,0.28689910195456947,0.08650485253362745,0.0047923689824941555,617.0
ENSG00000117620.15,SLC35A3,99969351,100035634,1,13295.21469847044,7830.981751242749,2648.581318726982,1972.88836583616,3429.340635118738,1656.7066204255425,1574.4015388185205,2362.1765064211436,17140.312081131982,2726.978992108254,3153.194460245153,2333.876132674849,15458.392665869369,2123.6815418321266,1821.0926663489236,1857.8067976770249,1692.101778576206,13296.815587851575,14859.574029633168,1767.2173271000615,1218.7166218280504,2158.8055448741356,4271.573619634903,2433.0232566161762,2656.7677122600917,16752.16428875326,0.1649604221635884,0.04122185815452912,0.02937129551227773,0.036723614881047424,0.06979453505613217,0.029058648533786657,0.020618010282503842,0.013004176137865413,0.33511115805037756,0.04382935770068533,0.06254645853244133,0.02162964533743307,0.2617162761241292,0.018625324091221758,0.01079822146940504,0.03352668830823267,0.023139794077061883,0.16722990812123772,0.20927530107754067,0.009429963975418522,0.007685783949962896,0.013379164463246959,0.0497094558901215,0.023974596454088382,0.04099056103510446,0.31455275108247965,0.007685783949962896,0.33511115805037756,0.32742537410041467,PEL,0.0,False,0.33511115805037756,0.1231170654164324,0.06979453505613217,0.01133514758972217,0.036723614881047424,0.0030499401370321744,0.02937129551227773,0.0033285515482816513,0.0497094558901215,0.0027845758947394055,0.013922879473697027,1080.0
ENSG00000283761.1,ENSG00000283761,99970011,100083321,1,13629.917759526445,8271.636383675923,2761.785585309968,2049.277731848497,3722.1877058257355,1705.3073864333937,1660.2439891966176,2580.5154808059815,16959.551626044817,2987.486620461531,3466.564812841682,2510.5726584712183,15598.987802008374,2340.1235547242445,1955.4126037911399,1938.3807989217146,1796.6319380182642,13269.018472401744,14957.616793697061,1876.5927705135314,1277.8068307485858,2346.012873771586,4612.859514341369,2583.0042893680393,2909.13423268697,16973.761986233687,0.1741952506596306,0.04851495613571504,0.033075783234547,0.040236308478365,0.08139165431052743,0.03059923501912452,0.023215137541739546,0.017286039012528412,0.32719015683582403,0.05440153004303246,0.07566103854730806,0.02640089063245507,0.2681021743719654,0.025503994920366157,0.012968452254922718,0.03650683838007557,0.027014117397303895,0.16606822262118492,0.21302556518064653,0.011707988980716254,0.009328951553058412,0.01856160761501851,0.06122556788166931,0.02842021698862133,0.05106586064269806,0.3235294117647059,0.009328951553058412,0.32719015683582403,0.3178612052827656,PEL,0.0,False,0.32719015683582403,0.1176020298841958,0.08139165431052743,0.014681341534778406,0.040236308478365,0.0035796385012068685,0.033075783234547,0.004033519810814373,0.06122556788166931,0.0041893348861762915,0.017898192506034343,1243.0
ENSG00000163399.16,ATP1A1,116372668,116410261,1,21093.027939422915,22116.046262631593,1948.6970082391965,1826.1692093577235,1934.121515920061,2180.536577871891,2592.8728242948414,2529.6484650839266,20633.109802680738,1883.4490441493144,1813.2785366913886,1691.3449963406626,20583.855263482208,1944.6125109934032,2227.4615576643646,2272.884100355708,1957.046018046193,21289.567844955043,22593.669281219474,2656.883941138951,2436.3692971979212,1656.439003254172,3629.695111366884,2127.679991222239,1662.6703987956444,21357.03547627922,0.47087071240105544,0.5234119014903287,0.012066045723962743,0.03214646867848209,0.015727600084727813,0.04977688057798555,0.05920390099114857,0.01638737643389544,0.48286423403918255,0.014928544865324337,0.015132207709461613,0.009012352223930447,0.47551192738019843,0.013704428805756919,0.019849671818759265,0.052046192326113565,0.03306443052754485,0.4809377970218608,0.5199661948024509,0.03146853146853147,0.06270539595038693,0.006610259122157589,0.03312202852614897,0.01682984916644615,0.010976773783009864,0.5074981518639772,0.006610259122157589,0.5234119014903287,0.516801642368171,PJL,0.0,False,0.5234119014903287,0.28929284290663776,0.015727600084727813,0.000923449150382703,0.05920390099114857,0.007044991742337396,0.019849671818759265,0.0017662369328590517,0.06270539595038693,0.004390120688099149,0.004617245751913515,600.0
ENSG00000184678.11,H2BC21,149884459,149886682,1,6521.4590049073195,6938.224782375529,1602.184296682795,,2913.4756989248754,,1297.3508870352669,2844.3975071469777,6533.755203672401,2614.4073516079793,2600.020277894661,1560.8531021213291,4896.362805647062,2353.827821486417,1517.6055459613706,1379.771038907145,,9259.053277883897,6942.663625914715,2280.2887200303903,1581.7402631413183,1661.9916204863387,2175.935770419836,1592.9229071467923,2177.711689082859,7107.664877204694,0.023693931398416888,0.029700877285699187,0.00714436917866215,,0.04930099555178988,,0.011554566173742514,0.023946714595337527,0.02518878386228019,0.03936673218934283,0.04221089518955081,0.006520701903196735,0.014302301034409964,0.025874384888089318,0.006087232691086174,0.016284391463998724,,0.06267821311648537,0.025882104373547432,0.020449247721974994,0.02030107070921234,0.00671602326811211,0.007184363444268357,0.007250595395607303,0.02412769116555308,0.033636075615165274,0.006087232691086174,0.06267821311648537,0.0565909804253992,ITU,0.0,False,0.06267821311648537,0.004959274662797895,0.04930099555178988,0.006315210920106918,,,0.007250595395607303,0.00034649630284643257,0.023946714595337527,0.0006652686123229573,0.0017324815142321628,329.0
ENSG00000178096.9,BOLA1,149887890,149900798,1,9527.85042137862,10459.483969320707,1806.529163675314,1512.193827046838,3395.7817463078,1255.6667676947075,1365.235512290778,3213.563426272898,9316.382320605882,2900.3165945071587,3107.5946888284734,1770.6407098930802,7183.15244698992,2655.9566064332253,1682.6600535739663,1578.4042255127185,1570.4732842154149,12474.447674268416,10171.312279533237,2555.6000371760147,1714.3335582594893,1834.4091516823134,2698.6576320272147,1859.3531116970316,2551.4224609133776,10288.478273135916,0.06643799472295514,0.09052954233167741,0.00957874682472481,0.019852041087870562,0.0679940690531667,0.014927751806204845,0.013409657073196586,0.03362055294179838,0.0695463906637799,0.050948307921160285,0.06052883083784645,0.00991358744632349,0.03625712476250792,0.035239959786232074,0.008575058225704002,0.02288329519450801,0.018947033223649296,0.14214806209737035,0.07526938516796958,0.02781309599491418,0.02607866002332238,0.008989952406134321,0.012731114632857898,0.01201376025403546,0.03658924594336621,0.09082268454958285,0.008575058225704002,0.14214806209737035,0.13357300387166635,ITU,0.0,False,0.14214806209737035,0.02380960494916117,0.0679940690531667,0.010847438227027441,0.02288329519450801,0.001330974462912895,0.01201376025403546,0.0007840958108066103,0.03362055294179838,0.0012937490797847347,0.003920479054033052,547.0
ENSG00000136631.16,VPS45,150067279,150145329,1,14832.620719455148,18297.877799848047,1701.8566926102856,1371.5077130620746,4017.4229599697037,1272.5035681539937,1403.2690365203396,3079.021403261433,17352.73734796597,3475.5512090402735,2911.1389164291304,1662.0527981313626,17474.474121550746,3698.7007075979186,1712.3844667812775,1356.5166398143838,1419.0888118365458,17249.256726402014,16615.013025974313,2403.8107307146347,1871.0632946041394,1903.495502516947,4322.943637340814,1544.3395304574346,3714.6147967970196,19111.107579279407,0.21683377308707125,0.3663460522143537,0.008202794242167655,0.014902336473468518,0.09510696886252913,0.015618359541011475,0.014946732389887104,0.030237352645768358,0.3440882927602049,0.07474897731498699,0.05245832005946692,0.008482213857816891,0.34605235381042854,0.07571829197312027,0.00915731526572094,0.015539353946037997,0.014541980681456321,0.3187770619917626,0.2788928797802662,0.0235749099385463,0.03307537368811619,0.010047593865679535,0.05134706814580032,0.006668430801799418,0.08277654046028211,0.4175203294962509,0.006668430801799418,0.4175203294962509,0.4108518986944515,STU,0.0,False,0.4175203294962509,0.1876131804727866,0.09510696886252913,0.019079854160910865,0.015618359541011475,0.0006813493729010433,0.010047593865679535,0.0005872777631945634,0.05134706814580032,0.0029672360677269645,0.002936388815972817,454.0
ENSG00000182898.4,TCHHL1,152084141,152089064,1,4808.706602262067,4200.868276671454,2300.806578835906,4380.209520382932,3289.2468690647506,2185.54161541702,2626.843261404247,2818.988041947849,4318.243328294715,3089.151958739673,3191.865956408265,2107.7718120358804,3875.410531112713,2973.6164510683648,2078.7071195354956,2056.9917934808586,4438.497547636782,4955.526506092607,4334.040665462834,2834.8707019201397,2191.872917814703,2293.9757993490184,3334.032790438227,2272.5750483259467,2981.46264582039,4172.2952032503945,0.010501319261213721,0.008244371630905824,0.019633784928027094,0.16882218319229336,0.06312221986867189,0.05030811729706757,0.060899984099220865,0.023418089549082834,0.009029941384591011,0.05918291451947086,0.06398003610491663,0.016222234003074803,0.008549715009499683,0.04651039737552252,0.015826804996824054,0.041775317971369276,0.16229699607260376,0.010719188932305418,0.009032326220156348,0.03745496927315109,0.0504081416304463,0.01718667371760973,0.026096143687268886,0.019899444297433184,0.054300562095662315,0.008871052909494139,0.008244371630905824,0.16882218319229336,0.16057781156138753,ASW,0.0,False,0.010719188932305418,0.00016827670731876074,0.06398003610491663,0.009791688803411927,0.16882218319229336,0.04422345843515868,0.019899444297433184,0.0017734049121447847,0.0504081416304463,0.002861812408744249,0.0008413835365938037,232.0
ENSG00000163348.4,PYGO2,154957026,154963853,1,6932.540748290817,6968.156688696738,1901.9456761153433,1223.1171407435074,2251.1304377204333,1220.5409838798985,1282.2686880117726,2606.163600239747,7207.423265762534,2091.274078079875,2067.9270164715813,2031.2621466400783,5532.528410947569,2442.1391729885863,1996.7985192770125,1128.5850820867888,1259.763691398867,7817.659162520345,7464.075735608713,1945.1438632044722,1018.2895637650156,2219.241363060087,2390.4142358415183,2027.5945802656272,1946.9356084985884,6423.385134636131,0.028073878627968337,0.030229362646654687,0.01111346316680779,0.011496088136675714,0.02541834357127727,0.013493412664683383,0.011077542799597181,0.018184701591161388,0.03310978507683371,0.020772459225415714,0.02293724115960497,0.014419763558288713,0.018682710576314123,0.027726334726705118,0.014080033876773238,0.010111223458038422,0.010455365672433924,0.03875805259267082,0.031850834565814494,0.013138376774740411,0.004876497402735079,0.015177154944473824,0.009508716323296355,0.014448266737232072,0.017287093010923744,0.02534586545569754,0.004876497402735079,0.03875805259267082,0.03388155518993574,PEL,0.22788517867603983,False,0.03875805259267082,0.001974553964408409,0.027726334726705118,0.002397504114540005,0.013493412664683383,0.00052726376682182,0.015177154944473824,0.0011442950411081182,0.018184701591161388,0.00038786012604135126,0.0019393006302067563,353.0
ENSG00000160691.19,SHC1,154962298,154974395,1,10044.635121535392,10253.219044305879,2028.3466858647196,1266.0016631086742,2580.593257862715,1253.9777170882273,1380.8940175825203,2886.293558024719,10226.333709807943,2294.911012762567,2287.3243407012665,2247.698891868571,7553.299639185149,2626.0051996059037,2139.831424471958,1225.1851126253046,1416.2534350944097,10941.656024710857,10266.25392631622,2068.057402877381,1054.568146324843,2605.988117411599,2728.356648077771,2297.502016560715,2169.7125112456047,9185.941199620971,0.0766754617414248,0.0866187506606067,0.013494919559695173,0.012666986002448241,0.036856598178352046,0.014821504462388441,0.014257698627232734,0.024845377173970503,0.0904050271954375,0.027413270998246825,0.03079537007539556,0.018978953506865293,0.04100696643445219,0.03434044129319012,0.017414778742324794,0.01282528870203821,0.014435834837066128,0.09795120920899779,0.07701246566659624,0.015999152362788725,0.00545955687480123,0.026916975145425702,0.013259376650818807,0.020852077269118814,0.02370346802418072,0.0663216812757419,0.00545955687480123,0.09795120920899779,0.09249165233419655,PEL,0.34906596131592,False,0.09795120920899779,0.011665262460007706,0.036856598178352046,0.003870677853071244,0.014821504462388441,0.0006215845901822452,0.026916975145425702,0.0028904587238255466,0.024845377173970503,0.0007150881276901389,0.003107922950911226,475.0
ENSG00000173207.13,CKS1B,154974653,154979251,1,12692.27020097087,12836.669347218494,1940.881321857797,1316.0404692534441,2508.171015652529,1220.7930902926125,1420.003177891789,2735.139883687843,13807.48796874161,2171.194575213638,2189.854678035062,2244.408061588704,9588.164533000405,2514.4872809717117,2094.158613965339,1259.3019769647844,1529.2620352664899,13258.482997711219,12777.803837921725,1982.520985400718,1019.5778856778927,2622.3147498959215,2819.5956324349645,2275.460548390915,2102.2382375146562,12341.87379208595,0.14469656992084431,0.15548039319310855,0.011801439458086368,0.013837883868220768,0.035109087057826734,0.013546536336591586,0.01526474797265066,0.021462176877940477,0.19781380366478324,0.02385379588800935,0.027025592014441966,0.018925939670253935,0.07758074730842306,0.030107413090639717,0.016303197120474275,0.01346389228886169,0.01767328309096699,0.16554018375752455,0.14108387914641876,0.013880059334604788,0.004982508215838015,0.027234267583289264,0.014949815108293714,0.020058216459380787,0.02179446388800509,0.1476924701658042,0.004982508215838015,0.19781380366478324,0.19283129544894523,PEL,0.0,False,0.19781380366478324,0.044844702306545366,0.035109087057826734,0.0035668757123954106,0.01767328309096699,0.0008462063057796123,0.027234267583289264,0.0029457620138471866,0.021462176877940477,0.0005367178560720015,0.0026835892803600075,432.0
ENSG00000160688.19,FLAD1,154983338,154993111,1,14087.88785847728,13984.004638707833,1904.3717149195645,1313.4360218668176,2352.4094327468815,1200.6573295736644,1378.404539246092,2801.313185809867,16359.726979315943,1972.942391841699,2142.3323944141143,2185.4248591914375,9889.42068319571,2502.5843126746686,2170.2429736329495,1294.6916560464178,1435.3505639018779,16141.492609172448,15534.960384947244,1932.5454568753976,1071.2291870350195,2597.1080474778496,2929.889295846903,2351.6768109012087,2142.4072365805923,14040.522096317236,0.1895514511873351,0.19363703625409576,0.011166384419983065,0.01378466123795838,0.029178140224528703,0.013015299617509562,0.014151693432978216,0.02310091452133002,0.2996778792839415,0.01758486957445678,0.025326537113730486,0.017706621428192758,0.08364998944479629,0.029419546007725277,0.0177853059496083,0.013836411047842051,0.0148073452924318,0.27273207308057873,0.23526304669342912,0.01287349014621742,0.005618573094455634,0.026599682707562137,0.017432646592709985,0.022122254564699656,0.02269593806342136,0.20614637237300665,0.005618573094455634,0.2996778792839415,0.2940593061894859,PEL,0.0,False,0.2996778792839415,0.099387664166209,0.029419546007725277,0.0026489852492393236,0.0148073452924318,0.0006205439959307111,0.026599682707562137,0.0028355563655165458,0.02310091452133002,0.0006199905110134333,0.0030999525550671667,473.0
ENSG00000163352.6,LENEP,154993586,154994315,1,14751.301743373537,,,1390.8928116073187,,,1454.432424466768,3017.071141032985,16816.01908447775,,,,9968.414526183054,2680.4193515258107,,,,16006.57437395439,16218.848717270464,2060.9183005062346,1221.9531167265322,,3069.6215361962595,,,14165.168330218636,0.2133509234828496,,,0.01554100803661717,,,0.01616579212381407,0.02817571496537506,0.3207477425146539,,,,0.08576103018788263,0.03613947827927404,,,,0.2681909388530996,0.2618846397633636,0.015787243059970334,0.007791794763065833,,0.020443740095087162,,,0.2105290949413877,0.007791794763065833,0.3207477425146539,0.312955947751588,PEL,0.0,False,,,,,,,,,0.02817571496537506,0.0009150483673790801,0.0045752418368954,593.0
ENSG00000143217.9,NECTIN4,161070998,161089558,1,5071.314071244449,6040.875834741724,9256.630885593519,8525.792548253181,7568.173313156879,8314.047245549498,8420.73397102812,8679.596983999909,5656.590393110284,8787.792028998467,8088.835475111862,8494.980896052977,3889.3252603393516,7868.490557801064,9707.195785695863,8489.648622828514,7822.077915443332,6369.382264455667,4366.647807312155,7302.112801133935,5039.94810580895,9714.220472720717,7232.710102244035,11565.329980519966,8441.110729481716,4581.264236594087,0.0120844327176781,0.02039953493288236,0.34494072819644367,0.46117409122358827,0.28818047023935606,0.4466638334041649,0.4438967509407961,0.27583654913569805,0.016845329249617153,0.3767730967433459,0.3281830731655517,0.3129406775168319,0.008602491028076842,0.28774009206836343,0.3836015244547957,0.4622425629290618,0.39772847893004987,0.021649593410074983,0.009402070568349883,0.26377410468319556,0.24663415668398175,0.3663670015864622,0.16402535657686212,0.4895474993384493,0.33863612260048787,0.011352835568697857,0.008602491028076842,0.4895474993384493,0.48094500831037246,GWD,0.0,False,0.021649593410074983,0.0006470222843371638,0.3767730967433459,0.19348332618563321,0.4622425629290618,0.25852553387685506,0.4895474993384493,0.3150083352571963,0.27583654913569805,0.08008761948547914,0.003235111421685819,485.0
ENSG00000162755.14,KLHDC9,161098361,161100346,1,5192.869838817528,7253.53173649021,7986.4083923221915,7544.226505687724,8375.107796407852,6414.540450008797,7451.0300236264475,5986.628545860464,6380.047014679268,6974.806670301298,8209.44515526474,7994.359450821085,4090.4803789084594,7688.711995606688,9350.263606556464,8224.287409856748,6665.739915504394,7085.066525176193,4334.941224942206,7401.240342233702,5139.479029730263,9490.54385187828,7374.704482081107,9054.983963852925,8869.823655819202,4542.36822061017,0.01287598944591029,0.03377021456505655,0.27466130397967825,0.39033477034435043,0.3391230671467909,0.31109222269443265,0.37520538506386814,0.14161864989163186,0.023604583619369488,0.2602666950007969,0.33635977487522567,0.28569156549859515,0.009710787418197172,0.27646965447907296,0.3634871903451196,0.44249906870310257,0.3161023245939921,0.029992607455908756,0.009085146841326854,0.26970756516211064,0.25437294604049615,0.35430988894764676,0.17041732699418913,0.34056628737761313,0.3696574398133418,0.010877600591403528,0.009085146841326854,0.44249906870310257,0.43341392186177574,MSL,0.0,False,0.03377021456505655,0.0015165104750555023,0.3696574398133418,0.18737409583504738,0.44249906870310257,0.23948044390374087,0.3634871903451196,0.19462692512761254,0.26970756516211064,0.07663663199769442,0.0075825523752775115,782.0
ENSG00000158793.14,NIT1,161118086,161125445,1,3553.015710734179,5363.438885903454,4388.974960441774,4788.869044276088,5153.0098157376215,4132.221718804262,4636.450408558835,3432.352060125707,4732.342124981678,3609.255424275524,5030.28036264864,4844.406437697946,3800.7059530561432,5012.904566883682,5455.777845978448,5291.74896851652,4259.858299233181,4795.675302961444,3852.5061872718284,4855.4179918072705,4090.9665497852025,5754.257540341106,5021.904619871123,4957.442557288719,5509.209307992842,3190.454586379316,0.006226912928759895,0.014480498890180741,0.09218882303132939,0.19612539251689817,0.14991527218809575,0.15512112197195072,0.17729368739068213,0.04012264101073109,0.011089401700374927,0.0810710301227222,0.14792396729319315,0.11949318772199544,0.008285834916613891,0.13212339277210433,0.1475756934152022,0.23005694215315842,0.15237235962212078,0.009821522864082796,0.006761039509824636,0.12571519389701208,0.17406975511502173,0.15161290322580645,0.07533016376122557,0.12193702037576078,0.16831053133948456,0.005121976977505545,0.005121976977505545,0.23005694215315842,0.22493496517565287,YRI,0.0,False,0.014480498890180741,0.0002994190917488968,0.16831053133948456,0.049857427233422,0.23005694215315842,0.07608018461647155,0.15161290322580645,0.04732047734325773,0.17406975511502173,0.0324836968181917,0.0014970954587444842,306.0
ENSG00000158796.17,DEDD,161120974,161132688,1,3654.798614352086,5971.470683735884,4712.6271901411465,5526.073599217492,5615.095094882521,4974.758723976975,5475.362753269359,3636.6213680557457,4886.898808393904,4173.201955495702,5410.89963808747,5144.25277552396,3631.5037234537867,5600.070941033431,5634.954896717465,6037.531566010331,4881.108530473253,4798.650291461952,3855.674307891435,5508.697340641959,4847.324757809948,6054.44954643232,5538.730469941679,5449.374170349032,6142.4467231002145,3245.8831380505544,0.006596306068601583,0.019659655427544658,0.10769475021168501,0.24721911756879025,0.174009743698369,0.20994475138121546,0.23384745852546776,0.04699476661204208,0.01182869514706659,0.10853742761515167,0.16772857597961133,0.1344430896463977,0.007599746675110829,0.16043176887666014,0.1567859411391065,0.28449789792986,0.1900010614584439,0.00992713063681487,0.006813860130995141,0.1589849544394999,0.23094455634474717,0.16726599682707563,0.09683042789223455,0.1459645408838317,0.20155902004454343,0.005227584750237617,0.005227584750237617,0.28449789792986,0.2792703131796224,YRI,0.0,False,0.019659655427544658,0.0005378905630764972,0.20155902004454343,0.06752659589703977,0.28449789792986,0.1104024029416601,0.16726599682707563,0.055470159342085,0.23094455634474717,0.05653892105996833,0.0026894528153824857,434.0
ENSG00000143222.12,UFC1,161152776,161158856,1,4757.88229652943,7683.425272164368,5846.609786171165,6514.229380534732,7202.448567757374,6301.758007636769,6647.17291175983,4165.1624846203895,6047.801442652901,5446.221509239743,6985.856893610976,6788.842046094415,4070.7799919725403,6824.151209716915,7027.833289687643,7816.161004149819,5763.517737611764,6175.654414536785,4582.148303768854,6899.402712295241,5736.849772857301,7900.141089743808,6900.632551334603,6451.9549330325735,7411.839984644635,4322.5271160321745,0.01029023746701847,0.03889652256632491,0.160192633361558,0.31694076321251796,0.2649332768481254,0.3028580535486613,0.3168495256267557,0.06369931807369034,0.02022495643449332,0.1706954258088509,0.2611765955187427,0.21672056406722154,0.009552459362465696,0.22678448595163767,0.22925047639212365,0.4131233037092225,0.25135335951597493,0.01964304572816559,0.010194379885907458,0.23855689764780674,0.30276688222198667,0.2637757800105764,0.15034337031167458,0.19407250595395606,0.2771237671014954,0.00976871897771676,0.009552459362465696,0.4131233037092225,0.40357084434675683,GWD,0.0,False,0.03889652256632491,0.0019880915483139186,0.2771237671014954,0.11538593560818489,0.4131233037092225,0.21231084681222845,0.2637757800105764,0.11587631604738526,0.30276688222198667,0.09613208255818825,0.009940457741569594,906.0
ENSG00000143258.17,USP21,161159450,161165723,1,3995.061167732445,5863.240320779549,4761.711416132918,4931.34502020713,5998.566938855026,4795.520259367209,5146.871429704017,3654.607473161289,4719.048968810895,4875.722829674809,5781.581669805196,5668.330447401447,3660.5537552030187,5762.881162102888,5667.3091363905,5765.7516429174775,4538.3199111474305,4505.98675635719,4116.2312420860235,5273.741631841885,4499.444260701453,6405.7186131469325,5659.907413262913,5159.449173473166,6012.242532515333,3620.035448532796,0.007651715039577837,0.018391290561251453,0.11002328535139712,0.20639736015753898,0.1945032832027113,0.19772630684232895,0.21100333916361902,0.04752339165829677,0.010930981676083857,0.14338840779896936,0.18801104385685463,0.15686794253300113,0.007863626767996623,0.16863326101910153,0.15821511751005718,0.26533979032515564,0.16760428829211335,0.00855422959129792,0.00808155503908726,0.14611146429328248,0.20470688010177038,0.18313061872025382,0.10195456946645536,0.13225721090235512,0.19397603139251246,0.006758897454852677,0.006758897454852677,0.26533979032515564,0.25858089287030295,YRI,0.0,False,0.018391290561251453,0.0004733723867202437,0.1945032832027113,0.06359655854609406,0.26533979032515564,0.09770173624928237,0.18313061872025382,0.06422488960928564,0.20470688010177038,0.044635606935979066,0.0023668619336012185,395.0
ENSG00000143224.18,PPOX,161166056,161178013,1,4132.963547419284,6576.319752156807,5403.217195051734,5579.018055040458,6689.989179616073,5431.1416479273,5778.126002125278,4048.3578548477963,5304.343136487333,5498.1698794121785,6415.125817475255,6405.7441831512715,3642.3369278304926,6445.770461825636,6102.4285645296695,6672.187960281419,5201.379241268593,5067.474833392545,4210.942277863821,6216.165132061014,4931.780003734157,6948.20776598371,6316.584346493996,5821.3589385613805,7003.764521664803,3627.0199707818906,0.008073878627968338,0.025472994398055174,0.13923581710414903,0.25115759220820694,0.23247193391230672,0.240809604759881,0.2547304817936079,0.0601575302637839,0.014257802186196334,0.17367050948307922,0.22554953806944886,0.19466680803689762,0.007758074730842305,0.2049314778559712,0.179335168325217,0.3317013463892289,0.21261012631355483,0.011669658886894075,0.00860976125079231,0.1989828353464717,0.23878935651436448,0.20930724484399787,0.1272583201267829,0.16417041545382377,0.2510340439070951,0.006811701341218714,0.006811701341218714,0.3317013463892289,0.32488964504801016,YRI,0.0,False,0.025472994398055174,0.0008835648426386367,0.2510340439070951,0.09769968382481611,0.3317013463892289,0.14449423748472334,0.20930724484399787,0.07971522823235297,0.23878935651436448,0.060364916880706575,0.0044178242131931835,583.0
ENSG00000158850.15,B4GALT3,161171310,161177968,1,4150.866712883569,6350.117558412864,5340.811810024325,5577.886365423935,6542.462322172715,5515.592805773057,5797.4843089274655,3890.967093750737,5474.940282203972,5339.716480841016,6351.43662666203,6370.58261381261,3640.3752566256458,6270.961218831477,5960.808184506832,6885.545880844517,5227.85726102389,5191.258398941266,4222.19830682687,6095.707267815323,4847.368887386281,6831.032172783213,6156.121913002697,5773.747696294916,6905.974986638779,3604.5033596792578,0.00812664907651715,0.023094810273755418,0.13627222692633362,0.25105114694768216,0.2231518746028384,0.24633446663833405,0.2558965389304076,0.055505629856742615,0.015208322331942758,0.16580778834404716,0.22140809174896464,0.19270529608227746,0.007705298712265146,0.196200857188211,0.17171289434681347,0.34649566281730615,0.2143084598237979,0.012144893864188403,0.008662581871962814,0.19209578300487393,0.23099756175129862,0.2029613960867266,0.12091917591125198,0.1625826938343477,0.24578428253261214,0.006600485795754568,0.006600485795754568,0.34649566281730615,0.3398951770215516,YRI,0.0,False,0.023094810273755418,0.0007322978953096257,0.24578428253261214,0.094286150820374,0.34649566281730615,0.1559809783870393,0.2029613960867266,0.07584333019002533,0.23099756175129862,0.05656436054470168,0.0036614894765481286,522.0
ENSG00000184022.4,OR2T10,248590487,248597700,1,21925.271832584116,19302.134625954146,2584.0266063563436,3805.6921409167758,1489.176889584151,3999.274436651303,3992.1935994231667,2482.574462250381,24167.741511408607,2086.742847148855,2302.71484660926,3055.206994285344,14685.629527372288,1747.5484849343125,2673.6787350628124,4292.384964860163,3640.2596141389486,24792.624288938943,24630.100535787846,2251.2694310483585,2609.0192587295405,2782.398094713433,2471.8717033831695,2563.705648685427,2006.8090544696024,25088.90187409347,0.5045910290237468,0.4091005179156537,0.027889500423370024,0.1306083346638991,0.006831179834780767,0.14757756056098598,0.13520962527163832,0.015488713855262463,0.6259175159740191,0.020666206237050417,0.03153870659445683,0.044796691936595454,0.231686721553726,0.00963013916080216,0.03276519161549862,0.166409451333085,0.11500902239677317,0.618544724891752,0.5991971265582083,0.01997245179063361,0.07351849888688647,0.03178212585933369,0.010670892762810354,0.027785128340830908,0.01882490189839856,0.657408385257155,0.006831179834780767,0.657408385257155,0.6505772054223742,CEU,0.0,False,0.657408385257155,0.4477070522251524,0.03153870659445683,0.0029779146910255227,0.166409451333085,0.04312146722802191,0.044796691936595454,0.006587693072028722,0.07351849888688647,0.005996669012528096,0.014889573455127614,1121.0
ENSG00000214842.6,RAD51AP2,17510579,17518440,2,11853.607380510239,12795.519676079173,4574.352333655666,1234.2197171491705,8137.915668503061,1097.925009789529,1890.7446820784614,8191.965520636018,11680.699097842404,6600.81444515557,7529.874725706323,5959.115955136152,10964.814237237084,7055.127290318641,4762.401797504644,1310.4515949264216,1545.590548113316,13346.309963521859,11692.943746424704,4089.824034645394,1856.5876321102512,6042.058592244907,8286.950560879264,4629.245200914561,8095.158199957736,11439.826807482154,0.12015831134564643,0.15410633125462425,0.10023285351397121,0.01181542391825004,0.324348654945986,0.00998725031874203,0.03127153230508295,0.2496696093460908,0.12705285948143846,0.23859108537427615,0.2941488796856748,0.17139373376451253,0.1099852227147984,0.2391131805915657,0.11396358246876985,0.014315363737959661,0.018097866468527755,0.16939486746224522,0.11203253750264103,0.08884297520661157,0.03249231421605004,0.1663670015864622,0.2148969889064976,0.10748875363852871,0.3174249655318698,0.12139613475551801,0.00998725031874203,0.324348654945986,0.314361404627244,CHB,0.0,False,0.16939486746224522,0.033316884139117334,0.324348654945986,0.15036611637751576,0.03127153230508295,0.002301100814749567,0.17139373376451253,0.05770077427101386,0.2496696093460908,0.06587428155377908,0.011505504073747834,973.0
ENSG00000178295.15,GEN1,17753858,17788946,2,21408.43485981234,19555.916765551392,5024.317893522356,1145.258631230999,9274.456448339157,1930.4202235450716,2233.496978481001,10595.544204690721,21358.569989120995,9132.305811207034,9813.945009886867,6070.024042305124,18264.145933479806,8889.022859433268,6231.104827797176,2150.0442098387416,1672.9503429147069,21582.350851430136,22167.726066392104,5208.532279036936,1783.6866416729094,7515.526095462457,10983.104496142492,5102.725318750994,9861.3831969164,20716.30120799929,0.4843271767810026,0.4205158017122926,0.12208933107535987,0.009367182926180212,0.39705570853632705,0.03973650658733532,0.044310171198388724,0.3901781466405878,0.5132280720283043,0.39961748924188495,0.4405330784750982,0.1777553941578752,0.3800928857926958,0.35345785491295834,0.18669278001270379,0.046511627906976744,0.022555991932915825,0.4935579258633435,0.5025882104373548,0.14287984742530196,0.029152973603307538,0.24093072448439978,0.3636027469624934,0.1291876157713681,0.434351468872627,0.4809377970218608,0.009367182926180212,0.5132280720283043,0.5038608891021241,CDX,0.0,False,0.5132280720283043,0.27860512995211084,0.4405330784750982,0.2517101693756542,0.046511627906976744,0.004615104238151567,0.24093072448439978,0.10008472984469752,0.3901781466405878,0.15804960051384817,0.023075521190757835,1435.0
ENSG00000115504.15,EHBP1,62673851,63046487,2,5662.816947735124,5134.173177315389,3951.782898528423,2938.4003638233175,5806.2191802983825,3610.425648400149,4335.42103035925,6232.431842832148,5250.715513998898,5815.929872147393,5671.500060029495,4640.213556801825,5002.135197370298,5445.79709777493,4308.420424718706,3604.946848983251,3835.494656042538,5881.186964287287,4185.0625753583245,5608.748674483875,4725.868248096681,5165.67666422655,5585.365759745496,3501.9026477618945,6340.676042320313,5376.678702858029,0.01641160949868074,0.012947891343409788,0.0736134631668078,0.08403853318430997,0.1849714043634823,0.12457501062473438,0.15725870567657815,0.1523497383306021,0.013940962137614194,0.1914678850342666,0.18179887437612827,0.1105868631712877,0.01477728520160439,0.15297105666966507,0.0932140588608935,0.1241551806715981,0.12588897144676786,0.01679163586439962,0.008451299387280795,0.16460055096418733,0.22129757235237996,0.12332099418297197,0.0988906497622821,0.05964540883831702,0.21205854279350939,0.014996303727954378,0.008451299387280795,0.22129757235237996,0.21284627296509917,MSL,0.0031317341004784816,False,0.01679163586439962,0.00039763886619810805,0.21205854279350939,0.07355051128953738,0.15725870567657815,0.039051083297617514,0.12332099418297197,0.03388313303319778,0.22129757235237996,0.052002339649535996,0.00198819433099054,357.0
ENSG00000115507.10,OTX1,63050057,63057836,2,3245.411379248933,3573.9933782594485,3044.611793960501,2209.981612912342,3542.869715471769,2747.1359163386564,2882.104729688585,4326.472000783344,3176.533080942484,3604.1972144752626,3561.166944349167,3381.6104492804056,3423.6447782195196,3212.284619584741,3227.1112601447685,2093.938200966417,2660.132550678481,4588.093207215268,2756.836651499001,3809.959966081525,3709.0434743327064,3732.7938304208496,3590.762235433904,2713.1452719380272,4147.419895363254,3327.9505135792456,0.005488126649076517,0.006183278723179368,0.04233700254022015,0.04688913726116345,0.07355433170938361,0.07681682957926052,0.07240154767583612,0.06988423111487023,0.0055975075249511536,0.08091165064017425,0.08028034405861739,0.05693686052059588,0.006280346210681866,0.055346843748346475,0.050603430023290284,0.04305252514501623,0.06320985033435941,0.008712641250396029,0.0038559053454468623,0.07671116762025854,0.14666595992791265,0.061448968799576946,0.032276809297411516,0.03286583752315427,0.10229080496341075,0.005755623613897983,0.0038559053454468623,0.14666595992791265,0.1428100545824658,MSL,0.0,False,0.008712641250396029,0.00011312836631993816,0.10229080496341075,0.02156706916803642,0.07681682957926052,0.011121413169845638,0.061448968799576946,0.010983240495670208,0.14666595992791265,0.023218721981155797,0.0005656418315996908,177.0
ENSG00000204923.4,FBXO48,68459422,68467294,2,10936.270556003137,10791.384531417214,2365.2816255074968,1047.1682394220113,2510.1895001861703,1070.0237486964081,1372.971169333723,2546.6819314035406,9477.9528741969,2506.971282647165,2981.455286944125,2625.4252537719535,12950.093861632628,2739.3828544296834,2403.3023068341954,954.9799234832903,1194.9121289916693,11240.117589887128,11181.537372121391,2014.485471138408,1427.789318086021,2372.65455245445,2370.604458324807,2233.8951900873267,2717.4036963039252,10755.531703014933,0.09715039577836411,0.09935524785963429,0.021327265029635903,0.006227047740699345,0.03526795170514722,0.009402889927751807,0.013886680447341919,0.016651688957022785,0.07260917780007393,0.035116612654730914,0.05511309334182861,0.029687748502359116,0.16835549926113574,0.038361818085612995,0.026042769426212153,0.005587781384705444,0.008703959239995755,0.10566057661843911,0.09792943165011621,0.014621741894469168,0.013887416516484681,0.01935483870967742,0.00919175911251981,0.019264355649642764,0.043429844097995544,0.10280916675467315,0.005587781384705444,0.16835549926113574,0.1627677178764303,JPT,0.0,False,0.16835549926113574,0.03292633116875796,0.05511309334182861,0.00761784268421483,0.013886680447341919,0.0005544979964211381,0.029687748502359116,0.003386742722312875,0.016651688957022785,0.0003263635154370218,0.001631817577185109,321.0
ENSG00000144036.16,EXOC6B,72175984,72826041,2,11863.581435392476,13462.540757323975,1080.6663159122218,738.8119385847862,3833.8280538718886,750.6680815626833,839.2230664305549,4137.605857447103,10746.37112938238,2864.0701106600973,3019.6369774284294,1600.4343815928928,9483.785902884174,3591.957844988035,1337.11774589222,699.1166369969397,708.5032974312637,12030.84588255218,11065.60584844618,2980.120100712188,1738.9295739494996,1592.1868868058762,4259.444225057479,1239.7783755743515,2582.154276610607,8978.372731791722,0.12058047493403694,0.17561568544551315,0.00275190516511431,0.0021289052104955025,0.08737555602626562,0.0024436889077773054,0.0024381194678539247,0.06274779299043189,0.1022337223425041,0.04972639855495936,0.056865243708187324,0.006891798759476223,0.07520582647245092,0.07106196095031483,0.004446326487402075,0.0012772071736469586,0.0014860418214626898,0.12799662055127256,0.09592224804563702,0.043441407077770715,0.026926746528145872,0.0057112638815441565,0.049234020073956684,0.00439269648055041,0.03791494326015484,0.061886154820994826,0.0012772071736469586,0.17561568544551315,0.1743384782718662,JPT,0.0,False,0.17561568544551315,0.035700387876496015,0.08737555602626562,0.01654290414115595,0.0024436889077773054,2.637174711184778e-05,0.006891798759476223,0.00031919255905760554,0.06274779299043189,0.004395941030529015,0.0001318587355592389,80.0
ENSG00000116096.7,SPR,72887382,72892158,2,8293.533992692079,8587.882979103184,1182.0045874871266,,2265.892631216215,975.635870658331,895.5293794775619,3089.261148138958,8663.280913740173,1990.2213959632452,1867.5910354510954,1592.5280009134892,7450.342111827243,2326.8865579567737,1530.8865840975106,885.2299126793253,940.911478832934,7791.649321615367,9179.553506552644,2536.215755124141,1982.349196158289,1925.145083087951,2866.9700955803823,1403.3235782112656,1864.9563848409039,7869.402646774007,0.04517150395778364,0.05242574780678575,0.0034928027095681626,,0.026000847278119042,0.006906077348066298,0.0033921662161445912,0.030448802664270233,0.05544700850187464,0.018275513998831216,0.016618880747584157,0.0068387849228648675,0.03942368587713743,0.025292343510238638,0.006246030065636248,0.003884838486509499,0.004033542086827301,0.03833562150174253,0.0563596027889288,0.027230345412163594,0.03970104950704972,0.010259122157588578,0.016059165346011622,0.005821645938078857,0.015006893626047301,0.04351040236561411,0.0033921662161445912,0.0563596027889288,0.05296743657278421,CHS,0.0,False,0.0563596027889288,0.004045784640419772,0.026000847278119042,0.0021518003099243914,,,0.010259122157588578,0.0006074025407929357,0.03970104950704972,0.0017921358085589492,0.003037012703964678,466.0
ENSG00000135638.14,EMX1,72916260,72936071,2,14954.543247515237,14591.967897328841,3566.2901651654142,1114.8187656752891,6055.526775927135,1802.6240730741006,1687.0934740276361,6031.229220046524,13666.025467029936,5925.803637777808,4457.647065385098,4357.146131596528,13833.051645450074,6020.03874770498,4303.837184015099,1967.4762756039274,1632.948465491724,15172.958038183187,14181.494657496505,6266.935870770393,4372.162142855192,4104.243040947436,6484.903193038956,3449.237228463437,4872.680931325097,13124.408881255677,0.22100263852242744,0.21519923898108023,0.05895427603725656,0.008462398211719624,0.19741580173692014,0.03394602634934127,0.024063179095775693,0.14415605011365437,0.19189945609124992,0.198214949795463,0.12068599341616226,0.09669723797911255,0.19743508549715008,0.1822847769723266,0.09294939656997671,0.03778404555372253,0.02101687718925804,0.2342380399197381,0.18698499894358758,0.20173765628311083,0.19580197180112371,0.07493389740877843,0.13433703116745907,0.05752844667901561,0.13596351680984198,0.17293272784876967,0.008462398211719624,0.2342380399197381,0.22577564170801848,CDX,0.0,False,0.2342380399197381,0.0619923968443912,0.198214949795463,0.06565203547233962,0.03778404555372253,0.0032060051075626455,0.09669723797911255,0.022864689425947802,0.20173765628311083,0.04337535619413228,0.016030025537813228,1179.0
ENSG00000115307.17,AUP1,74526645,74529760,2,9267.200535146421,8996.802286617387,3711.971141909999,3380.6355843440256,1644.478635996554,3070.5035643637957,3498.83487137308,3332.1918824387885,8168.923498507627,1891.0021482851512,1608.6727160879464,3017.8287985342877,8632.456412948031,1883.8271252493973,3367.747877918776,3504.6005476129917,3265.512334091207,9236.121242390125,8723.605130389566,3032.856877211956,3972.144861476449,3177.279960506271,3618.264772594079,3212.359036571471,1726.1777136610665,7657.894862909859,0.061530343007915565,0.05987739139625833,0.06355842506350551,0.10777582628133482,0.00969074348654946,0.09131959201019975,0.1055811734775004,0.03763810329333404,0.046945133864920524,0.01519417733623758,0.010884570457682914,0.04357737369453427,0.05852860460206882,0.012434520344991798,0.05610840567435952,0.11856739928689267,0.09521282241800233,0.06230858591192312,0.048383688992182546,0.04529561347743166,0.16564189547333827,0.04410364886303543,0.03285789751716851,0.04916644614977507,0.011719164280411497,0.040236561410919844,0.00969074348654946,0.16564189547333827,0.1559511519867888,CEU,0.0,False,0.06230858591192312,0.004903394268513382,0.01519417733623758,0.0008713574646833511,0.11856739928689267,0.023802563059594634,0.06355842506350551,0.011599437627424863,0.16564189547333827,0.029472501465345156,0.004356787323416755,579.0
ENSG00000115317.13,HTRA2,74529596,74533350,2,9613.198749765921,9240.803444849878,3557.111972470712,3664.164091521632,1558.7510657995003,3364.379088432782,3837.9251620257505,3243.6826069173662,8774.926289844276,1789.3239343398723,1508.307003535976,2894.7638202879843,8676.238275559666,1781.3390392089136,3353.0811374668665,3784.783098881941,3613.188307188992,9089.626896662954,9202.984221022873,3065.6352329897527,4093.364702550604,3005.6265129737794,3762.490230741444,3047.7913983628,1600.4938444294999,7908.387316938596,0.0687598944591029,0.06542648768629108,0.05863674851820491,0.123316834317952,0.007943232366024148,0.10837229069273269,0.1270472253140404,0.03436062800655495,0.057770502191477,0.012484726132922489,0.008760751831793565,0.03944229443884854,0.05942579691788052,0.01042383194878036,0.055579081092525934,0.13479857378532276,0.11331068888653009,0.059721195479987325,0.056834988379463346,0.046620046620046623,0.17438778755433054,0.03833950290851401,0.03613312202852615,0.04413866102143424,0.010181355392936684,0.04398563734290844,0.007943232366024148,0.17438778755433054,0.1664445551883064,CEU,0.0,False,0.0687598944591029,0.005922052000321407,0.012484726132922489,0.0006261233163258853,0.13479857378532276,0.029805961949984656,0.05863674851820491,0.010181882586865068,0.17438778755433054,0.03260013484110198,0.0031306165816294266,479.0
ENSG00000115318.12,LOXL3,74532258,74555690,2,9561.81504087536,9276.276678019889,2386.6134590239994,2735.219234295243,1240.3046601626797,2536.2284332087106,2804.3674360669593,2640.706254012717,9841.898024548509,1321.4336891454614,1180.330447185875,2224.536262037508,9269.97799244906,1401.9565046039388,2497.004983276944,2679.4232574893113,2713.1090834420143,9064.378372330339,10739.937860185131,2470.1213525137,3155.1194139798113,2064.6459076559017,3171.6868007451317,2186.6472512057912,1275.047311529461,9076.138525070326,0.06733509234828496,0.06648345840820209,0.022068162574089754,0.07413912395550588,0.004130480830332557,0.06539524011899703,0.0685323580855462,0.01887191415129249,0.08074140571368221,0.004940763958986347,0.0037697780609535947,0.018660870487197157,0.0716698332277813,0.00481506958040108,0.028107135295363118,0.07205577137991592,0.06549198598874854,0.05961558770725525,0.08826325797591379,0.02564102564102564,0.10738895367327467,0.011951348492860921,0.02271526677231907,0.018258798623974597,0.00456039876975289,0.06394550638927025,0.0037697780609535947,0.10738895367327467,0.10361917561232108,GBR,0.023001749669269832,False,0.08826325797591379,0.009555193665437231,0.004940763958986347,0.0001315847251811333,0.07413912395550588,0.010450751000536723,0.028107135295363118,0.0030999547373628394,0.10738895367327467,0.012603365137115994,0.0006579236259056664,194.0
ENSG00000115325.14,DOK1,74549026,74557551,2,10385.865632189725,10228.50160216808,2347.5638525150302,2632.0536516846246,1198.2222160151014,2349.365876228888,2780.5031315362085,2535.029733755214,11263.715790780176,1285.450438738831,1135.3852814882944,2136.4574147979333,9983.351947988536,1355.152594587684,2440.3403573118426,2452.2469168585185,2435.707988807029,9881.14721704808,11920.54422339622,2278.5009614549235,2890.82553186473,1998.0349682229273,3118.1735156569143,2163.4549380625876,1219.07472009095,10479.20710606167,0.0841688654353562,0.08624881090793785,0.020533446232006775,0.06801852147533131,0.003600932005930947,0.05737356566085848,0.06741930354587375,0.016493101443146377,0.11517135765960818,0.004409499017159858,0.003238823404481257,0.01685840004241107,0.08613046231792273,0.00428594105508228,0.026836756298962525,0.05976265233356394,0.05195839082899904,0.07503432252613793,0.11742024086203254,0.020396270396270396,0.09026820735715042,0.011052353252247488,0.021288959323824616,0.017835406192114316,0.003924064057694347,0.09562783820889217,0.003238823404481257,0.11742024086203254,0.11418141745755128,GBR,0.2811400422237861,False,0.11742024086203254,0.016509651881827875,0.004409499017159858,0.00010865979645577303,0.06801852147533131,0.00898562452809497,0.026836756298962525,0.0028765402012124195,0.09026820735715042,0.008966827177414262,0.0005432989822788651,170.0
ENSG00000159374.18,M1AP,74557883,74648338,2,12463.316699455178,12001.665030604223,3146.220850678625,3216.5804198582982,1556.185411514235,3121.5780056172675,3294.1880795774696,3153.768896335079,13092.795615073766,1692.521832060037,1512.1346236672964,2639.1868697654863,11978.336929066101,1662.7486762510841,3513.5784799902763,3405.7033935297904,2976.310977683451,11964.407441425654,13650.397786223131,2530.0060175930066,3033.7796130098773,2736.145066708012,3874.5686304454216,3058.5163559419007,1518.694517850753,12546.885798960253,0.13767810026385224,0.13080012683648662,0.045194750211685016,0.09824897546436745,0.007890277483583986,0.09413514662133447,0.09418561509513966,0.0318760902891579,0.17003749273908222,0.010094033894703288,0.008866942763088033,0.030058845358638606,0.1393814650622757,0.008254404994973279,0.06076646199449502,0.11117024107285403,0.07791104978240102,0.12609568064209525,0.16855060215508133,0.0270184361093452,0.0991731156577971,0.030354309888947648,0.03845747490755415,0.044562053453294524,0.008802630183476509,0.15339528989333615,0.007890277483583986,0.17003749273908222,0.16214721525549824,CEU,0.0,False,0.17003749273908222,0.03355945816282552,0.010094033894703288,0.0004378415682490921,0.11117024107285403,0.021260787989298445,0.06076646199449502,0.010786630542193837,0.0991731156577971,0.010782784018923358,0.0021892078412454608,376.0
ENSG00000172005.11,MAL,95025677,95053992,2,3447.5876839332495,3899.9460601680094,3832.479194341987,5764.653079904212,4298.837528481239,4697.839416445937,4995.387534350178,3421.3992666989802,3022.7733758516515,3476.766790965601,4689.774969332279,3657.5422669418526,3539.8329498926173,3083.3677115806668,4244.902100680187,4949.963750382468,4965.586757179366,4023.717265905708,3644.3282126187823,3576.3497390552634,3902.5249368311584,4195.110970304915,3989.568166399434,4403.16709024917,4093.865188328874,3267.676263796074,0.005963060686015831,0.007240249445090371,0.06842718035563082,0.26441002714354145,0.10813386994280873,0.19161708457288568,0.20093284570943976,0.03980546598297827,0.005122247452077943,0.07480210380916963,0.13109270468302006,0.06616126809097174,0.007019210470762086,0.05074342557807291,0.0905674359517256,0.2089830237879836,0.19631673919966033,0.00702291688668286,0.006180012676949081,0.06712227166772622,0.16071239266405174,0.07879428873611846,0.041257263602746966,0.0969039428420217,0.09958638243716195,0.0054916041820678,0.005122247452077943,0.26441002714354145,0.2592877796914635,ESN,0.0,False,0.007240249445090371,7.934905144184147e-05,0.13109270468302006,0.03274123827558351,0.26441002714354145,0.09710237225850535,0.0969039428420217,0.02294378720134857,0.16071239266405174,0.02777778105249059,0.0003967452572092074,144.0
ENSG00000144029.14,MRPS5,95085369,95122006,2,3000.75116771327,3168.5197259679803,2332.533128234852,2830.5209392145175,2717.8040399333336,2314.521784378549,2549.6496366308415,2646.2735621189986,2873.4558907950254,2525.768782097761,2958.471231178142,2225.2240286852993,3442.319379748863,2278.443899044037,2566.9752500972972,2195.0511623413213,2687.2684064200807,3128.8444880063735,3219.0387623711417,2411.41446909304,2589.3510792623115,2686.0413813584096,2891.6616039045925,2660.8337844184193,2492.49109313598,2960.6760619911784,0.005013192612137203,0.005020610929077265,0.020162997459779848,0.07818404385544733,0.041198898538445244,0.05593922651933702,0.057030794508930935,0.018924776655917956,0.004541374029677351,0.03591351006747065,0.0544759477540618,0.018713884323808515,0.006385898247836183,0.0235462193766866,0.029959771331780648,0.04826778777074131,0.06437745462265153,0.004752349772943289,0.004753855905345447,0.02394575121847849,0.07240538534930563,0.028662083553675305,0.016798732171156894,0.031013495633765546,0.03361968395375968,0.004541134227479143,0.004541134227479143,0.07818404385544733,0.07364290962796818,YRI,0.060374474589224306,False,0.006385898247836183,6.238293304117758e-05,0.0544759477540618,0.007470231598508202,0.07818404385544733,0.01147073730478462,0.031013495633765546,0.0036346864172876257,0.07240538534930563,0.00581999024724105,0.0003119146652058879,124.0
ENSG00000289685.2,ENSG00000289685,95085391,95165391,2,3622.4240058191613,3721.09177874788,2802.1877182242383,3320.289254616491,3136.8609877065096,2859.576888700442,3388.0432701644977,2955.05040420951,3237.036915857038,2942.5910741727093,3550.666408611841,2757.7938139165444,3669.4234565430274,2576.551763265002,2981.212131472952,2814.7569877611168,3143.786034098557,3606.879975620117,3638.728851090308,2679.5914407650807,2902.8982132234883,3128.219753793489,3188.0093721316216,3040.798742224715,2969.860648860691,3288.8242821262133,0.006490765171503958,0.006606067011943769,0.034610499576629976,0.10474213635637873,0.057773776742215635,0.08196982575435614,0.09911485662797477,0.026642702331236456,0.005808734224005914,0.05280773521755299,0.07948391207390888,0.0338758415946562,0.007916402786573781,0.032276840044446795,0.0418695744230362,0.07939971262838592,0.08767646746629869,0.00565001584116591,0.006127192055778576,0.032104259376986646,0.09069225060956218,0.04235854045478583,0.023190702588483887,0.0437681926435565,0.053770283168946865,0.005597211954799873,0.005597211954799873,0.10474213635637873,0.09914492440157886,YRI,0.027374657816777292,False,0.007916402786573781,9.41518375363544e-05,0.07948391207390888,0.014106920497660953,0.10474213635637873,0.01915284306375945,0.0437681926435565,0.006344825240866482,0.09069225060956218,0.009049581930546459,0.000470759187681772,159.0
ENSG00000144026.14,ZNF514,95122087,95165668,2,4089.345045138744,4248.1736581636105,3226.6121271471147,3867.5303629481436,3735.4732225811817,3465.0037826478438,4175.985218356478,3288.495339883169,3616.0311692600612,3428.20066950442,4202.007410424457,3243.1761947224836,3930.6174267474244,2913.663571690031,3401.8911067801037,3363.284292694753,3701.0435715984427,4076.808525678735,4055.441297250239,2949.1846389358457,3159.994982016751,3573.2081863932667,3545.244584579797,3449.6294495070306,3435.390748228639,3630.0429714017964,0.007862796833773087,0.008772856991861325,0.04741744284504657,0.13502581297567726,0.08213302266468968,0.11495962600934977,0.1465521810568718,0.03599936564994449,0.0067592543697523365,0.07283642352441162,0.10900499097377084,0.05200657371573981,0.008919147139539793,0.044446796126779195,0.05716705483802668,0.10877547762226598,0.11840568941725932,0.007128524659414933,0.007606169448552715,0.042063996609451156,0.10781299692568642,0.05610787942887361,0.0306391970417327,0.05758137073299815,0.07111040407254215,0.0068645052275847504,0.0067592543697523365,0.1465521810568718,0.13979292668711946,ESN,0.0,False,0.008919147139539793,0.00011832124416821956,0.10900499097377084,0.02400224244573027,0.1465521810568718,0.03451046110553346,0.05758137073299815,0.009887157292326388,0.10781299692568642,0.012701102374725387,0.0005916062208410977,181.0
ENSG00000275111.5,ZNF2,95165432,95184317,2,3875.7733375172634,3898.9648729569712,2889.524975089778,4045.279251202222,3782.0960172335863,3909.2535263179443,4502.941104607499,2922.482331011971,3468.0141052227973,2998.6900029456283,3951.5985360962245,2846.4772912405947,4183.294366597489,2567.607216283217,3015.2895812885517,3620.332279859938,3850.3409307819898,4302.20428164674,3921.5815165757463,2981.9168945571037,3413.84435098871,3265.683406504059,3323.1590229715844,3097.4961273616855,3013.6642949183365,3683.492562617195,0.007282321899736148,0.00718740090899482,0.037203640982218456,0.1468944595241897,0.08478076678669773,0.14125584360390991,0.17003233158424763,0.025849764761854417,0.006442414321170196,0.0548796684906763,0.09758946585961559,0.03668557493505805,0.010291323622545916,0.03195936292925552,0.04335168325217023,0.12511308605183333,0.1267381382018894,0.007709367409441335,0.00702514261567716,0.04354736172917991,0.12625887840559738,0.04701216287678477,0.025884838880084523,0.045673458586927757,0.0556792873051225,0.00702291688668286,0.006442414321170196,0.17003233158424763,0.16358991726307742,ESN,0.0,False,0.010291323622545916,0.0001556434117436387,0.09758946585961559,0.0199253593459376,0.17003233158424763,0.04478067450000835,0.04701216287678477,0.007122586961557057,0.12625887840559738,0.017309844069298676,0.0007782170587181936,216.0
ENSG00000233757.7,ZNF892,95207521,95259774,2,4108.715161568356,3985.068882659703,3053.211452472935,3860.8538995261115,3757.411371413297,3680.8187560589085,4174.445216047942,3018.459508846998,3542.464446523275,3127.980755436642,4116.768572568906,3082.6519686416996,4232.30739297317,2791.8354054595343,3191.797122009573,3409.2172011237344,3674.473089070283,4692.939801503551,4561.613741750271,2556.592974430921,2680.087780289207,3556.027089599024,3402.806097866452,3326.0971886369143,3287.6941499320037,4082.012658166292,0.0079155672823219,0.007663037733854772,0.042495766299745975,0.13428069615200383,0.08329803007837322,0.12824054398640033,0.14639317326549,0.028281439974625996,0.006600834345461266,0.06093608882749827,0.10550069024105341,0.04564491332237714,0.010660755752586026,0.04000211651410127,0.04928011856870633,0.11170241072854026,0.11702579344018682,0.00929348400042243,0.009983097401225438,0.027919050646323374,0.07738789356514364,0.05563194077207827,0.027416798732171156,0.05302990209050013,0.06607275426874536,0.008448621818565847,0.006600834345461266,0.14639317326549,0.13979233892002874,ESN,0.0,False,0.010660755752586026,0.00016652361604020002,0.10550069024105341,0.022718079299152465,0.14639317326549,0.03444484788698366,0.05563194077207827,0.009351494555466983,0.07738789356514364,0.006630958031183323,0.0008326180802010001,229.0
ENSG00000155066.16,PROM2,95274449,95291308,2,4062.5851633855796,3984.933667146944,3757.9339844635215,4795.472557757992,4896.4118790870025,4453.837147626809,5156.837649836897,3531.3741043665573,3065.6081596885347,4596.630987114758,5363.3276909232645,4122.680496707431,4250.583645312232,3462.165732367555,3876.6300543957786,4196.966642106776,4801.651483277009,4951.322656535623,4044.161365972912,2848.7746937183833,2845.4489380314717,4638.251000862666,4019.1176474589447,3869.360319941678,4382.92472570214,3584.204714993585,0.007757255936675461,0.007610189197759222,0.06551651143099069,0.1968705093405716,0.13609404787121374,0.1758924776880578,0.21132135474638258,0.043188666279008296,0.005227860801605323,0.12946926632311534,0.16571094828501645,0.08529926310767111,0.010766307789740342,0.06518863431927616,0.0760639424094855,0.16044915118939918,0.1845876233945441,0.010613581159573345,0.007500528206211705,0.03793176520449248,0.08772394784267995,0.09994711792702274,0.042155309033280505,0.07414659962953163,0.11400996924382226,0.006442074136656458,0.005227860801605323,0.21132135474638258,0.20609349394477727,ESN,0.0,False,0.010766307789740342,0.0001696967411189622,0.16571094828501645,0.04856845041169077,0.21132135474638258,0.06555388971938501,0.09994711792702274,0.0241203063064764,0.08772394784267995,0.00847812227516457,0.000848483705594811,233.0
ENSG00000084090.14,STARD7,96184859,96208827,2,4309.5687310888325,3699.072261057667,5219.783877095508,7764.988533515743,4311.271689263607,7612.0631533563865,7176.796695581569,6309.775769684812,3689.3478498281947,3963.7380736812283,4531.6807413228735,4699.300692662485,3498.4035967999434,4577.750835416924,5986.347596899955,6840.747015835233,7806.055226530175,3941.226028595579,3431.11330511788,5034.692694682348,5647.985030415037,5643.051814815771,4658.451306743939,4985.168193896763,4076.1551268575427,3765.0835124990513,0.008759894459102902,0.0064475214036571185,0.1314034716342083,0.4053967747086061,0.10876932853209066,0.39656821079473015,0.35501139555838235,0.15594438864513402,0.006917674394043407,0.09886840567390957,0.12424338961452693,0.11313152732863277,0.006808106396453451,0.11228107307264934,0.17324793563413085,0.34340907881432603,0.39634858295297737,0.006811701341218714,0.005493344601732516,0.13440347531256622,0.2952931198982296,0.14600740349021682,0.06270470153195985,0.1233130457793067,0.09879096404708877,0.00718132854578097,0.005493344601732516,0.4053967747086061,0.39990343010687357,MSL,0.0,False,0.008759894459102902,0.00011430678258814185,0.12424338961452693,0.029914238512711244,0.4053967747086061,0.20539898590933478,0.17324793563413085,0.05871367137376287,0.2952931198982296,0.0915356553083173,0.0005715339129407092,178.0
ENSG00000135956.10,TMEM127,96248514,96266047,2,4815.226844685696,3707.364560214222,4431.932803354636,6544.918143635371,4081.0067849626284,5658.481886864925,5287.743776998408,5682.690094299903,4467.430996448441,3571.3068137683854,4566.1399767064695,3738.549073294452,4016.5559425491365,4662.317227260814,4028.7440659323593,6462.1309741594005,6834.383038493744,3930.7155757959054,4024.7209929226497,4297.065982545352,4598.498930605393,4107.778437222073,4504.4367510308,3817.660356459358,3925.1388719505317,4345.495921508805,0.010554089709762533,0.006553218475848219,0.09425275190516512,0.31859066475065195,0.09791357763185765,0.254993625159371,0.22112683521492554,0.1269757361103769,0.009663621481755294,0.07937098230887744,0.1259424445152384,0.06950113979748715,0.009235803251002744,0.11572040848722155,0.08209824264238831,0.31637486030546536,0.32793758624349856,0.00670609356848664,0.00734206634270019,0.09869675778766687,0.21064348563553484,0.07503966155473295,0.058161648177496035,0.07176501720031754,0.0917912822144448,0.009821522864082796,0.006553218475848219,0.32793758624349856,0.32138436776765034,ASW,0.0,False,0.010554089709762533,0.00016334610116886891,0.1259424445152384,0.030605837748727157,0.32793758624349856,0.14163232729862518,0.09425275190516512,0.021937214731082066,0.21064348563553484,0.04720831473892018,0.0008167305058443446,226.0
ENSG00000144021.3,CIAO1,96266159,96274173,2,6061.187491698559,4465.675085846801,4675.689825895546,5623.091903929209,4751.929994920274,4638.038906976233,4453.64634095234,6019.857535285622,5713.674237843155,3927.081040600561,5605.202493711883,4494.781651969586,5132.703904938129,5519.651535503981,4157.03154159127,6515.413299389994,6271.054742382431,4364.493118956918,4769.1228917452945,4971.7163324287885,4912.049516588102,4397.252095880011,5653.2087991933195,3958.965989839758,4743.783073970606,5415.199786224691,0.019577836411609498,0.009565585033294577,0.1060012701100762,0.2540848368726382,0.12841558991739038,0.1873140671483213,0.16637515238246675,0.1436274250673997,0.017479009346781434,0.09669021941242098,0.17781671445258576,0.10396013359486826,0.015410597424530293,0.15641039208423727,0.08643870421342367,0.3207918684476611,0.28845133213034707,0.00807899461400359,0.010828227339953518,0.13127781309599493,0.23704017809816602,0.08820729772607086,0.10169043845747491,0.07726911881450119,0.12997136493795736,0.015365930932516633,0.00807899461400359,0.3207918684476611,0.31271287383365753,LWK,0.0,False,0.019577836411609498,0.0005336098876824083,0.17781671445258576,0.054686826940741666,0.3207918684476611,0.1362666480390986,0.1060012701100762,0.026527025594627347,0.23704017809816602,0.05950119469902882,0.0026680494384120415,426.0
ENSG00000144028.15,SNRNP200,96274338,96321271,2,6571.072199281176,4212.035589389169,3991.6732962008414,4755.46803011388,4858.416473359312,4108.275927034975,3935.6711633003692,5676.695134478348,5493.68731355781,3806.4790883550345,5604.91145207913,3905.526712181373,4080.119402999405,5407.335671580482,3518.345408858323,5831.754663617857,5704.655300037962,3941.0840494153977,4427.253626173218,4910.5606394454835,4640.932525512131,3782.1482556752176,5219.712409904282,3339.2575786649645,4657.717420973059,5215.570882719014,0.024432717678100263,0.008350068703096925,0.07509525825571549,0.1935174836340412,0.13482313069264987,0.15342116447088822,0.13293051359516617,0.12655283607337314,0.015366742356233828,0.09058067258141635,0.17776361898693852,0.07586280019084982,0.009658011399620013,0.15117201968358115,0.06124285411814525,0.26986323239848864,0.2465237235962212,0.006758897454852677,0.009718994295372914,0.128364060182242,0.21456588572034346,0.06308831306187203,0.08225039619651348,0.05361206668430802,0.12541096616820446,0.01420424543246383,0.006758897454852677,0.26986323239848864,0.26310433494363594,LWK,0.0,False,0.024432717678100263,0.0008157277180390085,0.17776361898693852,0.05465935142361518,0.26986323239848864,0.10064030425366834,0.07586280019084982,0.015442995644617406,0.21456588572034346,0.04894686493624454,0.004078638590195043,559.0
ENSG00000213337.9,ANKRD39,96836611,96858016,2,17658.501967499324,17287.950402330567,2895.713455001561,4064.2309798111833,2094.3180959313854,3469.4791232527186,3268.083089165504,3188.867419452122,17200.137358978496,1591.818185558469,1625.3064855838084,2336.0952448524595,17897.11586028771,2968.9670975255553,2179.0345243189095,2578.8981449944117,4169.782468492241,16940.435085389458,20249.77124912237,3292.9105425728185,2348.84495229084,2283.1545488061633,4114.8539697696515,2133.806504782465,2377.4871001116,18189.099983680127,0.3281266490765172,0.3242257689462002,0.03741532599491956,0.148171802650487,0.0204935395043423,0.11517212069698257,0.09333757354110352,0.032933340381667287,0.3376458784390347,0.008553365563406471,0.01109695232027185,0.02184170068387849,0.3640489761452396,0.046245833112863115,0.01831463053144188,0.06742589537544569,0.1470119944804161,0.30378075826380824,0.4275829283752377,0.055467260012714556,0.058305947206615076,0.017080909571655208,0.04463814051769678,0.017094469436358825,0.029854703574079967,0.37665012144893867,0.008553365563406471,0.4275829283752377,0.41902956281183124,FIN,0.0,False,0.4275829283752377,0.19637165055500488,0.046245833112863115,0.005670685471891943,0.148171802650487,0.03518183698309775,0.03741532599491956,0.004923461553102234,0.058305947206615076,0.0038067090790484745,0.019033545395242372,1284.0
ENSG00000169679.15,BUB1,110637528,110678063,2,5978.269414181268,6019.690271963821,2511.17070899773,1802.2928289682202,1294.286503054106,2106.4333308223872,2205.3833611520054,2848.2408967430547,6158.341537876069,1255.0094535802677,1321.656837443788,2103.579757491339,5201.48578494723,1278.6132671736598,2123.650287747276,1811.0962607956226,2151.5970039658732,5269.274028915478,6927.851084809817,2288.832461136145,2960.531338512551,1692.413830740502,2549.717804601132,1804.7487664057023,1166.193260099881,7474.170413316196,0.018733509234828496,0.02008244371630906,0.025931414055884842,0.03134812922454628,0.004660029654734167,0.046695707607309817,0.043091111464461755,0.024211027118464873,0.021228283255003432,0.0041438665462466134,0.005521928427312308,0.01611620632985209,0.01588558159172472,0.0037568125297634796,0.01699131907685793,0.03198339630674259,0.038902451969005415,0.012620128841482734,0.025670821888865412,0.020714134350497987,0.09456164528781935,0.007139079851930196,0.011410459587955626,0.010902355120402224,0.0034998409163219855,0.03775477875171613,0.0034998409163219855,0.09456164528781935,0.09106180437149737,TSI,0.0,False,0.03775477875171613,0.001877790270033709,0.005521928427312308,0.00015866358031146763,0.046695707607309817,0.0046471716773773585,0.025931414055884842,0.002721242877704178,0.09456164528781935,0.009821912078399487,0.0007933179015573381,222.0
ENSG00000162980.17,ARL5A,151788984,151828492,2,17533.971860968555,16087.279532534625,6451.688349648711,9150.66461524171,3742.4690028841896,8425.238810547411,9293.960576943973,2520.6769955289433,16603.74797320143,2701.7484480188236,2742.1487265138508,4860.4433744139615,16710.951790393585,3345.6558057526495,6163.883715509252,8751.569744301712,8839.03127999843,17765.105782354804,15872.61082058244,2793.3439187508575,1190.0521966463095,5124.431735685238,3511.4026660010854,5597.372559917123,2658.0013412435633,17475.28905182664,0.32348284960422163,0.2730155374696121,0.19067527519051652,0.5035393049124488,0.08229188731201016,0.4535699107522312,0.5054327662055441,0.016123063910768093,0.31108412103289856,0.04297933379376295,0.046989487097801846,0.1206064782908339,0.3122757019210471,0.060267739033811316,0.18309337285623545,0.48203927412058967,0.4673601528500159,0.33937057767451684,0.2478343545320093,0.03613053613053613,0.007049719071345277,0.12136435748281332,0.029582673005810883,0.15279174384757874,0.04104358892777601,0.3450733974020488,0.007049719071345277,0.5054327662055441,0.49838304713419884,PEL,0.11506239084765496,False,0.3450733974020488,0.13022465934502456,0.08229188731201016,0.014955624100381839,0.5054327662055441,0.3023499827243712,0.19067527519051652,0.0685581693524342,0.03613053613053613,0.0014898572219018491,0.007449286109509246,775.0
ENSG00000136542.9,GALNT5,157257705,157318491,2,22468.197087852826,21826.65559687668,3278.3356129694284,3825.2604921360285,1993.0856490741546,5302.715200618892,4765.927188207951,4580.395531189441,21905.152237366012,3762.778007352188,1935.3728814617916,2556.7006978780105,22883.936428524252,1678.0798868700892,2648.3793143246608,5485.876380672082,5707.364835081024,21445.158530661312,21296.717984747593,3462.1028800630397,2748.562650245836,3256.397969851499,5082.269356534196,2566.1750205997555,1636.8196375585987,20430.57111717799,0.5265963060686016,0.5116795264771166,0.04900508044030483,0.131832455159934,0.017528066087693285,0.23246918827029325,0.18651613929082525,0.07945234445208015,0.5358293288271637,0.0884556128141104,0.01879579483912074,0.027885278057573026,0.5682921680388432,0.008360230700037038,0.0322887994918484,0.24389335320100047,0.2466829423628065,0.4877494983630795,0.46851890978237903,0.062036448400084765,0.0817873423089155,0.046589106292966684,0.07739038563127311,0.027943900502778514,0.010446494856294411,0.46889851093040447,0.008360230700037038,0.5682921680388432,0.5599319373388062,IBS,0.0,False,0.5682921680388432,0.33867913795545795,0.0884556128141104,0.016888459301244114,0.2466829423628065,0.08597957693530887,0.04900508044030483,0.007617248317482231,0.0817873423089155,0.00739003869125519,0.036950193456275954,1854.0
ENSG00000136541.15,ERMN,157318631,157327713,2,10517.744136518031,9769.447627696316,2622.4244621669677,2805.3985104019625,1608.215961054913,2578.184033504632,2320.5139778001835,2740.7363259297517,12043.401027090189,1716.7595276776628,1462.3155880881413,2459.2933380347927,10325.694613643134,1237.892268934613,2249.2145315872967,2063.980471744265,2523.8813568704536,8185.563967796715,9510.759934485986,1853.0119322896342,1695.5327822162003,2747.6793671230407,2748.5561217074237,2195.334949100442,1314.6177645353291,11095.645024657591,0.08643799472295514,0.07573195222492336,0.02873624047417443,0.0770131459896748,0.008737555602626563,0.0672545686357841,0.048391371177187684,0.021567901887191415,0.13835348788086815,0.010519045848164479,0.007805033450143358,0.025075544717171182,0.09378298501161073,0.0033864225620403197,0.020326063942409486,0.04198818583364376,0.05593885999363125,0.04435526454747069,0.061852947390661314,0.011337147700784065,0.025177568111947417,0.030724484399788473,0.013576333861595352,0.018470494839904737,0.005143705589139887,0.11152180800506917,0.0033864225620403197,0.13835348788086815,0.13496706531882782,IBS,0.0,False,0.13835348788086815,0.022606794759720977,0.010519045848164479,0.0004693079637022382,0.0770131459896748,0.01117128665803788,0.030724484399788473,0.003580066050380329,0.025177568111947417,0.0007339498191662413,0.002346539818511191,393.0
ENSG00000078098.15,FAP,162170684,162245151,2,6708.9575374116,6533.559283448714,2139.347218098548,3584.390906316069,1662.8650184087273,3247.926657945541,3534.6460997751833,5217.244456098424,5949.506960316648,1819.5384251845219,1845.2322200386873,1913.9728991294414,5640.400473719008,1553.2325125727416,1924.1395244456473,2877.4854111740588,2981.055207628976,6881.138758698189,7952.537559976321,6413.646731844517,5590.371066532629,2007.4316398013912,5006.373555280072,2152.0110694117984,1603.5809339463137,7771.774402043288,0.026226912928759893,0.02515590318148187,0.015558848433530906,0.11937835967853531,0.01022029231095107,0.10066935826604335,0.10807229554248159,0.10646508431569487,0.01911601626445583,0.013175370557296924,0.016034830625464586,0.01219318242061178,0.019421574836394343,0.006719932271548759,0.012333262756722422,0.08339098504603268,0.0781764143933765,0.026877178160312598,0.03755546165222903,0.210161051070142,0.29004558464963426,0.01115811739820201,0.07485472794506075,0.01746493781423657,0.01023438328560823,0.04187348188826698,0.006719932271548759,0.29004558464963426,0.2833256523780855,IBS,0.0,False,0.04187348188826698,0.002289806580144233,0.016034830625464586,0.0009540066731175919,0.11937835967853531,0.024088695016935415,0.01746493781423657,0.0014359928585816633,0.29004558464963426,0.08837431830655941,0.004770033365587959,614.0
ENSG00000115267.10,IFIH1,162267074,162318684,2,13625.994546771632,15421.700838281415,1501.0203682483775,2212.720258105914,1384.6130239010006,2212.265915508533,2802.290203060328,5016.951763735644,14995.719792168396,1289.2938905736994,1313.3493513044255,1386.7328781166757,10783.074405237247,1365.0330698155303,1466.20267569372,2413.042392997798,2247.0648612050504,12078.701199874717,15305.711504854127,5749.368646160157,6296.662408179711,1534.322616834644,5296.763335082829,1766.136503847903,1333.9182239253917,18031.1243601936,0.17403693931398417,0.24754254307155693,0.00550381033022862,0.04704880515195061,0.0056132175386570645,0.05152996175095623,0.06847935548841894,0.09790135856636888,0.24364999735966625,0.0045157520055251555,0.005468832961665074,0.005089328314690134,0.10518260502427697,0.004391766760146039,0.005610840567435952,0.05832579426321111,0.043254431589003293,0.12942232548315555,0.2263891823367843,0.17312990040262768,0.3467613696597053,0.005393971443680592,0.08547279450607502,0.009949722148716592,0.005461872945169159,0.37010243953955013,0.004391766760146039,0.37010243953955013,0.3657106727794041,IBS,0.0,False,0.37010243953955013,0.1489210460462513,0.0056132175386570645,0.00016310240451335528,0.06847935548841894,0.009092619503740372,0.009949722148716592,0.0005780540562732927,0.3467613696597053,0.12542033448975723,0.0008155120225667764,225.0
ENSG00000115271.11,GCA,162318840,162371595,2,8332.043582815593,11254.467501720354,1878.8964266636788,1757.8614607604131,1482.4559536369625,1850.8236375915963,2296.487824831083,3746.3063150807666,10375.56330109327,1397.9738279316246,1295.1245719758597,1673.9974554455707,7826.5779045757345,1414.8098869778398,1691.8835516263493,2212.4003855608153,1929.3107705413647,6912.533376225236,10649.110034837224,4014.5814188000368,4226.6220038027595,1709.4595372620604,4277.083564736989,2068.687778311144,1454.0741434337153,11640.92818105191,0.045593667546174145,0.11135186555332417,0.010743014394580863,0.02975145031667465,0.006725270069900445,0.03644283892902678,0.04759633222027879,0.0502193793941957,0.09378465438031368,0.006162673325187271,0.005256451099076139,0.008588241531039601,0.044331855604813175,0.004920895285464839,0.008786788058437434,0.04901282528870204,0.03184375331705764,0.027405217023972965,0.08583350940207057,0.08550540368722187,0.18419378776635217,0.007297726070861978,0.04981510829371368,0.015347975654935168,0.0077951002227171495,0.12720456225578203,0.004920895285464839,0.18419378776635217,0.17927289248088735,IBS,0.0,False,0.12720456225578203,0.019245686905849033,0.0077951002227171495,0.00028342535341308836,0.04901282528870204,0.005058945776601961,0.015347975654935168,0.001165196084242589,0.18419378776635217,0.03629038923036801,0.0014171267670654419,294.0
ENSG00000119041.11,GTF3C3,196763035,196799725,2,8142.016547798988,6293.283047786257,3354.0771758693154,1059.6264890132577,3411.0478629593313,1062.3916708153902,1046.554758157888,3042.69960777075,8298.26948006927,2919.254030963511,2868.2141762209026,3486.2165357268723,8050.0848856384155,3627.799107192373,3547.2888022630805,1110.6638262565937,1142.3665564007945,7188.998703644671,7878.8492931751825,2623.5293265635555,1867.1439057119337,3144.5749797209805,3792.2078953451887,3034.4788711229053,3294.49382404088,7686.769790605644,0.04316622691292876,0.022460627840608816,0.05175698560541914,0.006493160892011283,0.06884134717220927,0.00903102422439439,0.006095298669634812,0.028915790030131627,0.04911020753023182,0.05158582585135207,0.05129021981522778,0.06022371839049992,0.04844838505383154,0.07301973649399439,0.06267203048909592,0.00957905380235219,0.0073240632629232565,0.031576724046889854,0.03676315233467146,0.030144098325916507,0.03281034665535885,0.04288736118455844,0.03671421024828315,0.043450648319661285,0.06623183794675999,0.04102861970641039,0.006095298669634812,0.07301973649399439,0.06692443782435958,CHS,0.0,False,0.04911020753023182,0.0031077095731569075,0.07301973649399439,0.01223040991191585,0.00957905380235219,0.00028918577928350173,0.06267203048909592,0.011338948108300554,0.03671421024828315,0.0015374012293457,0.0014459288964175088,298.0
ENSG00000187944.5,C2orf66,196804417,196809355,2,9135.748519035385,6473.675150139673,3887.7650745560677,1046.6484497120955,3555.6102707535824,962.4360043194521,968.8097243538157,2997.7141151662267,9875.397922078557,3003.7876445745173,3130.8671800268658,4041.003804531005,8135.251085655651,3787.877640724098,4052.5571440290637,1024.516283601908,1073.83499371786,10024.944779925108,9142.103851725555,2630.944521453219,1471.6359380901142,3750.5269475060845,3991.08837013539,3919.110513577548,3639.9716801455843,9173.470491501499,0.058891820580474936,0.02415178099566642,0.07107324301439458,0.006173825110436958,0.07392501588646473,0.006693582660433489,0.0047702337414533315,0.02743563990061849,0.08158631250990125,0.055251553949954846,0.06159074015079112,0.08169432221809893,0.05029554570403209,0.0796338430604794,0.0827334321405886,0.007450375179607259,0.0058380214414605665,0.07751610518534165,0.055672934713712235,0.0304089849544395,0.015212551680271387,0.06224219989423586,0.041362916006339144,0.07552262503307754,0.07932972743663166,0.06616326961664379,0.0047702337414533315,0.0827334321405886,0.07796319839913528,CHS,0.0,False,0.08158631250990125,0.008218412039683046,0.0796338430604794,0.01415172756003822,0.007450375179607259,0.0001861410954923667,0.0827334321405886,0.017767419682078116,0.041362916006339144,0.001942139598957975,0.0009307054774618335,243.0
ENSG00000197121.15,PGAP1,196833004,196927796,2,11632.19978867989,8119.766028745089,4136.852039550487,1098.8181069586074,3461.843380392469,1013.3398722320346,1110.7138694184769,2770.027578486171,13295.21942602301,2834.6254781237785,2900.8768305967365,5223.824657931977,12490.743320671983,3423.0500470800193,4717.876248672597,1024.2713689936313,1164.6585032536186,11963.704490939039,12957.814955903197,2399.027741241053,1285.7619648468824,3687.5559802684943,3936.3360642679277,4072.8849055777296,3667.6089400226433,11210.269278824595,0.11398416886543536,0.04566113518655533,0.08123412362404742,0.007823726648570973,0.07106545223469604,0.007596685082872928,0.007261355806434515,0.022202251942697045,0.17790568727887204,0.04823885671784519,0.05213974726558352,0.13757090600646768,0.15373654211526283,0.06349542303825599,0.11152868939233539,0.007397158214038636,0.008067084173654602,0.12604287675572923,0.14615465877878725,0.023468955287137105,0.009540973179264285,0.060232681121099946,0.040147913365029056,0.08224397988885948,0.08054936896807721,0.11479564895976344,0.007261355806434515,0.17790568727887204,0.17064433147243752,CHS,0.0,False,0.17790568727887204,0.03659760756475818,0.08054936896807721,0.01442658284910167,0.008067084173654602,0.00021398806739959605,0.13757090600646768,0.04043764715192304,0.040147913365029056,0.0018318901779555974,0.0010699403369979802,263.0
ENSG00000196290.17,NIF3L1,200889327,200903938,2,11162.694711349064,10000.820380941997,1913.3975107409217,1119.0733869074327,2801.435058808763,934.3005071325998,1036.3619308254997,2329.0061172468745,11840.037905455827,3207.663914273208,2697.305610247967,1837.8703455959342,12461.177892283524,3507.7220017516865,1787.517023258842,951.6072099461866,1250.8455628877875,9794.771736550365,10728.01721196694,2636.416844948593,1162.5839550965884,2442.3068157105026,3518.1326492282265,2035.3115467609837,3267.219373904625,11486.438732291854,0.10237467018469656,0.08027692632914069,0.011483911939034716,0.008568843472244398,0.04479983054437619,0.005949851253718657,0.005883288281125775,0.012369826082359783,0.13180546021017056,0.06396429899590926,0.045821386853562705,0.010655781158882468,0.1527337977622968,0.06751679983067888,0.010057167054838027,0.005481347453568198,0.01024307398365354,0.07339740204879079,0.08789351362772026,0.030620894257257895,0.006572670412382063,0.0222104706504495,0.029793977812995247,0.014554114845197141,0.06517128009332909,0.1229802513464991,0.005481347453568198,0.1527337977622968,0.1472524503087286,JPT,0.0,False,0.1527337977622968,0.02732225807799238,0.06751679983067888,0.010719618038966343,0.01024307398365354,0.00032523996244923875,0.0222104706504495,0.002118252441376391,0.030620894257257895,0.0010771878105176028,0.0016261998122461937,320.0
ENSG00000115942.9,ORC2,200908977,200963680,2,11879.743549223676,10852.018415300716,1849.7092399031585,977.8440807308805,2950.3937384010746,786.7851840094709,882.565677179232,2212.622387153083,12063.082207112755,3339.223105755706,2877.945793476039,1686.574638437813,13739.21382117638,3604.0915302709836,1724.3432545935093,801.0623670192107,1077.8909189894684,10816.005527881534,11701.51501456983,2419.4276396691803,993.8357987369909,2631.081129675816,3767.376322298097,2005.7349625939862,3519.120211061794,12086.659751956235,0.12105540897097625,0.10120494662297855,0.010213801862828113,0.005056149874926819,0.05094259690743486,0.003187420314492138,0.0030211480362537764,0.009938150869588202,0.13872313460421398,0.06975508686181799,0.05144950621216948,0.00895933838731909,0.1949018366054465,0.07190856659082491,0.009210247723904299,0.0023415464850194243,0.005891094363655663,0.09478297602703559,0.11229664060849355,0.024157660521296885,0.0044524541503233326,0.02755156002115283,0.03629160063391442,0.013866102143424186,0.07381482659879096,0.14014151441546097,0.0023415464850194243,0.1949018366054465,0.19256029012042708,JPT,0.0,False,0.1949018366054465,0.04358846755706569,0.07381482659879096,0.012455340847245108,0.005891094363655663,0.00012332848872321047,0.02755156002115283,0.003001464441191351,0.03629160063391442,0.0015029038721319453,0.0006166424436160523,185.0
ENSG00000155744.10,HYCC2,200973718,201071671,2,12449.799189899624,12085.025099042938,2666.071869083803,1460.0617730279764,3867.8995424560835,1080.518866890908,1284.6231338216426,2948.9598499938465,12756.116081249047,4179.265955415706,3574.579477008173,2346.7552319148954,14266.434379938473,4384.868300644627,2320.588534729699,1132.387273877077,1584.9913527852623,10898.550373164224,12848.432198998455,3063.3018354638643,1642.2660669217958,3175.0384696040637,4631.560453849854,2717.8124893654945,4154.609338029768,12891.029414695842,0.13730870712401055,0.1333897051051686,0.03027095681625741,0.018255362179998937,0.08891124761703029,0.009615384615384616,0.0111835479938517,0.026536977321985514,0.16010983788350847,0.10874993359188227,0.08102368057767867,0.02210676986693527,0.2147456195904581,0.10381501666754855,0.02291975439339403,0.010270874354744292,0.019743127056575736,0.09700073925440912,0.14287978026621592,0.04651409196863742,0.022633308597476944,0.04405076679005817,0.061753829899630214,0.03307753373908441,0.10260897231944002,0.16480092934840004,0.009615384615384616,0.2147456195904581,0.2051302349750735,CHB,0.017814484349796843,False,0.2147456195904581,0.05248633694822049,0.10874993359188227,0.023907810536522387,0.019743127056575736,0.001027531711819725,0.04405076679005817,0.006411204627980947,0.061753829899630214,0.004260481990718811,0.005137658559098625,642.0
ENSG00000163497.3,FEV,218981087,218985184,2,11031.94152410709,8335.724081846034,4862.271523230064,4987.108170105161,1789.0441886421336,4267.067364795697,4480.2716235553635,3083.462704189938,10730.706314684501,1404.6171055473562,1933.2141581422927,3932.353250009976,13016.99814978431,2038.680778752342,4614.8634699695085,3419.721550700904,4363.828638442545,11142.951879604248,10287.910321745854,2472.8873684000064,2201.0379038168808,3939.5994131300376,3234.220512071888,4464.2700322312,1575.4428143945881,12519.589505700022,0.09963060686015832,0.04914913856886164,0.11441574936494496,0.21033583479695567,0.012762126668078798,0.1642583935401615,0.16823024328192082,0.030290215150393825,0.10175846226963088,0.006268926313552569,0.018742699373473504,0.07702910459629964,0.17088874815283936,0.016402984284882797,0.10655303832309973,0.11266031610877547,0.15810423521919117,0.1036012250501637,0.07769913374181281,0.025694002966730238,0.05067316866320365,0.06874669487043893,0.02387744321183307,0.1000793860809738,0.009704104358892778,0.15265603548421164,0.006268926313552569,0.21033583479695567,0.2040669084834031,FIN,0.0,False,0.17088874815283936,0.03388207952187362,0.018742699373473504,0.0012404760824154552,0.21033583479695567,0.06501889576925228,0.11441574936494496,0.030015132249053535,0.05067316866320365,0.0028913806800407653,0.006202380412077276,710.0
ENSG00000163499.12,CRYBA2,218990189,218993422,2,8315.32789318478,6962.667305434296,3411.2743844645993,3912.4421016843794,1939.9930036276783,3337.0588500212616,3630.4966810826695,2781.918739380076,8481.386128619506,1487.509341218293,2052.2628113720784,3084.871949400118,9850.510113575872,2013.6916364179745,3263.9855368543645,3025.3820971015894,3481.09360008317,7737.903578979123,8541.508908369118,2452.9984907967523,2123.875351506313,2838.7398331785093,3132.282410258288,3162.1221706273304,1599.2202233029445,8976.80839198464,0.04538258575197889,0.03012366557446359,0.053450465707027946,0.1377933897493214,0.015886464732048296,0.1065660858478538,0.11395558382360736,0.022360839456573453,0.051908961292707397,0.00765021516230144,0.0225124774344271,0.045697927158988495,0.08280557314756175,0.01566220434943648,0.05245606605970781,0.09041562450109095,0.10572126101263135,0.037649170978984056,0.045478554827804774,0.02532316168679805,0.0469097847980494,0.03347435219460603,0.021817221341785525,0.04747287642233395,0.01012832750026514,0.061833350934628786,0.00765021516230144,0.1377933897493214,0.13014317458701996,FIN,0.0,False,0.08280557314756175,0.008455329230190451,0.0225124774344271,0.001688578756352031,0.1377933897493214,0.030976515253408398,0.053450465707027946,0.00876566912463251,0.0469097847980494,0.0024854778427431845,0.008442893781760155,825.0
ENSG00000172936.18,MYD88,38138552,38143024,3,6447.8932042955375,7890.818450718248,2139.8553833733486,2882.5398094667844,2855.802983533283,2935.128836890874,2848.489096009079,3491.0972749797065,8383.682819303389,3101.157304999409,2295.4185132191155,1748.056095245835,6717.467851167958,3040.886153257554,1860.6548069196508,2467.9531648785164,2722.166981233143,7489.066834520197,5821.813742999525,2580.0630013441073,3040.133565995512,1834.7398765160192,2687.667489116745,2133.7762324603177,3243.8863225564323,7479.942711975235,0.023060686015831135,0.04227882887644012,0.01561176968670618,0.08100484325935388,0.04734166490150392,0.08489162770930726,0.07075846716489108,0.0418142411587461,0.05037756772456038,0.0596610529671147,0.03122013380057343,0.009542490590044002,0.030398986700443317,0.049367691412244036,0.011486343425788694,0.06082699164493641,0.0660757881328946,0.034533741683387895,0.016744136911050075,0.028554778554778556,0.09954415350365738,0.009042834479111582,0.012572636027469625,0.01704154538237629,0.06421677802524128,0.03780758263808216,0.009042834479111582,0.09954415350365738,0.09050131902454579,PJL,0.0,False,0.05037756772456038,0.0032631757808901183,0.06421677802524128,0.009852735040072702,0.08489162770930726,0.013251248527742045,0.01704154538237629,0.0013801159199321425,0.09954415350365738,0.010862004049289069,0.006900579599660712,743.0
ENSG00000196345.13,ZKSCAN7,44555193,44594173,3,17265.809411611204,16890.131890177476,2858.798054371509,1580.4744835805816,8444.631323939177,1050.3536576498832,1151.82070962352,8363.38262544358,18048.30199814876,8854.64335002082,9340.544082200591,3801.7191536481087,20425.362371045343,10242.914698387729,2670.1220417833883,1119.1636919559935,1693.7422121469483,17050.932128009856,20209.304664934123,5888.60357786126,3192.57573862835,3795.95485096573,8910.67140793518,2966.1330418052303,10626.379875935545,17367.367896296535,0.3128759894459103,0.306151569601522,0.03651566469093988,0.02277928575230188,0.34357127727176445,0.008606034849128771,0.008268405151852442,0.2593434476925517,0.3739768706764535,0.38086383679540986,0.4118084315599448,0.07231087313788899,0.46849271690943634,0.44229853431398486,0.03265932669913191,0.009791921664626682,0.02319286699925698,0.3091667546731439,0.42631523346714556,0.18028183937274847,0.10972119156153928,0.06345848757271286,0.24611727416798732,0.040804445620534535,0.47969031710679816,0.341007498151864,0.008268405151852442,0.47969031710679816,0.4714219119549457,CHS,0.0,False,0.46849271690943634,0.23394066799815835,0.47969031710679816,0.290491459407371,0.02319286699925698,0.0013626999711994273,0.07231087313788899,0.014290649974649215,0.2593434476925517,0.07097052451967122,0.006813499855997137,738.0
ENSG00000144792.9,ZNF660,44578223,44599694,3,13929.4710634076,13847.326191468886,2424.8386797033436,1372.3723888417226,7349.016693293171,961.785211584251,1058.4660119166583,7068.40154926359,14209.29980921769,7240.021980271578,7467.598996778024,3336.6742372691147,15676.591815886179,8081.714973720968,2317.2744600959627,1088.2035093786558,1512.4346482255523,13520.53896433776,15966.345894910464,5208.664809217443,3043.568862827422,3339.6964150651693,7730.301558441704,2631.2463053449583,8877.46283564138,14306.278232497303,0.18390501319261213,0.18909206214987845,0.022914902624894158,0.014955559103730906,0.2751006142766363,0.006640458988525287,0.006413314252398368,0.1921023418089549,0.21339177272007182,0.278860967964724,0.2905914834873102,0.05518740391242114,0.27089930335655477,0.3022382136620985,0.022813889477027314,0.00894045021552871,0.017036408024625836,0.17435843278065266,0.2519543629833087,0.14293282475100658,0.09991519134951765,0.04928609201480698,0.187216059165346,0.030060862662079916,0.3702407466327288,0.21580948357799135,0.006413314252398368,0.3702407466327288,0.36382743238033044,CHS,0.06245342771982116,False,0.27089930335655477,0.08190816964630719,0.3702407466327288,0.187871905782285,0.017036408024625836,0.0007934767272966871,0.05518740391242114,0.009230944573539615,0.1921023418089549,0.03940763216655936,0.003967383636483435,550.0
ENSG00000186448.15,ZNF197,44584888,44648471,3,13079.547043164881,12340.253333033694,2686.063967531463,1502.0984744088719,7199.236855664917,1065.7096916092298,1218.7727200028087,6859.440456150398,12837.469218279557,7182.441024841707,7386.928104733644,3503.3751735913743,13436.786235333928,7664.8475749132585,2735.234047568611,1196.4215581674218,1558.766614745913,12194.13570398827,13910.150186971805,5014.733461107153,3082.3241599250114,3850.3367271148204,7215.183236805431,2928.2865840239238,8126.625084395804,12835.90639487286,0.15736147757255936,0.14031286333368564,0.030958933107535988,0.019426260045771464,0.26482736708324506,0.009190395240118996,0.009593470080033922,0.1814769783792356,0.16227491154881976,0.274929607395208,0.2851226505256451,0.06107193977628161,0.18550770529871227,0.27477644319805283,0.0345648951937328,0.011920600287371614,0.018522449846088525,0.1332242053015102,0.17789985210226072,0.13329095147276965,0.10219442383123079,0.06525647805393972,0.16333861595351296,0.03958719237893623,0.3195991091314031,0.16279438166649066,0.009190395240118996,0.3195991091314031,0.3104087138912841,CHB,0.021168847508807247,False,0.18550770529871227,0.03965229460881476,0.3195991091314031,0.14667945985897246,0.019426260045771464,0.000998796635043016,0.06525647805393972,0.0121047329151513,0.1814769783792356,0.03524857717791904,0.00499398317521508,632.0
ENSG00000114268.12,PFKFB4,48517684,48562015,3,9030.678464611163,7128.979721593931,1985.7494744492276,2221.155080894742,2401.3848179495412,2080.926777880242,2102.0047636322433,2167.382619260317,9566.188537343389,2620.093372170692,2375.03327533143,1906.0155887651192,12086.56612722442,2469.8929143079267,2186.663911301339,2001.6134229985266,2526.9718226127225,9293.325910729669,11573.688405830424,2212.9238601502434,1873.104743558923,2188.857980316356,2744.6095974299656,1865.988747379057,2464.793044286383,9164.17560520825,0.057097625329815306,0.032131909946094495,0.012806943268416596,0.047581031454574485,0.03129633552213514,0.04600509987250319,0.0384798855143902,0.008986625786329756,0.07461583144109415,0.03957923816607342,0.034034193479876816,0.012087154747389068,0.14297023432552247,0.028520027514683317,0.01857929282235867,0.03906125272736949,0.05615115168241163,0.06331185975287781,0.10918022395943376,0.019124814579360033,0.033128379094667655,0.014278159703860392,0.013523507659799261,0.012066684308017994,0.032559126100328774,0.0658992501848136,0.008986625786329756,0.14297023432552247,0.13398360853919272,CLM,0.0,False,0.14297023432552247,0.024074144894668175,0.03957923816607342,0.00436387366648847,0.05615115168241163,0.0064205936802937316,0.01857929282235867,0.0015870658724109988,0.033128379094667655,0.0012568852424280456,0.006284426212140228,712.0
ENSG00000145040.4,UCN2,48561718,48563781,3,5384.963814040714,4957.498244521539,1573.1280788123604,1874.2234331842972,2253.5509029545333,1886.6405514361397,1816.0821539769906,2236.7600370871533,5623.671278210238,2732.553997630064,2161.041834944128,1504.064317439537,7813.07614112461,2619.829892769029,1817.4650690462868,1694.6475486602535,2313.6213000414677,6231.025560131938,7016.730013791958,2352.322055703767,1898.6702235864864,1798.0981577774753,2619.1344457492264,1493.1476906475839,2520.276056106553,5708.451612369192,0.014142480211081793,0.011785223549307684,0.006826841659610499,0.033636702325828945,0.025577208218597755,0.03771780705482363,0.028727407642974507,0.010202463392715546,0.016528489201035012,0.04404186367741593,0.02622916002973346,0.005990563537083179,0.04406797551192738,0.034128789883062595,0.010692356553038324,0.027566388164546856,0.046120369387538475,0.019959869046361812,0.026780054933446016,0.02230345412163594,0.03482455210431464,0.008355367530407193,0.011780243000528262,0.006297962423921673,0.03536960441192067,0.01800612525081846,0.005990563537083179,0.046120369387538475,0.040129805850455294,GIH,0.0,False,0.04406797551192738,0.00252522893586747,0.04404186367741593,0.00522335293949007,0.046120369387538475,0.004547262490576737,0.010692356553038324,0.0006494228457034964,0.03482455210431464,0.0013861277748609218,0.0032471142285174816,486.0
ENSG00000114270.18,COL7A1,48564073,48595329,3,4861.483768264971,4686.171532409711,1688.2853817746025,1940.7210773117333,2202.5849943348717,1888.4378289254014,1776.7557346094202,2039.3682990711243,4991.015693911629,2469.7617222717945,2191.804105388785,1493.2009796427021,6906.036710809185,2377.7596319205227,1769.9632360482449,1747.8169096934714,2324.64249634336,5243.3871122203955,6344.38250544116,1992.341159102293,1775.9734324442304,1843.3418783032776,2450.9605760393647,1545.066308374508,2388.2621953328126,5091.68299125883,0.010765171503957784,0.01056970721911003,0.008044030482641828,0.0355527170152749,0.02372378733319212,0.03787717807054824,0.027190332326283987,0.007242163133689274,0.012567988593758251,0.03378845030016469,0.0270786874800892,0.005884535863860467,0.03261557948068398,0.026456426265939997,0.00968663984755452,0.02953541589058592,0.04654495276509925,0.01251452106875066,0.020494401014155925,0.014250900614536979,0.028622919537792856,0.009148598625066102,0.010459587955625991,0.006721354855781953,0.030013787252094602,0.013517794909705354,0.005884535863860467,0.04654495276509925,0.04066041690123878,GIH,0.0,False,0.03261557948068398,0.001418727209276566,0.03378845030016469,0.0033440123423173224,0.04654495276509925,0.004620902493699122,0.00968663984755452,0.0005535377845126937,0.028622919537792856,0.0009437344995531367,0.0027676889225634687,446.0
ENSG00000010256.12,UQCRC1,48599002,48610976,3,5002.327922286316,4602.008609603787,1527.6578353876316,1912.6944871715052,1900.6354557380773,1836.504814581988,1758.234597277076,1778.6316129432348,5408.540193766169,2006.0317345778406,1944.8611679976318,1185.7327688217906,6139.343883694593,1952.1126973642793,1576.6268950242297,1710.7948226656795,2293.5654274956223,5296.637056876234,5924.137896837963,1588.4207240570454,1656.1016233531222,1654.1783876934367,2347.36392498246,1405.8317860328198,1948.1632295959103,4932.848333512101,0.011451187335092348,0.01019976746644118,0.0059801016088060965,0.034860822821863854,0.01514509637788604,0.03548661283467913,0.026554301160756875,0.004863350425543162,0.014838675608596927,0.018434893481379163,0.019061272167356907,0.003976037745851667,0.024065864471184292,0.013863167363352559,0.0067753546474698285,0.028311425682507583,0.045430421399002226,0.012936952159678952,0.017483625607437145,0.006993006993006993,0.02332237888264603,0.006557377049180328,0.009033280507131538,0.005874569992061392,0.01734012090359529,0.012884148273312915,0.003976037745851667,0.045430421399002226,0.04145438365315056,GIH,0.0,False,0.024065864471184292,0.0007924233882687041,0.019061272167356907,0.001276161907789804,0.045430421399002226,0.004428683063197275,0.0067753546474698285,0.00031051618619893886,0.02332237888264603,0.0006316950491310849,0.0015525809309946943,316.0
ENSG00000183396.4,TMEM89,48620759,48621769,3,9188.812938656236,6923.467122828792,1406.3136597829211,1540.4683036264041,1847.1092420562902,1670.784829327896,1594.7270702429244,1966.2728781523813,11557.018027453,2075.7632560243746,1784.1631945886168,1059.9697472396851,10883.123166349056,2077.1149040737205,1444.2457562618044,1709.6222509895167,2104.741421241636,9969.329913473457,10353.66003968255,1463.6725007166815,1309.8027362604894,1501.686767307332,2739.0795895480924,1185.8693638794143,2034.907575862911,10600.060751981615,0.05989445910290237,0.029436634605221435,0.004921676545300593,0.020756825802331152,0.014138953611522983,0.029324266893327667,0.02130704404515821,0.006396363059681768,0.12335639224798015,0.020294320777771876,0.014441966656047573,0.0030748025234586225,0.10745197382309478,0.01751415418805228,0.005557908109252593,0.02825820871693896,0.037416410147542725,0.07661843911711902,0.07960067610395098,0.005350709896164442,0.010124032651330436,0.005129561078794289,0.013365029054410988,0.003916379994707594,0.019620320288471736,0.09937691414088076,0.0030748025234586225,0.12335639224798015,0.12028158972452152,GIH,0.0,False,0.12335639224798015,0.01814569424768332,0.020294320777771876,0.0014181265406803924,0.037416410147542725,0.00315152100901211,0.005557908109252593,0.00022540714967594265,0.013365029054410988,0.00021209245753221886,0.0010604622876610942,262.0
ENSG00000225697.13,SLC26A6,48625723,48635493,3,9794.393771181785,7474.128511046312,1400.6970759943026,1951.430711500773,2045.0476216624363,1886.8298510824366,1803.9725315874016,2273.60449551662,12419.224630775952,2564.5689101505945,1911.5236460795072,991.7980690600579,11247.750082057362,2680.9480422359143,1436.496384601461,1871.8984662116534,2712.9378642189636,11287.543393717286,11190.148638290826,1628.7506647387456,1284.070279095143,1398.0923849044773,3418.05172980274,1074.0775694366487,2589.8195091126126,11409.238289523855,0.07176781002638523,0.036359792833738504,0.004868755292125318,0.03597849805737399,0.018957847913577634,0.03777093072673183,0.028197381671701913,0.011153988475973991,0.1497597296298252,0.037613557881315415,0.017946267388764998,0.002544664157345067,0.11753219337133207,0.03619239113180592,0.005452043192885878,0.034058857963918894,0.06543891306655344,0.10729749709578625,0.09819353475596873,0.007628734901462174,0.00938195695960988,0.004283447911158118,0.027680929741151612,0.0030166710770044985,0.03823311061618411,0.12049846868729538,0.002544664157345067,0.1497597296298252,0.14721506547248014,GIH,0.0,False,0.1497597296298252,0.026312054775519247,0.03823311061618411,0.004117029421209256,0.06543891306655344,0.008396779953417517,0.005452043192885878,0.00021850447271838446,0.027680929741151612,0.0008838157449613564,0.0010925223635919223,267.0
ENSG00000008300.17,CELSR3,48636463,48662886,3,7159.914115325049,6022.207914386636,1346.7151101881252,1703.0304868458181,1955.1234005013264,1614.6983134087832,1521.831816716696,2040.6988956640505,8374.971704074947,2363.4973258243626,1873.4330337222098,1018.931481944231,7568.1863079489485,2559.0787113535766,1388.1956942509144,1539.1013011400703,2189.844552151693,7675.613905049655,7665.764416953951,1426.1706263971544,1046.5850299628305,1343.7714447052506,3001.4372580148392,1041.4079515588649,2358.647258690332,8077.273690754268,0.030554089709762533,0.020135292252404607,0.004339542760372565,0.027888658257491084,0.016363058674009744,0.02730556736081598,0.01881592198017703,0.007295025638314743,0.05021914770026931,0.029963342719013974,0.016831262610173092,0.0027567195037904893,0.041059742453029346,0.03153606010900047,0.004710988778318865,0.021712521951998298,0.04060078547924849,0.036698701024395396,0.03428058313965772,0.004979868616232253,0.005247535248595356,0.003807509254362771,0.01917591125198098,0.002804974861074358,0.029059285184006786,0.04688985109304045,0.0027567195037904893,0.05021914770026931,0.04746242819647883,GIH,0.0,False,0.05021914770026931,0.0032435441655212726,0.03153606010900047,0.002977494208439151,0.04060078547924849,0.0036366760325904184,0.004710988778318865,0.000172524426818854,0.01917591125198098,0.00043038529838740667,0.00086262213409427,236.0
ENSG00000213672.8,NCKIPSD,48673844,48686364,3,12013.505525166353,10988.81373503883,1993.8990225172022,1683.867625693736,3419.5931974884897,1675.0308397793278,1685.9766423398032,3501.250702547962,14800.156498609673,3589.6575158020287,3227.0685701126336,1565.3461544707263,12857.923291604602,4020.601244262231,2188.7096720518575,1827.7596776003156,2178.588493684053,14339.149984482552,12247.874008370025,2321.9295264628176,1519.9568097040449,1941.4376732012092,5398.542680842103,1599.7116099618117,3782.9168754569546,14753.20028749681,0.12480211081794196,0.1046401014691893,0.012965707027942421,0.027249986694342435,0.06931794111417072,0.029430514237144073,0.023957173901521175,0.04223714119574985,0.23673232296562285,0.08016787972161717,0.06530742274609748,0.006626729576419446,0.165452818239392,0.08783533520292079,0.01863222528054203,0.032675216859134694,0.04017620210168772,0.20287253141831238,0.12782590323262202,0.021773680864589955,0.016908724689918372,0.010523532522474881,0.09022715266772319,0.007356443503572374,0.08542793509385938,0.2316506494878023,0.006626729576419446,0.23673232296562285,0.23010559338920342,GIH,0.0,False,0.23673232296562285,0.06326328506354643,0.08783533520292079,0.01668965231166729,0.04017620210168772,0.0035702695894198923,0.01863222528054203,0.0015943847651994853,0.09022715266772319,0.008958834865701178,0.007971923825997426,799.0
ENSG00000114302.17,PRKAR2A,48744597,48847874,3,5053.780634677393,4821.913905492696,2262.602815504115,1025.7191301206544,4131.183584020927,1317.7714693704252,1265.7855596401885,3528.4767555927847,4496.98463737143,3679.1078611375647,3550.5993188476696,1859.7148203398353,4955.252808576267,3963.1254941464726,2146.8076412684027,1696.590114615064,1244.182656946997,4976.390422542155,5197.120217797944,1992.159209611381,1645.8945667724954,2533.449728606305,4235.318128378031,1987.1850175456268,3881.1211645091507,4318.439787719507,0.011926121372031662,0.011098192580065532,0.018734123624047416,0.005588376177550695,0.1002965473416649,0.016787080322991924,0.010812529813960884,0.04308294126975736,0.009769234831282675,0.08457737873877703,0.07943081660826165,0.011185919524996023,0.014566181127295756,0.08614212392190063,0.01752064365869151,0.027672822095684103,0.00997770937267806,0.010930404477769565,0.013152334671455736,0.01419792328883238,0.02295134103678575,0.02469592808038075,0.04801901743264659,0.01349563376554644,0.09009438964895534,0.00961030731861865,0.005588376177550695,0.1002965473416649,0.09470817116411422,CDX,0.0,False,0.014566181127295756,0.00030282262796393027,0.1002965473416649,0.020864236078790743,0.027672822095684103,0.0018571916319273828,0.02469592808038075,0.002514666092761824,0.04801901743264659,0.0026019898337127376,0.0015141131398196514,309.0
ENSG00000178537.10,SLC25A20,48856926,48898904,3,8903.151923786998,8059.655651234362,2185.1730456779846,985.652132026765,5461.234322766887,1430.3062297639945,1423.3715712184182,4812.125842072433,8262.121924643172,4876.987198061567,4755.564731185668,1604.4366281106527,8864.168726889933,5509.767996243699,1916.7771918900064,1475.8748899097168,1210.0774541171793,8538.861704342859,8925.177760362563,2540.313118706003,2176.7511005645215,2340.4586835646087,6115.015074419959,1770.5772404860882,5032.37135180458,7650.199723612331,0.05488126649076517,0.04492125568121763,0.016352667231160033,0.005162595135451594,0.16601355644990468,0.01986825329366766,0.015476758361159696,0.08986625786329756,0.04852933410783123,0.14349466078733464,0.1345970054157375,0.006997826432698934,0.0636478784040532,0.1558283507063866,0.012227397840355706,0.01969027726039061,0.009234688461946715,0.05026929982046679,0.05171138812592436,0.02733630006357279,0.049825082158380156,0.01840296139608673,0.11870047543581616,0.010108494310664197,0.1450312864566762,0.04018375752455381,0.005162595135451594,0.16601355644990468,0.1608509613144531,CDX,0.0,False,0.0636478784040532,0.005107307014548887,0.16601355644990468,0.04871779065731296,0.01986825329366766,0.0010389750882130173,0.01840296139608673,0.0015627776351919934,0.11870047543581616,0.015337028380504597,0.005194875441065087,647.0
ENSG00000177479.20,ARIH2,48918821,48986382,3,6791.739684365389,6401.0826024342205,2220.395501093406,722.7921377505473,5197.58898557036,1180.9215888705464,1027.2655205280957,4183.267526386232,6505.362504864823,4472.529482843432,4498.7885687741245,1756.5400928266172,6825.923493480968,4886.678869487772,1883.2155168440504,1173.1795779870727,928.1306731786995,7064.165266870156,6987.88696668852,2275.8301549033417,1800.1307770397827,2111.797101111038,5230.353817685607,1683.912360559765,4689.888772896004,5949.916069181604,0.026860158311345646,0.02367614417080647,0.017411092294665538,0.0019160146894459523,0.15208642236814235,0.012218444538886528,0.005618275295489479,0.06438653063382144,0.02487194381369805,0.12256282207937098,0.12286290750769885,0.009701532099878068,0.03177116318344944,0.1250859833853643,0.011751005716705483,0.011494864562822628,0.0037151045536567245,0.02978139191044461,0.026251848721740967,0.020343293070565798,0.029895049295028092,0.01274457958751983,0.08283148441627047,0.008626620799153216,0.12710785873369393,0.02048790791002218,0.0019160146894459523,0.15208642236814235,0.15017040767869638,CDX,0.0,False,0.03177116318344944,0.0013491902958609361,0.15208642236814235,0.04203908710291543,0.012218444538886528,0.00044305901399510595,0.017411092294665538,0.0014288397105892572,0.08283148441627047,0.007576107700318706,0.0022152950699755296,379.0
ENSG00000178467.18,P4HTM,48989889,49007153,3,6079.355628295883,5716.524598304019,1636.4541043345632,676.9919257172675,4362.2079739646915,1028.1179631611694,947.7255614718218,3522.4924332916235,5627.229666854587,3821.058264310121,3592.975532629845,1159.7714113774516,6149.008513006545,4046.8314627169507,1411.7610051981685,1035.651034863584,774.5913095809641,6271.927173069187,6722.10965824746,1901.0227538729296,1370.7891566857816,1626.9427205952475,4026.6373877177084,1219.1557715096633,3945.6773082558707,5517.978512271035,0.01978891820580475,0.01744001691153155,0.007620660457239628,0.0014902336473468518,0.11120525312433806,0.007968550786230344,0.004346212964435258,0.04281862874663001,0.0165812958757987,0.09137756999415608,0.08203249442497611,0.0038169962360176004,0.02422419252691577,0.08931689507381343,0.004975651069235656,0.007716460007450375,0.0021759898099989387,0.02048790791002218,0.023822100147897738,0.012396694214876033,0.011979221880631824,0.006398730830248546,0.04236661384046487,0.004128076210637735,0.09263972849718952,0.016580420318935474,0.0014902336473468518,0.11120525312433806,0.10971501947699121,CDX,0.0,False,0.02422419252691577,0.0008024415612013862,0.11120525312433806,0.02482312020057848,0.007968550786230344,0.00020942723200401958,0.007620660457239628,0.0003755447917924055,0.04281862874663001,0.002078384070590128,0.0010471361600200978,259.0
ENSG00000178252.19,WDR6,49007062,49015953,3,4332.590296217034,3763.6903578469464,1491.8559666939402,682.4638372312646,3291.6836967521085,968.0492775771755,895.5357572858134,2669.2718361988113,4098.302846163714,2851.644714581605,2585.5414919138893,1118.030143765282,4510.893125795501,3106.3471918556456,1319.219355149504,928.9965540636448,754.7527672177738,4482.797330355858,4291.383009652974,1591.4494272295478,1249.2302580485918,1520.451548250198,2771.8354997442975,1140.1398997046385,2906.4613585757834,4058.758993247473,0.008812664907651716,0.00687030969242152,0.005450889077053345,0.0016499015381340146,0.06322812963355222,0.006799830004249894,0.0034451688132718502,0.019770576729925465,0.00829064793789935,0.048929501142219625,0.041626845067431244,0.003498913216349467,0.012191260291323622,0.05148420551351923,0.004340461571035359,0.004736309935607472,0.002069843965608746,0.008501425704931884,0.008873864356644834,0.00709896164441619,0.008586875861337856,0.005235325224748811,0.01405176967776017,0.003334215400899709,0.050906776964683424,0.0082374062731017,0.0016499015381340146,0.06322812963355222,0.06157822809541821,CDX,0.0,False,0.012191260291323622,0.00021532588900289077,0.06322812963355222,0.009598824679506407,0.006799830004249894,0.0001585920700213649,0.005450889077053345,0.00021842967332734136,0.019770576729925465,0.000456936876765676,0.0007929603501068245,220.0
ENSG00000178149.17,DALRD3,49015488,49022293,3,3947.9494629561977,3494.817743865134,1581.118196843381,681.18962058126,3314.8329649292987,934.2226360667275,880.9888584984493,2652.554281293895,3712.97621797642,3060.8231358145376,2591.7404993918935,1187.23075758474,4024.662309073198,3140.6021120504315,1379.989599740189,936.9695210745134,745.3031130595731,4137.234168483984,3969.803549509161,1561.110665031389,1266.7652011727992,1612.6775617116077,2833.1866955820437,1167.2593998469597,2898.777654834617,3599.8917961861507,0.007440633245382586,0.006024733114892718,0.006985605419136325,0.0015434562776092395,0.06423427239991528,0.005896727581810455,0.002915142841999258,0.019189089179045302,0.007076094418334477,0.05774849917653934,0.04189232239566741,0.004029051582463023,0.009288579269579903,0.05338906820466691,0.004658056320135507,0.004895960832313341,0.001963698121218554,0.007286936318513042,0.007183604479188675,0.006675143038779402,0.00906392452030107,0.006134320465362242,0.01526677231907026,0.0037046837787774543,0.05042952593063952,0.006547681909388531,0.0015434562776092395,0.06423427239991528,0.06269081612230604,CDX,0.0,False,0.009288579269579903,0.0001278886436989379,0.06423427239991528,0.009857252243754907,0.005896727581810455,0.000123535299065841,0.006985605419136325,0.00032624837507298386,0.019189089179045302,0.0004309652506940755,0.000617676495329205,186.0
ENSG00000178057.15,NDUFAF3,49020459,49023495,3,3743.5273875142716,3293.0083433055365,1575.3581348835992,685.5885387582163,3028.462731829664,955.6586900071932,890.0763927698423,2489.2271385148747,3537.608485910253,2862.7960231027764,2416.2945771812538,1182.7423545297297,3656.4871141373337,2903.4020620304705,,970.7721902534213,754.2832418736962,3771.2460135728998,3784.237936634653,1521.9670171673556,1224.34786063173,,2669.469380167707,,2755.0187577211923,3418.6667586650206,0.006807387862796834,0.005496247753937216,0.006879762912785775,0.0017031241683964022,0.0540139800889642,0.006374840628984276,0.0032331584247628133,0.015805888883015276,0.006548027670697576,0.04962014556659406,0.03610491664011893,0.003923023909240312,0.007810850749419463,0.04418223186411979,,0.0060135171092544305,0.0020167710434136504,0.005966839159362129,0.0067082188886541305,0.005827505827505828,0.0078448001696173,,0.012308505018489171,,0.0450206808781419,0.006019643045728166,0.0017031241683964022,0.0540139800889642,0.0523108559205678,CDX,0.0,False,0.007810850749419463,9.176141175014557e-05,0.0540139800889642,0.007363938959582061,0.006374840628984276,0.00014162697598665426,,,0.015805888883015276,0.00029466184673878823,0.00045880705875072785,157.0
ENSG00000178035.13,IMPDH2,49024325,49029447,3,3432.396039070578,2892.1359604294034,1643.7779025085715,720.8038281256455,3084.669334093991,1053.40431540952,951.1055468878493,2558.469817258958,2973.442588942288,2870.5421584458177,2436.531171707771,1202.9876229822194,3292.0906310103796,3000.775852916524,1424.5118108235883,1052.3079159527897,802.251012544051,3508.528146501957,3542.649345912952,1582.63544889303,1226.9607763286297,1602.703813294943,2688.3181067348783,1146.1853848131361,2767.000262796646,2703.3992894862786,0.005804749340369393,0.004333579959835112,0.007673581710414903,0.0018627920591835648,0.05623808515145096,0.008765405864853379,0.004452218158689776,0.01702172648940107,0.004911020753023182,0.049832651543324655,0.03684825315918021,0.00418809309229709,0.005963690099218915,0.048097782951478915,0.005240313360152445,0.008248629663136609,0.002494427343169515,0.005227584750237617,0.005863088949926051,0.006940029667302394,0.007950810982720238,0.0059756742464304605,0.012625462229265716,0.0034929875628473142,0.04523279244882809,0.00411870313655085,0.0018627920591835648,0.05623808515145096,0.0543752930922674,CDX,0.0,False,0.005963690099218915,5.4720599087195926e-05,0.05623808515145096,0.007881329291602013,0.008765405864853379,0.00024751196789330403,0.007673581710414903,0.0003797715189546469,0.01702172648940107,0.0003407315427930786,0.00027360299543597964,112.0
ENSG00000290315.1,ENSG00000290315,49024345,49094071,3,5470.333516332609,4839.9637838827175,1945.2693768601139,1037.8424676559341,4645.688494880613,1407.4759086984207,1313.2222754527556,4082.216002344834,5080.7589862159575,4134.390300109473,3816.799654392493,1426.5734933163153,6074.225827393428,4589.735366176478,1711.5045956282015,1723.099499320947,1231.3786177038548,5935.463350619195,5995.294501475792,2232.1644590372744,1746.3442398023897,2014.2216637760973,4640.145124306252,1370.1103927856368,4279.36563201465,4880.428601235585,0.014986807387862797,0.011203889652256632,0.011907281964436918,0.005960934589387407,0.12439101885193815,0.019177645558861027,0.012031589547887847,0.060844742823915,0.012884828642340392,0.10625298836529777,0.09127110544759477,0.005354397497746912,0.023590880303989866,0.11270437589290438,0.009104382807537581,0.028630727475919323,0.009606198917312387,0.017266870841693947,0.018064652440312697,0.019389701207883026,0.02724477896745468,0.01126388154415653,0.06201796090861067,0.005398253506218576,0.10907837522536855,0.01251452106875066,0.005354397497746912,0.12439101885193815,0.11903662135419124,GIH,0.0,False,0.023590880303989866,0.0007627301049344908,0.12439101885193815,0.029974076326281567,0.028630727475919323,0.001971354749234117,0.011907281964436918,0.000772887599382849,0.06201796090861067,0.004296275606555887,0.003813650524672454,535.0
ENSG00000198218.12,QRICH1,49029707,49094363,3,5633.787843312743,5006.702260466568,1969.8564798982172,1066.3968391631988,4749.351978801843,1431.969742482988,1349.6157587097023,4240.253115867355,5213.714575678698,4252.0635393359935,3916.0598224057476,1439.7530996835585,6264.077106774059,4711.863208309474,1725.4968598023713,1755.9093873462693,1264.7051560314658,6037.382951092935,6144.579636155647,2285.734928227842,1773.3523616380526,2039.7651414652123,4790.935117475462,1383.7612182084595,4363.0197855848155,5014.616538048577,0.016094986807387864,0.012102314765880985,0.01243649449618967,0.006652828782798446,0.1282567252700699,0.01992137696557586,0.013091641490433032,0.06655389332346566,0.013782542113323124,0.1121500292195718,0.0958904109589041,0.005460425170969623,0.0253324889170361,0.11762527117836923,0.009263180182087657,0.02969506678729179,0.010561511516824116,0.018322948569014678,0.01933234734840482,0.02066115702479339,0.028569914131241388,0.011581173982020096,0.06708927628103539,0.005557025668166181,0.11316152296107752,0.013148167705143099,0.005460425170969623,0.1282567252700699,0.12279630009910028,GIH,0.0,False,0.0253324889170361,0.0008742511534651891,0.1282567252700699,0.03155815446181559,0.02969506678729179,0.0021016183210590344,0.01243649449618967,0.0008291986382187961,0.06708927628103539,0.005011927751402213,0.004145993191093981,566.0
ENSG00000172053.18,QARS1,49095932,49105130,3,6490.820648679635,5897.044957051725,2032.1072301601234,849.6419990595713,5512.032394381548,1189.035584551277,1258.3084012661204,4724.277342184393,5905.50148492008,5095.2936482544565,4810.729925320148,1645.9426877514384,6729.3414827704,5435.379993481458,1986.933989847855,1543.1455975696229,1117.167218593982,6371.094660645268,6901.6029881342065,2111.15284392815,1478.524297439862,2263.5180455775553,5324.678592254785,1576.340941275255,5101.026498579423,5605.572041492196,0.023535620052770448,0.018761230313920303,0.013706604572396275,0.0035126935973175794,0.16860834568947258,0.01248406289842754,0.010600519425451847,0.08616588253951472,0.018746369541109996,0.15406683312968178,0.13730487416374643,0.00800508932831469,0.030504538737597637,0.15244192814434626,0.01370950666948973,0.021872172848704168,0.006634115274387007,0.02170239729644102,0.02540671878301289,0.016952744225471498,0.015371567899925793,0.01634056054997356,0.0867406233491812,0.007038899179677163,0.1485311273729982,0.01721406695532791,0.0035126935973175794,0.16860834568947258,0.16509565209215502,CDX,0.0,False,0.030504538737597637,0.0012480217861582017,0.16860834568947258,0.050005969132419725,0.021872172848704168,0.001229598828001272,0.01634056054997356,0.001289477385616976,0.0867406233491812,0.008292839515954258,0.00614799414000636,707.0
ENSG00000172046.21,USP19,49108046,49120938,3,6967.5583258533425,6172.5119029772995,1907.1840348535125,864.1435984014341,4430.310366953149,1144.0263226741906,1234.3640391976144,4010.0612006320207,7142.965068251081,3981.5759840618844,3936.805003536252,1652.4701666511635,7107.310217726353,4274.260096482201,1914.3141100091896,1416.4672852108852,1116.201493145338,7207.623981325889,6795.86444963003,1937.4973345955718,1413.2488339088713,2086.348609843091,4497.944470642836,1630.3715447217078,4425.114548924486,6205.907072793333,0.0283377308707124,0.02135080858260226,0.011378069432684166,0.0036723614881047422,0.11475323024782885,0.011209094772630684,0.009964488259924737,0.05888883015277264,0.03226487828061467,0.09993093555756255,0.09679303387490708,0.008111117001537401,0.034937724298078954,0.09963490131753003,0.01212153292398899,0.017508381672077057,0.006527969429996816,0.031893547365086074,0.024191844496091273,0.012979444797626616,0.013463373264072936,0.012321523003701745,0.057897517168515586,0.007832759989415189,0.11549475023862552,0.023603337205618333,0.0036723614881047422,0.11549475023862552,0.11182238875052078,CDX,0.0,False,0.034937724298078954,0.0016185471036686346,0.11549475023862552,0.02645549074691735,0.017508381672077057,0.0008324137184030319,0.012321523003701745,0.0008168367610080727,0.05888883015277264,0.003881663601337851,0.004084183805040363,560.0
ENSG00000172037.14,LAMB2,49121114,49133118,3,3963.2597750824625,3379.7644119304455,1780.5884418525272,855.6792825613093,3665.3395606660956,1046.159607293465,1130.0803806817175,2894.524625547651,3958.184441081364,3121.2428198215853,3366.4812896291337,1729.4837658193396,4534.130953541392,3484.199704328237,1791.6682580284983,1268.4809799232285,1039.171651761743,4369.810502689088,4402.6276351489005,1617.0707115609146,1274.3168543711683,2026.760686686337,3255.4063234596306,1702.022198993914,3447.7577145098985,3642.868636570712,0.0074934036939313985,0.005760490434414967,0.009208298052497883,0.0036191388578423545,0.07837322601143826,0.008393540161495962,0.007844384374834366,0.02510968969709785,0.007656967840735069,0.06040482388567178,0.07109482850164596,0.00943646291682129,0.012349588347055098,0.06661728133763692,0.010163031971204743,0.013517109254430313,0.005413438063899798,0.008184602386735663,0.009560532431861399,0.007469802924348379,0.009222940739955476,0.011475409836065573,0.024352879027997886,0.00899708917703096,0.07153462721391451,0.006917309113950787,0.0036191388578423545,0.07837322601143826,0.0747540871535959,CDX,0.0,False,0.012349588347055098,0.00022071538829439026,0.07837322601143826,0.013776788903392678,0.013517109254430313,0.0005288880843789495,0.011475409836065573,0.0007280623110950997,0.02510968969709785,0.0007300761522824291,0.0011035769414719514,268.0
ENSG00000177352.10,CCDC71,49162535,49166331,3,8745.57785147899,7473.829947822272,2003.8667703982478,782.3031711270991,5946.640751860613,1055.5044452529653,1068.2297981087686,4942.633815367037,9061.489773900785,4838.654442771061,5272.417189236683,1608.0439870421503,8773.64063753442,5741.667453791676,1990.4987567433357,1442.0543021364465,1055.3806980024196,8812.990257061276,9490.520105937001,2281.392906682337,1842.5529158046586,2468.4494502620464,6663.335419735268,2001.4115307323298,5518.289973912585,8706.856399828199,0.051820580474934035,0.03630694429764295,0.013230313293818798,0.0022885731012826653,0.19185553908070324,0.008818529536761582,0.0065723220437801455,0.09520537083046995,0.06347362306595554,0.141475854008394,0.16040140172029307,0.00705084026931029,0.06169516571669833,0.16725752685327266,0.013921236502223162,0.0185195040178809,0.005678802674875278,0.054916041820678003,0.061536023663638285,0.020555202373384193,0.03148521149157214,0.023003701745108407,0.14131008980454304,0.013707329981476581,0.16884081026620001,0.056975393388953424,0.0022885731012826653,0.19185553908070324,0.18956696597942058,CDX,0.0,False,0.06347362306595554,0.0050805512201687435,0.19185553908070324,0.062146520532989934,0.0185195040178809,0.000918510700524318,0.023003701745108407,0.002241942580116143,0.14131008980454304,0.02158584253296201,0.00459255350262159,595.0
ENSG00000185909.15,KLHDC8B,49171598,49176486,3,10826.182160196702,8502.789090211641,2063.6515056877975,819.3801909824703,6895.152862841404,1117.052070317444,1109.0629926144989,5672.268988324911,11331.499705261082,5031.381815427799,5707.299427424499,1635.7433891168819,11215.489262492394,6617.087163451384,1937.071608318897,1465.8440527535479,1091.8471126278264,11864.022604669073,12167.817606050188,2388.1537261624494,1891.203608906629,2562.4616155088024,7815.742553949425,1995.1957521058405,6258.084006586148,10823.267000624453,0.09435356200527704,0.0514216256209703,0.014235817104149026,0.0029272446644313162,0.2444397373437831,0.01041223969400765,0.007208353209307256,0.12591848601786754,0.11733643132491947,0.15077299049035753,0.18339173834554529,0.007687006308646557,0.11668777707409753,0.21487909413196465,0.012597925047639213,0.01931775850141025,0.006156458974631143,0.12303305523286513,0.12529051341643777,0.02325704598431871,0.03445351425845436,0.02548915917503966,0.19107237189646065,0.013654405927494047,0.20765722770177114,0.10455169500475235,0.0029272446644313162,0.2444397373437831,0.2415124926793518,CDX,0.0,False,0.12529051341643777,0.018694691283763092,0.2444397373437831,0.09341982850873318,0.01931775850141025,0.0009890377314435623,0.02548915917503966,0.00264658205706988,0.19107237189646065,0.038994533981305285,0.004945188657217811,628.0
ENSG00000236980.10,C3orf84,49177634,49191858,3,10327.08518411459,8572.361992292383,2280.2373298311522,929.6653300084083,7139.150589579452,1252.343274564361,1167.14061024515,5780.98851980585,10656.219156686564,5314.971887331006,5979.927473051666,1903.8775876393333,11110.442606011735,6829.384177120574,2172.87026136976,1517.904447612048,1191.3164291681408,11805.696693079477,11961.349446484288,2368.130467821779,1988.6792988390764,2723.9101408021916,7818.015076210803,2207.352746799896,6379.56689121342,9905.093433815382,0.08279683377308707,0.052214353662403554,0.018998729889923793,0.004470700942040556,0.26074984113535266,0.014768380790480238,0.008533418137488737,0.13173336152666915,0.09991022865290172,0.1648515114487595,0.19990442816183498,0.012034140910777712,0.11352121595946801,0.22715487591936082,0.017944103324158373,0.021020701399606195,0.008650886317800657,0.12097370366458972,0.11837101204310163,0.022727272727272728,0.039913071133255595,0.029931253305129562,0.1913365029054411,0.018840963217782482,0.21449782585640045,0.08258527827648116,0.004470700942040556,0.26074984113535266,0.2562791401933121,CDX,0.0,False,0.12097370366458972,0.017480134369516728,0.26074984113535266,0.10414640961500739,0.021020701399606195,0.0011469189760125822,0.029931253305129562,0.003431781365967834,0.1913365029054411,0.039100267785969804,0.0057345948800629105,681.0
ENSG00000173421.17,IHO1,49198428,49258106,3,8290.502707948386,7536.9243775668665,2500.5419015879584,939.8020506106445,6629.115147680527,1345.413485234696,1229.758642709589,5262.305169771966,8665.96773144522,5548.50205323818,5532.746146579765,2054.0866928776272,9341.085661963847,6419.0694968614725,2281.58292658759,1538.352886901067,1317.4088318047327,8785.965495551822,10887.79942082897,2381.3966511375993,1949.1924621693768,2838.0132882610615,6852.502258257839,2202.4756216346846,5766.226626146792,7973.299626264238,0.04511873350923483,0.037099672339076205,0.025455122777307368,0.004630368832827718,0.22865918237661512,0.017424564385890354,0.009805480468542958,0.1083152719775863,0.055552621851402015,0.17653934016894224,0.1734628862695126,0.014790860414568202,0.07272535359932447,0.2036615693952061,0.021437645564260005,0.021659304986429675,0.011835261649506422,0.05444080684338367,0.09132685400380308,0.02304513668150032,0.0378988656842998,0.03342147012162877,0.14833597464342313,0.018682191055834876,0.18140842082935624,0.04493610729749709,0.004630368832827718,0.22865918237661512,0.2240288135437874,CDX,0.0,False,0.09132685400380308,0.01020070209441684,0.22865918237661512,0.0834963163445272,0.021659304986429675,0.0012086973069049955,0.03342147012162877,0.004101915649112541,0.14833597464342313,0.023739793223646815,0.006043486534524977,700.0
ENSG00000114316.13,USP4,49277144,49340712,3,12869.63404066386,12043.122605540975,3465.6711427039772,1045.6409986011433,6995.600504709055,1439.933336219734,1322.4621454901944,6263.265224887085,13090.621871614043,7193.091374100623,6574.593023949592,2662.470659991241,12951.656000556863,7904.318331818046,3112.371803594093,1725.297943086455,1372.2472552948338,11118.567050799098,14115.208681156453,3406.3290031240253,2112.8702550879884,3320.7255047772574,8297.71482342302,2742.7147833929625,7377.043067923019,12023.71970050135,0.15113456464379948,0.1319099460944932,0.0552497883149873,0.00612060248017457,0.2509531878839229,0.020293242668933276,0.012349605130651403,0.15393561346936618,0.16998468606431852,0.27577963130213035,0.23510672188595094,0.03096008058103165,0.16846105129829006,0.290121170432298,0.04652763074317171,0.02873716140705657,0.013321303470969112,0.10286197064103918,0.18481935347559686,0.05986437804619623,0.04595568748012297,0.04843997884717081,0.21568938193343898,0.03408309076475258,0.2747375119312758,0.13834618227901574,0.00612060248017457,0.290121170432298,0.2840005679521234,CDX,0.0,False,0.18481935347559686,0.03937087991925288,0.290121170432298,0.12463767308371247,0.02873716140705657,0.0019842198060230965,0.0552497883149873,0.009247826020068201,0.21568938193343898,0.04945051238186117,0.009921099030115482,903.0
ENSG00000164062.13,APEH,49674014,49683971,3,11426.2460890241,12234.621253444835,4972.491473175708,1159.2814733366524,7489.637572149001,1371.394972858032,1200.2213235976712,5750.086661940137,11636.44432235228,7321.950659740514,7090.411429164354,4361.236032067682,12991.950282425832,8192.80419163793,4323.529791346629,1621.7317102645457,1319.7476484006017,11345.788929841257,12736.750797355056,4407.339872148941,2074.829597298285,4561.768854272922,7807.367792757937,3053.5858464076473,8177.194789100927,10585.510642473324,0.10891820580474934,0.13745904238452594,0.11954911092294665,0.009952631859066476,0.2834145308197416,0.01832766680832979,0.00906344410876133,0.1300417613786541,0.12604953266092833,0.28422674387717156,0.26696400127429115,0.09685627948894661,0.17025543592991343,0.30948727445896607,0.09411391065001058,0.024692672023841202,0.01199448041609171,0.10856479036857113,0.13992182548066764,0.10441830896376351,0.04436552528357893,0.09645690111052353,0.19049128367670365,0.04424450912939931,0.32373528475978364,0.09890167916358644,0.00906344410876133,0.32373528475978364,0.3146718406510223,CHS,0.0,False,0.17025543592991343,0.033641916958530166,0.32373528475978364,0.1498879240572822,0.024692672023841202,0.0015209217696465634,0.11954911092294665,0.03222299017868718,0.19049128367670365,0.038762413309078286,0.007604608848232817,785.0
ENSG00000012171.20,SEMA3B,50267558,50277546,3,5971.651629418048,6751.59504679061,2551.66577369826,3748.5297541580308,3228.723443172534,4266.894623824493,3927.677466797154,4839.2555868109075,6477.876213860028,3313.186430866366,2912.467078241375,2634.984982739619,4621.852112492038,2630.213694297685,2647.750940546863,5955.71384037166,3487.853527154985,7038.63157305631,3970.029031385124,6529.930793129796,5311.816761769563,2439.8197521756883,4975.931550741909,2104.8254033189005,2620.549734362998,6639.790419597628,0.018680738786279683,0.027375541697494978,0.026989839119390346,0.1271488636968439,0.06095106968862529,0.1642052698682533,0.13240048762389356,0.0911878204789343,0.024713523789406982,0.06858630398979972,0.05256451099076139,0.030005831522027248,0.012824572514249524,0.03449917985078576,0.032235867033665044,0.2778457772337821,0.10609277146799703,0.02930615693315028,0.0072364251003591805,0.21747192201737656,0.2678363193045691,0.022051824431517715,0.07358689910195457,0.016300608626620798,0.03939972425495811,0.028144471433097475,0.0072364251003591805,0.2778457772337821,0.27060935213342296,MSL,0.0,False,0.02930615693315028,0.001155779850764467,0.06858630398979972,0.01100690162215095,0.2778457772337821,0.10591697719043584,0.032235867033665044,0.0038691743202024153,0.2678363193045691,0.07559784747906387,0.005778899253822334,683.0
ENSG00000179564.4,LSMEM2,50279087,50288114,3,5223.0045863142595,6735.259119264289,2473.5132212406893,4297.9139613086345,3069.737681570338,5019.507868496921,4607.816051314994,5061.215501068988,6007.231111621423,3491.8625170518912,2774.8993570840566,2584.846617891516,3525.3909737985987,2482.403004701365,2623.991813693941,6641.203314134886,3900.498705439046,6507.391202919171,3269.623856459706,7219.7906961870885,6111.102079213688,2203.0198446731392,4803.479380323515,2042.9466556134773,2557.547362372037,5613.235469824206,0.013034300791556729,0.02721699608920833,0.024343776460626586,0.16424503698972803,0.05549671679728871,0.2128134296642584,0.17580961467111889,0.09964582121900936,0.019802503036383798,0.07559900122190936,0.04836996920462992,0.028627471770132005,0.006913658433607768,0.028837504629874597,0.031441880160914676,0.32946623383534673,0.1297102218448148,0.022969690569225897,0.005070779632368476,0.25784064420428054,0.3316548287925368,0.014648334214701216,0.06730058108821976,0.014712887007144747,0.036748329621380846,0.01737247861442602,0.005070779632368476,0.3316548287925368,0.32658404916016837,MSL,0.0,False,0.02721699608920833,0.0010030891653175181,0.07559900122190936,0.012966118401715724,0.32946623383534673,0.1427917232478402,0.031441880160914676,0.0037162263238952123,0.3316548287925368,0.11493414816011098,0.00501544582658759,634.0
ENSG00000214706.12,IFRD2,50287732,50292918,3,7056.85241209915,8261.280359740496,3039.5341348772945,4750.811288729125,3548.4298144237255,5775.297745085357,5084.285336049946,6078.059851795976,7861.11338259003,3950.525317561852,3114.5209161438293,3177.8454495118744,4495.563593578365,2866.6700377438137,3177.7208056852924,7748.944391278607,4354.381808696948,8337.423472042221,4102.955567897123,8356.204362877646,6789.3511247037695,2577.9365356374838,5833.05928352576,2486.7612266270094,3081.6896946726097,7658.996033807379,0.029234828496042215,0.04835641052742839,0.04217823878069433,0.19309170259194208,0.07371319635670409,0.2639715257118572,0.20702814437907457,0.14605910028017127,0.04261498653429793,0.09812463475535249,0.06084740363172985,0.0495149233950061,0.012085708254169306,0.04280649769829092,0.04869786152868939,0.40886594646373264,0.1576265789194353,0.0466786355475763,0.008028734417916754,0.3283004873913965,0.39001378140570336,0.02607086197778953,0.1086634970945589,0.02540354591161683,0.05785343090465585,0.04034216918365192,0.008028734417916754,0.40886594646373264,0.4008372120458159,MSL,0.0,False,0.04835641052742839,0.0030169636931146123,0.09812463475535249,0.02010957581996434,0.40886594646373264,0.20849021956408864,0.0495149233950061,0.007745824289630817,0.39001378140570336,0.1579191177690548,0.01508481846557306,1133.0
ENSG00000114383.10,TUSC2,50320027,50328251,3,6428.751522907471,6295.167329476255,2360.8806474868134,3883.7154196413744,2627.00604196122,4496.1430157602235,4029.4256214664897,4632.015355142578,7536.247006864606,2908.3286400555553,2492.693638175108,2368.52590071021,3972.4783136655265,2646.752423996657,2369.0048494068187,5644.281551864144,3889.9038147776664,7000.834554367697,4151.391550674994,5831.786392000639,5259.111011211768,2320.635476904698,4928.13415188393,2202.091680462325,2499.917478984604,6425.944715941741,0.023007915567282322,0.022513476376704367,0.021221422523285353,0.13635637873223694,0.03849819953399704,0.1783361665958351,0.1374357343509832,0.0820954696833536,0.03749273908221999,0.05116081389789088,0.03902516725071679,0.022742935906271536,0.009130251213848427,0.034869569818508916,0.024666525513444844,0.2560268213506466,0.12917949262286382,0.02872531418312388,0.008292837523769279,0.17726213180758635,0.26354288137390014,0.017768376520359598,0.07200211304807184,0.018629267001852343,0.03414996288047513,0.025398669342063578,0.008292837523769279,0.26354288137390014,0.25525004385013084,MSL,0.1523404255319149,False,0.03749273908221999,0.001852900092905859,0.05116081389789088,0.006721243346073376,0.2560268213506466,0.09176995068919643,0.024666525513444844,0.0025098259676860336,0.26354288137390014,0.07324068426622518,0.009264500464529295,875.0
ENSG00000114388.14,NPRL2,50347330,50350826,3,6696.711747712652,6320.680357617545,2224.112975959346,,2268.021890572987,4773.419681976587,4113.028850704641,4110.129369997257,7537.231316384413,2488.288062811139,2055.5213106537267,2090.912978336888,3949.972948240784,2148.2415928281052,2122.2552377286247,6128.701161965969,3844.7104074127283,6728.03794536401,4125.351503273963,6055.389845598378,5938.830062791468,2061.582285357661,4770.7674114765005,1904.9944234016625,,6943.335715219478,0.02612137203166227,0.022777719057182115,0.01762277730736664,,0.026106757042999366,0.1965044623884403,0.14284199925796365,0.061637680393297034,0.037598352431747376,0.03453222121872178,0.0226717638313688,0.0157451094735726,0.008971923158116952,0.01926027832160432,0.01693838661867457,0.292267574902879,0.1263666277465237,0.025557081001161684,0.00818719628142827,0.1898707353252808,0.31840347715466977,0.011898466419883659,0.06645536185948231,0.012384228631913205,,0.03205195902418418,0.00818719628142827,0.31840347715466977,0.3102162808732415,MSL,0.0,False,0.037598352431747376,0.0018629128130816788,,,,,0.01762277730736664,0.001457039614264038,0.31840347715466977,0.10610523833061077,0.007285198071320191,768.0
ENSG00000114395.11,CYB561D2,50350845,50358460,3,6241.991573014172,6015.823406787507,2402.882882684361,3689.02880817749,2338.143559621378,4428.276747482271,3982.108295373621,3894.925255420445,7125.096193263797,2560.4478574480395,2118.294926664307,2215.0731917019298,3903.009022087274,2203.957918199003,2223.6173817574772,5854.960203802676,3649.3660376231574,6247.429912197217,4041.2614175241556,5728.684430118233,5674.740476113683,2223.5366341205595,4537.285368328467,1986.1815712694033,2067.2153037433036,6655.369086036162,0.021108179419525065,0.020029595180213508,0.02243861134631668,0.12422161903241258,0.028807456047447576,0.17445813854653633,0.13467959930036572,0.05561135486599355,0.03215926493108729,0.03745417839876747,0.02453010512902198,0.01850182897736309,0.008813595102385476,0.021588443833007037,0.01974380690239255,0.2718854770900963,0.1157520433075045,0.020118280705459922,0.0074477075850412,0.17143462598008052,0.2976783631930457,0.015230037017451084,0.059112519809825674,0.013442709711563906,0.020892989712588822,0.028302883092195585,0.0074477075850412,0.2976783631930457,0.2902306556080045,MSL,0.0,False,0.03215926493108729,0.0013809426655414995,0.03745417839876747,0.003976867870638178,0.2718854770900963,0.10196610035577237,0.02243861134631668,0.0021535521806530233,0.2976783631930457,0.09299061486960032,0.006904713327707498,745.0
ENSG00000272104.1,ENSG00000272104,50350892,50367923,3,5757.790337977622,5879.880496371804,2602.5343402801377,3509.156133812875,2452.0546467997274,4290.655110746591,3798.164402481034,3723.8617674237707,6455.956056385145,2692.0210899560375,2211.0357738210796,2411.3934476623594,3688.563632354309,2251.387954342318,2400.7144844166123,5620.040947003494,3444.269428640222,5532.318759370858,3782.0037106899736,5531.4739054353495,5520.199648327077,2359.726066546752,4431.548008702343,2087.6276957048503,2154.3737240483424,6104.457533163122,0.01683377308707124,0.018602684705633653,0.0283657917019475,0.1146947682154452,0.03277907223045965,0.16622396940076498,0.12476811363756823,0.04974361685256647,0.02450229709035222,0.04255432184030176,0.02776892853350324,0.023591157292053227,0.008021954823728097,0.022752526588708397,0.02583103959347872,0.25432387845245064,0.10396985458019319,0.01436265709156194,0.00660257764631312,0.16030938758211485,0.28442701155517863,0.018931782125859335,0.05515055467511886,0.015824292140777983,0.022961077526779086,0.02228324004646742,0.00660257764631312,0.28442701155517863,0.2778244339088655,MSL,0.0,False,0.02450229709035222,0.0008201841652200371,0.04255432184030176,0.004929912149212237,0.25432387845245064,0.09070257466478115,0.0283657917019475,0.0031462214089687216,0.28442701155517863,0.08504981030487598,0.004100920826100186,563.0
ENSG00000126062.4,TMEM115,50354750,50359521,3,5759.347985483014,5623.906704531043,2473.759273036041,3559.559519830435,2376.6010104654374,4175.60579076281,3669.9284686791652,3547.2161674351137,6676.486510927513,2578.712155702995,2155.2025720550564,2284.8063486162127,3611.919994532447,2207.835165992861,2307.7563960766006,5325.297390789298,3412.1502933669885,5779.832569692085,3713.2089890645516,5221.626897102114,5209.371494490919,2331.435909762033,4291.566369380969,2011.6624456724394,2110.062278937029,6196.7549509166765,0.016939313984168865,0.016594440334002748,0.024449618966977137,0.11778168077066369,0.030078373226011437,0.1579366765830854,0.11713573965124291,0.043611566316012054,0.026561757406136137,0.0380385698347766,0.026016778167144525,0.020092244075703758,0.007546970656533671,0.02174718239060268,0.02244336226974381,0.23186631898249163,0.1024307398365354,0.016105185341641143,0.006391295161631101,0.14356855265946175,0.25972649210219445,0.017979904812268643,0.05034337031167459,0.013971950251389257,0.021953547566019728,0.02349772943288626,0.006391295161631101,0.25972649210219445,0.25333519694056333,MSL,0.0,False,0.026561757406136137,0.0009573330001603835,0.0380385698347766,0.004081839190542033,0.23186631898249163,0.07713224463619635,0.024449618966977137,0.0024742298428107198,0.25972649210219445,0.07117614208233347,0.004786665000801917,616.0
ENSG00000114737.16,CISH,50606489,50611774,3,9260.868049591012,10067.878667810797,2996.561982515749,5571.083032107306,2842.7695650395654,6224.154796888082,5143.56837158016,4573.025044908854,9585.83217556926,2367.3738422135125,2402.8904023743335,1995.4266709926187,6070.842466339252,2298.5139797677293,2376.5596056411055,4945.8181618531935,4906.132347475115,11892.460802262447,5261.435959792258,6658.499607642466,6904.840359022444,1854.059929430032,4604.844335742722,2065.6460240712076,1992.0372659574189,11409.270532532191,0.06121372031662269,0.08165098826762499,0.04069644369178662,0.2504124753845335,0.047076890489303115,0.2968019549511262,0.2106323209837282,0.0791880319289528,0.07493267148967629,0.030122722201561918,0.035149198258468725,0.013783597518952447,0.023538104285412708,0.024392825017196678,0.024825322887994918,0.20866372199457187,0.19201783250185755,0.12387791741472172,0.013416437777308261,0.22435897435897437,0.3991307113325559,0.009360126916975145,0.06096143687268885,0.015295051600952634,0.01845370664969774,0.12055127257366142,0.009360126916975145,0.3991307113325559,0.38977058441558077,PJL,0.0,False,0.12387791741472172,0.01829295795233953,0.047076890489303115,0.005843216687142381,0.2968019549511262,0.1189084996313499,0.04069644369178662,0.005640417073736023,0.3991307113325559,0.16523639036863022,0.028202085368680116,1591.0
ENSG00000145050.19,MANF,51385291,51389397,3,6239.582206723867,6028.7813524168605,3311.7015389727485,6431.0267413594565,2254.3853218515114,6826.450401623991,5899.812303497013,5458.507342868001,7196.485426310119,2627.502880905277,2380.037693426942,3237.0613878213812,3442.3366766442396,2487.624416435781,3463.886374245412,5670.596674734667,5941.950507836989,6459.122468187449,3359.0245337488473,6424.25352655498,6385.139695101873,3006.4046756526554,3881.466082283466,2975.266545658143,2444.341988468929,6695.623076962091,0.02094986807387863,0.02029383786069126,0.05006350550381033,0.3103411570599819,0.025630163101037915,0.34094772630684234,0.262733873959824,0.11735476026854152,0.03289855837777895,0.03984487063698666,0.03424657534246575,0.05163547685946032,0.006438674266413342,0.028996243187470235,0.05923142070717764,0.258368367835666,0.26366627746523724,0.022494455591931566,0.0052292414958799915,0.21090273363000636,0.3545531644227711,0.03839238498149127,0.038880084521922875,0.04128076210637735,0.03139251246155478,0.028936529728588026,0.0052292414958799915,0.3545531644227711,0.34932392292689113,MSL,0.0,False,0.03289855837777895,0.0014424037444633827,0.03984487063698666,0.00441327079033058,0.34094772630684234,0.15162919152563714,0.05923142070717764,0.010349402821306235,0.3545531644227711,0.13100418690952684,0.0072120187223169135,764.0
ENSG00000259956.2,RBM15B,51391285,51397908,3,5441.076480010003,5394.278135945786,3494.9099353832344,5646.848711229979,2256.84872986366,6057.395090298611,5302.914703793008,4730.51340537674,6306.460403097988,2701.485758718113,2388.227725313203,3216.7787524840305,3128.0858119047944,2565.748809575579,3519.3624170558332,5115.380814288612,5314.2740342546995,5784.262396518429,3029.9064210787346,5421.9313555857325,5476.0440668314895,3106.127346978256,3659.5616483484073,3095.1711766791805,2480.996723100707,5818.809328857031,0.014617414248021108,0.014903287178945143,0.0560965283657917,0.25568151578050985,0.025683117983478075,0.2846366340841479,0.22202787936608895,0.08664164508114394,0.022918096847441515,0.0429262072995803,0.03467133906764362,0.05089328314690134,0.005488705932024488,0.031800624371659876,0.06129578657632861,0.2189878133148848,0.22046491879842905,0.01615798922800718,0.004436932178322417,0.15400508582326763,0.2806106222834729,0.04167107350608144,0.03370311674590597,0.045514686424980154,0.03319546081238731,0.019273418523603338,0.004436932178322417,0.2846366340841479,0.2801997019058255,MSL,0.0,False,0.022918096847441515,0.0007216002850601877,0.0429262072995803,0.005002626446154002,0.2846366340841479,0.11049680050368431,0.06129578657632861,0.010938995322514015,0.2806106222834729,0.08282727614005465,0.003608001425300938,516.0
ENSG00000164080.14,RAD54L2,51538719,51668667,3,5859.480760356855,5179.379514535556,2651.868082443082,3801.739707311982,1946.5008478200896,4028.744740846177,3737.4774910273377,4295.3400782987965,6651.622876410969,2178.8733429821023,2132.0142048538955,2350.374655254907,3543.059394358281,2282.864254883021,2484.6293566114746,3331.3438433971446,3439.313396579595,6641.788341980109,3460.290459422147,4905.258856978754,4458.734232900731,2199.385742626891,3584.1564912686945,1979.9321975840485,2151.4180209995907,6476.6098330197865,0.01799472295514512,0.01326498255998309,0.029635901778154106,0.13028899888232476,0.0161512391442491,0.14933064173395666,0.1210579318386601,0.06914415605011365,0.026086497333262924,0.024278807841470542,0.02511415525114155,0.02221279754015798,0.007071986489339244,0.023757870786814118,0.027630743171712893,0.10675323293065829,0.1037575628914128,0.024184179955644737,0.005598985844073526,0.1281521508794236,0.20184458814799108,0.014436805922792173,0.031959852086634974,0.013336861603598836,0.022855021741435996,0.026190727637554125,0.005598985844073526,0.20184458814799108,0.19624560230391755,MSL,0.0,False,0.026190727637554125,0.000931876688594509,0.02511415525114155,0.0020297593819706746,0.14933064173395666,0.03566561284520854,0.029635901778154106,0.0033771824982894755,0.20184458814799108,0.0434204351896023,0.004659383442972545,604.0
ENSG00000164081.13,TEX264,51662693,51704323,3,5312.637365160286,3907.8140013845373,2108.308133106945,2455.681038121009,1942.429221295047,2608.765976529784,2355.2903813044168,3159.76650346923,5925.84756351771,1992.551954579512,1896.6157165196,2206.2260596594465,3059.743747887542,2086.2512020974855,2011.0531624224634,2309.9382213164477,2302.083620401037,5492.5432817165665,3079.0818520908238,3260.534847046698,3029.3565159001823,2264.2029324320433,2974.7591805671814,1806.4458965150784,1870.3083959069986,5760.964104140786,0.013509234828496043,0.007293097981185921,0.014817950889077053,0.05923678748203736,0.015992374496928616,0.06868890777730556,0.049504425716860125,0.03203467780303431,0.018851982890637376,0.018328640493013866,0.017574599129234363,0.01839580130414038,0.005330377876293013,0.017884544155775436,0.014344696167690027,0.0541748709488585,0.04558964016558752,0.014098637659731756,0.004489752799492922,0.053877940241576605,0.09885508321848828,0.01644632469592808,0.01838351822503962,0.011008203228367293,0.015165977304061936,0.01858696800084486,0.004489752799492922,0.09885508321848828,0.09436533041899536,MSL,0.0,False,0.018851982890637376,0.000496350818046392,0.018328640493013866,0.001194709821325118,0.06868890777730556,0.009141452533033431,0.01839580130414038,0.0015617944124581124,0.09885508321848828,0.01071510723927037,0.00248175409023196,404.0
ENSG00000164082.15,GRM2,51707068,51718613,3,3898.3560124922383,3452.630506409554,2086.598622627377,2314.1706856466076,1821.284598666647,2609.71693983968,2244.46368808328,2892.2186173362816,3962.5128119246583,1903.3884433191342,1770.2298491320798,2135.181998222043,2744.7809306477884,2186.295692830275,1970.1207566197309,2127.938808581271,2229.036017013264,3915.650808120174,2561.074718722366,2781.601353498114,2708.0501309306806,2212.616515367051,2718.465738893966,1856.6500169813687,1880.9769450308372,3796.6923092503903,0.007387862796833773,0.005866187506606067,0.014553344623200678,0.05167917398477833,0.01350349502224105,0.06884827879303017,0.04505220755817035,0.02505682719247238,0.007762581190262449,0.015353556818785528,0.014282680259105873,0.016805386205799713,0.004802617690521427,0.020900576750092596,0.013233114545839508,0.04534085466446703,0.042352191911686654,0.006600485795754568,0.0033276991337418127,0.03538885357067175,0.07908406657479063,0.014859862506610259,0.013100898045430534,0.011960836200052925,0.015537172552762752,0.007339740204879079,0.0033276991337418127,0.07908406657479063,0.07575636744104881,MSL,0.0,False,0.007762581190262449,9.067805203527431e-05,0.020900576750092596,0.001490139707529998,0.06884827879303017,0.009178666762390342,0.016805386205799713,0.0013493179066998411,0.07908406657479063,0.006918842800636481,0.00045339026017637157,156.0
ENSG00000285749.3,ENSG00000285749,51798803,51830856,3,15234.649904162836,12678.31460254034,1753.5872742511224,1726.5282734567868,2047.170802253015,2452.6437089590418,2009.7226698876673,3257.405420125252,14041.750503097639,2290.2244818274635,1906.1971160860808,2109.694654970585,12977.273325687682,2008.3662472759142,1851.7420097630475,2119.6631451854896,2356.0532495804755,14682.864897972619,12554.229843411516,2408.849186508706,1991.8805698409603,2424.6018720318807,3409.4064408367067,2159.940295730717,2216.8426331030187,14432.097101405787,0.2311873350923483,0.1498255998308847,0.00867908552074513,0.028740220341689285,0.019063757678457954,0.061889077773055676,0.035246727089627394,0.03488925305280964,0.2065269050007921,0.02725389151569888,0.017786980991823298,0.016275247839686157,0.16972767574414185,0.015450552939308958,0.01132754605123862,0.04470225107764355,0.04813714043095213,0.21691836519167812,0.13537925206000423,0.023786819241364696,0.04012509275946147,0.021311475409836064,0.02746962493396725,0.017782482138131783,0.025453388482341712,0.2206674411236667,0.00867908552074513,0.2311873350923483,0.22250824957160314,BEB,0.0,False,0.2311873350923483,0.06045477029197977,0.02725389151569888,0.0023291600461966197,0.061889077773055676,0.007614659909475007,0.021311475409836064,0.001981332961245676,0.04012509275946147,0.0018298496357211217,0.009149248178605608,868.0
ENSG00000114767.7,RRP9,51933429,51941904,3,9828.291227111322,10865.030920962427,2115.8790757500747,2417.159634298439,2118.928802384833,2757.3688190505836,3220.579287903171,2587.7896156888664,9277.284338877836,1639.6802564418424,2251.0163353316275,1756.4793754307907,9404.088783653198,2181.044578424194,1980.1917332506996,2356.6865565706944,2556.9563260051486,11790.256426364713,9632.804253370692,2536.890042414652,2144.331479584247,2573.4296885155286,3573.4185342446112,2488.96009400641,2562.2540630967915,10627.605705116343,0.07229551451187335,0.10136349223126519,0.015082557154953428,0.057267550162329026,0.021181952976064393,0.07729494262643434,0.09063444108761329,0.017761801554157637,0.06864867719279717,0.009244009987780907,0.02909631517468408,0.009648518263266712,0.07388642600802195,0.020741838192496958,0.0134977768367563,0.05609068170932893,0.05753104765948413,0.1202344492554652,0.06422987534333403,0.027283322737868192,0.048234919961836105,0.025806451612903226,0.03137876386687797,0.025456469965599363,0.03701346908473857,0.09974654134544303,0.009244009987780907,0.1202344492554652,0.11099043926768429,FIN,0.0,False,0.1202344492554652,0.017276055015970387,0.03701346908473857,0.0038984408948123704,0.09063444108761329,0.014862536491881958,0.025806451612903226,0.0027000665900728535,0.048234919961836105,0.0026249717886508237,0.013124858943254119,1038.0
ENSG00000041880.15,PARP3,51942345,51948867,3,9303.759737847124,10976.413555421701,2056.40868861363,2731.8237142379317,1971.8598834297945,2976.352053638622,3657.604193350339,2595.386259731948,9061.960804765182,1573.5308355066318,2150.089154451849,1660.8151267787453,8755.262504396323,2011.856027534681,2045.0770533035397,2575.7868867537336,2920.3103336310933,12307.834485231031,8858.338068176932,2748.0925882822585,2261.5947056566024,2511.007254051638,3378.56982828783,2536.136596952904,2484.594020216981,10283.163609507345,0.06211081794195251,0.104323010252616,0.01418289585097375,0.07392623343445633,0.01683965261597119,0.08669783255418614,0.11628769809720677,0.018026114077284983,0.06352642974071923,0.008447112575041172,0.025592014441966657,0.008429200021205535,0.061220181549503906,0.015556378644372718,0.014926953207706966,0.0670001596508967,0.0754696953614266,0.13697328123349878,0.050866258187196284,0.03464717101080737,0.05448955793490936,0.024325753569539928,0.02694136291600634,0.026673723207197672,0.0334075723830735,0.09066427289048475,0.008429200021205535,0.13697328123349878,0.12854408121229324,GIH,0.0,False,0.13697328123349878,0.022176691763102285,0.0334075723830735,0.0032808247971241713,0.11628769809720677,0.023006096053794584,0.026673723207197672,0.0028483319257534734,0.05448955793490936,0.0033336548590475593,0.014241659628767367,1091.0
ENSG00000180929.6,GPR62,51955381,51957499,3,6973.49159370106,6757.369359326902,2225.450334994625,2485.8273309540255,2128.551982205074,2422.138009285477,3219.1064848516203,2206.3640174704906,6114.481690925277,1784.8094069485473,2369.998444396562,1779.3428643246757,6766.043174564834,2109.302235356041,2171.0402994397223,2007.576909224261,2429.4378214029075,7695.919680611326,7010.960112513709,2177.047007684814,1720.757236131261,2631.023727680412,3038.9428640782103,2711.880397212399,2336.9268221917137,6959.085402643593,0.028390501319261213,0.02753408730578163,0.017675698560541915,0.06062057586885944,0.021446727388265197,0.060454738631534215,0.09042243069910426,0.009726700851086324,0.02080582985689391,0.01237847314455719,0.03382181161728788,0.010019615119546202,0.030873970867637747,0.01836075982856236,0.017838238407791657,0.039220903624075355,0.05174609914021866,0.037015524342591616,0.026674413691105008,0.018436109345200253,0.026449697869182658,0.02749867794817557,0.019915478077126254,0.032812913469171735,0.028529006257291337,0.03231597845601436,0.009726700851086324,0.09042243069910426,0.08069572984801793,CLM,0.0,False,0.037015524342591616,0.0018079792834192192,0.03382181161728788,0.0033495702547927204,0.09042243069910426,0.014801643684177673,0.032812913469171735,0.0039818040323771255,0.026449697869182658,0.0008084036301232857,0.004042018150616429,555.0
ENSG00000090097.22,PCBP4,51957454,51974016,3,6726.590227230502,6671.526710597351,2312.4822018997943,2295.054334463032,2049.053261808489,2145.1122869461665,2866.3353664345395,2141.710449609945,6534.558945148563,1857.7139861354858,2267.658135216905,1975.9042847819692,6266.080349423875,2040.3645974669787,2087.50827231014,1850.5417730901077,2215.670499748004,7337.784097621457,6411.5039672859475,2009.5609470834186,1514.527932758874,2661.006615410564,2827.3951337625153,2549.5777935617393,2225.807406524559,6867.1966418371,0.026437994722955147,0.02674135926434838,0.02000423370025402,0.050880834530842516,0.019169667443338277,0.04823629409264769,0.071765516510309,0.008669450758576941,0.025241590537043883,0.014025394464219305,0.02978655622809812,0.013412500662672957,0.025438040954190416,0.016508809989946558,0.016038534829557485,0.033367037411526794,0.04198068145632099,0.033055232865138874,0.020969786604690472,0.01451578724305997,0.016696703063712497,0.028080380750925435,0.015055467511885896,0.027255887801005556,0.025665500053027892,0.031048685183229487,0.008669450758576941,0.071765516510309,0.06309606575173206,CLM,0.0,False,0.033055232865138874,0.0014555930778540535,0.02978655622809812,0.0027048306618031037,0.071765516510309,0.0098712959527293,0.028080380750925435,0.003095184008816725,0.016696703063712497,0.000328095147867256,0.00164047573933628,322.0
ENSG00000162244.12,RPL29,51993522,51995895,3,9950.105931594273,8656.79851666749,2289.3476651277333,,2048.524764126083,,2743.305872133277,2094.6396105235417,8826.332331634787,1789.7721205535777,2125.4340395465065,2207.960957427307,9058.130997342292,1783.4408515300265,2217.5234715481383,1916.4907940542175,2231.045453940646,10111.55485662668,8196.074317676665,1836.7195279385867,1457.364108134661,2559.458441336296,2836.745468306987,2526.448526493668,2267.6924839622893,9218.248261319559,0.07461741424802111,0.053958355353556704,0.019422099915325994,,0.019116712560898114,,0.06598823342343775,0.007982238198445842,0.05850979563816867,0.012537852627105137,0.024742486991610916,0.018448815140751737,0.06765885581591724,0.010582570506375998,0.019479144611475756,0.03576180086211484,0.042511410678271945,0.079469848980885,0.040935981407141345,0.010966306420851876,0.01484151383441111,0.02533051295610788,0.015372424722662441,0.026197406721354857,0.026673030013787253,0.0670609356848664,0.007982238198445842,0.079469848980885,0.07148761078243915,CLM,0.0,False,0.079469848980885,0.00781480750996885,0.026673030013787253,0.002246234691033289,,,0.026197406721354857,0.002766528219939736,0.015372424722662441,0.0002790303525197465,0.0013951517625987325,291.0
ENSG00000163930.10,BAP1,52401008,52410008,3,5646.294401396904,5472.1000323744365,1825.8889788705799,1566.1635330402366,2298.666812767296,1700.1484698867762,1817.720982833615,2157.207352825878,5606.025738956554,1865.2720797446812,2058.8036053357,2307.488153894649,5386.806367730129,2498.8386295025857,2179.228737814864,2036.2498485039027,1668.5640752291058,5086.301741069809,5193.350703021545,2177.7911301356266,1885.811078073836,2213.627559056786,3297.0184922903027,2457.9698354710013,2745.56310237535,5780.798990442183,0.016147757255936677,0.015537469612091745,0.009737510584250635,0.02187450103784129,0.027377674221563227,0.03038674033149171,0.028780410240101764,0.008933763281704287,0.01631726250198025,0.0143441534293152,0.022724859297016033,0.02078142395165138,0.01773274224192527,0.029366633155193396,0.01836756298962524,0.040551327763290936,0.022396773166330538,0.011828070545992185,0.013099514050285232,0.018489086670904854,0.03413548181914555,0.015018508725542041,0.025356576862123614,0.024503836993913734,0.044331318273411816,0.01874537965994297,0.008933763281704287,0.044331318273411816,0.035397554991707526,CLM,0.0,False,0.01874537965994297,0.0004909873658150589,0.044331318273411816,0.0052812503767033685,0.040551327763290936,0.0036289136166876416,0.024503836993913734,0.002483109264621786,0.03413548181914555,0.001332875855917751,0.0024549368290752945,400.0
ENSG00000010318.22,PHF7,52410660,52423641,3,4131.460075396621,4238.298892091655,2122.040371059376,1925.638739170635,2825.9583140542404,1913.3117083340294,2094.2530766908753,2688.670438747303,3845.6088599256095,2515.2979974281025,2648.235428021539,2674.4307214262462,3548.3618020328186,3138.3459439187773,2352.3615515745037,2375.5444401057757,1964.2570806791623,3293.5070203282785,3509.0807124963058,2661.62573943869,2222.7482454312944,2546.8653043511767,3556.684514807047,2709.584786636383,3339.5073813275844,3775.719961263776,0.008021108179419525,0.008667159919670224,0.01518839966130398,0.035020490712651016,0.045911883075619574,0.03888652783680408,0.03816186993162665,0.020246339271554687,0.0073929344669166185,0.03538224512564416,0.04412233195285123,0.03127816360069978,0.007177538526493561,0.05323032964707127,0.023872538640694475,0.056888936192858286,0.03338286806071542,0.004910761432041398,0.005704627086414536,0.031627463445645265,0.05215732004664476,0.025013220518244315,0.030956154252509246,0.03270706536120667,0.06792873051224944,0.0072341324321470064,0.004910761432041398,0.06792873051224944,0.06301796908020804,LWK,0.0,False,0.008667159919670224,0.00011199965243636738,0.06792873051224944,0.010829903231911884,0.056888936192858286,0.006569214250437074,0.03270706536120667,0.00396105196237179,0.05215732004664476,0.003059713149125036,0.0005599982621818369,174.0
ENSG00000178700.9,DHFR2,94047836,94063389,3,5102.750386142457,5850.016449381715,4131.471718096458,3630.074666560921,4133.8086025667135,3644.6273548351837,3741.966471622562,4938.929187356073,4420.181421365553,4043.89521308229,4164.523640267871,3289.8026585089756,4276.6989184306185,4624.135476025478,4172.5563900113775,3293.171614349379,3388.663569417642,4776.773992558327,4180.827751289653,4057.4657808316883,3119.514703495692,3920.5734338058614,4519.343746312421,4084.986700427397,3631.7281741637325,4272.252434709588,0.012242744063324538,0.018285593489060354,0.08086367485182049,0.12108148384693171,0.10045541198898539,0.12616872078198044,0.1214289500185509,0.0949410583073426,0.009346781433173154,0.1024810072783297,0.10741212700435383,0.053437947304246405,0.010977411864048976,0.1139742843536695,0.08717975862799068,0.10430525251450162,0.10136928139263347,0.009663111204984687,0.008398478766110289,0.08730663276117821,0.10457966712604685,0.06779481755684823,0.058795562599049125,0.08293199259063244,0.0789055042952593,0.009187876227690357,0.008398478766110289,0.12616872078198044,0.11777024201587015,MSL,0.22084351292272084,False,0.018285593489060354,0.0004681738921869727,0.1139742843536695,0.02587205386756661,0.12616872078198044,0.026541898546039302,0.08717975862799068,0.01933712160039703,0.10457966712604685,0.011965200837619051,0.0023408694609348634,392.0
ENSG00000114439.19,BBX,107522936,107811339,3,13077.742342261929,14924.533443063228,6086.075163348791,1336.5166689864332,11236.96890347175,1050.6220019071598,1108.7251817040874,10859.820191322908,12690.585437633932,10142.90214718442,11567.167763284739,7006.968841170134,14024.806683214134,11239.963299198389,7332.826687190086,2108.5942215151586,1714.7726552649328,11717.48453817565,13318.924790970357,10027.53661724576,6954.065305839964,7583.469720166484,12312.911497444251,7585.643675932277,10629.633299157216,11715.539042544056,0.15725593667546175,0.2301553746961209,0.1729995766299746,0.014316887540582256,0.5234590129209913,0.008659158521036974,0.007155350612179997,0.40730559813923983,0.15762792416961505,0.4642724326621686,0.5476266326855687,0.22838360812171976,0.20503483217226093,0.5046827874490714,0.2472475121744654,0.044063647490820076,0.02409510667657361,0.11812229380082374,0.15687724487639976,0.4369040050858233,0.40305311141736455,0.24500264410364886,0.4386687797147385,0.25546440857369673,0.4797963728921413,0.1297391488013518,0.007155350612179997,0.5476266326855687,0.5404712820733887,CHS,0.0,False,0.2301553746961209,0.05993881817455184,0.5476266326855687,0.3630211128592901,0.044063647490820076,0.004197765793845188,0.25546440857369673,0.110029126620304,0.4386687797147385,0.1988457086307998,0.020988828969225944,1358.0
ENSG00000169704.5,GP9,129060779,129062406,3,11696.613701484386,9707.293365797925,3540.9193475290713,3557.7258631053746,1813.2543817394483,3534.999269359529,3761.9227443209534,2639.276968951172,11440.559165509083,1610.7758608360261,1745.6224955221458,3522.605552725419,8495.5988310811,2172.081003365534,3599.833894902292,3200.6985306143947,4082.926796303983,11976.431637997222,10754.994628356762,3899.4947855099695,3871.5036862669417,3631.583257584306,3804.280753795675,3246.505246399844,1909.9161296194807,11704.832563714406,0.11567282321899736,0.07435789028643906,0.05784292972057578,0.11751556761935175,0.013291675492480406,0.11947513812154696,0.12301902793236869,0.01876618914204155,0.12018799176215873,0.008872124528502364,0.013751725602633534,0.06160207814239516,0.056048131728942366,0.020053971109582517,0.06447173406733009,0.09866425416422756,0.1413862647277359,0.12625409230119336,0.08852736108176631,0.08015469379105743,0.158592176401993,0.05838180856689582,0.0370311674590597,0.050330775337390846,0.016385618835507477,0.12936952159678952,0.008872124528502364,0.158592176401993,0.14972005187349063,FIN,0.0,False,0.12936952159678952,0.019878126745411052,0.020053971109582517,0.0013899787108686658,0.1413862647277359,0.032406304826263894,0.06447173406733009,0.011870192192107694,0.158592176401993,0.027063993635271056,0.0069498935543433294,748.0
ENSG00000172780.17,RAB43,129087569,129122801,3,15071.411596730228,12883.765548930074,3545.0267788610618,3545.4713137547906,1855.4142531690325,3603.183647571663,3638.884345119099,2674.786871814012,14203.087451989533,1593.8845949873644,1741.3451745257855,3113.2502140156794,10669.309149032963,2065.4372415491366,3117.4576432322206,2872.0295662788585,4185.347024841348,15161.800533677111,14213.423470855576,3218.9794818756077,3001.5346835268037,4056.765263159024,5284.692837552326,2897.4993471011767,1787.2446639762338,14301.213243144359,0.22548812664907653,0.15674875805940175,0.058160457239627435,0.11698334131672787,0.014350773141283626,0.12399065023374416,0.11464461758626172,0.01992916424380187,0.21312773934625337,0.00860649205758912,0.013592439205691835,0.04681121772782696,0.10222714798395609,0.017302502777924757,0.04663349565953843,0.08307168325262093,0.1481795987687082,0.2336571971697117,0.18788294950348616,0.05218266581902946,0.0971589102088413,0.07345319936541513,0.08515583729529846,0.038581635353268064,0.013097889489871672,0.21549266025979513,0.00860649205758912,0.2336571971697117,0.22505070511212258,FIN,0.10714387080294042,False,0.2336571971697117,0.061698215790660635,0.017302502777924757,0.0010843201061761245,0.1481795987687082,0.035185082111596815,0.07345319936541513,0.014657528701886071,0.0971589102088413,0.01035769044086995,0.005421600530880623,668.0
ENSG00000181322.15,NME9,138261437,138329886,3,8857.152647283954,7866.876161710617,3859.188763489916,1964.0352000386783,3682.0461466830425,1631.9284015768485,1903.5069094695734,3673.490671866137,9065.417921448585,3114.150123883537,3055.0682559512575,3544.348993105786,9618.04374021083,3379.7549924815066,3467.139601251382,1724.2958099664484,1823.4239107251437,10045.07308031603,10249.390087898666,2132.1644273925926,1056.0431062892503,3916.192413545221,3972.27795175057,3204.0226790315173,3151.6272733546944,9613.9782622652,0.05408970976253298,0.04169749497938907,0.06969729043183742,0.036404279099473094,0.0791145943656005,0.028155546111347216,0.031536545290719246,0.048316329227678805,0.06368484976501029,0.06013919141475854,0.05813953488372093,0.06266235487462228,0.07826683554992611,0.06153764749457643,0.059284353165361,0.028683944441487946,0.027969429996815624,0.07778012461717182,0.0766955419395732,0.017747404111040473,0.005512562281352698,0.06747752511898467,0.04094030639197042,0.048901825879862394,0.06087602078693393,0.07561516527616433,0.005512562281352698,0.0791145943656005,0.0736020320842478,PEL,0.0,False,0.07826683554992611,0.007589729770872444,0.0791145943656005,0.013996795498033465,0.036404279099473094,0.003003599699421874,0.06969729043183742,0.013464676574839636,0.048316329227678805,0.002633663177391285,0.013168315886956425,1039.0
ENSG00000114120.14,SLC25A36,140941830,140980995,3,16121.907955644685,15184.95224511382,1681.6114475793393,4620.486408458341,2424.050482000549,3054.9114101987384,2924.72081338334,3995.236149513531,16023.765430811796,4090.386520202511,2709.800151137852,1652.7533721643686,16834.035252675276,2792.687944834221,1792.4471722553312,3877.62875125593,4132.829303575908,16705.211154971217,17797.198393689552,3207.275095121902,1536.9917146007,2270.5630427705387,4154.670254180669,2035.9104902916265,2568.492220757384,16361.738789309424,0.26786279683377306,0.2395095655850333,0.007938187976291278,0.18420352333812337,0.032037703876297396,0.09073523161920952,0.074627656755181,0.05825448009726701,0.2850504303743993,0.10418105509217447,0.04608686418179887,0.008164130838148757,0.3168672155372599,0.040107942219165034,0.0102159644293881,0.14065243999787133,0.144199129604076,0.2945400781497518,0.3277519543629833,0.05165289256198347,0.01818085444715361,0.016657852987837122,0.04548335974643423,0.014607038899179678,0.037172552762753205,0.2990284084908649,0.007938187976291278,0.3277519543629833,0.31981376638669207,BEB,0.0,False,0.3277519543629833,0.11798920225046297,0.10418105509217447,0.022241942407683225,0.18420352333812337,0.051527322419402055,0.016657852987837122,0.0013302126883147033,0.05825448009726701,0.003800125182152243,0.006651063441573516,735.0
ENSG00000109685.19,NSD2,1871393,1982207,4,8123.413569005468,7795.853347897515,1950.7409984241267,1459.4624721730631,1953.5496082584923,1438.384551844917,1589.3529267404383,2115.624388693326,9811.904979299728,1984.472718546225,1813.7181709520062,1964.1508796424457,6541.2985393417775,2112.6703390436664,1948.4585995613,1730.195443480085,1415.9785492734325,8231.31099966942,9947.425989098907,2006.415463538323,2069.3503052907986,2128.2872238854084,2858.438989632578,1703.296194692366,1966.9023920606442,8210.118379834727,0.04300791556728232,0.040746221329669166,0.012171888230313293,0.018202139549736547,0.016310103791569584,0.020240118997025075,0.021148036253776436,0.008352275730824126,0.07994930559222686,0.01800988152791797,0.015185303175108847,0.013253459152838891,0.02855182605024277,0.01841367268109424,0.012703789964005929,0.028950029269331063,0.014382761914871032,0.045094518956595206,0.07072681174730615,0.014462809917355372,0.043729460404961305,0.013061872025383395,0.015689381933438985,0.00910293728499603,0.017711316152296108,0.04937163375224417,0.008352275730824126,0.07994930559222686,0.07159702986140273,CLM,0.0,False,0.07994930559222686,0.007905387411785194,0.01841367268109424,0.0012040515026664055,0.028950029269331063,0.0020100576806364105,0.013253459152838891,0.0009190626532809914,0.043729460404961305,0.0021659314655334445,0.004595313266404957,596.0
ENSG00000109133.14,TMEM33,41935129,41960803,4,13303.424616822018,14663.756838662946,2434.9004595433134,790.7462351198228,3191.474050397755,694.3646198551334,1000.637906109826,2180.7356967674555,17325.22493990639,1951.0446482049401,2661.645720692944,2407.7243722536477,10952.4687134587,2988.033757315439,2136.933976157375,735.8052886441274,933.9717232738872,15697.868437116094,16227.246259031566,1634.4573365070414,1532.108532514345,3330.2583360716326,4993.6931006154355,2222.97973494272,2972.807416919667,16037.075726981098,0.16527704485488126,0.21884578797167317,0.02323243014394581,0.0025546862525946032,0.05983901715738191,0.0017530811729706756,0.005300259712725923,0.009092350795580694,0.34324338596398585,0.01668171917335175,0.04460019114367633,0.02343211578221916,0.10966856660333545,0.04714535160590507,0.01725598136777472,0.0015432920014900751,0.003980469164632205,0.2562044566480093,0.26251848721740967,0.007681712227166773,0.01791582741439627,0.048651507139079855,0.07432646592709984,0.019105583487695157,0.05403542263230459,0.28413771253564263,0.0015432920014900751,0.34324338596398585,0.3417000939624958,JPT,0.0,False,0.34324338596398585,0.12890473814805659,0.05983901715738191,0.008748961467880739,0.005300259712725923,0.0001024709841575483,0.048651507139079855,0.0075285646921947605,0.07432646592709984,0.006126534187119101,0.0005123549207877415,165.0
ENSG00000182308.7,DCAF4L1,41981756,41986465,4,12840.696392237896,12662.579903500746,3534.793238367965,737.6301058430028,5039.940715872157,671.5885386136412,1047.825925690426,4111.552802999126,10813.14425401168,3097.300363435576,3972.13523458702,2761.9783917742034,9444.883202032195,5988.176730858786,3309.777552949917,860.3430324023531,1071.2813768442338,10902.697694220644,13590.098065828211,1966.6215852730197,1705.151294834266,5175.788577749825,8138.248780302758,3315.6514265764417,5024.285081680731,10466.532021846326,0.1500791556728232,0.14908572032554698,0.05741955969517358,0.002075682580233115,0.14340182164795595,0.0014874628134296643,0.006148301266762072,0.0616905428979225,0.10445160268257908,0.05950167348456675,0.09833280237867686,0.03398186926787892,0.07483639434241081,0.18006243716598763,0.054308702096125344,0.0033526688308232666,0.005784948519265471,0.0971063470271412,0.16654341855060215,0.013615172706081797,0.0257076221774621,0.12400846113167636,0.20718436344426835,0.052765281820587456,0.14439495174461767,0.09515260323159784,0.0014874628134296643,0.20718436344426835,0.2056969006308387,CHB,0.0,False,0.16654341855060215,0.032250690795129884,0.18006243716598763,0.05585405246902261,0.006148301266762072,0.0001329224593923388,0.12400846113167636,0.03418913229117055,0.20718436344426835,0.04570067164522244,0.000664612296961694,197.0
ENSG00000014824.14,SLC30A9,41990502,42090461,4,15263.201362738611,16152.491907413987,4607.354705920374,823.306537522573,5203.587194985687,703.6437952551395,1125.564237785078,4328.82202210479,11788.949010984239,3414.9737384161617,4432.608312214136,2714.713039737689,11397.794985133767,5868.023306724487,4263.7574438189195,945.211684779395,1180.802523613903,12919.0434323386,16393.718713545317,1952.9720789161654,1856.4516390631832,5995.943466782504,8960.927421910235,4205.265168214749,4941.278249126008,12337.057168412277,0.23218997361477572,0.2756579642743896,0.10203217612193057,0.0030336899249560913,0.15261597119254394,0.001965575860603485,0.007738379180579848,0.07004281862874663,0.13032687331678725,0.07225203208840249,0.11946479770627588,0.032444468006149606,0.12138484272746464,0.1740303719773533,0.09152022019902604,0.005321696556862328,0.008544740473410466,0.15408174041609463,0.2692795267272343,0.013297308751854206,0.032439308809498565,0.16409307244843999,0.24949815108293713,0.08795977771897327,0.13909216247746314,0.1475340585067061,0.001965575860603485,0.2756579642743896,0.2736923884137861,CHB,0.014025610244097639,False,0.2756579642743896,0.08468692684370853,0.1740303719773533,0.052741570351630435,0.008544740473410466,0.00023669251125398534,0.16409307244843999,0.05377842859057198,0.24949815108293713,0.06578563417101276,0.0011834625562699267,275.0
ENSG00000188848.17,BEND4,42110853,42152878,4,23752.29484269489,22907.732778927635,3534.1171317350436,933.0482191144699,4801.8135409567,817.1355572520646,1151.0247398204779,4290.707757436274,22404.30455566277,3268.371593011021,3959.6944345094594,2044.3965061328413,22202.8856384131,4132.434048315025,3289.123676856354,1200.7551868519663,1333.6365606225636,21963.923143649605,20699.447298953022,2296.715387617464,2028.3327549607193,4681.661666653776,7597.257324112942,3663.619453309915,3757.0057674051745,22871.117052838006,0.5740369393139841,0.5532713243843146,0.057366638441998304,0.004523923572302943,0.13132810845159923,0.003559286017849554,0.00821540255472518,0.06882698102236084,0.5562655119607118,0.06656749721085906,0.09796113411914623,0.014631818904734136,0.5421152628245726,0.09365574898142759,0.05346178276519162,0.012027034218508861,0.01225984502706719,0.5089238567958602,0.4445383477709698,0.021031998304725578,0.04198028198876285,0.10153358011634056,0.18071843634442683,0.06567875099232601,0.08442040513310001,0.5719716971169078,0.003559286017849554,0.5740369393139841,0.5704776532961345,CHB,0.0,False,0.5740369393139841,0.34526880352174005,0.13132810845159923,0.03284023450590263,0.01225984502706719,0.00044569411100253844,0.10153358011634056,0.024742515345891454,0.18071843634442683,0.03496035475314526,0.0022284705550126922,383.0
ENSG00000188993.4,LRRC66,51993652,52020363,4,4741.666115567975,5474.364048706816,5460.1614543588385,4313.520815897893,5634.413005988957,4906.859149763668,5376.851290625731,4631.95571201223,3088.655564560402,5633.833757145429,6399.431248002098,6295.545342402753,4407.118836403726,5231.003037666671,6154.356092088546,4538.125180005727,5068.999806184725,4986.932284258197,4774.791225306374,4418.974992764443,5078.649470320579,6445.183401494509,4901.047338511324,5887.54138457392,4230.289162835291,3431.4445843482927,0.010237467018469656,0.015590318148187295,0.14214648602878915,0.16520304433445102,0.1752277059944927,0.20558861028474287,0.22722213388456033,0.08204260717872813,0.005333474151132703,0.18100196568028476,0.22475310608474036,0.189206382865928,0.011505172049820562,0.14238848616328906,0.18229938598348508,0.18306636155606407,0.20273856278526695,0.011088816136867673,0.010881047961124022,0.10526594617503708,0.24954945404431253,0.18461131676361714,0.07099841521394612,0.16734585869277588,0.10621486902110511,0.006072446932094202,0.005333474151132703,0.24954945404431253,0.24421597989317984,ESN,0.0,False,0.015590318148187295,0.00034492493176958703,0.22475310608474036,0.08111016893828682,0.22722213388456033,0.07444438481077013,0.189206382865928,0.06770605869982772,0.24954945404431253,0.06581215270685742,0.001724624658847935,327.0
ENSG00000163069.13,SGCB,52020706,52038299,4,4815.418326922305,5673.515520475978,6183.197806182559,4885.921633399524,6039.933721033137,5661.667307775144,6125.962134280099,4688.934464949721,2797.5039262439604,5882.045626085682,6671.463489649521,6680.406307335701,4105.628915045894,5590.164887749153,6533.474315648186,4922.041719091194,5818.316871774558,4971.625099884874,4921.934959128824,4826.649747453887,5798.302920178807,7205.651230220575,5542.177638662503,6688.4097623174375,4254.417944019639,3117.922335557407,0.010606860158311346,0.0171757742310538,0.17691574936494497,0.20362978338389484,0.1967803431476382,0.2553654908627284,0.2787406582922563,0.08484431992387799,0.0043829540053862805,0.19577113106306115,0.24126579590103006,0.20993479298096804,0.009869115473928648,0.15995555320387322,0.20262544992589457,0.20717364695865043,0.2557584120581679,0.010877600591403528,0.011567716036340587,0.12391396482305574,0.3074843634050673,0.22332099418297197,0.09704173269941892,0.20566287377613124,0.10791176158659455,0.004963565318407435,0.0043829540053862805,0.3074843634050673,0.303101409399681,ESN,0.0,False,0.0171757742310538,0.00041524951392949615,0.24126579590103006,0.09138767409363842,0.2787406582922563,0.10651572678206586,0.22332099418297197,0.08852361576862655,0.3074843634050673,0.09909014044562355,0.002076247569647481,366.0
ENSG00000109189.13,USP46,52590960,52659301,4,7371.1918255126375,4818.305739740031,2738.0691101797424,4211.511002427477,2713.467346332599,3372.337371650883,3260.2850872900963,2452.1633646087616,5872.112727793931,2693.0657368601987,2383.613304169946,1711.204595552814,8686.854873952092,2045.5727017763923,1946.1066544510593,1891.4754181553471,2952.7685097051594,7095.112897512943,8764.431191894048,2973.934841398266,2165.477743493048,2488.775940745664,2483.6846611877163,1766.8954648039755,2138.4418033929373,6523.4179416057705,0.032928759894459106,0.011045344043969983,0.03233488569009314,0.15908244185427645,0.041092988773564924,0.10906289842753931,0.09286055016695818,0.014854363799756833,0.018482336167291547,0.04276682781703235,0.03445895720505469,0.009118379897153157,0.05968967701076631,0.01661463569501032,0.012650857505822571,0.034644244585173754,0.07716802887166968,0.0302038230013729,0.04917599830974012,0.04307056579783852,0.049136011873211066,0.023691168693812797,0.010829371368198627,0.010002646202699127,0.02258988227807827,0.026613158728482415,0.009118379897153157,0.15908244185427645,0.14996406195712328,GIH,0.0,False,0.05968967701076631,0.004516148184239942,0.04276682781703235,0.0049714102842723295,0.15908244185427645,0.03984845857392217,0.03233488569009314,0.003888413356638428,0.049136011873211066,0.002721957889877103,0.013609789449385516,1065.0
ENSG00000226887.8,ERVMER34-1,52722618,52751586,4,5650.75294096647,4227.58755300484,3698.570315356732,5590.211788802805,3452.6153064712835,5213.962898323944,4265.198590245546,4141.752727661533,4507.290203818286,3277.5264661326773,3199.9602508753605,3127.092674400429,7363.860880048277,2324.5210379000687,2972.86917115859,2832.203019506833,3994.186565669681,7260.918128568599,5068.615413153434,3578.6138797455596,3721.052887710449,3922.338203111535,3725.188886101806,2361.380771547165,3034.802210843291,5321.1287156435055,0.016200527704485487,0.008561462847479126,0.06302921253175275,0.2517430411410932,0.07058885829273459,0.22635996600084998,0.15190544336672496,0.06295924300893377,0.009927654855573745,0.0669393826701376,0.06424551343315281,0.047500397603774586,0.0383153894870171,0.025186517805174877,0.04171077704848613,0.08046405193975839,0.13549517036408024,0.03226317456964833,0.012465666596239171,0.06722822631913541,0.14762005724583907,0.06790058170280275,0.03549920760697306,0.02238687483461233,0.05636864990985258,0.014837892068856268,0.008561462847479126,0.2517430411410932,0.24318157829361406,ASW,0.0,False,0.0383153894870171,0.0019315735262220414,0.07058885829273459,0.011553072884007405,0.2517430411410932,0.08909518533175848,0.06790058170280275,0.012907807476043419,0.14762005724583907,0.023515721881250718,0.009657867631110206,892.0
ENSG00000018189.13,RUFY3,70704204,70808619,4,15856.196348993673,13672.54654082516,4528.645033055541,3392.675603288843,2454.40908528163,4125.853633174735,4098.469890000781,3481.3663578126702,15859.622841192451,1888.8294418163655,1468.2574302947007,2617.3834380851576,19103.148451303023,1794.9233438525855,3555.589753537129,4903.581553632362,3531.0660537883505,17609.560512740503,16373.568390219187,3602.0602841194996,1545.5635189998939,3000.1430385828758,3270.8866765930416,3736.188272909295,2203.908627946846,18355.121995947877,0.25725593667546176,0.1834372687876546,0.09853937341236241,0.10852094310500825,0.03288498199533997,0.1548023799405015,0.14178194731541846,0.04139134112174235,0.27903046945133864,0.015087924347872284,0.007911224381437825,0.02952870699252505,0.4164027865737809,0.010900047621567278,0.06309549015456278,0.20653504337182693,0.10848105296677635,0.33303411131059246,0.2683287555461652,0.06828777283322737,0.018816919325771227,0.03807509254362771,0.024722662440570524,0.06827202963747023,0.02481705377028317,0.3843066849720139,0.007911224381437825,0.4164027865737809,0.40849156219234306,GBR,0.02010228317499234,False,0.4164027865737809,0.18665226354963954,0.03288498199533997,0.003194924867404022,0.20653504337182693,0.06297328545673611,0.09853937341236241,0.023573268931877906,0.06828777283322737,0.005188937427007027,0.01597462433702011,1176.0
ENSG00000132463.15,GRSF1,70815783,70839897,4,18406.157294636152,15978.17603414772,3513.119413810829,2803.935532006249,2306.9039291327185,3060.1326969835354,3052.989919927172,3252.040107575588,19819.353868308484,1775.40538218321,1342.4224322994237,2716.2150732162077,24177.43048634526,1696.591765731746,3014.8887204317853,3638.2983786424456,2906.3710019569407,20076.801129358693,20372.55250735206,3690.951613640715,1646.6290356655365,2539.1389675545993,3410.067701344655,3148.729941070609,1952.5261359905169,23269.280478414355,0.36026385224274404,0.2685234119014903,0.056731583403895,0.07690670072915004,0.02753653886888371,0.09100084997875053,0.08167700217310649,0.034677803034307765,0.4473253419232191,0.012165967167826594,0.0059466921524901776,0.032550495679372314,0.6212265146717332,0.0087306206677602,0.04329875079398687,0.1264435101910489,0.07467360152850015,0.43410074981518637,0.4324952461440947,0.07178427632973088,0.02300434644333722,0.024801692226335274,0.027522451135763338,0.047208256152421274,0.017499204581609928,0.588129686344915,0.0059466921524901776,0.6212265146717332,0.615279822519243,GBR,0.0,False,0.6212265146717332,0.4016904467470889,0.02753653886888371,0.0023699517175363597,0.1264435101910489,0.026643319604067933,0.056731583403895,0.009652253869354954,0.07178427632973088,0.00572253006318588,0.011849758587681797,987.0
ENSG00000138756.19,BMP2K,78776342,78916365,4,14481.638347825778,15373.772103685495,2577.1804700564185,4296.423344403362,1468.1531744603114,3608.369425007462,3342.045753429793,2115.1244930392972,17157.32959329003,1721.1651406916105,1667.3249830638601,3390.860878082927,13443.110099120722,1648.087459949827,2759.6617624213695,3869.003770281559,3394.2758541623384,15500.42863649504,11607.68722592349,1715.6629046544138,1972.9007885860524,2304.4087076903324,3011.2894251349917,2590.5565606290465,1842.9425634972429,18322.332669485288,0.20448548812664907,0.24590423845259488,0.027571972904318374,0.16403214646867847,0.006407540775259479,0.12430939226519337,0.09710075793713892,0.008299413226198657,0.3359560648465966,0.010837804813260373,0.012052670701922057,0.05709590203042994,0.1856132573358666,0.008042753584845758,0.03525301715011645,0.14001383641104784,0.10158157308141386,0.2481254620340057,0.11028945700401437,0.009059122695486331,0.03917099544153504,0.017451084082496033,0.019387216059165345,0.028737761312516538,0.01458267048467494,0.38245854894920267,0.006407540775259479,0.38245854894920267,0.3760510081739432,CEU,0.028680797577558134,False,0.38245854894920267,0.1585919694419115,0.01458267048467494,0.0008131593769661776,0.16403214646867847,0.04204736099815334,0.05709590203042994,0.009752697032489807,0.03917099544153504,0.001745534687290618,0.004065796884830888,556.0
ENSG00000138780.15,GSTCD,105708778,105847725,4,11608.168340279903,11424.745545254968,2706.173595640379,1268.7946025015742,3600.0284986557167,1587.07336190982,1453.0745397846185,4333.746086956665,10790.933919790143,2431.30900020172,2281.853621122673,2264.2567034606827,8407.491935467577,5442.739659339656,2302.350587975303,1375.467978700249,1207.8349043804396,10911.423339205983,11601.513232185227,3593.2275766264866,3046.6549420709725,2412.923298105498,8097.960727287836,2052.469071728991,7608.62091519874,11927.199717329908,0.11319261213720316,0.11589683965754148,0.03154106689246401,0.012720208632710629,0.07609616606651133,0.025658733531661707,0.016112789526686808,0.07030713115187398,0.10365950256112373,0.03261966742814642,0.030370606350217693,0.019403064199756136,0.05462317922735909,0.1528652309646013,0.022125767520643658,0.016177957532861477,0.009128542617556523,0.09742317034533741,0.10997253327699134,0.06812884085611358,0.10002120216262059,0.020729772607086198,0.20538827258320128,0.015083355385022493,0.2887368755965638,0.13581159573344598,0.009128542617556523,0.2887368755965638,0.2796083329790073,KHV,0.0,False,0.13581159573344598,0.021817746972356705,0.2887368755965638,0.12363856439886207,0.025658733531661707,0.0016267657732402492,0.03154106689246401,0.0037352041152399294,0.20538827258320128,0.04492730953196247,0.008133828866201245,809.0
ENSG00000142731.11,PLK4,127880893,127899224,4,4910.646158443568,4509.991515135625,3187.23773312848,5045.359334844549,2924.4856164940484,5839.868629645171,5973.819830748951,3867.0041326686787,5153.357321343239,3522.7673988771653,2963.493743438008,3121.9776760640652,4230.772191713568,2777.775293413342,2323.504063861863,5951.483673206155,4938.555405621435,4091.0978823360874,5822.392844285177,4432.720777032162,2606.075171026123,2162.987856060793,3501.9259821687306,2563.7173795772514,2592.9008289442136,5158.686501120683,0.011029023746701847,0.009724130641581228,0.04625317527519052,0.21390175102453562,0.049671679728871,0.26811517212069697,0.2679811310754227,0.05460696727810964,0.013254475365686223,0.07708654305902353,0.05474142508229797,0.04728834225732916,0.010607979734008866,0.039472987988782474,0.022972686851577388,0.27747325847480175,0.19376923893429573,0.0072341324321470064,0.016796957532220578,0.10648442466624285,0.07320046644757765,0.013590692755156002,0.02942419440042261,0.027838052394813444,0.03844522218687029,0.013940226000633646,0.0072341324321470064,0.27747325847480175,0.27023912604265476,LWK,0.0,False,0.016796957532220578,0.0003978803428870238,0.07708654305902353,0.01339832083641605,0.27747325847480175,0.10566815876487634,0.04728834225732916,0.00719037933972197,0.10648442466624285,0.012396117337149442,0.001989401714435119,358.0
ENSG00000164163.11,ABCE1,145098288,145129524,4,4409.542105129119,3947.5405584675773,2729.0935984869193,1456.1634189221954,3612.3607283856077,2193.748867184247,2147.2304615703256,3619.3574294350733,4256.788844534549,3217.910727513858,3400.612056756827,3353.521948144533,4512.255379970291,3663.4397781280554,2672.65874139426,1841.7873834781274,1764.324762474867,5042.270247609204,4577.844939156433,2911.924589961062,2486.9623516813363,3002.749426894431,3569.2858161820627,2998.4628199094263,3696.442290318915,4555.433795616907,0.009129287598944592,0.007504492125568122,0.03212320067739204,0.017989249028686996,0.07662571489091294,0.050786230344241394,0.04059998939948058,0.046466141565787385,0.008765908010772561,0.0645486904319184,0.07226292874588511,0.05577055611514605,0.012244036309900782,0.07428964495475951,0.032712259157315265,0.03310095258368368,0.025793440186816684,0.011405639455063893,0.010088738643566448,0.040368722186904,0.06599173115657797,0.03823373876255949,0.0312202852614897,0.04239216724001058,0.08198112207020893,0.011088816136867673,0.007504492125568122,0.08198112207020893,0.0744766299446408,ASW,0.051253321381694784,False,0.012244036309900782,0.00021711531142791838,0.08198112207020893,0.014860707525704633,0.050786230344241394,0.00538419001230856,0.05577055611514605,0.009389206405872314,0.06599173115657797,0.004852468641306365,0.0010855765571395918,265.0
ENSG00000164168.8,TMEM184C,147617386,147672044,4,12174.61319116021,10467.923797158386,2162.6144524839624,5681.012129036955,1476.339903989481,3277.0763741557225,3844.920142662928,1568.2253221215872,11967.77611374376,1220.2044516744343,1297.9468805745323,1575.8887347720108,14442.204390313245,1621.3914036351796,1626.2594663309155,2772.5744727471833,4444.936328689576,13540.591857859019,16050.53621132103,1878.330618460324,1238.4849183352835,2419.932168720624,2139.3000712038624,1782.5557240070625,1555.2269493828405,13587.804856335602,0.12897097625329815,0.09100517915653736,0.015982218458933106,0.2579700888817925,0.006672315187460284,0.10242243943901402,0.12747124609105845,0.0038589628376592485,0.1363996409146116,0.00382510758115072,0.005309546564723372,0.006679743413030801,0.22139539793118007,0.00783110217471824,0.007569341520220199,0.07759033579905274,0.16261543360577432,0.1751504910761432,0.2549651383900275,0.011760966306420852,0.008374854235131983,0.021047065044949763,0.00670892762810354,0.010267266472611803,0.009279881217520415,0.18977716759953533,0.00382510758115072,0.2579700888817925,0.2541449813006418,FIN,0.0,False,0.2549651383900275,0.07292688274681883,0.009279881217520415,0.00038006563239542066,0.2579700888817925,0.0929945052921876,0.021047065044949763,0.001941729820570216,0.011760966306420852,0.00016507502164181528,0.0008253751082090764,227.0
ENSG00000164169.13,PRMT9,147637785,147684163,4,12771.737303661828,10988.412385807682,2039.619694189879,5760.688958982802,1220.0599115072284,3132.4044810471983,3777.348227865553,1374.00068031438,13028.784440062398,999.2259870248646,1116.2364083788352,1379.222480427422,15433.053806310036,1441.629831267272,1424.6106424061159,2720.582863381542,4426.757620084476,15183.07144671504,16967.794292603485,1662.4339187797382,1019.047991417279,2157.426102727976,1916.4002264685578,1613.5031003283004,1329.361373199709,14490.864788716153,0.14722955145118732,0.10458725293309375,0.01397121083827265,0.2640906913619671,0.003971616183012074,0.09461325966850828,0.12381406688927757,0.002695987735898927,0.16781961239900722,0.0025500717207671466,0.003026441541892322,0.005036314478078779,0.26050242769685455,0.00513254669559236,0.005293245818335804,0.07450375179607259,0.1617131939284577,0.2345548632379343,0.29405239805620115,0.008423394787031151,0.004929502809286547,0.013326282390269699,0.005018489170628632,0.0076210637734850485,0.005408845052497614,0.2224099693737459,0.0025500717207671466,0.29405239805620115,0.291502326335434,FIN,0.0,False,0.29405239805620115,0.09584398330535655,0.005408845052497614,0.00015323414988356978,0.2640906913619671,0.09689688074953995,0.01397121083827265,0.0010008933674191655,0.008423394787031151,8.581018317731008e-05,0.0004290509158865504,152.0
ENSG00000083720.13,OXCT1,41730065,41870425,5,10149.252543951994,9250.952637322516,5354.840143415772,1297.6430353116502,4595.7409170339,1119.7013185387887,1172.5315350965332,6408.291467188695,9695.79012574141,4957.021747897509,4761.358220057302,4398.175135559955,9503.270879486689,5734.4266372815855,5605.897872405785,1385.153403512622,1227.1629769192302,10659.041211168156,8216.946688377095,5449.011140920124,4456.283959324039,4912.807692935405,7843.735638675754,5269.707508242847,4242.887075476641,8857.722109602437,0.079155672823219,0.06558503329457774,0.13685436071126164,0.01357177071690883,0.12126668078796865,0.010518487037824055,0.008639423331743255,0.16017338901517153,0.07693932513069653,0.14721351538012006,0.1352341510035043,0.09876477760695541,0.07552248258391386,0.16672839832795386,0.15535676476815583,0.01655047629184184,0.009500053072922196,0.09040025345865456,0.04125290513416438,0.1553295189658826,0.20173857733488815,0.11094658910629297,0.19255150554675118,0.1373379200846785,0.1073814826598791,0.059721195479987325,0.008639423331743255,0.20173857733488815,0.1930991540031449,CHS,0.0,False,0.09040025345865456,0.010003337339507317,0.16672839832795386,0.04907131085093265,0.01655047629184184,0.0007542282479557589,0.15535676476815583,0.04922460329732335,0.20173857733488815,0.04337574438166364,0.0037711412397787945,532.0
ENSG00000205765.10,RIMOC1,41904188,41921636,5,10594.439035790698,9579.176460145085,2518.967021537766,1178.8197445539301,3364.323265787672,1064.1639068353604,1079.2170831531423,4434.004026197872,11929.224409865721,3389.1452614565123,3679.578138030408,2640.6484548658495,11147.724275957933,3398.9030952985113,2923.9861139366544,1312.309635205247,1174.5075076457458,10675.010139179585,11702.06460441175,3647.0295975681042,3810.004074078277,2513.2673068204344,6195.309724741919,2937.4334788299125,2831.4427297945645,10688.049105809847,0.08849604221635884,0.0718740090899482,0.02630186282811177,0.010431635531427964,0.0663524676975217,0.009137271568210795,0.0068903376265437005,0.073690331447904,0.1348682473464646,0.0715082611698454,0.0853244132951046,0.03011185919524996,0.11452396031243403,0.06238425313508651,0.04038746559390218,0.014475014634665532,0.008438594629020274,0.09082268454958285,0.11234946122966406,0.06982411527866074,0.1533976465599491,0.024431517715494448,0.12266244057052297,0.039904736702831435,0.04767207551171916,0.10106663850459394,0.0068903376265437005,0.1533976465599491,0.1465073089334054,CHS,0.0,False,0.1348682473464646,0.021528326089506,0.0853244132951046,0.015894662307192525,0.014475014634665532,0.0005963356434910695,0.04038746559390218,0.005571323342117505,0.1533976465599491,0.02535370192032993,0.0029816782174553473,462.0
ENSG00000151876.13,FBXO4,41925254,41941743,5,9569.345292832655,8853.831457233564,1995.418439715617,979.8511460970011,2826.0970860498196,822.1759252434255,849.605738734644,3645.717652737188,10671.310396529398,2614.494031074346,2932.055578812991,2065.9159220870847,9900.499849743695,2860.9749987679897,2393.472779810934,1036.7766434423354,931.8031163372623,9746.049174050315,10802.337785960794,3025.598732653965,3172.625724151829,1982.7326438525527,5331.6778399255245,2358.066579767914,2415.6534071635942,9875.712378650625,0.06759894459102903,0.05734066166367192,0.013018628281117698,0.0051093725051892065,0.04596483795805973,0.0037186570335741606,0.002544124662108443,0.047311941639794894,0.10022706870148387,0.039419858683525474,0.05325475204417543,0.015161957270847692,0.08412497361199071,0.042541933435631514,0.0253546474698285,0.007769676973018998,0.0037681774758518203,0.0723941282078361,0.08984787661102894,0.04487179487179487,0.10855507261740698,0.010893707033315707,0.08721605916534601,0.022333950780629795,0.03070314985682469,0.08200443552645474,0.002544124662108443,0.10855507261740698,0.10601094795529853,CHS,0.0,False,0.10022706870148387,0.012190060641594455,0.05325475204417543,0.0071905957994754105,0.007769676973018998,0.00020035081431190203,0.0253546474698285,0.0026240314856595527,0.10855507261740698,0.01287303236786942,0.0010017540715595102,249.0
ENSG00000197822.12,OCLN,69492292,69558104,5,9160.239776360955,8371.974462791048,2349.179603044459,2540.493102630004,2602.6408076599987,1972.235339336984,2005.3559701083498,4991.877515359844,8735.340965892408,2896.985703838272,2697.86554289125,2156.3829486275226,8185.650776373848,3302.637802712315,1784.374161778618,2616.043298552511,2482.7635281982098,9983.601939743472,10350.566005303386,4584.628434254568,3558.46230060362,1803.488714180383,4908.800993347314,2293.59049397276,3331.8257352398846,8229.418466275896,0.05947229551451187,0.049677623929817144,0.02058636748518205,0.06322848475171643,0.03765092141495446,0.04191457713557161,0.03508771929824561,0.09700269598773589,0.05692559539525796,0.050842054932794985,0.04587448231920994,0.017176483062079202,0.05119273801984378,0.05878617916291867,0.010004234596654669,0.06923527220477889,0.05413438063899798,0.07682965466258317,0.07944221424043947,0.11331849968213605,0.13617088943072195,0.008619777895293496,0.07115689381933439,0.020640381053188675,0.06771661894156326,0.04968845707044038,0.008619777895293496,0.13617088943072195,0.12755111153542845,PJL,0.367936425934086,False,0.07944221424043947,0.007809601910751976,0.06771661894156326,0.010773057919402074,0.06923527220477889,0.00926930256112269,0.020640381053188675,0.001881414694452193,0.13617088943072195,0.02007388989870582,0.009407073472260965,881.0
ENSG00000248483.7,POU5F2,93733220,93741600,5,6291.750310286653,5140.775649501411,2657.1350152612104,2067.0888983518366,3669.396277577258,2676.087445964625,2543.8331290697524,2815.9652491058314,6281.839008005383,2424.5582052694485,3685.291958968377,1520.746991339522,6229.054714517999,3781.462676437769,2077.0388132933613,2499.5435496727378,2303.5836211381634,6147.644755285616,5840.1783101565,2838.9496228301605,1326.6596586680405,2390.6681236853647,3489.7992877727966,2185.0657668131676,4221.660024095487,6020.394802161063,0.021372031662269128,0.013000739879505337,0.029847586790855207,0.04103464793230081,0.0785850455411989,0.07283255418614534,0.05676578152329464,0.023312364539831897,0.022812483497914135,0.032566540933963765,0.08553679515769354,0.006149605046917245,0.02522693687988178,0.07936927879781999,0.015720940080457338,0.0629024533021127,0.04569578600997771,0.019326222409969375,0.017008240016902598,0.037719855901674086,0.010707092123396586,0.02009518773135907,0.029001584786053882,0.01820587456999206,0.10568459009438964,0.021121554546414616,0.006149605046917245,0.10568459009438964,0.0995349850474724,GIH,0.0,False,0.02522693687988178,0.0008672854654641435,0.10568459009438964,0.022784756686353085,0.07283255418614534,0.010130028822871694,0.029847586790855207,0.00341628080475869,0.037719855901674086,0.0016210328380978384,0.004336427327320718,578.0
ENSG00000280987.4,MATR3,139273752,139331671,5,5856.4228886843985,6422.128896427921,4858.152355491509,3288.8650740008666,3361.94011264508,2706.4007674777913,2827.5912113004283,4953.28853545131,5082.148174366326,3821.413028802177,3498.312898129256,4179.348202533521,3897.2273116021065,4194.425258790477,4148.197591290753,4091.7647554872383,3074.9957941196317,6538.19653979128,4388.691314217639,3669.7172134044927,2979.5244559790367,4092.26219456119,4925.211331402724,4828.508463630052,3875.1744676102676,4543.84646952235,0.017889182058047494,0.02383468977909312,0.11420406435224387,0.10335834796955666,0.06614064816776107,0.07458563535911603,0.06980442041660041,0.09573399587672464,0.012937635317104082,0.09143069648833874,0.07688223425719444,0.08789694110162752,0.00870804306523116,0.09640721731308535,0.08617404192250688,0.154542068011282,0.08374907122386159,0.023286513887422113,0.009507711810690893,0.0709896164441619,0.09567475882540019,0.07477525118984664,0.07184363444268357,0.1165387668695422,0.08982925018559762,0.010930404477769565,0.00870804306523116,0.154542068011282,0.14583402494605086,GWD,0.037758977900552486,False,0.02383468977909312,0.0007779039590319808,0.09640721731308535,0.019520846383814384,0.154542068011282,0.03787617510165902,0.1165387668695422,0.030920986100377322,0.09573399587672464,0.010062025222775424,0.003889519795159904,543.0
ENSG00000170476.16,MZB1,139387467,139390081,5,5275.169069550187,5653.980302571848,4136.076840458656,3773.5433979451063,3308.1433569681103,4123.1734485040215,3455.5247296567854,3843.0434357852587,4605.069546980697,2788.390733948701,3287.7077398440974,,4378.307729321026,3265.2558903552895,3844.202557581031,4550.0505948915425,4202.319377985514,7451.43491644715,5069.234941707965,2949.3223391120578,2880.5837076053067,3933.407405387193,4093.1924437469092,4277.834174062597,3600.8364608308307,4142.471484106651,0.013298153034300791,0.016964380086671598,0.08112828111769686,0.1284794294534036,0.06375767845795383,0.15448363790905228,0.10293104362113743,0.0538140297087276,0.010508528277974336,0.04616692344472188,0.06759052776892853,,0.011346843994089086,0.05704005502936663,0.07468769849671819,0.18402426693629928,0.14950642182358562,0.03405850670609357,0.012518487217409677,0.04211697393515575,0.08963214247853281,0.0683765203595981,0.04410987849973587,0.09171738555173327,0.07742072330045605,0.008712641250396029,0.008712641250396029,0.18402426693629928,0.17531162568590325,YRI,0.0,False,0.03405850670609357,0.001541410920324106,0.07742072330045605,0.013496206051399307,0.18402426693629928,0.051439451114176214,,,0.08963214247853281,0.008843393387495894,0.00770705460162053,789.0
ENSG00000228672.4,PROB1,139390592,139395104,5,5253.386884203129,6225.582898476422,4523.419482858255,4152.455601014083,3725.2577399616025,4590.89143581439,3759.4691695536676,4412.6431891868515,4500.08005612604,3095.0297728662945,3593.0601520779605,3918.2331084348384,4421.64009555021,3718.7511881788387,4251.875097099938,4815.9945347700295,4873.23019659421,7055.743450629708,5210.930093732753,3320.2024968590863,3246.457351547875,4255.774034763246,4566.550197258365,4492.353357006405,4208.291187706099,4132.068538611026,0.013139841688654353,0.021720748335271114,0.0983276883996613,0.1549842993240726,0.08165642872272824,0.1850828729281768,0.12296602533524142,0.07321456890627479,0.009874848180810055,0.05939542049620145,0.08208558989062334,0.07644595239357473,0.01155794806839772,0.07682946187628975,0.09093796315900911,0.20068117715927838,0.18941725931429784,0.0296229802513465,0.01320515529262624,0.05642085187539733,0.11353758083324499,0.08112109994711793,0.05995773903856313,0.10134956337655464,0.1051543111676742,0.008607033477663955,0.008607033477663955,0.20068117715927838,0.19207414368161443,YRI,0.0,False,0.0296229802513465,0.0011798371077092961,0.1051543111676742,0.022592706500846042,0.20068117715927838,0.05987781481447346,0.10134956337655464,0.024670034303171492,0.11353758083324499,0.014056727222821894,0.00589918553854648,690.0
ENSG00000170469.11,SPATA24,139396563,139404089,5,5531.770992262925,7791.05525502756,5461.711592424189,4999.0792415100495,4439.43024715313,5212.589649128513,4241.337420145007,5509.555376904497,4667.411973365959,3613.9484501255306,4393.321732778141,4953.759433133229,4308.143310536807,4608.798307082718,5290.845988176382,5787.33165455482,5789.513584445731,6645.783063771963,5338.355178267207,3984.830107075775,3973.694103202259,5198.30120748114,5884.389705088119,5494.942645123969,4973.629079889955,4311.400545000585,0.015514511873350923,0.04053482718528697,0.142305249788315,0.21092128372984192,0.11544164371955094,0.22614747131321716,0.1503153654529072,0.11920494793043294,0.010719754977029096,0.08133666259363545,0.11765955187426994,0.1252716959126332,0.011135739919780452,0.11344515582835071,0.13921236502223164,0.26677664839550846,0.25384778685914444,0.024342591614742844,0.013733361504331291,0.08402203856749312,0.16585391709954414,0.1251718667371761,0.11030110935023772,0.14765811061127282,0.14121327818432494,0.00945189565952054,0.00945189565952054,0.26677664839550846,0.2573247527359879,YRI,0.0,False,0.04053482718528697,0.002151613585936319,0.14121327818432494,0.037105925466715706,0.26677664839550846,0.09863110892339463,0.14765811061127282,0.04534036219540155,0.16585391709954414,0.02954649508434464,0.010758067929681595,948.0
ENSG00000279686.1,ENSG00000279686,139442316,139462707,5,4664.492833689016,5437.4887957444935,3648.2624938819217,3345.941073565695,2432.1625960604715,3047.367855018626,2920.342819688214,3263.260636090058,5035.667018909964,2392.9349418565685,2609.3961005732526,2956.9665947743756,4820.152033816166,3137.279638380649,3014.8541688484493,3297.4202308877107,3583.1945272432185,6026.052928940485,4795.83820906078,2640.3187674624223,2457.21936105845,3188.868916284198,3563.6127355644408,3523.579911089276,2860.661972991911,4916.415209893811,0.009973614775725594,0.015326075467709544,0.06160033869602032,0.1061259247432008,0.03224952340605804,0.0902571185720357,0.07452165156092648,0.035100703071311516,0.012726408618049322,0.03134463156776284,0.042794945311670385,0.04177490324974818,0.01372176483006122,0.05312450394200751,0.043245818335803515,0.10473098823905061,0.11140006368750663,0.01816453690991657,0.011039509824635538,0.030832803560076286,0.06434856355348245,0.04457958751983078,0.03116745905969361,0.06038634559407251,0.0488917170431647,0.01267293272784877,0.009973614775725594,0.11140006368750663,0.10142644891178104,ACB,0.0,False,0.01816453690991657,0.00046225369420015063,0.05312450394200751,0.007161026731743028,0.11140006368750663,0.021337898460976844,0.06160033869602032,0.011027029124176998,0.06434856355348245,0.004618460554877401,0.002311268471000753,391.0
ENSG00000249751.4,ECSCR,139448560,139462743,5,4126.39009232796,4794.534691688518,3315.3574040009607,2986.926934463628,2351.1668897016225,2754.1581859470707,2720.5272462246567,3043.3132238848607,4788.281138037563,2292.699351696202,2496.2116993018944,2768.2384001528126,4464.537962000621,2939.703963200606,2772.372369949446,2762.517301390217,3255.034343980103,5515.722676682431,4365.415449240934,2495.685646890681,2199.754876381876,2973.6989160820935,3256.5501487876227,3215.773065704796,2696.511378100966,4660.768353614615,0.007968337730870712,0.010992495507874431,0.05022226926333616,0.08600777050401831,0.02912518534208854,0.07708244793880153,0.06498118407801982,0.028968652534757097,0.011300628399429687,0.027360144504064175,0.03918445364765849,0.03408789694110163,0.011874604179860672,0.04518757606222552,0.03546474698284988,0.07668564738438614,0.09452287442946608,0.01420424543246383,0.009296429326008875,0.026276753549480822,0.05062016325665218,0.03707033315705976,0.024458531431590068,0.04927229425774014,0.042687453600593915,0.011828070545992185,0.007968337730870712,0.09452287442946608,0.08655453669859536,ACB,0.0,False,0.01420424543246383,0.00028857084924076136,0.04518757606222552,0.0054540336413930685,0.09452287442946608,0.015998335709724806,0.05022226926333616,0.007925564982451632,0.05062016325665218,0.0028854551156066092,0.0014428542462038068,297.0
ENSG00000185129.8,PURA,140107777,140125619,5,4235.924686493292,3911.1890144098998,2699.4358745493046,1250.6306813658416,2466.7067552316466,1162.8559572894371,1270.20029692702,2917.113776720797,4198.6973133226165,2047.6635427182669,2316.8630747289467,2799.888431514151,3529.2046936524225,2179.1040706408266,2688.9799819696896,1027.60734174749,1258.3563349333508,3785.534040850185,4387.013695880212,2615.891884194386,1882.7822708179783,2982.474545803745,2386.7736293747926,2872.9119455161153,2185.7173931460493,4156.824709914311,0.008443271767810026,0.007345946517281471,0.031488145639288735,0.012187982330086753,0.03346748570218174,0.011687207819804505,0.010865532411088143,0.02558545223872707,0.00866029466124518,0.019763055835945387,0.032122756716576405,0.035095159836717384,0.006966434452184927,0.02053018678236944,0.033241583739148844,0.007610026076313128,0.010402292750238828,0.006072446932094202,0.009454891189520389,0.029614325068870524,0.033817449379836745,0.0375462718138551,0.009455890121500264,0.0378936226514951,0.02444585852158235,0.008765445136762065,0.006072446932094202,0.0378936226514951,0.0318211757194009,LWK,0.0,False,0.009454891189520389,0.00013231166827738924,0.03346748570218174,0.0032907319720080703,0.012187982330086753,0.0004411244147112573,0.0378936226514951,0.00502564995796996,0.033817449379836745,0.0013086427882953277,0.0006615583413869462,195.0
ENSG00000182700.5,IGIP,140125937,140129392,5,4217.387049992391,3983.3801907974744,2964.2943196595606,1326.7319143665316,2725.4674570413326,1224.782211985867,1288.9501142152203,3114.661915373624,4352.858287671862,2157.4484987734268,2609.1560085748283,3022.5385749142224,3237.5011729575317,2303.5075975872405,2951.4309472641403,,1343.1456247951596,3834.002524759737,4203.1890419338615,2883.4871537186305,,3229.0003305053283,2621.5295781565633,3248.723137822508,2569.739029188831,3995.57414682935,0.008390501319261215,0.007557340661663672,0.03937341236240474,0.01399755175900793,0.041304808303325564,0.013759031024224395,0.011236550590978958,0.030871702701273988,0.009188361408882083,0.02337565744036551,0.04274184984602315,0.0437894290409797,0.005858138062064598,0.024604476427324197,0.04102265509210248,,0.012472136715847574,0.006230858591192312,0.008504120008451299,0.03930917567281204,,0.04553146483342147,0.011885895404120444,0.050542471553320985,0.037278608548096295,0.007920582954905482,0.005858138062064598,0.050542471553320985,0.04468433349125639,GWD,0.0,False,0.009188361408882083,0.00012525810527426812,0.04274184984602315,0.004966525271638138,,,0.050542471553320985,0.008007446776744146,,,0.0006262905263713406,187.0
ENSG00000214510.10,SPINK13,148268180,148286255,5,33202.29209216896,26457.284565135407,2490.116656702877,6839.9287870254075,1513.2714590317532,10115.20746791687,8312.156683400462,3271.3998559665656,32646.299862659256,1743.5657124537117,1539.6438018551053,1838.8758882153356,31364.501253563078,1569.9233014608349,1829.6487563109388,9180.888266753456,5592.633130191978,32668.593487231832,32222.751982538164,3226.589229059453,2023.040034427606,1852.4922498227745,3539.7866235411884,2082.9667917541774,1390.299317769686,32010.257060975066,0.8488126649076517,0.6847584821900433,0.02497883149872989,0.33897493214114643,0.007095954246981571,0.5673608159796005,0.4355753431918164,0.03541787809906433,0.8629666789882241,0.011315943260904213,0.009344801953913136,0.010708794995493823,0.8349693899092252,0.00709032223927192,0.010957018843955113,0.5107764355276462,0.23845663942256662,0.8397402048790791,0.8260616944855271,0.052553507098961644,0.04166224954945404,0.009307244843997885,0.030427892234548337,0.015612595924847844,0.006522430798600064,0.8490336888795015,0.006522430798600064,0.8629666789882241,0.8564442481896241,TSI,0.0,False,0.8629666789882241,0.7540013980785264,0.011315943260904213,0.0005306714432345883,0.5673608159796005,0.3702588687868197,0.02497883149872989,0.0025614180332558982,0.052553507098961644,0.0031054374409952975,0.0026533572161729414,424.0
ENSG00000137434.12,C6orf52,10671418,10694797,6,23517.936036628445,18835.46498971423,3349.2109188123486,2655.070955494408,1624.6163241505676,1940.5007859701598,2027.963119593818,1937.2184091930988,22788.41246963032,1474.2451893511127,1578.8389889432383,1887.727211998363,22728.94769311927,1844.6557616540626,2351.919562029391,1427.5881716575568,1716.5815765423413,21325.403313108553,20154.740545326425,1821.9150561430406,1935.7987842181901,2485.459455989725,3165.6271657784464,2843.509954908449,1750.1836754163664,23605.56396178891,0.5653298153034301,0.3881724976218159,0.05159822184589331,0.06918941934110384,0.009055284897267528,0.04005524861878453,0.03572375046377273,0.006184913041179891,0.5723715477636373,0.007437709185570844,0.010406711266857811,0.01171605789110958,0.5626451340510872,0.011799566114609238,0.023819606182511117,0.01788090043105742,0.024148179598768707,0.48262752138557397,0.4245721529685189,0.010595465140919686,0.03694476836637337,0.023426758328926493,0.02260961436872689,0.03715268589573961,0.012249443207126948,0.6002745802091034,0.006184913041179891,0.6002745802091034,0.5940896671679236,CLM,0.0,False,0.6002745802091034,0.37613592230491877,0.012249443207126948,0.0006063952227020209,0.06918941934110384,0.009258543614958105,0.05159822184589331,0.008279690690680042,0.03694476836637337,0.0015563831977184577,0.0030319761135101046,465.0
ENSG00000111845.5,PAK1IP1,10694972,10709782,6,25313.126730748158,19900.479522569927,3402.7325010383634,2678.0439047435066,1699.241922317097,1846.984428034598,1979.811445565302,1993.6632180259714,23751.13602848582,1562.8633234654678,1647.0325951299662,1875.540725474343,24368.64517402388,1765.7411000388656,2246.498343576635,1311.034297196971,1641.977582986513,21994.2990687346,21018.224356478553,1681.7193466886397,1804.9690220537416,2485.8210588705088,3234.565318514839,2645.728409254832,1759.584872861036,24841.12302731568,0.6325593667546174,0.43441496670542223,0.053080016934801015,0.0702006493160892,0.011279389959754289,0.03633659158521037,0.034133672549954946,0.006713538087434583,0.6109732270158948,0.008234606598310577,0.011574811511096952,0.011397974871441447,0.6281929491239181,0.009894703423461559,0.02022019902604277,0.014421797669096908,0.021229168878038426,0.5099271306368148,0.45763786182125504,0.00879423606696334,0.0300540655146825,0.023532522474881017,0.02393026941362916,0.030590103201905267,0.01246155477781313,0.6479564895976344,0.006713538087434583,0.6479564895976344,0.6412429515101998,CLM,0.0,False,0.6479564895976344,0.43545592116178383,0.01246155477781313,0.0006241690688808635,0.0702006493160892,0.009497063930577785,0.053080016934801015,0.008667628296486313,0.0300540655146825,0.0010384488430046222,0.0031208453444043177,478.0
ENSG00000124766.7,SOX4,21593751,21598619,6,5107.606448866659,5262.314234517731,2294.800663126649,2470.971362965017,1958.1599935615718,2512.590607004175,2637.7777300059242,2588.616382978321,5988.640307628591,1828.694379453268,1663.9871784815523,1653.7277029624126,4882.942865721624,2150.6628118622552,1770.7090231665054,2108.4844650722853,2439.3675035505908,6595.433656121753,7426.045508544811,2648.280736847787,2656.3006634832095,2169.2650387997337,2131.1195468025808,1952.9787690445037,1924.8006096765666,5743.358618954007,0.012401055408970976,0.01374061938484304,0.01947502116850127,0.060088349566235565,0.016416013556449904,0.06443901402464938,0.061271002279111676,0.017867526563408575,0.01964408301209273,0.013281623545662221,0.011946479770627589,0.008217144674760113,0.014143972978678488,0.019471929731731837,0.009739572305737878,0.04401043052525145,0.052170682517779426,0.023761748864716443,0.03126980773293894,0.031150667514303877,0.0757977313685996,0.013907985193019567,0.006603275224511358,0.013019317279703626,0.01670378619153675,0.018375752455380714,0.006603275224511358,0.0757977313685996,0.06919445614408824,PUR,0.0,False,0.03126980773293894,0.0013086951230671042,0.019471929731731837,0.0013227668046736257,0.06443901402464938,0.008173157292634143,0.01947502116850127,0.0017126381713018536,0.0757977313685996,0.006366511195952744,0.00654347561533552,726.0
ENSG00000112033.14,PPARD,35342558,35428191,6,22374.09460729518,20197.843595794846,3258.497065759273,4694.691882637548,2622.9780469500165,4832.36177934663,4305.108989431455,3141.3873292854737,22593.71474002382,1387.1936082255306,2020.537004754641,2324.242787576817,22831.12320892261,4240.016325401278,2442.7344035868246,4033.71005829592,4898.887632094297,22911.867517265146,22673.90492151509,2445.293719423582,3109.5992953580276,3029.592949306099,5947.307474209174,2887.7958159633095,2908.473289778707,23478.234628205155,0.5223746701846965,0.4466758270795899,0.048422946655376796,0.18915322795252543,0.03828638000423639,0.20006374840628985,0.1552446069857423,0.03161177776603055,0.5643977398743201,0.006056420336821973,0.021556759052776892,0.021364576154376293,0.5661283512771796,0.09820625429916927,0.02694262121532924,0.1515619179394391,0.1914340303577115,0.5434575984792481,0.5226600464821466,0.024846365755456665,0.1038375914343263,0.03907985193019566,0.11220285261489699,0.03831701508335539,0.051012832750026514,0.5953110148906959,0.006056420336821973,0.5953110148906959,0.589254594553874,FIN,0.0,False,0.5953110148906959,0.37019971322982875,0.09820625429916927,0.02013773142628248,0.20006374840628985,0.059555236946745006,0.048422946655376796,0.007471448069807686,0.11220285261489699,0.013734635586101036,0.03735724034903843,1865.0
ENSG00000180872.7,DEFB112,50042099,50049929,6,20898.51829062235,21057.257586597083,3323.585286977247,1406.3810771682333,3186.08032760672,1168.1736692561526,1368.2562543033469,3392.9378301786264,24608.76920659905,3576.6153566836633,3732.5428665837185,4003.6578590267222,25602.460184332816,3819.793374051675,6236.725226078099,1060.5420680803613,1449.9057825222847,16512.668579864265,23673.82898253782,2129.612070781615,1572.833843549349,3950.1671716677274,5508.246075112291,3599.956298793912,2423.7920112022953,24024.488141453694,0.4632189973614776,0.4797590106754043,0.05064563928873836,0.016552238011602532,0.05968015251006143,0.01179345516362091,0.013568664864578365,0.039065390918221705,0.6435021386703279,0.07963661477979068,0.08766061378358288,0.07999787944653555,0.6719442685243825,0.08053336155352135,0.18711623967817065,0.008408280559842479,0.01523192866999257,0.28762276903580103,0.563701669131629,0.017694426785335875,0.019771016643697657,0.06938127974616605,0.09529846804014791,0.06329716856311193,0.030862233534839325,0.6157989228007181,0.008408280559842479,0.6719442685243825,0.66353598796454,JPT,0.0,False,0.6719442685243825,0.4668646640662154,0.08766061378358288,0.016633824363497585,0.016552238011602532,0.0007543689947331852,0.18711623967817065,0.06650058288658951,0.09529846804014791,0.009972491637155169,0.003771844973665926,533.0
ENSG00000151917.18,BEND6,56955107,57027346,6,9367.704507545104,11650.860925281011,2897.3367635390437,4944.251177418762,4273.926153594962,2811.3389938309006,3429.27118605427,4946.458517343991,10533.666337030134,5961.152454197449,5115.054185309194,2361.575753926532,11791.986676982717,6027.104689115513,2216.0846786776533,2297.303706406845,5116.342788496245,13739.993417157148,9770.235404123407,3541.345670937149,3146.6018171423643,2465.9586863280915,4791.3930626123965,1741.6667347624339,4236.519926941697,10061.89073777411,0.0633245382585752,0.121710178628052,0.03752116850127011,0.20730214487199958,0.10702181741156534,0.07968550786230344,0.10139396830444691,0.09546968335359729,0.09700586154089877,0.19975561812675982,0.15275565466709143,0.022636908233048824,0.13394553514882837,0.1827080797925816,0.019426212153292398,0.05353626736203502,0.2062413756501433,0.18153976132643362,0.0670293682653708,0.06553295189658825,0.10659387257500265,0.022845055526176626,0.06714210248283148,0.009632177824821382,0.10669212005514901,0.08585911923117541,0.009632177824821382,0.20730214487199958,0.1976699670471782,STU,0.0188953488372093,False,0.18153976132643362,0.03804326902793192,0.19975561812675982,0.06651301619521496,0.20730214487199958,0.06338388087170121,0.03752116850127011,0.004946005813157149,0.10659387257500265,0.012421104779839123,0.024730029065785746,1494.0
ENSG00000112208.11,BAG2,57172326,57189833,6,6993.018815896284,6369.982768063059,1860.23660070286,2341.529130652247,2669.3095863679764,1408.75346302253,1476.725652512409,3036.914133145899,7833.103472744701,3867.6989351584043,3060.103978583351,1773.5219483920903,7263.433389683406,3880.717215353827,1609.4798288917868,1299.6743394227565,1814.3866904485221,7952.898170466533,7641.578216329214,2188.0647764059404,1780.7664267457567,1817.7826113088877,2662.9541868955876,1558.6385038998924,2457.802469299563,7185.800240140683,0.028601583113456463,0.023411901490328717,0.010584250635055038,0.053488743413699504,0.03987502647744122,0.019230769230769232,0.017013833677850216,0.02875720251625522,0.04213972646142473,0.09360888274982734,0.05851120314325157,0.009966601282934846,0.037101541059742456,0.08323191703264723,0.0072517467711200505,0.013996061944547921,0.02765099246364505,0.04065899250184814,0.034016480033805196,0.01880695062513244,0.028993957383653134,0.00893707033315706,0.01225567881669308,0.006880127017729558,0.032240958744299504,0.03432252613792375,0.006880127017729558,0.09360888274982734,0.08672875573209779,STU,0.0,False,0.04213972646142473,0.0023177816757867886,0.09360888274982734,0.018576844299987978,0.053488743413699504,0.005896476441634217,0.010584250635055038,0.0006388371218243675,0.028993957383653134,0.0009678640159789769,0.0031941856091218376,482.0
ENSG00000112210.12,RAB23,57186992,57222307,6,7500.891497543721,6152.394338728465,1950.4805560128998,2529.4107295973868,2967.0037603422857,1510.630418401913,1603.04327550868,3188.104187017034,7826.843992724298,3784.9106449967635,3200.59171961927,1853.1990024659437,7813.945377015927,4179.212064061404,1783.281043637189,1517.3892878796494,1947.4294557860894,7672.880907234474,7851.425658503907,2635.4078693830616,1957.6098364152265,1924.0991880594038,3158.195877709492,1716.5035871405114,2947.087546710995,7102.118443305395,0.03435356200527705,0.02103371736602896,0.012118966977138018,0.06253659055830539,0.05163101037915696,0.023002549936251594,0.02151905443366725,0.03288047787704181,0.04198130643713365,0.08973064867449397,0.06435170436444727,0.010973864178550601,0.044120751530504536,0.09556061167257526,0.009951302138471311,0.02096748443403757,0.03248062838339879,0.036645897138029355,0.03644622860764843,0.030567916931553297,0.038322908936711544,0.010206240084611316,0.022503961965134708,0.009261709446943637,0.05270972531551596,0.03342486006970113,0.009261709446943637,0.09556061167257526,0.08629890222563162,STU,0.0,False,0.044120751530504536,0.002531026172064257,0.09556061167257526,0.01923324716555033,0.06253659055830539,0.007754871135215556,0.012118966977138018,0.0007952305622527428,0.038322908936711544,0.0016722243409490307,0.003976152811263714,551.0
ENSG00000203877.9,RIPPLY2,83853360,83857515,6,21414.199567245036,20210.155661683348,2988.5433131275036,4225.971999963185,1508.6953125374978,6527.8758631622495,6501.794099814895,5010.45777034995,21390.09739542348,2343.3775181844812,2185.7251128929956,1492.649414976604,19804.95698568205,1440.5675799731337,2802.2946837753993,4799.229973332597,4709.963084268405,21694.06808561401,21213.56206231903,7513.0939690180085,7980.424610642157,1580.0109968520185,5111.452641347955,1746.438214010434,1881.0313340546945,22121.679726704162,0.4846437994722955,0.4471514639044498,0.04037891617273497,0.15977433604768748,0.00704299936454141,0.31826391840203994,0.3057719828271585,0.09753132103399059,0.5149706922955062,0.029485204271370132,0.02681321015185303,0.005831522027249112,0.44379354021532613,0.005079633843060479,0.03609993648105018,0.1993507530200628,0.17880267487527862,0.49730700179533216,0.46529685189097825,0.27574698029243483,0.4836213293755963,0.005605499735589635,0.07886951928156366,0.009738025932786451,0.015590200445434299,0.5406061886154822,0.005079633843060479,0.5406061886154822,0.5355265547724217,IBS,0.0,False,0.5406061886154822,0.3077738514383946,0.029485204271370132,0.0026589412797445623,0.31826391840203994,0.13438977331349158,0.04037891617273497,0.005569416142744832,0.4836213293755963,0.24075061762299613,0.013294706398722812,1047.0
ENSG00000065615.14,CYB5R4,83859656,83967423,6,20868.59300958666,19852.799965028524,3044.1584336420183,3651.308771466086,1711.23509429585,5533.404276499587,4981.447144869428,4447.89125790208,21536.451345690188,2655.248147372736,2342.8523355976213,1685.0030596823115,21602.865579419904,1733.2294507733018,2500.404275171234,4288.204968054205,3791.5672597850344,21915.14419401576,21559.57382787221,5403.859166706309,5536.077284114595,1813.3644816654225,4463.22450233515,1809.931421205807,1986.9397540805091,22490.613842238738,0.4621108179419525,0.4322481767255047,0.042231160033869605,0.12214593645217947,0.01138529972463461,0.2476094347641309,0.1999787989611491,0.07427181899878416,0.5212018799176216,0.041066780003187586,0.03275990230434321,0.008853310714096379,0.5183660544648512,0.009312662045610879,0.028213000211729834,0.16609014953967324,0.12334147118140325,0.5067588974548527,0.47929431650116205,0.15336935791481246,0.28543411427965654,0.008831306187202539,0.05631273111463286,0.011114051336332363,0.018400678757026195,0.556341746752561,0.008831306187202539,0.556341746752561,0.5475104405653585,PJL,0.0,False,0.556341746752561,0.3251657693804296,0.041066780003187586,0.004643392860161302,0.2476094347641309,0.08654647308196303,0.042231160033869605,0.0059884020693920115,0.28543411427965654,0.08564111918191555,0.02321696430080651,1441.0
ENSG00000111911.7,HINT3,125956770,125980244,6,11657.587787728466,11942.286030669984,4130.956099555925,1129.21442567107,5990.2662809777175,919.7021025398675,1183.8763604744854,4480.5565911038175,12264.462226507212,4647.338509622302,5901.487810210519,5207.848079014547,13238.319118857631,6597.898948563373,3565.4083128234024,994.406348518711,1117.418808338648,11767.807786252353,13970.459607204666,3794.9430879121383,1719.915585251646,4995.128103684348,6276.0711051376065,2808.166690030014,6020.111105654213,11752.97779608007,0.11451187335092348,0.12947891343409787,0.08081075359864522,0.008941401884081112,0.19392077949586953,0.0053123671908202295,0.008745428525997774,0.07532906909129354,0.14421502877963774,0.13175370557296923,0.19480726345970054,0.13672268462068599,0.17880515093941313,0.2134504471136039,0.06346601736184629,0.00665212069607791,0.006687188196582104,0.11933678318724258,0.1800126769490809,0.07607543971180335,0.02639669246263119,0.11496562665256478,0.126148969889065,0.03604128076210638,0.1947184218899141,0.1304784032104763,0.0053123671908202295,0.2134504471136039,0.20813807992278366,CHB,0.0,False,0.1800126769490809,0.037432522335428355,0.2134504471136039,0.07436471534191368,0.008941401884081112,0.00025628974389773333,0.13672268462068599,0.040035192784813274,0.126148969889065,0.017280319638570935,0.0012814487194886667,288.0
ENSG00000066651.20,TRMT11,125986479,126203817,6,14002.556568237105,11565.412902728604,2925.6647053448733,1445.4018545520878,3511.051325668999,1045.5071303409436,1290.0888374535305,3178.627489279128,13316.49080371963,3517.114648286342,3497.9416863509377,2924.413251907382,13520.27440779825,3906.041697747941,2626.269121316387,1087.3657756006542,1317.9308631778479,13629.341461039048,15920.727419685143,2622.001941438328,1243.0037549810484,2950.1461450963448,4176.850642241732,2503.2682101876294,3360.5034435352627,13670.015228121183,0.18633245382585753,0.11959623718423,0.038262066045723964,0.017510245356325508,0.07286591823766152,0.00834041648958776,0.011289553188106217,0.032563302849289,0.17890901409938217,0.07692716357647558,0.07682913879154721,0.040767640354132426,0.18740764196748996,0.08407852267315731,0.03154774507728139,0.008887233249960087,0.011888334571701518,0.1783187242581054,0.24973589689414746,0.029932189023098115,0.008427859641683452,0.03627710206240085,0.04611727416798732,0.025668166181529506,0.06856506522430798,0.19215334248600696,0.00834041648958776,0.24973589689414746,0.24139548040455971,CHB,0.0,False,0.24973589689414746,0.07008822184642843,0.08407852267315731,0.0155060586956736,0.017510245356325508,0.0008325690553964002,0.040767640354132426,0.005656384126401266,0.04611727416798732,0.0024038357113387453,0.004162845276982001,569.0
ENSG00000203760.9,CENPW,126340115,126348875,6,7736.287066358264,7022.793375270689,2477.889961374388,1067.0517361082489,5144.382130862939,725.9135266097711,787.5831873727777,3855.8458414177294,7049.668095175334,4573.067477950343,4828.215880400515,3228.767769491957,6749.300283823717,4987.396844420988,4296.679825219575,769.5234453044966,1097.5154984167227,5631.1102468970375,7189.990641837696,3026.5724782607144,1377.5663186953757,3473.61120504482,4934.36350850637,3941.5963655152736,4471.978497644101,7028.7906225995075,0.03746701846965699,0.03081069654370574,0.02466130397967824,0.006759274043323221,0.14896208430417285,0.0021780705482362943,0.002173106482217629,0.054131204736480414,0.031103131435813485,0.12830048345109707,0.13847297440798556,0.05147643534962625,0.03066286679332911,0.13080057145880736,0.09279059919542663,0.002128678622744931,0.006209531896826239,0.014996303727954378,0.028681597295584196,0.04497774952320407,0.012191243506837698,0.05298783712321523,0.0722134178552562,0.07673987827467584,0.11777494962350196,0.03284401731967473,0.002128678622744931,0.14896208430417285,0.14683340568142791,JPT,0.0,False,0.03746701846965699,0.0018504655452102352,0.14896208430417285,0.04059604082790664,0.006759274043323221,0.0001569376217908864,0.09279059919542663,0.021389483186499456,0.0722134178552562,0.005789781938807854,0.0007846881089544319,217.0
ENSG00000146410.12,MTFR2,136231024,136250335,6,21566.515152630243,17152.91764770886,2371.3808916242965,2810.9710830971335,1638.438569809371,2197.8716188276353,2407.6747823988007,2551.849907114874,23156.445611616527,1951.3697138227537,1453.8140872860463,2406.752228908819,25757.651646838058,1894.443583195493,2680.0454774261207,3646.974467091656,2384.8161354224285,23593.702839799604,27290.5920464129,1809.0412760485715,2017.704917379243,2575.675832164079,4240.986076329222,2224.917130298877,1725.8652944093667,23160.970949775434,0.4908707124010554,0.3176197019342564,0.021591871295512276,0.07754537229229869,0.009478923956788817,0.050998725031874206,0.05120050882493242,0.01681027647089919,0.5869989966731795,0.016787972161717048,0.007645747053201656,0.02332608810899645,0.6773801984378298,0.012540346050055558,0.032976921448232055,0.12692246288116651,0.04930474471924424,0.5713908543668814,0.6968096344813015,0.010330578512396695,0.04155623873635111,0.025965097831835007,0.04838880084521923,0.019158507541677694,0.011666136387739952,0.583905375435632,0.007645747053201656,0.6968096344813015,0.6891638874280999,GBR,0.0,False,0.6968096344813015,0.500524479423264,0.016787972161717048,0.0010306123701631393,0.12692246288116651,0.026820491609627753,0.032976921448232055,0.004014040322312274,0.04838880084521923,0.0026414122081063803,0.005153061850815696,644.0
ENSG00000029363.17,BCLAF1,136256627,136289851,6,6870.8008969829125,6933.061094165682,2344.774890155366,3338.500032033683,1718.3282427234574,2056.373914897627,2670.93083468813,2307.126579413176,8116.536926273464,2123.8035061239207,1600.4210895298695,2356.9250928387173,7794.762701138269,2286.2543942973593,2205.233980952548,3261.137551751954,2182.619263629199,8889.538311304566,9267.133651633081,1620.6819023790224,1642.5314971961423,2648.8017374854303,3238.087711111005,2182.104754150168,2159.302611910299,8930.056335224204,0.027651715039577838,0.029542331677412537,0.0204805249788315,0.10580658896162648,0.011438254607074773,0.04504887377815554,0.06280807759580219,0.01189406354073056,0.04625864709299255,0.02188811560325134,0.010725284060741212,0.022530880559826116,0.043856871437618745,0.023969522196941637,0.019002752487825535,0.10222979085732531,0.040282347946077914,0.05618333509346288,0.057891400802873444,0.007575757575757576,0.022686314004028412,0.027815970386039134,0.023983095615425252,0.01810002646202699,0.023173189097465265,0.060935684866406166,0.007575757575757576,0.10580658896162648,0.09823083138586891,MXL,0.16,False,0.060935684866406166,0.004698490650931819,0.023969522196941637,0.0018765198351424414,0.10580658896162648,0.019495364160808944,0.027815970386039134,0.0030481867524927504,0.023983095615425252,0.0006672512489190907,0.003336256244595454,498.0
ENSG00000106635.8,BCL7B,73536356,73557690,7,4555.176504951908,4528.03737841755,2243.0774289247743,2436.876775063641,3041.8760310226166,2107.293223305772,2576.8072117237316,2865.567509891557,4217.896954437313,2849.4913445805996,3786.541032268651,2644.111496861084,4236.201491854572,3305.4056210314075,2048.933961269914,2197.6803127711537,2366.659441344736,4314.5008457408585,5659.787359872607,2950.855326230346,2083.3290565172742,2961.0348655285375,2685.8546085376006,1956.1817702147362,3110.2744869484995,4322.043626882241,0.009551451187335093,0.009882676249867878,0.018204911092294666,0.05838522539783916,0.054649438678246134,0.04680195495112622,0.05846186463136694,0.02442247713696675,0.008713101336008871,0.04877012165967168,0.0898906233407667,0.030376928378306738,0.010713531771163184,0.058944917720514314,0.015138683040440398,0.04837422170187856,0.04824328627534232,0.007814975182173408,0.015476442002957955,0.04227590591226955,0.044948584755645074,0.03654151242728715,0.012519809825673535,0.01307224133368616,0.058913988758086754,0.009715915091350724,0.007814975182173408,0.0898906233407667,0.08207564815859329,LWK,0.0,False,0.015476442002957955,0.00034011415113499994,0.0898906233407667,0.017352052212449808,0.05846186463136694,0.006890931420712902,0.03654151242728715,0.004738847515956389,0.044948584755645074,0.002285878992780487,0.0017005707556749998,325.0
ENSG00000242265.6,PEG10,94656325,94669695,7,4347.795157099105,4217.8204098180795,7064.692877471282,6069.1304872572255,4788.023536500565,7357.491384496219,7539.826101856866,4843.333469866644,3632.981709751257,5864.026230795504,5081.347819747609,6925.12685535056,3869.3849562710307,4742.7108740338745,7370.839558058455,7750.46786169547,6895.639564479145,4320.278432464041,3968.301170714372,6334.142119498409,6292.233114528324,6168.1980278963,6302.2123688221445,7174.209769457167,5322.176608174119,3850.593687011079,0.00891820580474934,0.008455765775288025,0.22237510584250636,0.28543296609718455,0.13011014615547553,0.3793561410964726,0.38188371230190277,0.0913464079928107,0.006812061044516027,0.19444296870849492,0.15084421790379102,0.22377140433653184,0.008496938990922525,0.1187364410815387,0.24904721575269956,0.40902559736043853,0.33234263878569154,0.007867779068539445,0.00713078385801817,0.2057109557109557,0.346390331813845,0.17228979375991538,0.12678288431061807,0.23249536914527652,0.15977304061936579,0.007498151863977189,0.006812061044516027,0.40902559736043853,0.4022135363159225,ESN,0.0,False,0.00891820580474934,0.00011829732031527357,0.19444296870849492,0.06356337636256841,0.40902559736043853,0.20863295502542625,0.24904721575269956,0.10559398612545894,0.346390331813845,0.1251574089380424,0.0005914866015763678,180.0
ENSG00000244219.7,TMEM225B,99598267,99611045,7,17484.344709475412,16825.3297714401,6355.9862295625035,4783.537274862116,1583.5841170803667,3799.4879976743982,4125.091012885664,3275.949183304559,20538.76525957684,1753.8830250495478,1502.9698825567414,4034.0989189217426,16361.872247206451,2158.8732219989306,6305.876996239992,3669.314604806617,4926.176144487023,18077.342834737516,18209.755630997708,3925.1513276020546,1967.6988264862784,5851.95482590507,5465.723461467508,6118.650384454565,1558.969858238392,18669.84472560489,0.32189973614775724,0.3032977486523623,0.1855948348856901,0.19569961147479908,0.008208006778224952,0.13477475563110922,0.14374304340912705,0.03562932811756621,0.47879812008237843,0.011581575731817458,0.00854836996920463,0.08137623919843079,0.29781507283090564,0.019789406846923117,0.19150963370738938,0.12809323612367624,0.19323850971234477,0.3521491181750977,0.34407352630466936,0.0811082856537402,0.038958973815329166,0.1566895822316235,0.09334389857369255,0.17893622651495106,0.009332909110191962,0.397402048790791,0.008208006778224952,0.47879812008237843,0.47059011330415346,CEU,0.0,False,0.47879812008237843,0.24389900241128526,0.019789406846923117,0.001359260323733504,0.19569961147479908,0.05729656255504462,0.19150963370738938,0.06904399373779245,0.09334389857369255,0.009575509864108012,0.006796301618667519,737.0
ENSG00000197037.11,ZSCAN25,99616946,99632408,7,15708.335653540504,13699.191723732118,5380.417779418743,3935.574161387354,1429.4454522806493,3487.823043194778,3206.745610599245,2927.938587344759,15678.548406781229,1432.6466904117938,1384.4808332663604,3915.9657219949795,15500.575835773281,1833.3503771775809,4841.060162503965,3261.2958371201566,3784.6062423627804,15353.654254952644,16192.896051978085,3461.4893854788806,1721.4379355720187,5262.069562113654,4420.355569296351,5190.707946285225,1446.770266091181,16571.46552071614,0.2512401055408971,0.18428284536518338,0.1384419983065199,0.13928362339666828,0.006036856598178352,0.11639396515087123,0.08978639953357714,0.026008352275730826,0.2719015683582405,0.006587685278648462,0.006424551343315281,0.07633992472035202,0.26329955668144395,0.011693740409545478,0.11761592208342156,0.10228300782289394,0.12318225241481796,0.24194740732917944,0.26109233044580604,0.06198347107438017,0.026502703275734125,0.1280274986779482,0.054886423666138405,0.13379200846784864,0.007582988652030968,0.30716020699123453,0.006036856598178352,0.30716020699123453,0.30112335039305616,CEU,0.0,False,0.30716020699123453,0.10419624791552547,0.011693740409545478,0.0005608237787976259,0.13928362339666828,0.031566191714321935,0.1384419983065199,0.040852550205273744,0.06198347107438017,0.004291593403027741,0.0028041188939881296,448.0
ENSG00000106258.16,CYP3A5,99648194,99679996,7,15165.938278015728,13997.371046768374,4894.933057426578,3857.640418035521,1399.8598223386016,3525.2333993299967,3201.9746613001416,2715.607542400578,16043.119651723957,1463.9502136792987,1355.11064852211,3805.556353606522,14189.336829720796,1774.1455322206,4498.4193877225935,3362.0380985316297,3666.469293022185,15052.99353832506,15557.241263407273,3386.4598239557167,1513.7189332300238,5097.76884094002,4196.116967910595,5071.566970486481,1378.3793298807363,15929.630777894936,0.2283377308707124,0.19416552161505127,0.11605630821337849,0.1339613603704295,0.005772082185977547,0.11873140671483214,0.08941538135368633,0.021092139345562193,0.28605375719490944,0.007065823726292302,0.005999787618137411,0.07268196999416848,0.2118429385687144,0.01010635483358908,0.10131272496294728,0.10866904369112873,0.11670735590701624,0.22990812123772308,0.23594971476864568,0.05922865013774105,0.016537686844058094,0.11998942358540454,0.04696249339672477,0.12781159036782216,0.006204263442570792,0.2790157355581371,0.005772082185977547,0.28605375719490944,0.2802816750089319,CEU,0.0,False,0.28605375719490944,0.0909113719389787,0.01010635483358908,0.00043874127196361323,0.1339613603704295,0.029482197886182056,0.12781159036782216,0.0359008388355769,0.05922865013774105,0.003925692296554767,0.002193706359818066,377.0
ENSG00000185955.5,SPACDR,100456620,100464260,7,5632.535597871371,6519.366486077597,4000.5616566027115,1858.4077208964375,4502.740246455031,2663.53320057302,2804.3962975368227,4272.524839502862,5613.663503263071,4645.232502304221,4625.18936555197,3968.651831759757,5659.866922779969,4902.487939958538,3687.8793421158502,2372.6782406573793,2723.1035535322553,4262.219166496878,7075.067974068579,2473.9936874646937,1732.7073843486282,3745.2714370367435,4501.051740098973,4034.9521055187834,4006.2046520279864,6192.9354230375075,0.01604221635883905,0.02494450903709967,0.07557154953429297,0.03299803076268029,0.11782461342935818,0.07230131746706332,0.06858536068267346,0.06798118094835333,0.01637006917674394,0.13154119959623864,0.12790697674418605,0.07856650585802895,0.019632678910702975,0.12566802476321498,0.06833580351471523,0.05683571922728966,0.0661819339772848,0.007603759636709262,0.027678005493344603,0.025799957618139437,0.026767730308491465,0.06197778952934955,0.05805599577390386,0.08065625826938344,0.0956623183794676,0.023444925546520223,0.007603759636709262,0.13154119959623864,0.12393743995952938,LWK,0.0,False,0.027678005493344603,0.001035893547796238,0.13154119959623864,0.03292995197012978,0.07230131746706332,0.010000856316564019,0.08065625826938344,0.017051601125414092,0.06798118094835333,0.005143369481275779,0.005179467738981191,646.0
ENSG00000146802.13,TMEM168,112762377,112790423,7,16116.46361873235,15585.776345509892,4864.547631177264,1581.5889182277197,3993.7175795854114,1192.6168102606864,1649.0479842993796,5420.228433281533,14322.544348849344,4146.7055349585935,4565.494517528583,6486.131448687459,16379.000869964511,3598.736624260691,5295.6614012008295,1105.98799887344,1105.4653902917062,14537.580554415255,16390.393332710657,3844.9346018919764,1694.7750311448583,5850.295642574727,6553.593270092609,6596.146852559208,6270.008011217239,13761.37165447918,0.26770448548812664,0.2536201247225452,0.11457451312447078,0.022938953643089042,0.09420673586104639,0.012802804929876753,0.02279111676472147,0.11529312258814822,0.21835560014785868,0.10731551824895075,0.12588934904959118,0.1991199703122515,0.29844838505383153,0.07132652521297424,0.13952995977133179,0.009472619871214944,0.0063156777412164316,0.21174358432780652,0.26906824424255227,0.07819453273998729,0.02507155729884448,0.1565309360126917,0.13666138404648706,0.2010584810796507,0.20824053452115812,0.19489914457704088,0.0063156777412164316,0.29844838505383153,0.2921327073126151,KHV,0.0,False,0.29844838505383153,0.09860791291017583,0.20824053452115812,0.07133585346785103,0.022938953643089042,0.0013366547678846563,0.2010584810796507,0.07469665783460934,0.13666138404648706,0.020215871598335607,0.006683273839423282,736.0
ENSG00000183779.7,ZNF703,37695782,37700019,8,4443.070879691238,3609.566554221247,1943.1429236825927,1498.7891315271697,2463.524472426865,1293.828895576133,1336.2856226226002,2534.0740203460264,4116.331603763989,2112.9668078643526,2416.561048614673,1860.43971887943,5056.874398023277,2662.9820917118523,1842.2090118276212,1459.2038075653109,1683.252068947629,4947.140706380853,6523.717125080839,2494.01248552231,2104.2749070901273,2072.2971704156193,2675.7268092611935,1898.9578240869585,2332.9025424058473,3982.7938988082146,0.00928759894459103,0.006288975795370468,0.011854360711261643,0.019319814785246688,0.03336157593730142,0.01599022524436889,0.012826628504796735,0.016440238938520906,0.00839626128742673,0.021569356638155446,0.03615801210576617,0.011238933361607379,0.015093941313067342,0.035451611196359596,0.011168748676688545,0.019051673673567134,0.022874429466086404,0.010507973386841271,0.021867737164589056,0.026117821572367028,0.04569066044736563,0.012109994711792702,0.012414157422081353,0.01233130457793067,0.028422950471948243,0.007814975182173408,0.006288975795370468,0.04569066044736563,0.039401684651995166,ASW,0.0,False,0.021867737164589056,0.0006595704331599667,0.03615801210576617,0.0037480217119214778,0.022874429466086404,0.0013300706175069252,0.01233130457793067,0.000817885728457136,0.04569066044736563,0.002360440367045528,0.0032978521657998335,492.0
ENSG00000147475.17,ERLIN2,37736601,37758422,8,4881.052983236831,3736.649088045135,1579.9318060242297,1497.2233413869906,1628.3610079438215,1459.4180129165343,1604.9308088254515,1867.0395482041883,4318.436200688289,1719.058862392612,1737.4957876449905,1655.6451751768407,4863.563932813863,1770.4806167663826,1599.8707234888586,1461.664217305777,1562.5278134306302,5568.656272996805,6350.613560623999,1810.7475628232178,1560.346041922767,1687.626910371254,1844.2579441942576,1644.9563596931514,1571.3917462485902,4024.914140796393,0.010817941952506595,0.0067117640841348695,0.00693268416596105,0.0192665921549843,0.009214149544588011,0.021143221419464512,0.021572057030794508,0.0056562879949252,0.009082748059354702,0.010678425330712426,0.0133800573431029,0.008323172347982823,0.013985644922947012,0.00994761627599344,0.007092949396569977,0.01915810760470438,0.018628595690478717,0.014468264864294013,0.02054722163532643,0.010383555838101292,0.019505989610940317,0.007033315705975675,0.004701531959852087,0.008150304313310399,0.009598048573549687,0.007973386841271518,0.004701531959852087,0.021572057030794508,0.016870525070942423,PUR,0.0,False,0.02054722163532643,0.0005853763491124981,0.0133800573431029,0.0007035186002137624,0.021572057030794508,0.0012001749284510197,0.008323172347982823,0.00043310802350077416,0.019505989610940317,0.00044502703005545505,0.002165540117503871,371.0
ENSG00000156735.11,BAG4,38176533,38213301,8,5981.109025895898,6846.2893024957975,2298.7797246197883,7065.586131963,5351.928878433378,6643.854022002729,6729.794856517066,5585.549971884109,5509.927041718334,3952.907146265905,5702.7349768098275,2279.001929819022,5897.584131178415,5814.111181169979,1540.1407253416555,7045.5797024619515,5134.06442337005,7725.28819774393,8525.303230159947,6245.0621776968965,4258.638438175739,2486.8401282309746,5219.057727615188,2280.331472713687,4831.669431876444,5979.365677585448,0.01878627968337731,0.028643906563788183,0.01958086367485182,0.3561126190856352,0.1605592035585681,0.3266574585635359,0.3235808554619176,0.12190093566633187,0.015419549030997518,0.0982308877437178,0.1832324519486036,0.019933202565869692,0.022324255858138062,0.17149055505582306,0.006563624814736396,0.358948432760364,0.20793970916038637,0.037332347660787836,0.04526727234312276,0.20051917779190506,0.18610198240220502,0.023638286620835537,0.08219756999471738,0.020216988621328393,0.1338954289956517,0.02091033900095047,0.006563624814736396,0.358948432760364,0.3523848079456276,ITU,0.11656558513965569,False,0.04526727234312276,0.002658534396710598,0.1832324519486036,0.0575186641375207,0.358948432760364,0.16594081373974065,0.023638286620835537,0.002342812459839988,0.20051917779190506,0.04286330525230749,0.01171406229919994,978.0
ENSG00000085788.14,DDHD2,38225218,38275558,8,2744.534623252649,3702.6214175050204,1625.882788469133,4246.841263165298,3535.2962243044663,3730.038089211409,3676.294514190941,3405.103488155222,2670.9413679886716,2739.0690043812183,3753.229941434536,1684.282241008016,2458.750967805904,3415.6124091747583,1349.622817953638,4143.164273735144,2930.903481387051,3529.717434210563,4204.551383829799,3951.7939466237854,2933.4795011807323,1764.0371430608875,3289.8256054721382,1798.5558214186458,3099.242340081397,3041.7228502645435,0.004221635883905013,0.006500369939752669,0.007408975444538527,0.16105167917398477,0.07334251217962297,0.13121546961325967,0.11745375523400646,0.03954115345985093,0.00401330728204045,0.04425436965414652,0.08866942763088033,0.008800296877485023,0.0037998733375554147,0.06286046880787344,0.004499258945585433,0.15688361449630142,0.07594735166118247,0.005280388636603654,0.008556940629621805,0.08259165077346896,0.09307749390437825,0.008090957165520888,0.02514527205493925,0.010637734850489548,0.058489765616714394,0.004752349772943289,0.0037998733375554147,0.16105167917398477,0.15725180583642936,GWD,0.0,False,0.008556940629621805,0.00010928678465126953,0.08866942763088033,0.016957210953293562,0.16105167917398477,0.04071721233095425,0.010637734850489548,0.0006440659935159107,0.09307749390437825,0.009522013680551885,0.0005464339232563477,171.0
ENSG00000147535.17,PLPP5,38263130,38269243,8,2814.894418849672,4107.270627264686,1728.6404441684524,4373.477491438588,3906.3349687938708,3893.892002844005,3873.034791120878,3689.0158596659826,2605.462997430573,3100.2233613481485,4193.536507455506,1814.9476891059994,2707.0885766889264,3835.3723088231673,1525.6634302125976,4427.546979810725,3067.8666189630094,3649.2044332398823,4488.209113859739,3994.5592049542615,2940.8744810452167,1887.3200731961297,3534.33670644306,1952.4255127463673,3331.611880995006,3264.6209672902232,0.004379947229551451,0.007874431878236972,0.008520321761219305,0.16834317951993188,0.09055284897267528,0.14061835954101148,0.1292733343933853,0.04879209176930803,0.0036964672334583093,0.05960792647293205,0.10858022724859297,0.010443725812437046,0.00469706565336711,0.08153870575162707,0.00619309760745289,0.1756159863764568,0.08343063369069101,0.005755623613897983,0.009824635537713924,0.0844988344988345,0.09350153715679,0.009888947646747753,0.030269413629160063,0.01296639322572109,0.06761056315622017,0.005438800295701764,0.0036964672334583093,0.1756159863764568,0.1719195191429985,ESN,0.0,False,0.009824635537713924,0.00014240215516945646,0.10858022724859297,0.023845062521821885,0.1756159863764568,0.04739038486555068,0.01296639322572109,0.0008870845637794266,0.09350153715679,0.009607234085202304,0.0007120107758472824,202.0
ENSG00000147548.17,NSD3,38269704,38382272,8,3884.464101397969,5646.1997619823915,2649.890020225684,5756.071086991875,4974.469478327479,5249.1803702075085,5050.566247721529,4647.10246950258,3431.0652900927907,4196.132224147667,5464.392889514579,2641.9311948629033,4040.9318892019296,5209.219593007885,2278.3869693039446,5510.362884363013,4161.77636480501,5044.472237285247,5675.351582781482,5010.804333890671,3701.526819900408,2800.190740685641,4639.751849403716,2567.9968328390655,4415.038629576695,4185.607956353484,0.00733509234828496,0.01691153155057605,0.02947713801862828,0.2638245782106552,0.14027748358398645,0.22832554186145346,0.2053320612710023,0.08272981973885923,0.006336800971642816,0.10938745152207406,0.1703302537963258,0.030270900705084026,0.009341355288157062,0.14143605481771523,0.02127884818970993,0.24559629609919642,0.14610975480309946,0.01145844334142993,0.015793365729980986,0.13313201949565587,0.14587087882964062,0.03231094658910629,0.06196513470681458,0.028049748610743584,0.11491144341923852,0.008923856795860175,0.006336800971642816,0.2638245782106552,0.2574877772390124,ESN,0.0,False,0.01691153155057605,0.0004030962617735307,0.1703302537963258,0.05086832230316435,0.2638245782106552,0.09672578069242746,0.03231094658910629,0.003883758721160457,0.14587087882964062,0.022972634769291345,0.0020154813088676536,360.0
ENSG00000165046.13,LETM2,38386207,38409527,8,4590.594270855984,6359.577658876972,3652.4797797889614,7419.724660112377,5978.210594662235,7345.485458942947,6669.37483271555,6013.138038611256,4112.176720144177,5431.472222275941,6433.22612379786,3304.421768934731,4471.650982380511,6339.369532294875,3134.4045434711943,7507.465470212758,5948.078192960837,5774.447075673048,6597.615367323554,7006.750677738825,4847.681255095944,3445.8821869760022,6245.553013368804,3575.762846303901,5721.6515423768415,4676.37174565713,0.009762532981530342,0.023253355882042068,0.06170618120237087,0.3819788173931556,0.19360305020122856,0.37839991500212494,0.31865161392908253,0.14315166252577047,0.00834345461266304,0.16979227540774583,0.2268769247106297,0.054180141016805385,0.011980156217014988,0.1992168897825282,0.04732161761592208,0.3932201585865574,0.2645154442203588,0.01599957756890907,0.022395943376294105,0.24443738080101715,0.23110357256440156,0.05224748810153358,0.12482831484416271,0.0621857634294787,0.17949941669318062,0.011933678318724258,0.00834345461266304,0.3932201585865574,0.38487670397389434,ESN,0.0,False,0.023253355882042068,0.0007419597193277341,0.2268769247106297,0.08240408750252083,0.3932201585865574,0.19470635407247433,0.0621857634294787,0.011197007189100182,0.24443738080101715,0.06319545560217067,0.0037097985966386706,525.0
ENSG00000104365.16,IKBKB,42271302,42332460,8,12811.481234487206,13141.027372771527,6303.880376404765,3184.4579948432943,2397.104594403693,2345.7667979034036,2630.5909713063743,2780.296328019006,11976.047504140322,2608.9625312432795,2102.1152748898758,3685.2315730141245,13113.311822997553,2392.6352387050283,5992.215234496453,4168.425692660263,2834.128122097342,11349.937829026674,11316.431477643502,1795.315115118529,1530.8076791303733,3482.375144609784,4487.363341287251,5226.936331649452,2057.415652035572,12138.12847785007,0.14886543535620053,0.1642532501849699,0.183266299745978,0.09697163233807014,0.0310845159923745,0.05710794730131747,0.06095298669634812,0.022307976951947982,0.13676928763795743,0.03904797322424693,0.02394605500690241,0.0676456555160897,0.1746358454718176,0.026668077676067516,0.173565530383231,0.1586929913256346,0.0713300074302091,0.10877600591403527,0.10183815761673358,0.009906759906759906,0.017756811194741862,0.05309360126916975,0.05710512414157422,0.13575019846520242,0.020415738678544914,0.14177843489280811,0.009906759906759906,0.183266299745978,0.1733595398392181,MXL,0.0,False,0.1746358454718176,0.03531974110755782,0.03904797322424693,0.004265757407817193,0.1586929913256346,0.039677601515201694,0.183266299745978,0.06430186232340285,0.05710512414157422,0.003654549397156843,0.018272746985784214,1259.0
ENSG00000070501.12,POLB,42338454,42371808,8,13179.698124141574,13308.062192089443,6162.265914073403,3239.173413075369,2213.7770706322144,2143.361070748127,2453.927907813347,2437.6152206184147,11966.52103687522,2486.8496456106423,1913.8430370724407,3863.947256457077,12937.844822991274,2329.4611140921193,5849.01147602961,3409.2308375462226,2799.0277807766847,10883.587023110409,11427.119205374587,1616.7230893885412,1541.50323772666,3747.0469452431057,4163.847461263663,5164.497565896828,1734.6725219973823,12224.218377862939,0.16073878627968338,0.1703836803720537,0.17601608806096528,0.0997392091117143,0.024147426392713407,0.04818317042073948,0.052896591933004715,0.014748638790505895,0.1362940275650842,0.03442596823035648,0.0181055537857067,0.0743253989291205,0.167774963056787,0.02534525636277052,0.16689604065212787,0.11175562769410888,0.06963167391996604,0.09663111204984687,0.10463765053877033,0.0074168255986437805,0.018604897699565356,0.06203067160232681,0.045641838351822506,0.1325218311722678,0.011931275851097677,0.1437849825747175,0.0074168255986437805,0.17601608806096528,0.1685992624623215,MXL,0.0,False,0.1703836803720537,0.0336904834447797,0.03442596823035648,0.003450867981205611,0.11175562769410888,0.02145743409754165,0.17601608806096528,0.060238317872747506,0.045641838351822506,0.002355498857255868,0.01177749428627934,982.0
ENSG00000104371.5,DKK4,42374063,42377229,8,16672.850587230325,16341.725384354751,7391.181691584755,3811.0527035681075,2054.50686649169,2265.7093365224523,2711.756438249193,2255.704460091426,15230.061646806509,2512.7713990597094,1751.6800537312768,4544.108190371385,17110.90094025395,2066.4764417606266,6922.783971000345,3826.941028259705,3075.781617702193,15097.392229021963,14436.117815638572,1407.563107510021,1273.4253032311267,4477.731828854689,3696.7549186542506,5922.950310645557,1647.8729796967418,14798.28005693849,0.2895514511873351,0.28358524468872215,0.23862193056731584,0.13103411570599818,0.019328532090658757,0.05418614534636634,0.06466316849525627,0.010731088438970238,0.2524687120452025,0.035222865643096214,0.014017202930869704,0.10602767322271113,0.3296917880515094,0.017355415630456637,0.22369256828287107,0.13735298813261668,0.08385521706825178,0.23175625726053437,0.19490809211916332,0.0048209366391184574,0.009169935333404006,0.09227921734531994,0.034759640781827784,0.16972744112198995,0.010658606426980593,0.23413243214700602,0.0048209366391184574,0.3296917880515094,0.3248708514123909,MXL,0.0,False,0.3296917880515094,0.11933074769661543,0.035222865643096214,0.00358634865475468,0.13735298813261668,0.030803166018032745,0.23862193056731584,0.09853823349111224,0.034759640781827784,0.0013810677825302985,0.006905338912651493,746.0
ENSG00000078668.14,VDAC3,42391624,42405937,8,11261.623310173041,7308.278186649846,4367.860780544682,2751.8890016043697,1515.139886774165,1845.422213172067,2278.5605317309296,1596.335887034682,11522.181862631862,1866.3796782344386,1254.6713776306312,2863.3894862720786,11990.865430793401,1224.5691019621734,4251.191281295728,3055.9856551261446,2494.0295962132395,9311.455203221107,12588.53844345876,1223.3626898675714,848.7221849348115,3171.3293776435316,1775.1048454694399,3365.152775924817,1425.1773700481358,10355.690766846155,0.10490765171503957,0.03461579114258535,0.09113039796782388,0.07504390866996646,0.007148909129421733,0.03617722056948576,0.04669528806911539,0.004123275360786594,0.12203622537888789,0.014450406417680497,0.00499097377083997,0.03769283783067381,0.13975089719231581,0.0032276840044446796,0.09077916578445903,0.09179926560587515,0.05455896401655875,0.06368148695744007,0.13648848510458483,0.0032845941936851027,0.002597264921021944,0.04383923849814913,0.0044374009508716325,0.05451177560201111,0.007211793403330152,0.09261801668602809,0.002597264921021944,0.13975089719231581,0.13715363227129387,PEL,0.0,False,0.13975089719231581,0.023046280387615598,0.014450406417680497,0.0008007869481617544,0.09179926560587515,0.015199006521302776,0.09113039796782388,0.020773990718705417,0.0044374009508716325,2.44287015042815e-05,0.0001221435075214075,77.0
ENSG00000131931.8,THAP1,42836674,42843325,8,9844.336875346646,6339.9276132685145,2490.5701193583564,2039.6731531541602,2189.587668593647,2097.426810187913,1864.1079542005455,2845.06357223247,8494.71974975556,2111.55394332625,1945.4276773332517,2270.31268034971,9849.8951899539,1650.8955040423537,2712.7279850706736,1401.4074408008541,2569.2620871699605,7783.047162389915,13552.354084256569,2450.3611231939367,2510.633148694311,2481.1086809390717,3030.146249409209,2596.258181115373,1449.8498065891176,7448.3396841542235,0.07271767810026385,0.023041961737659867,0.025031752751905164,0.039810527436265904,0.023353103156110992,0.04648321291967701,0.03047649334817406,0.023999577099962997,0.05201457464223478,0.021409977155607503,0.019114367633004142,0.019509091872978848,0.08275279712898459,0.00814857928990952,0.0339297056955325,0.017348730775371187,0.05843328733680076,0.038177209842644416,0.16538136488485106,0.02505827505827506,0.06752888794657055,0.023320994182971972,0.01970417326994189,0.028896533474464144,0.007689044437374059,0.03743795543351991,0.007689044437374059,0.16538136488485106,0.157692320447477,TSI,0.0,False,0.16538136488485106,0.03182094052982385,0.023353103156110992,0.0017960279222685273,0.05843328733680076,0.0068850275292497605,0.0339297056955325,0.004203267520229687,0.06752888794657055,0.005076505871592796,0.008980139611342636,854.0
ENSG00000120925.16,RNF170,42849637,42897290,8,6241.889428258464,4518.812515648647,2239.9422942281844,1767.468552107144,2174.008961852159,1837.6951347877205,1644.0929961678098,2581.4979058571735,5699.7581858394815,2074.639956959278,1817.853848770492,1917.303398332428,6299.837459176597,1411.9115094426706,2400.332460455841,1315.8423629212932,2225.369349083605,4695.431466507848,8418.042454598608,2138.093340692295,2277.1454458946064,2568.4766930456235,2573.383672806544,2303.5749757240155,1357.19177168294,4659.552185102919,0.021055408970976252,0.009776979177676778,0.017993226079593565,0.029857895577199426,0.02271764456682906,0.03553973650658734,0.022579106376212434,0.017391764021779353,0.01732058932249036,0.020241194283589226,0.015291494106403312,0.012405237767057202,0.025754697065653368,0.004867982432932959,0.025778107135295363,0.014528231600234155,0.04224604606729646,0.009346287886788467,0.04389393619268962,0.01790633608815427,0.05512562281352698,0.025647805393971445,0.01162176439513999,0.020957925377083884,0.005727012408526885,0.011775266659626148,0.004867982432932959,0.05512562281352698,0.05025764038059402,IBS,0.0,False,0.04389393619268962,0.0025061564460185782,0.02271764456682906,0.0017145549887834326,0.04224604606729646,0.003898947826005077,0.025778107135295363,0.0026952720895227185,0.05512562281352698,0.0034103620374861436,0.008572774943917163,832.0
ENSG00000168172.9,HOOK3,42896946,43030535,8,8679.83766805894,6380.157376732549,2440.419893550527,1953.2664405045177,2318.4818779371494,1934.3383282545592,1837.0433287378394,2879.9010936475497,7708.134688699157,2478.4884838294856,2039.4108846863248,2487.0945810197477,8377.576086340807,1627.6342485529603,2807.837564005176,1486.015381011595,2137.730951416416,6098.710372391339,11935.93625295719,2371.158678084101,2451.3993948448497,3031.3582802782576,2983.0892017379533,2381.1044654281304,1508.7372492640072,6051.614420583152,0.05081794195250659,0.02346475002642427,0.023391193903471635,0.03608494331789877,0.027907223045964838,0.03994900127496812,0.029416441405628876,0.024686789660094095,0.03992184612134974,0.03405408277107794,0.022353191037485398,0.02571171075650745,0.05414819506016466,0.007884015027250118,0.03625873385560025,0.020062796019370974,0.03853094151363974,0.01890379131904108,0.11757870272554405,0.022780250052977326,0.06403053111417364,0.03913273400317292,0.018647649234020073,0.022757343212490077,0.008484462827447237,0.021491181750976873,0.007884015027250118,0.11757870272554405,0.10969468769829394,IBS,0.0,False,0.11757870272554405,0.01655236454159764,0.03405408277107794,0.0033883697717632237,0.03994900127496812,0.0035349506361602406,0.03913273400317292,0.005294095020522923,0.06403053111417364,0.004573823193986708,0.016941848858816118,1211.0
ENSG00000254673.1,ENSG00000254673,43018424,43077334,8,8679.461695105227,6516.967154406133,3016.786532173622,2328.4459976633752,2418.360630030808,2183.4695900172715,2201.537653837857,3101.4526933983507,7590.437826538184,2596.9423867249106,2345.793284320972,2917.5925727770878,8725.320859608533,1738.244965155842,3731.4998551239223,1594.6103164773137,2644.0979556403663,7146.705161291145,11401.7844483243,3043.6392609545796,3219.8664642860554,3581.0550281255214,3164.267018920218,3431.954876516895,1732.1252040265451,6661.466221569524,0.05076517150395778,0.024838811964908572,0.04133149872988992,0.052371068178189366,0.03177292946409659,0.05025499362515937,0.042826098478825465,0.030765977692023046,0.03833764587843903,0.03862296127078574,0.03291918870128491,0.040449557334464294,0.06063964534515516,0.0095243134557384,0.07024137200931611,0.023468681815762865,0.06214839189045749,0.030943077410497413,0.10400380308472428,0.04556050010595465,0.11147036997773772,0.0565309360126917,0.022556788166930797,0.0570521301931728,0.011878247958426132,0.028514098637659732,0.0095243134557384,0.11147036997773772,0.10194605652199933,IBS,0.0,False,0.10400380308472428,0.01308527790359955,0.03862296127078574,0.004187917415551191,0.06214839189045749,0.007670679375583643,0.07024137200931611,0.013635074405636036,0.11147036997773772,0.013559430116000103,0.020939587077755954,1355.0
ENSG00000253729.9,PRKDC,47773111,47960178,8,7011.380158283563,5326.093409161389,2825.7962645131265,2546.114411578077,1537.6446470043625,1783.5118624987183,1845.9103913623426,2271.230962837513,6700.782401994859,1678.9270395736507,1429.9075302001854,4209.219884867744,6873.396520026338,1831.6876489485433,2840.2120417293886,2037.021505105094,2197.014188352342,5816.817196775655,7764.778337550836,3061.2079773606156,2790.941909079896,2950.0832349451375,3089.9461961985417,3032.3222992649717,1843.2821870617393,5972.661307108104,0.028970976253298152,0.014269104745798542,0.03556308213378493,0.0633881526425036,0.007519593306502859,0.03341478963025924,0.02989346477977421,0.011048263466723053,0.027089824153773038,0.009934654412155342,0.007167887862376553,0.08954037003657955,0.032193371332066706,0.011640827557013598,0.03747618039381749,0.04065776169442818,0.041184587623394546,0.01631640088710529,0.035389816184238324,0.04635515999152363,0.08427859641683452,0.03622421998942359,0.0208135235076598,0.04329187615771368,0.014635698377346485,0.020699123455486322,0.007167887862376553,0.08954037003657955,0.082372482174203,GBR,0.0,False,0.035389816184238324,0.0016589108099018834,0.014635698377346485,0.0008181413817113736,0.0633881526425036,0.00794093718407784,0.08954037003657955,0.02019096563433446,0.08427859641683452,0.00783773316519653,0.004090706908556868,561.0
ENSG00000104738.19,MCM4,47960185,47978160,8,9600.984714472466,6885.2103607262225,2838.4667648441086,2830.9469477290318,1472.1946080473137,1781.5166568101008,1807.0930271411569,2032.444002939749,9030.948624817986,1467.1815006358484,1336.693933957729,4048.361896921942,9531.390829893675,1614.4527044744152,2705.6831666440526,1700.5137576345871,2379.2882447078305,7966.115022354887,10682.839563725192,2716.4282876143343,2116.3727734696145,2881.776899963899,3001.1220618648554,2995.4725910456505,1571.4980468691824,8229.936195996259,0.06854881266490766,0.029119543388648136,0.035933530906011854,0.07823726648570972,0.0065134505401398006,0.03330854228644284,0.02830338686595643,0.007136438124438336,0.06299836299308233,0.0071189502204749506,0.005787405755548476,0.08201240523776705,0.07605024276968546,0.007778189322186359,0.033717975862799066,0.02777925602682135,0.04898630718607366,0.040870208047312284,0.08662581871962814,0.03353464717101081,0.04622071451288031,0.034584875727128504,0.0190702588483888,0.04218047102408044,0.009651076466221232,0.04974126095680642,0.005787405755548476,0.08662581871962814,0.08083841296407966,GBR,0.0,False,0.08662581871962814,0.009218460385602015,0.009651076466221232,0.0004059959001099116,0.07823726648570972,0.011484429489935277,0.08201240523776705,0.017517672960449728,0.04622071451288031,0.002414416036681132,0.002029979500549558,362.0
ENSG00000019549.13,SNAI2,48917598,48921740,8,5100.647036293349,5066.984059576544,4941.663541793579,3176.241073014634,4295.003749742957,2778.975274670338,3031.957271943783,4692.718153789003,4080.87405882387,3899.557373723493,4408.2915508053375,5085.16707050098,5741.522727763113,4554.7203088104325,5327.645322331919,2749.4400169449514,2952.9780928992027,4883.015802646453,5746.79408301648,4163.64716531135,3798.577819210427,5565.192692522549,4629.80172130269,4978.849559578283,4739.066335913977,4315.297918196087,0.012189973614775725,0.012577951590740936,0.1179614733276884,0.09643940603544628,0.10786909553060792,0.07825116872078199,0.0806169502305613,0.0850029074377544,0.00823784126313566,0.09509642458694151,0.1182436019963895,0.13131527328632772,0.02058264724509183,0.11122281602201174,0.14111793351683252,0.07599382683199404,0.07722110179386477,0.01024395395501109,0.016215930699345023,0.09249841068022886,0.15302660871408882,0.14214701216287678,0.06170100369783413,0.12294257740142894,0.12960016968925656,0.009504699545886577,0.00823784126313566,0.15302660871408882,0.14478876745095318,ESN,0.0,False,0.02058264724509183,0.0005873114817905172,0.12960016968925656,0.03211639608673604,0.09643940603544628,0.01657132073700139,0.14214701216287678,0.04263524665454814,0.15302660871408882,0.02523363129994554,0.002936557408952586,455.0
ENSG00000185697.17,MYBL1,66562175,66614247,8,8802.753556609514,8132.392402449307,2368.5078864748257,1287.1285053311276,2137.503065523009,1189.2352925990356,1225.0789470069894,2179.974047791814,10650.399629962476,2809.9687338442263,1689.4288138107372,2282.8765263392156,10535.742628657948,2122.7160140129727,2059.19695044786,1968.8670697385728,1474.2356558732138,13761.12876869788,12640.387234115095,1855.757269713462,1274.3287511025846,2432.7067598700582,2770.8925876067474,2319.5831341978806,1874.573934238209,9243.612353388722,0.0533509234828496,0.045819680794841985,0.021538950042337003,0.013199212305072117,0.021764456682906164,0.012537186570335741,0.009646472677161181,0.009039488290955225,0.09985742197813803,0.047441959305105454,0.012636720824041627,0.019986216402481046,0.09937724298078952,0.018572411238689877,0.015403345331357189,0.037890479484859775,0.015815730814138628,0.18259583905375434,0.13770335939150644,0.011390125026488663,0.009275946146506944,0.02168164992067689,0.013946117274167988,0.02122254564699656,0.015378088874748118,0.0676417784348928,0.009039488290955225,0.18259583905375434,0.17355635076279913,CLM,0.0,False,0.18259583905375434,0.03846840297951313,0.047441959305105454,0.005919668676174082,0.037890479484859775,0.003221853603722754,0.02168164992067689,0.0020372885221356858,0.013946117274167988,0.0002305453706019766,0.001152726853009883,272.0
ENSG00000288602.1,C8orf44-SGK3,66667596,66860472,8,10514.025759833146,9548.46537879048,2564.2243325675718,1158.366642122809,1861.1987332541694,1191.7086016207238,1207.8816567224303,2332.1976476750733,10319.307637415524,2600.187439063953,1486.757178734397,2086.4718277227007,13596.643203187752,1921.9381546410784,2091.4107502551637,1817.5673247240757,1328.765698679429,12191.359215915849,13476.644894927487,1906.6244152451936,2126.976817842845,2704.392267603907,3466.5791309040446,2506.437963765755,1622.3531524686298,11008.33904075194,0.08627968337730871,0.07150406933727936,0.027148602878916173,0.0098461865985417,0.01456259267104427,0.012749681257968552,0.009434462288652143,0.01247555109161072,0.0925701008607488,0.03872921425915104,0.00828289264096846,0.015480040290515825,0.1901519949335022,0.013281125985501878,0.01619733220410756,0.032355915065722954,0.012153699182676999,0.1331185975287781,0.16210648637227973,0.012449671540580631,0.047068801017703804,0.029402432575356956,0.028526148969889066,0.025826938343477112,0.010393466963622866,0.10930404477769563,0.00828289264096846,0.1901519949335022,0.18186910229253375,GBR,0.0,False,0.1901519949335022,0.04157601352167036,0.03872921425915104,0.004207322870197011,0.032355915065722954,0.00244280373964806,0.029402432575356956,0.003334260125418519,0.047068801017703804,0.002502020092424485,0.0122140186982403,1003.0
ENSG00000104205.16,SGK3,66712734,66862022,8,10345.861635519897,9160.607517094459,2412.26070999866,1061.735951800983,1668.6631189372738,1119.9169051508873,1118.626285659639,2152.04705559118,9864.508445660073,2400.4560013190517,1326.843445282246,1883.707225434097,13767.90508011068,1684.1526883299125,1955.344528483133,1668.365674362202,1205.8456849712088,11188.625985425255,12800.025615725595,1811.2391990960218,2158.3189808281854,2596.332832440732,3385.9164393164524,2417.598030900292,1471.8645943284503,10768.020439935377,0.08321899736147757,0.06352394038685129,0.022703217612193058,0.006546383522273671,0.010485066723151875,0.010571610709732256,0.007526368792070811,0.008775175767827879,0.08137508581084649,0.03161026403867609,0.005681214824254008,0.011610030217886869,0.1956407008655267,0.00857188211016456,0.01291551979673936,0.026342397956468522,0.008916250928776138,0.10444608723202027,0.1416120853581238,0.01043653316380589,0.048658963214247855,0.026546800634584877,0.02709984152139461,0.023392431860280498,0.008060239686074876,0.10291477452740522,0.005681214824254008,0.1956407008655267,0.1899594860412727,GBR,0.0,False,0.1956407008655267,0.043905601078915946,0.03161026403867609,0.0029892931104230852,0.026342397956468522,0.0017035108556676096,0.026546800634584877,0.0028264450795636633,0.048658963214247855,0.0026703975983135143,0.008517554278338047,828.0
ENSG00000178460.18,MCMDC2,66870749,66922048,8,8430.82828106096,7898.541291832889,2228.7158059539315,1108.8643239368241,1949.6677706066916,1198.6844417717098,1291.6348240978984,2206.943394555079,8416.18599320151,2467.7590848790655,1519.2650362955271,1655.5440906263123,10793.242689676299,1668.2679304851144,1926.051577337904,1589.8321966499932,1113.0945789127911,7854.603740337931,11388.847907043231,1862.936637612454,2251.741501562962,2313.8242237897725,3255.816153520822,2100.117971845858,1649.571815202657,9068.683851663334,0.04717678100263852,0.042543071556917875,0.01772861981371719,0.00830273032093246,0.01625714890912942,0.012909052273693157,0.011395558382360735,0.009779563355711793,0.050905634472197286,0.03373532380598204,0.009026229160029733,0.008270158511371467,0.10528815706143128,0.00830731784750516,0.01238619521490578,0.02336224788462562,0.00647489650780172,0.03918048368359911,0.10336995563067822,0.01149607967789786,0.053429449803879994,0.017662612374405078,0.02440570522979398,0.01619476051865573,0.010764662212323682,0.063575879184708,0.00647489650780172,0.10528815706143128,0.09881326055362956,KHV,0.0,False,0.10528815706143128,0.013396618184809769,0.03373532380598204,0.0033351693323865244,0.02336224788462562,0.0013801941677251065,0.01772861981371719,0.001471218325596854,0.053429449803879994,0.003207709730056771,0.006900970838625533,744.0
ENSG00000261787.2,TCF24,66946501,66962591,8,8069.712061668194,7773.595597627316,2352.555301852057,1241.6996928357653,1796.8041851585251,1132.4103223455957,1113.237356813357,1807.3173675390756,8632.13453211687,2549.4130375453688,1461.9337994714142,1770.3811260477662,10773.526186998928,1561.1728161340316,2032.7268948344015,1475.1545693544174,1158.7697911937835,10958.746741986375,11851.406202980172,1811.686041027288,2112.941178632495,2599.905436158993,3017.6971322513627,2332.191041285782,1577.0211394827252,8870.456685461444,0.04226912928759895,0.04027058450480921,0.020745131244707875,0.011921869178774814,0.012973946197839441,0.011049723756906077,0.007420363597816293,0.005180525453295977,0.05465490838041929,0.03692291345694098,0.007751937984496124,0.009860573609712134,0.10486594891281402,0.0069315836816762795,0.014715223374973534,0.019583843329253364,0.0078017195626791215,0.09837364029992607,0.1159412634692584,0.01048951048951049,0.04600869288667444,0.026705446853516657,0.01954569466455362,0.02154008997089177,0.009757132251564323,0.0598268032527194,0.005180525453295977,0.1159412634692584,0.11076073801596242,CLM,0.0,False,0.1159412634692584,0.016113545426676597,0.03692291345694098,0.003882404519648664,0.019583843329253364,0.0010130433096419296,0.026705446853516657,0.0028538124916821866,0.04600869288667444,0.002392754036383225,0.005065216548209649,637.0
ENSG00000178125.15,PPP1R42,66964099,67056604,8,7306.311849612711,7009.157569696016,2127.4852112116337,1077.1600773286734,1607.2328770703882,1103.2683261206907,993.2249459992508,1791.3165644085566,7914.264756120889,2089.1521796584493,1226.484246491622,1620.0529417058663,9112.567483248164,1471.837412250996,1651.7114628810082,1358.0302371012538,1135.0916421688846,8069.064811551501,9938.985264716217,1550.6514620649139,1949.4505714955917,2240.404513479607,2854.2406649183067,1940.2264842510974,1397.0076378821418,8181.534267217973,0.03224274406332454,0.03070499947151464,0.01529424216765453,0.007291500345947097,0.0086846007201864,0.010146621334466638,0.005194254518471405,0.00502193793941957,0.0433542799809896,0.020719332731233067,0.004513114580014866,0.007315909452367068,0.06887270424319189,0.0057145880734430395,0.007939868727503706,0.015645787877175243,0.007111771574142872,0.04250712852465942,0.07056834988379464,0.00641025641025641,0.03795187109085127,0.01565309360126917,0.015583729529846805,0.01275469700979095,0.0066815144766146995,0.04852677157038758,0.004513114580014866,0.07056834988379464,0.06605523530377977,GBR,0.0,False,0.07056834988379464,0.006224053549695165,0.020719332731233067,0.0014684593614294782,0.015645787877175243,0.0006834483749918059,0.01565309360126917,0.0012028874115003903,0.03795187109085127,0.0016406356886169435,0.0034172418749590294,506.0
ENSG00000164687.11,FABP5,81280536,81284777,8,10717.458663320089,9256.402078136167,2051.9738031464617,1206.2949562893439,2834.8433651115934,1069.801736881247,1199.0448745178592,3290.0750218631706,10141.8082654492,3128.981613288872,2976.7221561112733,2054.381131525559,11369.231611630028,2996.6332607185605,2304.025784158366,1134.951897142327,1149.602927441329,11332.029578715361,10035.312417281035,1638.7530679578822,1591.6981062550822,1518.5715680294124,3575.4246848244993,1842.9600748176413,3094.7301563942583,9835.393257210073,0.09187335092348285,0.0658492759750555,0.014024132091447926,0.011017084464314226,0.04644143190002118,0.009349766255843604,0.00901044151163407,0.0361579531638209,0.08797592015630776,0.06104234181586357,0.054953806944886906,0.014843874251179558,0.12011821828161283,0.047621567278692,0.022231632437010374,0.010324091320312916,0.007536354951703641,0.10824796705037491,0.07273399535178533,0.007893621529985167,0.02083112477472702,0.0051824431517715494,0.03143159006867406,0.011696215930140249,0.05833068193869976,0.08126518111733023,0.0051824431517715494,0.12011821828161283,0.11493577512984128,PJL,0.0,False,0.12011821828161283,0.017244072410868182,0.06104234181586357,0.009047048035967243,0.011017084464314226,0.00036954194210919256,0.022231632437010374,0.002121517386969662,0.0361579531638209,0.0014920741387061192,0.0018477097105459627,344.0
ENSG00000079102.18,RUNX1T1,91954972,92103385,8,11812.719755189299,8711.472541860272,2434.5725819133536,1231.5035635901643,3411.487026485683,1030.1674743166484,1229.706629810862,3510.0818822049796,13952.54086301011,2741.6498245154266,4349.7231797916165,2358.4593897032028,9306.511895291436,3746.694664655905,2051.533730983399,941.6573504864945,1201.4606242174941,14387.74210082914,10239.971279090467,3102.651966355071,1934.156227279817,2257.6418110939067,3608.176389784761,2750.661398890485,3692.0352874681457,11903.712076127495,0.11873350923482849,0.05506817461156326,0.02312658763759526,0.011655756027462877,0.06889430205464944,0.008074798130046749,0.009752477871415699,0.04244859121425173,0.20351692453926176,0.04446687563087712,0.11532335138579165,0.02258389439643747,0.07225036943213003,0.07783480607439547,0.015244547956807113,0.0052684795912937045,0.008863178006581042,0.20450945189565953,0.07637861821255018,0.0473087518542064,0.036679741333616026,0.016129032258064516,0.03254094030639197,0.03429478698068272,0.0817159826068512,0.13507234132432147,0.0052684795912937045,0.20450945189565953,0.19924097230436583,JPT,0.0,False,0.20450945189565953,0.047797880727234524,0.11532335138579165,0.026389457303311388,0.011655756027462877,0.00040791271605914754,0.03429478698068272,0.004276653033635422,0.0473087518542064,0.0025270836080438794,0.0020395635802957376,365.0
ENSG00000164920.10,OSR2,98944403,98952104,8,4625.487428330407,3821.689327736749,1437.4196052448854,1530.7099011286318,1966.4531491950054,2003.747808879152,1953.9068883077384,2271.1633335127976,4018.460658789894,1697.0831076983054,2033.263493119965,1245.9515268239043,4444.699244021546,1873.3592923292283,1509.2852612864096,1555.6235257722753,1590.6220903816245,4788.63853769199,4673.243281431604,1899.1020539292456,1398.248755038326,1394.0056800917127,1955.691500631557,1385.0317699319414,1446.8296117257776,4041.652608512124,0.009815303430079155,0.007028855300708171,0.005186282811176969,0.02038426739049444,0.01668078796865071,0.04334891627709307,0.033338633593046056,0.010995400962097585,0.0080266145640809,0.010200286883068586,0.022034618243601995,0.004506176111965223,0.011716276124129196,0.012169956082332399,0.006034300232902816,0.02229790857325315,0.019902345823161024,0.009715915091350724,0.010405662370589479,0.012343716889171434,0.012933319198558254,0.004177683765203596,0.005176967776016905,0.005662873776131252,0.007636016544702514,0.008184602386735663,0.004177683765203596,0.04334891627709307,0.039171232511889476,PJL,0.0,False,0.011716276124129196,0.00019954003432763191,0.022034618243601995,0.0016287024642810198,0.04334891627709307,0.004079132018524584,0.006034300232902816,0.0002574711122873975,0.012933319198558254,0.00019887167853559017,0.0009943583926779508,248.0
ENSG00000189376.12,C8orf76,123219967,123241377,8,10980.6818916747,6760.052498308601,1557.7313387541146,1229.5318837919065,1772.3372885392132,1272.6365861127763,1321.1654456794047,2250.8954411749037,11530.870049589226,1662.4316030354012,1871.5838405364088,1507.2603010437497,13430.140825162733,1819.5716356107255,1606.961054643599,1457.3055684402575,1309.154514965005,10710.883404898428,11826.826774019051,1840.6412168790716,1475.085591967696,1780.0787588407088,2703.0493288916923,1794.7965016651242,1744.7119149744349,11899.404372591947,0.09804749340369392,0.02758693584187718,0.006297629127857748,0.01160253339720049,0.01239144249099767,0.01567148321291968,0.012296602533524143,0.01067822593434477,0.12261709880128849,0.009828401423790043,0.016725071678878625,0.00609659121030589,0.18529660122440364,0.011429176146886079,0.007145881854753335,0.01883880581129264,0.011622969960726037,0.09203717393600169,0.11551869849989437,0.01112523839796567,0.015265557086822855,0.00814383923849815,0.01283676703645008,0.010531886742524477,0.012143387421783858,0.1348611257788573,0.00609659121030589,0.18529660122440364,0.17920001001409774,GIH,0.0,False,0.18529660122440364,0.039565888349704495,0.016725071678878625,0.0010241227752167037,0.01883880581129264,0.0009464525026756369,0.010531886742524477,0.0006337335537536961,0.015265557086822855,0.00027524066229634505,0.0013762033114817253,290.0
ENSG00000259305.6,ZHX1-C8orf76,123226189,123274284,8,8937.868116879004,5935.403788876049,1521.0170168100206,1399.7410360543968,1825.8107489754584,1433.4706701808905,1514.231014668367,2247.086743840105,9650.535556710927,1750.497872757804,1829.5958755481079,1521.593528064412,11534.998095749355,1803.5973282138846,1689.1182077829142,1529.9013838243764,1426.928123015038,9234.189665703434,9549.063084489593,1777.589307306816,1317.8307765752343,1702.4961649952265,2654.4489472570854,1794.9302563698598,1778.9159896057986,10131.001122652906,0.05546174142480211,0.019236867138780256,0.005874259102455546,0.01617967959976582,0.013609404787121372,0.01997450063748406,0.018338898606031696,0.010519638420468361,0.07609441833447748,0.011475322743452159,0.015556971434639482,0.006202618883528601,0.12565970023221448,0.011111699031694799,0.008733855600254076,0.021393220158586558,0.014701199448041609,0.062150174252825006,0.06253961546587788,0.009641873278236915,0.010548075903742182,0.007191961924907456,0.01220285261489699,0.010584810796507013,0.012832750026513946,0.08744323582215652,0.005874259102455546,0.12565970023221448,0.11978544112975893,BEB,0.0,False,0.12565970023221448,0.018800373153182476,0.015556971434639482,0.0009066529232072841,0.021393220158586558,0.0011827871812979062,0.010584810796507013,0.0006388918015511637,0.01220285261489699,0.000177451862055187,0.000887259310275935,238.0
ENSG00000165156.15,ZHX1,123248451,123275541,8,8010.866967593412,5304.762015852126,1415.6016283072915,1495.1622082698266,1688.0380922114848,1485.819744907602,1568.3831177740312,2056.97897901547,8913.811093584107,1604.469864908658,1628.0254788311709,1469.4838093630055,10815.17043499584,1589.481204382887,1665.861505414693,1500.833985451781,1505.045336316579,8430.457928311524,8729.260942187637,1611.4649494666114,1159.4728813233887,1564.5247214419219,2422.185601394117,1679.675085452715,1621.5006356092663,9590.144278814247,0.041688654353562005,0.01411055913751189,0.005027519051651143,0.019160146894459523,0.010908705782673162,0.021940076498087546,0.020405999893994806,0.007453613152191151,0.06030522258013413,0.008712745045954418,0.011309334182860785,0.005725494354026401,0.10581591724720286,0.007513625059526959,0.008151598560237137,0.020594965675057208,0.016877189258040548,0.0482627521385574,0.04848933023452356,0.007310870947234584,0.006519665005830595,0.005499735589635114,0.010036978341257264,0.008520772691188144,0.010340439070951321,0.07513993029886999,0.005027519051651143,0.10581591724720286,0.10078839819555171,BEB,0.0,False,0.10581591724720286,0.013525566746214811,0.011309334182860785,0.0005301499942781408,0.021940076498087546,0.0012362986581526863,0.008520772691188144,0.0004498586871958485,0.010036978341257264,0.00012098767241509424,0.0006049383620754712,183.0
ENSG00000290230.1,ENSG00000290230,144078642,144084330,8,13922.211192535091,12674.6437520907,1995.6394042296474,1263.082156821174,2471.130646063258,1184.0289901316658,1291.2446584162162,2619.5947787436426,14631.27427089658,2391.069808934129,2655.4371861802106,2696.2578083338376,12999.156414588891,2686.6399292033693,2395.905072728925,1118.6370366545978,1369.1941269276253,13268.484453647014,15988.918571861039,2022.110132279026,1763.028502097201,1797.7202032065345,2998.9836697816118,2114.493645938885,2523.1588123101055,16033.266635119693,0.18364116094986807,0.14966705422259804,0.013071549534292973,0.012613763372185853,0.033732260114382545,0.012430939226519336,0.011342555785233476,0.018396151609663267,0.23097639541638063,0.031291505073580195,0.044334713815440165,0.031861315803424696,0.1704665400042221,0.036562781099529075,0.025460512386195216,0.009685487733489437,0.013109011782188727,0.16601541873481887,0.25279949292203674,0.014833651197287561,0.02819887628538111,0.00824960338445267,0.01901743264659271,0.016459380788568404,0.03558171598260685,0.28387369310381244,0.00824960338445267,0.28387369310381244,0.27562408971935975,PJL,0.0,False,0.28387369310381244,0.08958858548368008,0.044334713815440165,0.005281931097702601,0.013109011782188727,0.0005012149654768955,0.031861315803424696,0.003796730107817198,0.02819887628538111,0.0009165234090032042,0.0025060748273844774,407.0
ENSG00000178896.9,EXOSC4,144078648,144080648,8,15200.611636971824,13805.635719766235,2031.2494764921478,1289.6416605419106,2454.2237795290953,1201.3400990120238,1320.8777975976395,2639.604922084928,15782.602294368398,2327.316170194236,2603.60945129006,2739.185984444786,14076.460737424415,2686.190508879362,2443.4713717212453,,1380.1837447687271,14133.345891598708,17256.550091215868,2028.445393000006,1777.2730309434596,1805.0475920942636,3064.881017236536,2137.929496949261,2522.385871587741,16977.745474471158,0.22939313984168866,0.18750660606701194,0.013653683319220998,0.013305657565596892,0.03283202711289981,0.013068423289417765,0.012243599936396883,0.01881905164666702,0.27580926229075353,0.028900812835360994,0.04258256344908145,0.03323967555531994,0.20730420097107874,0.036509868246997194,0.0269955536735126,,0.013533595159749496,0.19600802619072763,0.3051975491231777,0.014939605848696759,0.02872893035089579,0.008672659968270756,0.02033808769149498,0.017200317544323895,0.03547566019726376,0.323687823423804,0.008672659968270756,0.323687823423804,0.3150151634555332,PJL,0.0,False,0.323687823423804,0.11520205926910865,0.04258256344908145,0.004935419032675148,,,0.03323967555531994,0.0040658919853101315,0.02872893035089579,0.0009505981962783611,0.004752990981391805,611.0
ENSG00000197858.12,GPAA1,144082337,144093149,8,14391.072910232817,13217.762015756623,2011.0050960382293,1262.373332527338,2581.804365572393,1169.279991496385,1297.5512092692127,2852.68062489652,15771.162103146567,2653.643123160712,2935.955994581351,2682.894408041901,13462.823486514806,2778.170742703928,2401.368369240668,1159.0214670023886,1383.5854012603206,14296.42188186469,16066.291811025074,2178.954478916943,1851.0960853561457,1842.0292297922463,3078.605442268346,2194.4106333519508,2700.6084773926063,16401.921151577626,0.20121372031662269,0.16684282845365184,0.013283234546994073,0.012560540741923466,0.036962507943232366,0.011952826179345516,0.011607568770869773,0.024263889623090344,0.27533400221788035,0.04096052701482229,0.053467133906764365,0.03143720511053385,0.186088241503061,0.039525900841314354,0.025936904509845437,0.011015911872705019,0.013639741004139687,0.20165804203189355,0.25570462708641456,0.01859504132231405,0.03201526555708682,0.009095716552088842,0.020655044902271526,0.0184175707859222,0.04295259306395164,0.30061252508184605,0.009095716552088842,0.30061252508184605,0.2915168085297572,PJL,0.0,False,0.30061252508184605,0.09998238512156828,0.053467133906764365,0.007238916933777623,0.013639741004139687,0.0005373283225081384,0.03143720511053385,0.003715332738613237,0.03201526555708682,0.0011754393253120652,0.002686641612540692,433.0
ENSG00000235173.7,HGH1,144137774,144140851,8,17895.659646850745,14067.165624920888,1881.3812256052768,1520.2396362261695,1781.986041971581,1474.2525185170978,1672.5853015133769,2390.2628968382987,20111.09336234783,1886.0122611640134,1738.3712544137782,2053.856388569434,17878.136760699002,1940.2603661170892,2229.607975516051,1573.6169584017175,1666.0123259653133,18355.73745312968,18038.99064846754,2064.9607804425464,1657.5065212251993,1687.496955105961,2309.800346634235,2024.1937775464885,1885.1728150877816,20590.980705469494,0.3387862796833773,0.1966494028115421,0.010795935647756138,0.020064931608920113,0.012656216903198476,0.021568210794730133,0.023745163513012136,0.013849976211872918,0.4597349104926863,0.014981671359506987,0.013433152808750133,0.014737846577956846,0.3632045598480051,0.013598603100693158,0.01995553673512598,0.022670427332233515,0.022290627321940346,0.36339634597106346,0.33784069300654973,0.01589319771137953,0.023428389695748966,0.0069804336329984135,0.008505018489170629,0.014395342683249537,0.015749284123448934,0.4757102122716232,0.0069804336329984135,0.4757102122716232,0.46872977863862475,PJL,0.0,False,0.4757102122716232,0.24089427038089228,0.015749284123448934,0.00092559262134853,0.023745163513012136,0.0014200956412149803,0.01995553673512598,0.001781496332787502,0.023428389695748966,0.0006373357355126568,0.003186678677563284,481.0
ENSG00000107362.14,ABHD17B,71862452,71911193,9,7599.777309914275,6394.235670114159,1672.0389086048874,1693.3973884518,2754.1859489245385,1381.407502628188,1491.4201594011745,3049.577003699465,6918.840789787628,2958.2436921459453,2596.2055935751387,2148.2290421307675,6968.04078892347,2414.1912529621864,1578.8614002806557,1385.7801810449316,1455.5698032836353,10599.918607715203,11226.175006751762,2118.199852558634,1650.4831013115702,1797.8260846045473,2628.0358064835823,1759.965826811187,2147.0332635252994,6060.539702273358,0.03577836411609499,0.023623295634710918,0.007779424216765453,0.02751609984565437,0.04268163524676975,0.0185401614959626,0.01749085705199555,0.02928582756250991,0.029782964566721234,0.05328587366519683,0.041998513326961875,0.017017441552245136,0.033407219759341356,0.026932641938726916,0.006881219563836544,0.016656910222979087,0.015391147436577858,0.08955539127679797,0.09940840904289035,0.01721763085399449,0.023057351849888687,0.00830248545742993,0.011938721605916535,0.009896798094734057,0.02280199384876445,0.02170239729644102,0.006881219563836544,0.09940840904289035,0.0925271894790538,ITU,0.0,False,0.09940840904289035,0.012000011924483855,0.05328587366519683,0.007197668380285257,0.02751609984565437,0.0018387924568718022,0.017017441552245136,0.0013769603414331153,0.02928582756250991,0.0009870547095928957,0.004935273547964479,627.0
ENSG00000106809.11,OGN,92383268,92404696,9,6506.731860220403,6944.148670261311,8274.633749968203,2886.251572686448,7700.245459005989,3223.166642855228,2597.012711519189,9142.62172507658,5301.768179087711,6525.961773182263,6737.1205713100235,8070.374809768319,3864.420811190625,7793.650253760645,9151.593736854551,5122.755853714132,2562.4696535186413,5869.874805586401,5003.348361411943,4451.582007132945,3723.2383141186315,8360.961615741957,8647.697687678794,10626.314581057357,6547.167702756485,5472.97302912375,0.02358839050131926,0.029912271430081388,0.29059060118543606,0.08121773378040342,0.2962296123702605,0.0993943901402465,0.059415911379657606,0.3039065390918222,0.014204995511432644,0.23402220687456834,0.245566528618456,0.2903567831203944,0.008444162972345366,0.28313667389808983,0.35210671183569764,0.21951998297057101,0.0579025581148498,0.016686028091667547,0.011831819142193112,0.10754397118033482,0.14783207887204494,0.28947646747752515,0.2323296354992076,0.43318338184704946,0.22457312546399405,0.015893969796177,0.008444162972345366,0.43318338184704946,0.4247392188747041,GWD,0.0,False,0.029912271430081388,0.0012020106188247847,0.2962296123702605,0.1290852809919423,0.21951998297057101,0.07007730735515172,0.43318338184704946,0.25846933480548445,0.3039065390918222,0.09684267190243481,0.0060100530941239235,694.0
ENSG00000158122.12,PRXL2C,96639577,96655317,9,19114.768617814614,13177.734488341039,2380.4275065956544,1807.1973662030798,1677.2114119390535,2191.258732418982,2034.7288873625262,2609.036591138684,17597.262391615644,1750.4175428238525,1714.2358632994549,2033.5484773390085,19116.87178480537,1775.832966382727,2098.1506940746763,1879.3682395430292,1883.9936736557052,18013.29254191896,19779.73127288436,2134.5279244997705,2560.3858708758426,2345.698631611316,3626.7312331579105,2672.122717060298,1517.8199516049085,19557.171360092507,0.3887598944591029,0.16568016065954974,0.02180355630821338,0.03150779711533344,0.010696886252912518,0.050626859328516786,0.03577675306089998,0.01823756409578686,0.3535406875429054,0.01142219624926951,0.012955293617925029,0.014472777394900068,0.41693054675955243,0.010159267686120958,0.01646199449502435,0.03427172582619339,0.029986201040229275,0.3489808849931355,0.40883160785970846,0.017800381436745075,0.07076221774621011,0.01850872554204125,0.03301637612255679,0.031648584281555966,0.008749602290804964,0.4356848664061675,0.008749602290804964,0.4356848664061675,0.42693526411536253,TSI,0.0,False,0.4356848664061675,0.20356226776264139,0.012955293617925029,0.0006663446161486138,0.050626859328516786,0.005354605657973488,0.031648584281555966,0.0037558174909348868,0.07076221774621011,0.005563910915145462,0.0033317230807430693,497.0
ENSG00000081386.13,ZNF510,96754553,96778129,9,30213.70200980113,19225.675084946546,2688.1943924492225,6535.944083165848,1335.9556109839139,6059.021400016258,5024.869346232856,2336.272332065721,32012.11670260201,1432.8616084586117,1200.4908055325755,1947.1231203799914,31528.899297046923,1277.135180696255,2528.6873592701245,6703.527235497356,3887.182088641775,25246.750255213126,34335.15947670752,1382.9519313373846,1214.9169452164506,2087.607944583243,2722.431843969046,2953.1181362307248,1334.3248667264215,31235.729136868194,0.7846437994722956,0.4057182116055385,0.031064775613886538,0.31795199318750333,0.005030713831815294,0.2847960050998725,0.20347697037154822,0.012634138605487129,0.8522469240111951,0.006640811772831111,0.004088350854836997,0.012882362296559402,0.8380303989867004,0.0037038996772315994,0.02884818970993013,0.33383002501197384,0.12902027385627854,0.6335938325060725,0.8662053665751109,0.004714981987709261,0.007632778543411428,0.012374405076679007,0.013206550449022716,0.04022228102672665,0.0055149008378407045,0.8330341113105925,0.0037038996772315994,0.8662053665751109,0.8625014668978793,IBS,0.0,False,0.8662053665751109,0.7594321687313844,0.006640811772831111,0.00021643006966823165,0.33383002501197384,0.14612373195870176,0.04022228102672665,0.005534518208475318,0.013206550449022716,0.00020719075882735116,0.0010359537941367558,255.0
ENSG00000136929.13,HEMGN,97926791,97944856,9,5597.666239884807,4309.48682470712,6539.994757158746,4807.25652145759,9186.004934703316,3571.360368368098,4943.965859741405,7914.675098283187,3983.9575791992133,9161.312741421205,8570.200811901035,6823.855288409741,3611.7154565934816,9891.118300950584,4147.743314486016,3104.0583975980894,3807.865909229372,4563.1928216708075,4554.953889271651,7704.92830705421,6551.837738378008,6069.410619472903,9763.57744975959,6114.891853548028,9543.035915740933,3504.2326850444724,0.015778364116094987,0.008984251136243526,0.1945385266723116,0.19804140720634414,0.391124761703029,0.12170633234169145,0.19732866910478614,0.23455093302320665,0.00786819453978983,0.401423790044095,0.3613146437294255,0.218576048348619,0.007494194637956512,0.42044552621831843,0.08612110946432353,0.09430046298760045,0.12456214839189046,0.008659837364029992,0.009930276780054934,0.28819665183301546,0.36934167285063074,0.1678476996298255,0.29334389857369253,0.17883037840698598,0.4134584791600382,0.006178054704826275,0.006178054704826275,0.42044552621831843,0.41426747151349214,YRI,0.0,False,0.015778364116094987,0.0003529397501020899,0.42044552621831843,0.2326983077488397,0.19804140720634414,0.05850390361984233,0.218576048348619,0.08550177338252543,0.36934167285063074,0.1419295248931738,0.0017646987505104495,334.0
ENSG00000119523.10,ALG2,99216425,99221942,9,4335.156171747297,3383.2061390200242,3750.630806850512,1901.8521969045078,3791.7906750857733,1739.7628139198605,2062.173632931419,4334.567970225708,2861.930127497362,3378.2166449930623,3570.693546461114,3714.4047498641676,3403.4045031987575,3988.570310185322,3633.166458945819,1717.0112691659558,1935.4071195745428,4717.171597359699,4718.043620630585,4415.915946216523,5003.255870943959,3342.679305332675,3812.4979291159016,3608.0993997592223,3287.3980222049395,3230.734904157865,0.008865435356200527,0.005813338970510517,0.06498729889923793,0.03454148704028953,0.08515145096377887,0.03160858478538037,0.03673079980919065,0.07051858117037585,0.004488567354913661,0.0712957551931148,0.08065201231814803,0.06886497375815087,0.006122018154950391,0.08667125244721943,0.0662185051873809,0.028471076579213453,0.032109117928033115,0.00945189565952054,0.010511303612930487,0.10505403687221869,0.24398388635640836,0.0493918561607615,0.03724247226624406,0.06366763694098967,0.06601972637607381,0.0051747808638715805,0.004488567354913661,0.24398388635640836,0.2394953190014947,ESN,0.0,False,0.010511303612930487,0.00016207975580317206,0.08667125244721943,0.016319131738110837,0.03673079980919065,0.0030509862828958117,0.06886497375815087,0.013205593765528314,0.24398388635640836,0.06296583878734652,0.0008103987790158603,224.0
ENSG00000106803.10,SEC61B,99222064,99230615,9,5556.2239889818275,4160.550309323979,3424.742324061106,1721.007777404766,4041.8276786701235,1577.813715462468,1837.9875614935252,4771.568892748219,3409.3973739421112,3416.9660040095237,3881.255811784425,3892.0525684332247,4229.714823422534,4294.333723287916,3617.799319484151,1556.5366013796577,1710.5445104570404,5656.774834793285,6047.992759812578,4715.715282850028,5465.189912197769,3222.7354123472123,4332.044072603183,3435.349046001507,3641.208069052885,4087.9850690266835,0.01562005277044855,0.008085826022619173,0.053873835732430146,0.028633775081164513,0.09627197627621267,0.02528686782830429,0.029469444002756136,0.08854469524766083,0.0062311876221154356,0.07235828507676778,0.09419135605819264,0.07512060647829083,0.010555203715431708,0.10026985554791258,0.06568918060554732,0.022351125538821775,0.02398896083218342,0.01510191150068645,0.018540038030847243,0.11856325492689129,0.27960351955899504,0.04537281861448969,0.05192815636555732,0.057263826409102936,0.07943578322197475,0.008501425704931884,0.0062311876221154356,0.27960351955899504,0.2733723319368796,ESN,0.0,False,0.018540038030847243,0.0004807346968791949,0.10026985554791258,0.020854893271790916,0.029469444002756136,0.0020737057760967684,0.07512060647829083,0.015199393550017247,0.27960351955899504,0.08224558219081776,0.0024036734843959746,398.0
ENSG00000157653.12,C9orf43,113410054,113429690,9,4902.598387572952,4081.95724206815,4898.498958691379,2174.028446307692,4844.131435592982,1766.522693498402,1998.8385210823637,4445.750604377688,4582.920784494689,4493.247833033756,4660.828202607465,4360.899566719457,5483.575700956659,5385.1481132086965,3710.7391820310227,1940.5825727939691,2025.4650340454787,4813.2105967207945,5144.370754607461,2679.9643420040015,1789.4339293489074,4966.254579898808,5315.709637713761,4542.423049063141,5756.904479137639,4918.230852742384,0.010976253298153034,0.007821583342141423,0.11616215071972905,0.04550534887434137,0.13392289769116714,0.03277730556736082,0.03492871150686384,0.07416609398953322,0.010350108253683266,0.12346597248047601,0.12949984071360307,0.0967502518157239,0.01841883048342833,0.15011376263294354,0.06939445267838239,0.03656005534564419,0.03539963910412907,0.010032738409546943,0.012888231565603212,0.03215723670269125,0.029311989822961942,0.11353781068217875,0.08600105652403592,0.10330775337390845,0.1807720861172977,0.012725736614214805,0.007821583342141423,0.1807720861172977,0.17295050277515628,ASW,0.0,False,0.01841883048342833,0.0004747313875691687,0.1807720861172977,0.056224973429660874,0.04550534887434137,0.004441495461693001,0.11616215071972905,0.030759541210505798,0.08600105652403592,0.008154808386149709,0.0023736569378458435,396.0
ENSG00000214654.9,B3GALT9,120792403,120801787,9,6602.715052060276,6114.43327946934,1568.8715033600656,2463.5773198700645,3733.420202029207,2802.7318917590565,2769.0463452513027,3864.261674679345,6819.0633364825435,3969.5777633900957,3412.191312711386,1915.1793795502888,7105.71151689058,3258.116085805749,1709.7922363962746,3136.574598388643,2420.856155462306,6887.410305810385,8535.42450313053,3798.4713268231517,1938.7722566007467,2388.7908872605376,4253.309698717598,2403.396658243919,3469.8685004614795,6594.942568345267,0.02496042216358839,0.02082232322164676,0.006615156646909399,0.059822236414923624,0.08192120313492904,0.07910114747131322,0.0671012879631102,0.054554104773484165,0.02830437767333791,0.09929341762737078,0.07284697886800467,0.012352223930445846,0.034884948279501796,0.05682840361923911,0.008998517891170866,0.09573732105795328,0.0511622969960726,0.026929982046678635,0.04537291358546376,0.07618139436321254,0.037103784586027776,0.019989423585404547,0.04902271526677232,0.023233659698332892,0.07227701771131616,0.027563628683071075,0.006615156646909399,0.09929341762737078,0.09267826098046138,BEB,0.0,False,0.04537291358546376,0.0026704337653315198,0.09929341762737078,0.020514283486821074,0.09573732105795328,0.01636041353226857,0.023233659698332892,0.0022782995179003772,0.07618139436321254,0.00642983248473516,0.011391497589501885,970.0
ENSG00000136939.1,OR1L4,122723990,122724925,9,8641.223928853125,5477.521229251489,1607.5836871445108,2152.5482693576396,1989.6730254643874,2171.3019960063793,2486.134221855661,2358.0548160182957,8613.215147181283,,1912.4655863282776,1784.8208257228766,13320.61742056231,1970.5484616339686,1893.3955575371483,2314.983137804166,2126.189639321884,9692.186389746494,12559.667990725296,1922.1713330615312,1821.33077464746,1644.1156450904157,2550.906441464961,2353.7663529074985,1644.1458333498717,10803.501049679167,0.050343007915567284,0.015643166684282846,0.007250211685012701,0.04470700942040556,0.0173692014403728,0.04940501487462813,0.054380664652567974,0.012951313633239942,0.05407403495801869,,0.017999362854412233,0.010072628956157558,0.18154950390542537,0.014233557331075718,0.012015668007622275,0.054334521845564365,0.038212503980469166,0.07070440384412292,0.13559053454468625,0.012661580843399025,0.030743135799851586,0.0064516129032258064,0.011463285789751717,0.022281026726647262,0.010552550641637501,0.10412926391382406,0.0064516129032258064,0.18154950390542537,0.17509789100219958,PJL,0.0,False,0.18154950390542537,0.038047180671574386,,,0.054380664652567974,0.0060699219593092265,0.022281026726647262,0.002129145648764135,0.030743135799851586,0.0010856332920152448,0.0054281664600762235,669.0
ENSG00000171459.4,OR1L6,122742303,122750783,9,10652.437866413917,7242.5861821854905,1630.4172101928948,1561.0848286112077,2046.854488921946,1835.0632528254516,1942.0302069156007,2623.1633721242893,11872.349531679987,3054.9494297474203,2033.5493071957849,1900.4140921484106,16335.219698115501,2068.261871133823,1975.30165232527,1956.7089802958617,1564.825972096202,13135.96882508853,15866.598621001602,2180.411995091849,1848.8484168451635,1802.8109973162227,2882.2305329198684,2294.1989813177847,1902.4950436110612,14476.952681717028,0.09023746701846966,0.0336116689567699,0.007567739204064353,0.021555165256266964,0.019010802796017794,0.03522099447513812,0.03286161021890072,0.018501876618914205,0.13317843375402652,0.05764224618817404,0.022140809174896463,0.011928113237555002,0.2964428963478995,0.0174612413355204,0.013391911920389583,0.03709222500133042,0.018787814457064005,0.16136867673460767,0.24762307204732728,0.018648018648018648,0.031697233117778015,0.008514013749338974,0.01664025356576862,0.020693305107171208,0.016173507264821297,0.22177632273735348,0.007567739204064353,0.2964428963478995,0.28887515714383516,BEB,0.0,False,0.2964428963478995,0.09734232411327007,0.05764224618817404,0.008215281953873423,0.03709222500133042,0.0031038095150022755,0.020693305107171208,0.0018892226862014432,0.031697233117778015,0.001152660120512464,0.00576330060256232,682.0
ENSG00000119335.18,SET,128683424,128696400,9,13946.673819480697,9621.61285911529,4665.951299815184,4130.29514157013,2240.144371580187,5634.047351365445,4706.42459536419,2020.1972075740537,13017.778734774323,2138.966239259391,2305.1627043544377,4473.448344383357,10136.680266598261,2616.0180847487222,3635.3526914137606,5173.209897251489,4603.805156148717,11955.974257375403,11910.062126470453,2473.6402764033455,1805.712869268742,4482.300616273629,2914.0759945565383,4625.435881925326,2107.0806943852203,12901.581450648358,0.18469656992084432,0.07287813127576366,0.10526037256562236,0.15328117515567619,0.025153569159076468,0.25371865703357416,0.1819049133407537,0.006924988105936459,0.1675027723504251,0.022578760027625776,0.031751088457045766,0.10258177384297301,0.08919147139539793,0.03391713847293507,0.06632437010374762,0.22303230269810015,0.1713724657679652,0.12567324955116696,0.11726177899852103,0.02574698029243484,0.030160076327785435,0.09264939185616076,0.01722134178552562,0.10722413336861604,0.021847491780676635,0.16522336043932834,0.006924988105936459,0.25371865703357416,0.2467936689276377,CLM,0.13508515065115204,False,0.18469656992084432,0.039320783771056585,0.03391713847293507,0.0033654721032111597,0.25371865703357416,0.09032452460386348,0.10722413336861604,0.027023700961964197,0.030160076327785435,0.0010456411357469147,0.005228205678734573,650.0
ENSG00000177943.14,MAMDC4,136850943,136860799,9,4768.810677349687,5177.418748839581,4630.655478059792,3802.5426811427137,5664.755847710101,3171.648630462154,4068.8836231078835,7475.547389618416,4498.570058185756,5354.0427279941205,5644.792950127639,5072.1626689888135,3892.663111847245,5041.259250140079,5464.7900095136165,3008.8573099539058,3924.5056238203847,7272.167227687833,8760.43580605832,7578.11600337808,7001.273718029897,4354.967346035654,6603.115380391005,5426.3012654000895,4714.448251152632,5056.554086059875,0.010343007915567283,0.013159285487791989,0.10351397121083827,0.13050188940337432,0.17665748782037705,0.09663195920101997,0.14008586420734617,0.21176719352962944,0.009822041506046365,0.16623280029750837,0.18068386959753638,0.13062609341038012,0.008655267046654,0.1338166040531245,0.1482108829134025,0.0891916342930126,0.13124933658847257,0.03231597845601436,0.04901753644622861,0.27993218902309813,0.40618043040390117,0.08593336858804865,0.13861595351294242,0.14495898385816353,0.12875172340651184,0.013359383250607244,0.008655267046654,0.40618043040390117,0.3975251633572472,GWD,0.0,False,0.04901753644622861,0.0030964840643753658,0.18068386959753638,0.05617881000496755,0.14008586420734617,0.03188560957143703,0.1482108829134025,0.04561518399775658,0.40618043040390117,0.17100577166960193,0.01548242032187683,1150.0
ENSG00000148444.16,COMMD3,22316386,22320306,10,9883.221071312048,6866.399146696196,1212.2274607579488,878.0315634638586,1375.293880474887,973.61451107936,875.3550636681139,1988.5841852226056,11389.406294224307,984.9489931896762,,917.5323553454969,10052.767294197622,1352.0734808861034,1043.77629041316,979.1796279590579,848.2211561864294,10227.130571539778,11067.082154952905,1666.8293289059195,1267.9997966845017,1436.2241441152803,1965.835328686924,1274.382928835876,1458.535370506083,10336.172712072115,0.07345646437994723,0.028960997780361483,0.0036515664690939882,0.00393847463941668,0.005560262656216904,0.006852953676158096,0.0028091376477447395,0.006607813078183644,0.11902624491735755,0.0024438187324018487,,0.0022265811376769337,0.08734431074519738,0.004180115350018519,0.002805420283717976,0.006279601937097546,0.002706719031949899,0.08200443552645474,0.09613353053031903,0.008529349438440347,0.009116929926852538,0.004547858276044421,0.005388272583201268,0.00460439269648055,0.007848128115388694,0.09203717393600169,0.0022265811376769337,0.11902624491735755,0.11679966377968062,GIH,0.0,False,0.11902624491735755,0.016944984143718266,,,0.006852953676158096,0.00016077047309961417,0.00460439269648055,0.00016625535205003713,0.009116929926852538,0.00010020610542431245,0.0005010305271215623,163.0
ENSG00000269897.5,COMMD3-BMI1,22316388,22329542,10,7852.578909720215,5671.923567352105,1121.579110928521,839.1263550482153,1291.293915410395,958.8068948298072,864.144995726995,1868.9926648149633,8959.287324819828,918.0616737588076,1233.5789938658058,905.1005682439072,7736.821584216912,1275.9310753411935,1003.8631181757517,951.5825034318193,815.5382679798051,8135.107998246072,8756.05291421215,1614.5942674643384,1230.4386706685004,1353.9026732035882,1805.3827338857755,1208.3495362748845,1366.7574575213187,8184.954219380228,0.038680738786279686,0.01712292569495825,0.00285774767146486,0.0031401351854808664,0.004607074772294006,0.0065342116447088825,0.002703132453490221,0.005709150499550669,0.06125574272588055,0.001965680284758009,0.004725496442603802,0.0021735673010655782,0.04301245514038421,0.0036509868246997197,0.0023290281600677537,0.0054281304879995745,0.0025475002653646108,0.04351040236561411,0.04885907458271709,0.007363848272939182,0.008215838015477579,0.0039132734003172924,0.004490227152667723,0.0040751521566551995,0.006045179764556157,0.04873798711585173,0.001965680284758009,0.06125574272588055,0.059290062441122546,FIN,0.0,False,0.06125574272588055,0.004745885043976959,0.006045179764556157,0.00018477398234392517,0.0065342116447088825,0.00014789222804054806,0.0040751521566551995,0.0001364631773611523,0.008215838015477579,8.171456866928177e-05,0.0004085728433464089,147.0
ENSG00000168283.14,BMI1,22321099,22331484,10,6858.001754278877,5053.519368050318,1079.9220002837078,822.3769640931572,1231.6552058376953,948.7966431276645,854.234945586979,1791.071654630212,7537.385779380156,884.0038887999943,1211.8904119966426,900.3332868645251,6323.570170697074,1238.4060510748877,980.7737403738048,913.0123468404182,801.5050933794471,6783.901111192215,7593.994505634735,1534.491566370002,1198.4625006898455,1298.8972357380162,1686.8718201204565,1157.431193400962,1325.670575195649,6808.404242579344,0.027440633245382585,0.012472254518549835,0.0026989839119390346,0.0029804672946937036,0.004024571065452235,0.006162345941351466,0.0025971272592357026,0.004969075434794101,0.03765115910651106,0.001806300802210062,0.004353828183073166,0.0021205534644542228,0.026071353177116317,0.0034393354145721994,0.0022231632437010374,0.004417008142195732,0.0024413544209744187,0.02608511986482205,0.03338263257975914,0.0059864378046196225,0.007208735290999682,0.0037017451084082496,0.003961965134706815,0.0035988356708123843,0.005355817159826069,0.03036223466047101,0.001806300802210062,0.03765115910651106,0.035844858304301,FIN,0.0,False,0.03765115910651106,0.001867928845892278,0.005355817159826069,0.00015071461439159728,0.006162345941351466,0.0001334552053257889,0.0037017451084082496,0.00011681967213724401,0.007208735290999682,6.323743355915278e-05,0.0003161871677957639,127.0
ENSG00000077327.16,SPAG6,22345445,22454224,10,19043.581298845453,15953.17664387971,1345.1487038285889,1026.3419830222279,1604.4245189871035,1102.085472326566,1033.6128723942802,2654.695559272686,20514.79240167932,1119.3833292047443,1424.0115665040132,1066.2367523990597,19035.495117750204,1791.0805224483747,1019.6255779139544,1101.7139678427698,946.423653530088,20419.595847162185,21699.967355580997,2046.310798038181,1549.9436835533186,1214.2606436292322,2870.9507520014367,1171.5848748127137,1752.01260761506,18546.5299851042,0.38554089709762535,0.26794207800443925,0.004233700254022015,0.005641598807813082,0.008525736072865919,0.010093497662558437,0.005777283086871257,0.01929481418829624,0.47742514653852247,0.0031875896509589332,0.007061696931082086,0.0031278163600699785,0.4132890014777285,0.0108471347690354,0.002487825534617828,0.009366185940077697,0.004245833775607685,0.4461928397930088,0.4848933023452356,0.015469379105742743,0.018975935545425635,0.0033315705975674246,0.016323296354992075,0.0037576078327599895,0.012302471099798495,0.3922272679269194,0.002487825534617828,0.4848933023452356,0.48240547681061774,ITU,0.0,False,0.4848933023452356,0.24988224255479757,0.012302471099798495,0.0006108191442086665,0.010093497662558437,0.0003169599489726602,0.004233700254022015,0.00014515212304704145,0.01929481418829624,0.0004356319875513535,0.0007257606152352073,205.0
ENSG00000165443.12,PHYHIPL,59176643,59247774,10,13502.2584440448,14679.833192070228,5403.521135887844,1469.3124313826613,2701.685701150414,1553.00000552572,1810.1226723722075,2845.56913575189,12443.137819425478,2135.171496964749,2814.5798977134527,5060.967895217803,15858.65960642691,2596.960190150933,4670.501803965523,2516.250085909136,2006.189137989607,18211.67462604002,16552.220112296323,1971.2652274767368,885.073890582159,4079.8124673973157,3548.1291899973708,4176.561839722705,2372.8603099941092,14872.291739717419,0.17034300791556728,0.21974421308529754,0.1392887383573243,0.018468252701048484,0.04088116924380428,0.02406502337441564,0.02846239465733821,0.024052439604588464,0.1503406030522258,0.022366254050895183,0.0495911649145163,0.12972485818798707,0.27728520160439096,0.03317635853748876,0.10946432352318441,0.06375392475121068,0.03460354527120263,0.35758791847079946,0.27646313120642296,0.013721127357490993,0.0033393406127424996,0.07429931253305129,0.03069202324352879,0.08668960042339244,0.02948350832537915,0.23645580314711162,0.0033393406127424996,0.35758791847079946,0.35424857785805697,PEL,0.0,False,0.35758791847079946,0.1394230294610044,0.0495911649145163,0.0063778834879700515,0.06375392475121068,0.008021439483408126,0.1392887383573243,0.04125740172584261,0.03069202324352879,0.0010820980732521516,0.005410490366260758,667.0
ENSG00000138315.13,OIT3,72893584,72933036,10,11376.767737560082,10907.937071651466,3017.7463666920853,2973.9234854318106,1901.92846820099,3753.7198751794795,3522.8673112220813,2557.950532736459,10904.710246611456,1561.3737121204472,1712.5961865280035,2843.146122573401,9936.383144712307,1811.4062225992059,2720.651073171219,3345.1317837927522,3981.0539863840645,11364.689852021746,10734.661905884243,1721.910924194141,1205.7197140680573,2766.5518956272454,3173.5283733669607,2857.586227094162,1570.2164933259946,10842.674220691704,0.10781002638522427,0.1024204629531762,0.041437341236240474,0.08542232157113204,0.015198051260326202,0.13291542711432214,0.10717125139131818,0.016916001480150128,0.10640544964883561,0.008181480104127928,0.012902198152277795,0.03642050575200127,0.08491661389064808,0.011217524736758558,0.03424730044463265,0.10760470437975626,0.13438063899798322,0.10919843700496357,0.08805197549123178,0.009165077346895529,0.007526767730308492,0.0313590692755156,0.022873745377707342,0.03778777454353004,0.009545020680878142,0.10486851832294856,0.007526767730308492,0.13438063899798322,0.12685387126767472,PEL,0.033558918206473526,False,0.10919843700496357,0.014366030941481827,0.015198051260326202,0.0008717313433112026,0.13438063899798322,0.029644149890014362,0.041437341236240474,0.005807417128823565,0.022873745377707342,0.000608095901276839,0.003040479506384195,468.0
ENSG00000138308.6,PLA2G12B,72934762,72954806,10,10916.989581825992,10975.492901899965,2513.9691422983105,2562.50194840411,1751.4265042511686,3085.5184331538503,2848.023714727994,2472.157931290831,12627.111366024277,1731.8354432675012,1662.2857605869817,2302.6291667004793,11921.676276829212,1782.8515514666667,2283.5037451639137,2834.467053954424,3190.873209997012,12290.15436201414,12035.215769336259,1722.9441613671477,1386.3787637252865,2486.6161553185716,3092.216396203898,2684.448812800648,1548.964132811738,12023.358935279019,0.09678100263852243,0.10427016171652045,0.026037256562235395,0.06439938261748895,0.012073713196356703,0.09206332341691457,0.07070546456776382,0.015224401332135117,0.1562021439509954,0.011103437284173618,0.011840288839333121,0.020622382441817314,0.13758708043065232,0.010529657653844119,0.02154351048062672,0.08062370283646426,0.09048933234263878,0.13649804625620446,0.12106486372279739,0.009218054672600126,0.012350259726492101,0.023585404547858277,0.02086634970945589,0.03217782482138132,0.00922685332484887,0.13824057450628366,0.009218054672600126,0.1562021439509954,0.1469840892783953,MXL,0.0,False,0.1562021439509954,0.02852331229814656,0.012073713196356703,0.0005918281422993946,0.09206332341691457,0.015275731529067391,0.03217782482138132,0.0038579138263746325,0.02086634970945589,0.0005078998768842134,0.0025394993844210668,411.0
ENSG00000122884.13,P4HA1,73007217,73096974,10,12647.371124850504,11896.673484673342,4918.37884708412,4923.164365847746,1272.6788785549045,5559.727512544739,6350.652245618106,2237.7224916371,17080.009742333288,1199.3034617228525,1438.0427791032462,4579.385844851554,10491.662444650437,1200.3221685989276,4259.747678185009,5712.384120259672,5548.985269468114,18875.52384831292,14383.678678397077,1699.2927614480257,1782.2359180513913,4400.406547356946,2827.280741632988,3985.2565124916746,1110.0574648578595,15119.947105020283,0.14321899736147758,0.12794630588732692,0.11679720575783234,0.20586513385491512,0.0043423003600932,0.24893752656183596,0.2958604971643611,0.010255325897341017,0.33220679093837463,0.003718854592785422,0.007327174259318254,0.1076180883210518,0.09784673844205193,0.0029102068892533995,0.09136142282447597,0.2615081688042148,0.23500689947988537,0.3869468792903158,0.19295372913585465,0.008847213392667938,0.029046962790204602,0.08836594394500265,0.015002641310089805,0.07853929611008204,0.0028635062042634426,0.24601330657936424,0.0028635062042634426,0.3869468792903158,0.38408337308605234,TSI,0.006328126740791907,False,0.3869468792903158,0.16217687064236125,0.007327174259318254,0.0002553861526200142,0.2958604971643611,0.11824808027915243,0.11679720575783234,0.03103195820559904,0.029046962790204602,0.0009713354468515542,0.0012769307631000709,287.0
ENSG00000166321.14,NUDT13,73110375,73131828,10,13746.207026904252,13506.690221977633,5852.660518852355,5602.673655868379,1548.1440494820074,6110.1350047483675,7295.913016747448,2700.4280482200097,15674.330949107038,1561.1709983785233,1539.1875345410622,5115.934028072406,9947.31811164711,1365.1506132854834,5174.756050054824,6171.731852347459,6405.394240681064,19140.24967251361,15018.469676710285,2121.411610391692,2168.2396450875167,5076.852497729986,3168.830732631819,4609.620011031946,1183.193086195166,14716.428586664488,0.17783641160949867,0.17704259592009303,0.16045723962743438,0.252541380595029,0.007731412836263504,0.28840841478963025,0.3634388085016166,0.02072210181318391,0.2713735016106036,0.00812835360994528,0.009291706488265902,0.1329056883846684,0.08523327000211105,0.00444467961267792,0.13328392970569553,0.2959927624926827,0.2991189894915614,0.39645157883620236,0.21534967251214873,0.017323585505403687,0.04934803349941694,0.11909042834479111,0.02266244057052298,0.10653612066684308,0.003658924594336621,0.23006653289682122,0.003658924594336621,0.39645157883620236,0.3927926542418657,TSI,0.0,False,0.39645157883620236,0.16989477104349948,0.009291706488265902,0.00038088097231516615,0.3634388085016166,0.16959705200005873,0.16045723962743438,0.0518645726249353,0.04934803349941694,0.0027450285954351474,0.0019044048615758308,350.0
ENSG00000122882.11,ECD,73130155,73169055,10,14268.929582421924,13983.94753951986,5365.715628291774,5658.1726046354115,1283.1591847501356,6118.615988592411,7098.073858787962,2417.714554473678,17510.105979752305,1450.069735839641,1363.5597533906873,4711.806048083155,9949.650907060286,1208.614653016252,4734.569107396666,5861.15307597743,6480.8531448014255,20643.014274220044,15852.65197647663,1873.878316986762,2088.2548307294296,4741.368210403781,2947.098104432971,4355.943513745009,1070.2869814519604,15468.030428618249,0.1962532981530343,0.1935841877180002,0.13748941574936493,0.25621374208313374,0.004501165007413684,0.2889927751806205,0.3496051306514019,0.01437860125812761,0.34968580028515606,0.0067470647611964085,0.006105978549431878,0.1138207072045804,0.0852860460206882,0.00301603259431716,0.11237560872326911,0.2722579958490767,0.3046916463220465,0.4562255782025557,0.24704204521445172,0.011602034329307056,0.04500159016219654,0.10370174510840825,0.01780243000528262,0.09510452500661551,0.002704422526248807,0.25963670926180166,0.002704422526248807,0.4562255782025557,0.4535211556763069,TSI,0.0,False,0.4562255782025557,0.22234563906461918,0.0067470647611964085,0.00022228904788642098,0.3496051306514019,0.15844313530529036,0.13748941574936493,0.04039891589818486,0.04500159016219654,0.0022911659243699555,0.001111445239432105,270.0
ENSG00000138286.15,FAM149B1,73168119,73244504,10,12233.372758491509,11800.699176600054,5172.56768618839,5085.033930716042,1302.0615765555713,5584.844048330415,6202.813040538726,2261.3256963244935,12969.032290168652,1302.0637460173878,1413.6049148248285,4159.582766033801,9551.296130760275,1313.9016902066,4173.373776097758,5688.9523063885235,5658.563784862948,15984.817920118847,13908.578972691937,1645.7198601604268,1913.158829447782,4269.42556204995,2867.856090020969,3823.1179353894254,1160.709036415568,11859.067418556993,0.13071240105540896,0.12509248493816721,0.12955122777307368,0.21736122199159083,0.004765939419614488,0.25058436039099025,0.2843059309906185,0.010836813448221176,0.16602418545704176,0.004728257982255751,0.006902410534140384,0.08662460902295499,0.07652522693687988,0.0038626382348272395,0.08723269108617404,0.25996487680272473,0.24291476488695468,0.267398880557609,0.17774139023874921,0.007999576181394363,0.03556662779603519,0.08186144896879957,0.01611199154780771,0.07192378936226515,0.0033937851309788947,0.13327700918787622,0.0033937851309788947,0.2843059309906185,0.28091214585963964,TSI,0.04402639227083497,False,0.267398880557609,0.07989245046280119,0.006902410534140384,0.00023096899804074278,0.2843059309906185,0.11027184374202768,0.12955122777307368,0.03669441103879244,0.03556662779603519,0.0014446183175145801,0.0011548449902037139,273.0
ENSG00000213551.7,DNAJC9,73183362,73247255,10,11993.09419638701,11540.550395132643,5226.940678074569,5008.024198807949,1363.6121593642529,5558.238344158193,6138.212493546201,2312.855576693629,12196.946411957852,1338.850558949192,1472.9531312230845,4103.087285449933,9538.415472915627,1392.2168737968884,4164.890573670824,5722.6442092663465,5531.054526482916,15430.745537258572,13722.322704993241,1661.8411925421574,1925.7492611265488,4257.160054735322,2949.4480968531334,3760.000895989681,1210.6914821372188,11310.94532016196,0.12422163588390502,0.11901490328717894,0.13193268416596104,0.21118739688115387,0.00540139800889642,0.24888440288992775,0.2798537128319288,0.012052651054606968,0.14220837513861753,0.005153269935716942,0.00812360624402676,0.0843450140486667,0.07626134684399409,0.004709243875337319,0.08675629896252382,0.26257250811558724,0.2334677847362276,0.24532685605660576,0.17103317135009508,0.008370417461326551,0.036149687268101346,0.08133262823902697,0.01785525620707871,0.0691188145011908,0.003871036165022802,0.11764705882352941,0.003871036165022802,0.2798537128319288,0.27598267666690596,TSI,0.05263405014555357,False,0.24532685605660576,0.06773669708264439,0.00812360624402676,0.0003038126368834905,0.2798537128319288,0.10726247474920948,0.13193268416596104,0.03779146550353561,0.036149687268101346,0.0014914055957447408,0.0015190631844174524,311.0
ENSG00000182180.14,MRPS16,73248843,73252693,10,13823.182215617897,12683.234152076051,5462.418963169214,5093.506599672081,1585.5145214695608,6005.155650304235,6703.018971641899,2612.144319459664,14310.35608218882,1388.5646731877364,1721.2521653480026,4251.409257793063,10414.090726351564,1761.7113308753676,4287.382920739665,6194.265568063971,5903.505066159451,18374.305452995097,16697.382951442392,1828.0832595750749,2073.712425840955,4449.364659082583,3509.31789260082,3794.8544996500946,1446.4910856499898,13013.380789061475,0.18021108179419526,0.15003699397526687,0.14235817104149026,0.21815956144552665,0.008313916543105274,0.2800679983000425,0.32098372820268195,0.018290426600412326,0.21751069335163964,0.006109546831004622,0.013167675480513964,0.09139585431797699,0.09621068186616001,0.009841790570929678,0.09252593690450985,0.2976957053908786,0.2613841418108481,0.3643996198120182,0.28169237270230296,0.010754397118033481,0.04425951447047599,0.09011105235325224,0.02952984680401479,0.07081238422863191,0.007529960759359423,0.1687612208258528,0.006109546831004622,0.3643996198120182,0.35829007298101356,FIN,0.0,False,0.3643996198120182,0.14455573025978088,0.013167675480513964,0.0006848292636893613,0.32098372820268195,0.13640955053748713,0.14235817104149026,0.04273772106020521,0.04425951447047599,0.002217693443974765,0.0034241463184468066,507.0
ENSG00000156042.19,CFAP70,73253762,73358864,10,12830.921665683938,11534.023801300029,5240.477894798783,5137.029831091604,1695.755094738497,5980.125493426931,6778.83401323896,2484.9252748041527,13321.958127828677,1484.9966705131485,1799.997659552366,4294.752636136313,8985.045340466948,1853.645254749211,4152.641218893385,6152.842340713008,6303.142754305357,17541.01621040501,14875.735498440032,1885.8785601899472,1906.3797380768458,4174.3080019455965,3583.9810258328507,3558.9574666039002,1563.0951702882342,11887.436140818641,0.14970976253298154,0.1187506606067012,0.13262066045723964,0.2208739155889084,0.011173480194873967,0.278102422439439,0.32697302167806225,0.0155944388645134,0.1791202407984369,0.00759708866811879,0.014919825846872677,0.0938875046387107,0.06623390331433397,0.011958304672204878,0.08633283929705696,0.2945026874567612,0.2908926865513215,0.3305523286513887,0.2096978660469047,0.011919898283534647,0.03514258454362345,0.07773664727657324,0.03190702588483888,0.061550674781688276,0.009385937002863507,0.13422747914246488,0.00759708866811879,0.3305523286513887,0.3229552399832699,FIN,0.0,False,0.3305523286513887,0.11992819961732905,0.014919825846872677,0.0008450451794800309,0.32697302167806225,0.14090284781307516,0.13262066045723964,0.038110684483987974,0.03514258454362345,0.0014110501489920124,0.004225225897400154,570.0
ENSG00000138279.16,ANXA7,73375101,73414076,10,10228.958400138834,10054.115114128716,4725.206355493467,4002.2833555961197,1290.724912265674,4983.261486695487,5210.86723608439,1891.6269252963696,10993.46400062651,1384.7449323806763,1430.682813458033,3857.203986434226,7439.4441544212195,1370.965578358491,3692.931190088871,4734.932560575071,4955.522097851748,13523.53879412777,12717.037049158555,1494.6436149436956,1756.3694564771988,3688.5052684952398,2683.84406695611,3639.159704377438,1292.6956256546232,9632.5848341145,0.08105540897097625,0.08143959412324278,0.10827688399661305,0.14354143381765927,0.004554119889853845,0.2104759881002975,0.21540255472518152,0.005920600518052545,0.10825368326556477,0.005950167348456675,0.007220983328023786,0.07400731590945236,0.03937090985856027,0.004550505317741679,0.06844166843108195,0.19488052791229843,0.1952552807557584,0.17451684443975077,0.13934079864779209,0.005509641873278237,0.027880843846072298,0.060285563194077206,0.012466983623877444,0.06440857369674517,0.004719482447767526,0.07593198859436054,0.004550505317741679,0.21540255472518152,0.21085204940743985,IBS,0.0,False,0.17451684443975077,0.03527364461217498,0.007220983328023786,0.00024918869629270715,0.21540255472518152,0.06778939933193101,0.10827688399661305,0.027454094879912478,0.027880843846072298,0.0008963710738070187,0.0012459434814635357,281.0
ENSG00000166343.10,MSS51,73423579,73433561,10,8765.89157679149,7883.685789220943,2440.881792227087,2270.6886762185636,1038.673356895463,2483.1038661077387,2891.846109450791,1477.853910904192,9939.305120055467,1046.0545052349357,1109.5684209859185,1956.2374611915477,7008.670551783085,1155.3718089645579,2148.730168118952,2585.9188890639584,2681.6675782760008,10707.013705509386,9416.305411607542,1182.118043966507,1338.3771115473169,2126.397056201939,2181.089047562273,2091.357179147006,1061.9328815654526,8771.406907400282,0.05234828496042216,0.042173131804249024,0.02344411515664691,0.04955026877428283,0.002965473416649015,0.06316404589885252,0.073196586632745,0.003330337791404557,0.08301209272852088,0.0028688306858630397,0.002920250610597855,0.01314743147961618,0.03382942790795862,0.00275146833165776,0.017626508575058226,0.06774519716885744,0.06395287124509076,0.09172035061780547,0.06042679061905768,0.0029667302394575123,0.011078129969256865,0.012956107879428873,0.007237189646064448,0.01587721619476052,0.0026513946335772615,0.05845390220720245,0.0026513946335772615,0.09172035061780547,0.0890689559842282,TSI,0.0,False,0.09172035061780547,0.010285073859851071,0.002965473416649015,5.5736171060710955e-05,0.073196586632745,0.010218955768041918,0.02344411515664691,0.0023117683374651505,0.011078129969256865,0.00014681218974193775,0.00027868085530355477,115.0
ENSG00000107758.16,PPP3CB,73436433,73496024,10,8736.88164221719,7599.781893529678,2727.107302620972,2635.341836620764,1121.29674471445,3011.9817252766093,3305.5375518537994,1569.9551855739344,10342.050143733262,1097.6651506691594,1170.7632026208087,2310.017779880012,6415.708702476647,1212.557952399856,2307.3370995565315,2793.260112641383,3020.998225099771,10484.989370544456,9936.76305804578,1271.3993157483233,1507.3008323036718,2449.067438781478,2300.4770810474324,2304.0757020964384,1033.0933576214697,8471.91645229103,0.05160949868073879,0.03783955184441391,0.032070279424216766,0.06833785725690564,0.00323024782884982,0.08839779005524862,0.09471564106641225,0.003911825342284718,0.09288694090933095,0.0030282101684109865,0.003663587129659127,0.02088745162487409,0.02675744141861938,0.0030689454468490395,0.022390429811560447,0.07838859028258209,0.08040547712557053,0.0868623930721301,0.07046270864145363,0.0037084127993218903,0.016272659811300754,0.02236911686938128,0.008452192287374538,0.02101084943106642,0.002280199384876445,0.054071179638821416,0.002280199384876445,0.09471564106641225,0.09243544168153581,TSI,0.0,False,0.09288694090933095,0.010537160602828142,0.003663587129659127,7.954917027108607e-05,0.09471564106641225,0.01605557509778206,0.032070279424216766,0.003837082579272112,0.016272659811300754,0.0003119608521048087,0.00039774585135543035,145.0
ENSG00000166348.20,USP54,73497538,73626117,10,7993.896015606666,6938.154058759664,3954.3523055738033,3584.033446709336,1467.140337157833,4575.532234133782,5702.7808780299265,1948.4776014533875,9227.062263284239,1501.3907525616144,1564.4468088351634,3241.5828511442783,6735.197065143663,1509.7548061672082,3418.6076840869864,4891.822801734523,4856.720985256988,9922.56518038492,9407.75241920526,1540.4440652518983,1620.4182446912916,3490.3180473183183,2789.7965147123964,3371.352360466723,1424.9949890506853,7960.6327706045,0.04116094986807388,0.029648028749603636,0.07371930567315833,0.11932513704827293,0.006354585892819318,0.18407352316192097,0.24969523506651825,0.006343500555056299,0.06753973702275967,0.007809594644849386,0.010088138472974408,0.0519005460425171,0.030610090774751953,0.006190803746229959,0.0576434469616769,0.20584322281943485,0.18809043625942046,0.07561516527616433,0.06032114937671667,0.00609239245602882,0.021732216686101983,0.053463775780010575,0.014580031695721078,0.05472347181794125,0.007158765510658607,0.04456648009293484,0.00609239245602882,0.24969523506651825,0.24360284261048942,MXL,0.0,False,0.07561516527616433,0.007104732585596548,0.010088138472974408,0.00043741133588636843,0.24969523506651825,0.08782857092837798,0.07371930567315833,0.014743502533068139,0.021732216686101983,0.0005500351405121716,0.002187056679431842,374.0
ENSG00000156650.14,KAT6B,74824927,75032624,10,10962.127665580028,11321.914283946311,7599.082945460081,4368.182386514063,2018.0074827632789,4493.931764918055,4316.613186796443,4087.081125443704,11333.315709186645,1287.7868382058025,2032.7133881568548,6941.449505729855,11515.919251823665,2104.172459172891,6773.691743349745,4694.213603724544,3665.6611867408874,10313.900898266395,11367.07274083443,3504.3179891974833,3549.4298250304223,6336.750750032478,4146.613510563097,6577.776803868799,1654.8733482730145,10901.43684058522,0.09773087071240105,0.11330726138885953,0.2516405588484335,0.16813028899888233,0.018057614912094896,0.1781767955801105,0.15609264853977844,0.06116191785166781,0.11749485134921055,0.004462625511342506,0.021981522777954763,0.2247786672321476,0.1248680599535571,0.01809619556590296,0.2146940503917002,0.19253898142727902,0.11660121006262605,0.0833773365719717,0.10284174941897317,0.06378470014833651,0.13526979751934698,0.17932310946589106,0.04527205493924987,0.19973537973008731,0.010923745890338317,0.10661104657302778,0.004462625511342506,0.2516405588484335,0.247177933337091,FIN,0.0,False,0.1248680599535571,0.01857411096662458,0.021981522777954763,0.0016221037589212103,0.19253898142727902,0.055684240997642805,0.2516405588484335,0.10737794599690852,0.13526979751934698,0.019814331679229455,0.008110518794606052,807.0
ENSG00000227268.5,KLLN,87859158,87863533,10,3650.6328937414914,4200.789748319861,2748.35255624774,4264.277681982992,3769.260520132964,3752.662892110384,4149.541422165025,3765.917914335521,4443.658978534822,3184.3422773380457,4016.3356490584843,2941.937966020731,4042.0375080025374,3430.1187412631557,2497.046039565994,4585.595699331977,4359.53657444866,4797.020587370751,4091.780108905322,3339.807365702909,3481.4630950404917,2963.652097190097,3934.26998931502,3708.4482602684275,2987.1179319747803,4316.457827587144,0.00654353562005277,0.008191523094810273,0.03265241320914479,0.16243546756080685,0.08398644355009532,0.13286230344241393,0.1448560979487995,0.051012316963577733,0.009558008132227914,0.06322052807735218,0.10029733460762451,0.04135079255685734,0.00939413130673422,0.06381290015344727,0.028160067753546476,0.18594007769676973,0.1578388706082157,0.009874326750448833,0.00776463131206423,0.057003602458147916,0.13076433796247217,0.03675304071919619,0.039989434759640785,0.06721354855781952,0.05461872945169159,0.009557503432252614,0.00654353562005277,0.18594007769676973,0.17939654207671696,ACB,0.0,False,0.009874326750448833,0.00014378525304622542,0.10029733460762451,0.020864511667685694,0.18594007769676973,0.052381912027024614,0.06721354855781952,0.01269724905932236,0.13076433796247217,0.018541373316066333,0.0007189262652311271,203.0
ENSG00000165338.17,HECTD2,91409280,91514829,10,16931.30014072189,12625.953720919877,1782.957637974325,1487.164974472201,1822.5729284700633,1663.6953590350245,2060.512058176649,2349.377513676802,17117.191562397278,1775.289173834739,1720.7766339968655,1411.104970021206,17565.94604891561,1782.4179016270823,1419.6871719556223,1920.9691304610583,2283.480938221818,18526.87973143243,17587.126515767213,1705.8141009126846,1313.0614115290145,1733.197448373136,2789.4500409330744,1635.6224563767064,2203.994041278515,17529.982597465216,0.3005277044854881,0.148028749603636,0.009261219305673158,0.018894033743147586,0.013556449904681212,0.029271143221419466,0.03662479461493613,0.012792726119363535,0.3341078312298675,0.012112840673643946,0.01311458001486673,0.005195355987912845,0.3497994511294068,0.010476744801312238,0.005134448443785729,0.035921451758820715,0.04505891094363656,0.37131692892596896,0.31956475808155504,0.008953168044077135,0.010283048870984841,0.007773664727657325,0.014527205493924987,0.00804445620534533,0.024870081662954714,0.34702714119759215,0.005134448443785729,0.37131692892596896,0.3661824804821832,ITU,0.0,False,0.37131692892596896,0.1498587128428327,0.024870081662954714,0.0019966748815532587,0.04505891094363656,0.004365390798137599,0.009261219305673158,0.0005147577806820041,0.014527205493924987,0.00024975163744061216,0.0012487581872030608,282.0
ENSG00000107831.14,FGF8,101770109,101780371,10,3964.044435143617,4448.042342633503,3037.751538290004,2362.9391348942195,3130.286949657663,2174.166429450161,2459.206171756905,3072.805155171865,4595.569662056857,3228.623872941389,2976.526155682662,2874.553260534648,3730.43377936645,3293.503363517967,2561.4845708088487,2493.670205071153,2563.5388231784095,4994.118000326428,4037.573976242721,2934.1214254672495,2356.3956711487735,2711.1011438564033,3474.3645251646576,2562.609124685327,3278.520578502635,4443.947735055764,0.007546174142480211,0.009459887961103478,0.04212531752751905,0.05503219969130874,0.057509002330014825,0.04956438589035274,0.05326761011289553,0.03002590262726648,0.010402914928446956,0.06523933485629284,0.054900711479239674,0.03811694852356465,0.008127506860882415,0.05825705063759987,0.029589244124497142,0.06247671757756373,0.0579556310370449,0.01114162002323371,0.007394886963870695,0.04121635939817758,0.059048022898335634,0.029666842940243257,0.02879027997886952,0.02773220428684837,0.065648531127373,0.01024395395501109,0.007394886963870695,0.065648531127373,0.0582536441635023,MSL,0.0,False,0.01114162002323371,0.00018121109691514244,0.065648531127373,0.010225199076447224,0.06247671757756373,0.007741860257357616,0.04212531752751905,0.005964148375606049,0.059048022898335634,0.00390225908538372,0.0009060554845757122,240.0
ENSG00000165832.6,TRUB1,114938195,114977676,10,22986.091879273896,21810.557480415,5550.104734604011,1330.019478306167,6967.791433300731,1386.9830895626383,1367.8306066236796,6974.837994197222,20704.056245775417,5517.032437569292,8244.639763265668,7146.104550765923,21792.111180686123,7691.367081444443,6290.984723583697,1223.529629829432,1031.9709599823855,21491.99334499037,21238.569408911015,5474.636120464923,1752.4965160489285,6003.828339852067,7731.405803711856,7545.978333939036,8035.701968786672,21278.453540740466,0.5446437994722955,0.5108867984356833,0.1460626587637595,0.014157219649795093,0.24894090235119679,0.018646408839779006,0.013462659670323845,0.18692181635565894,0.486191054549295,0.17478616586091483,0.3388552617606456,0.23675979430631394,0.5258602491028077,0.2766283930366686,0.19045098454372222,0.01266563780533234,0.00525421929731451,0.49012567324955114,0.4662476230720473,0.15707777071413434,0.027668822219866426,0.16456901110523534,0.1873217115689382,0.2537708388462556,0.31376604093753313,0.5041715070229169,0.00525421929731451,0.5446437994722955,0.539389580174981,KHV,0.0,False,0.5446437994722955,0.3121928748845555,0.3388552617606456,0.16185497024566856,0.018646408839779006,0.0009295729481633562,0.2537708388462556,0.10885188361689611,0.1873217115689382,0.03750825363755264,0.004647864740816781,603.0
ENSG00000180720.8,CHRM4,46383789,46391776,11,6251.393064948606,5616.765195494169,2359.860619066078,1153.0128684203316,2197.429133490086,1747.9570809476938,1624.1385018554108,2295.2836944802643,6520.302794935295,1951.3784342398621,2209.819147511396,2688.957389800077,5311.551524433366,2467.4913594694544,3099.9933823215124,1349.0022952253005,1698.037208956441,6266.93832804014,6273.937841972872,1642.651547225184,1351.0935436570796,2598.4497212764354,2295.416907705571,2661.4956959845617,2122.5971009284967,5525.540569745774,0.021213720316622692,0.01648874326181165,0.021168501270110076,0.00963329607749215,0.023511967803431476,0.03192732681682958,0.022155085599194362,0.01184120103610509,0.025030363837989122,0.016841098655899698,0.027662737602208772,0.03154323278375656,0.017099430018999367,0.028414201809619555,0.04599830616133813,0.01511361822148901,0.023405158688037362,0.020382300137290105,0.020019015423621382,0.007946598855689765,0.011661189441323015,0.026652564780539397,0.008346539883782356,0.031066419687748082,0.022218687029377453,0.016686028091667547,0.007946598855689765,0.04599830616133813,0.03805170730564837,MXL,0.0,False,0.025030363837989122,0.0008543840523865706,0.028414201809619555,0.0024984403766873105,0.03192732681682958,0.0023863629250171006,0.04599830616133813,0.006875828622988002,0.01184120103610509,0.00016728975397267657,0.0008364487698633828,231.0
ENSG00000110497.15,AMBRA1,46396414,46594125,11,9999.057488035649,9951.744025468348,2312.135949493204,875.3893287241016,2600.778681659316,1553.2053537290976,1280.406441651147,2890.9905271576617,9749.754440772493,2408.051474540187,2680.8212210060965,2488.0962857905442,8961.879494513369,2745.6641914696716,2855.822054845962,1303.4527166284413,1329.161569538319,9782.463183673952,11415.61564257154,1669.9590743940971,1398.4725315601543,3153.290891616767,2761.0322038369304,2625.040288604625,2404.014872129385,9057.814138832546,0.07572559366754618,0.07927280414332523,0.019951312447078748,0.0038320293788919046,0.0375979665325143,0.024118147046323844,0.01102454020246992,0.02495110218322144,0.07836510534931615,0.03187589650958933,0.04544971859403207,0.02581773842973016,0.06570614312856238,0.03852055664320864,0.037846707601100996,0.014102495875685168,0.012206772104872095,0.0731333826169606,0.10447918867525882,0.008635304089849544,0.012986324605109721,0.04331041776837652,0.013787638668779715,0.029743318338184704,0.030438010393466965,0.06331185975287781,0.0038320293788919046,0.10447918867525882,0.10064715929636692,CDX,0.0,False,0.10447918867525882,0.013200108161137127,0.04544971859403207,0.005507381567011272,0.024118147046323844,0.0014594308729413287,0.04331041776837652,0.006237850071152655,0.02495110218322144,0.0007210650623331983,0.0036053253116659916,515.0
ENSG00000180423.4,HARBI1,46602861,46617909,11,9992.098640201633,9206.300888133866,2052.4366502830853,876.1152181407239,2205.744452763852,1456.7002294480762,1373.460598926946,2379.9338961863914,9483.450340202346,2034.1706581046883,2478.908184663542,2429.3477563661727,8985.630513773322,2440.7306011128985,2534.1619078188355,1360.4244792442748,1260.1717392836092,8879.823930457802,12015.371601746925,1557.1909156007675,1224.3818151196085,3085.0655859661942,2240.9331908302365,2422.426534663414,2055.9738852713476,8327.964271295235,0.07562005277044855,0.06452806257266673,0.0140770533446232,0.0038852520091542924,0.023935606862952763,0.020930726731831703,0.01393968304446918,0.013268488660992757,0.07266198447483761,0.019284917388301546,0.03828183073165552,0.024227323331389494,0.06628667933291113,0.027673421874173237,0.028954054626296844,0.015699004842743867,0.01050843859462902,0.05597211954799873,0.12064229875343334,0.0065691883873702055,0.00789780557616877,0.040930724484399786,0.007818277865821448,0.023657052130193174,0.02036271078587337,0.05116696588868941,0.0038852520091542924,0.12064229875343334,0.11675704674427904,CDX,0.0,False,0.12064229875343334,0.017388504699813335,0.03828183073165552,0.004125861523224695,0.020930726731831703,0.0011383269221544017,0.040930724484399786,0.0056930233776332825,0.013268488660992757,0.00020909980693179132,0.0010454990346589566,258.0
ENSG00000175224.17,ATG13,46617527,46674818,11,10732.6020620388,10326.273530673352,2780.955250489483,987.930321108313,2854.9206788461843,1764.4547209780378,1505.422560223662,3068.789119251145,9861.663665673146,2647.0900580083608,3088.566285028072,2881.977441740316,9808.87803224768,3117.5499466751285,3245.5911489870555,1552.3400685152421,1405.7055043570845,9789.968704308114,12393.50109813414,1960.6848402351488,1596.927538934717,3578.481782670061,2859.9202947379754,2902.9855381500993,2866.4218810033162,9010.88172237086,0.0920844327176781,0.0880985096712821,0.03365791701947502,0.005269040395976369,0.0472357551366236,0.03272418189545261,0.01796788042614088,0.029814452608764603,0.0813222791360828,0.040694894543909045,0.05967930338749071,0.0386470868896782,0.08211948490605869,0.05190750833377428,0.0517150116451408,0.02219147464211591,0.014117397303895553,0.07334459816242475,0.13147052609338686,0.013456240728968002,0.021043146400932897,0.05647805393971444,0.015742208135235077,0.0387933315691982,0.049156856506522434,0.06257260534375331,0.005269040395976369,0.13147052609338686,0.1262014856974105,CDX,0.0,False,0.13147052609338686,0.020501223604473564,0.05967930338749071,0.008709702310165511,0.03272418189545261,0.0024917528572994518,0.05647805393971444,0.009582589850808563,0.029814452608764603,0.0010222819387494101,0.00511140969374705,640.0
ENSG00000181903.7,OR4C6,55662201,55666195,11,981.0681561189433,1174.048093178109,832.4424193334389,846.9947719968775,920.2405485099495,897.0233530546649,902.2529905194018,858.7054345058102,912.9339657946433,963.285561412502,866.7729894595774,828.3892626473995,966.0642119185376,935.6485846899732,829.1986591130919,837.0755325182789,865.7731822112152,794.8418392475853,1000.7505821644856,931.3289863763802,824.5013489841675,874.3775467590441,884.9229043342494,817.443019031274,917.8814149870949,960.4048282864262,0.0011081794195250659,0.001374061938484304,0.0017464013547840813,0.0034062483367928043,0.002488879474687566,0.004728006799830004,0.003604176604653628,0.0016387376433895438,0.0008449067962190421,0.0021781862614886046,0.001964532228947648,0.0018554842813974448,0.0011082963901203294,0.0021165141012752,0.0017467711200508153,0.0028204991751370335,0.0028659377985351875,0.0008448621818565846,0.0008979505598985844,0.0020131383767747406,0.002332237888264603,0.0021152829190904283,0.0017960908610670893,0.0017994178354061921,0.002015059921518719,0.0009504699545886577,0.0008448621818565846,0.004728006799830004,0.0038831446179734197,LWK,0.0,False,0.001374061938484304,3.2866973564447786e-06,0.002488879474687566,4.150453210677277e-05,0.004728006799830004,8.38719407749743e-05,0.0021152829190904283,4.725673945207271e-05,0.002332237888264603,6.9232010873511615e-06,1.6433486782223895e-05,29.0
ENSG00000166889.14,PATL1,59636716,59669037,11,9560.23443312069,9484.610296298855,1755.0313078022414,2722.884524743414,2170.4678546077694,2219.175150800934,2278.1162468657753,2922.1002029216984,10518.467466047225,2408.781797304167,2131.485250148278,1550.6097617601954,12645.977576525409,1898.1988685166878,1964.0680458435315,2621.272270566137,3100.8966136382032,12471.086115064185,10169.024590053818,3025.452448642147,3619.631565424969,1892.9884714982027,2919.5135994278075,1594.1553758946743,1472.2324580179306,8310.514181829334,0.06728232189973615,0.0701828559348906,0.008732006773920406,0.07328756187130768,0.022505825037068418,0.05179558011049724,0.04664228547198813,0.025796902257228947,0.09674182816708032,0.031929023003771984,0.025007964319847083,0.006467688066585379,0.15832805573147563,0.012751997460183078,0.01318018208765615,0.06960779096375924,0.08539433181190956,0.14198965043827225,0.07511092330445807,0.044818817546090274,0.140252305735185,0.009941829719725013,0.017326994189117803,0.007303519449589839,0.008166295471417966,0.05090294645685922,0.006467688066585379,0.15832805573147563,0.15186036766489025,GIH,0.0,False,0.15832805573147563,0.029271695723488565,0.031929023003771984,0.0030401929322805246,0.08539433181190956,0.013389116400317421,0.01318018208765615,0.0009108588030692999,0.140252305735185,0.021270247895987682,0.0045542940153465,592.0
ENSG00000166902.5,MRPL16,59806140,59810778,11,7355.809553835164,10835.180787923658,2242.037313801867,1891.894071998563,2331.7593737799257,1466.9501322516412,1512.8652426514502,2432.027097461145,9223.45697358269,2395.6259042353654,2143.0543264369207,2364.9357453929874,12593.298916236874,1943.8287804867014,2431.375328468379,1956.985504313941,1949.269918484449,13609.181818147796,10367.929176628859,2596.4133194780934,3093.1152279993325,2168.450926582729,3121.5826189932354,1912.9107464240283,1366.0539671991976,6745.018127841036,0.03282321899736148,0.10057076418983193,0.01804614733276884,0.03422215125871521,0.02848972675280661,0.021461963450913727,0.018285896008904436,0.014695776285880424,0.0674341236732323,0.03150401105031079,0.025379632579377722,0.02268992206966018,0.1569558792484695,0.013651515953225038,0.026572094008045735,0.03714544196689905,0.032799065916569364,0.17757946984898088,0.07991759983097402,0.028925619834710745,0.102671472490194,0.013855103120042307,0.021394611727416798,0.01243715268589574,0.005992151871884612,0.02946456859224839,0.005992151871884612,0.17757946984898088,0.17158731797709625,TSI,0.0,False,0.17757946984898088,0.036469145830523346,0.03150401105031079,0.002972404057905312,0.03714544196689905,0.003111620192904669,0.026572094008045735,0.002830801590254688,0.102671472490194,0.011540997807274307,0.01415400795127344,1089.0
ENSG00000134812.8,CBLIF,59829273,59845499,11,7623.00505632606,9242.131870149724,1832.577670777018,2326.9157468028407,2405.0739255300405,1785.1015086312377,1821.3906444130287,2114.5497102214267,8736.678480656654,2454.990939041391,2189.270496473026,1839.0901629435427,13915.85816397413,1875.1375180633536,2015.3264931223093,2014.9685015126463,2510.2929570239594,13072.896191616706,10129.765804311472,1849.9976230141208,1687.8721110787935,1919.0680890065025,2261.550253544967,1767.235224075471,1387.9551925177818,6733.170570087619,0.03609498680738786,0.06547933622238664,0.009843353090601185,0.052317845547926976,0.0313492904045753,0.033467913302167446,0.028939418031483543,0.008246550721573188,0.05697840207002165,0.033204058864155554,0.026972496548794734,0.01076180883210518,0.20054887059320245,0.01222286893486428,0.014450561084056743,0.03964663934862434,0.055248912005095,0.15920371739360017,0.07426579336572998,0.011284170375079465,0.024965546485741546,0.010153358011634056,0.008029582673005811,0.010055570256681662,0.006416375013256973,0.029358960819516316,0.006416375013256973,0.20054887059320245,0.19413249557994547,TSI,0.0,False,0.20054887059320245,0.046040151752591206,0.033204058864155554,0.0032472626871504076,0.055248912005095,0.0062408343592598595,0.014450561084056743,0.0010570159321106624,0.024965546485741546,0.000721883531799795,0.0036094176589989754,517.0
ENSG00000110448.11,CD5,61102489,61127852,11,22078.93823047151,23148.83063460186,6871.469987872363,1678.7547700556906,11022.272352442269,1061.3514889096264,1299.9180718178375,11480.687702451241,19661.30283054662,6951.950157394045,10353.96514432753,7376.728029072382,22787.68868181962,12247.18539221028,4276.003323066084,956.3138227774582,1438.3947728837422,26303.825121160244,24375.122609292597,7811.200188052126,4859.6643378754625,8095.716431290267,10531.34011350164,5504.436378217556,11498.550529987655,24496.803355979628,0.5104485488126649,0.5624141211288447,0.21189669771380187,0.027090318803555273,0.5096907434865494,0.008977900552486187,0.011713573965124291,0.4470053391129672,0.4415694143739769,0.2592041651171439,0.4739301263672082,0.24884694905370303,0.5644395186827106,0.5644213979575639,0.09199661232267627,0.00569421531584269,0.014913491136821994,0.6709261801668602,0.590376082822734,0.2937062937062937,0.23216368069543095,0.2742993125330513,0.33671421024828313,0.14802857898915056,0.5326651818856719,0.6341746752560988,0.00569421531584269,0.6709261801668602,0.6652319648510175,JPT,0.0,False,0.6709261801668602,0.46551037810138385,0.5644213979575639,0.381951200263955,0.027090318803555273,0.001789203710312847,0.2742993125330513,0.12344439202526622,0.4470053391129672,0.20632069435687916,0.008946018551564235,852.0
ENSG00000167987.11,VPS37C,61130257,61161615,11,18534.002691810852,19521.262453666823,6092.332023207977,1117.427960674322,13989.186737175536,872.5466815626143,1075.0632356122073,12887.639082159489,15515.985247051465,9412.382130793494,14519.095934100753,7257.450433563719,19905.343404991567,14321.10859226125,3212.3725000104396,818.2349044044777,1142.4322902627189,21015.939979497023,20704.774896178787,8344.46339822585,5672.080443237809,8354.039836661543,11806.391747969345,4701.351340251411,13600.028922623254,20159.743989107454,0.3657519788918206,0.419405982454286,0.17347586790855207,0.00851562084198201,0.6779284049989409,0.0043030174245643855,0.0067313298351619226,0.5308452714489612,0.26403337381845066,0.4182648886999947,0.7052139747265583,0.2429093993532312,0.4474350854971501,0.6782898566061696,0.04996824052508998,0.0025544143472939172,0.007377136185118352,0.4715387052487063,0.44501373336150435,0.3277707141343505,0.29741333616028837,0.28915917503966154,0.41077654516640255,0.11039957660756813,0.6517128009332909,0.4593938113845179,0.0025544143472939172,0.7052139747265583,0.7026595603792645,JPT,0.0,False,0.4715387052487063,0.23686341099822547,0.7052139747265583,0.5555974764713068,0.00851562084198201,0.0002352802804860652,0.28915917503966154,0.1344392604463243,0.5308452714489612,0.2889894822199952,0.0011764014024303261,274.0
ENSG00000167992.14,VWCE,61258286,61295316,11,14249.244704843592,13472.569589017527,3220.720469220798,1251.3897850679703,1536.5031027845373,1007.6536065704502,1154.6416012768073,2075.5611294273485,11106.35394557187,1315.5400634357416,1504.568382413632,2321.0715405160836,16331.81856869695,1779.6146914697174,3182.311612552412,1074.9577495012877,1373.6973388455563,13760.046828643388,15878.31711508107,1399.9306914264566,1053.2214370653883,2326.1412435446978,2138.0835765445713,3768.837942775126,1772.1978075420097,14692.455878918208,0.19556728232189974,0.17582707958989535,0.04720575783234547,0.01224120496034914,0.0074136835416225375,0.007437314067148321,0.00837441034610696,0.007770788179943966,0.11105243702804034,0.004834510970621049,0.008654560900499098,0.021311562317764935,0.29617901625501375,0.010318006243716598,0.04901545627778954,0.00878079931882284,0.013374376393164208,0.18254303516738832,0.2480984576378618,0.004767959313413859,0.005406551468249762,0.01782125859333686,0.006656101426307449,0.06970097909499867,0.012620638455827766,0.22895765128313444,0.004767959313413859,0.29617901625501375,0.2914110569415999,MXL,0.0,False,0.29617901625501375,0.09717638115732719,0.012620638455827766,0.0006376358635672416,0.013374376393164208,0.0005191367460540853,0.06970097909499867,0.013465829051443386,0.007770788179943966,7.326364470741662e-05,0.00036631822353708313,138.0
ENSG00000255508.7,ENSG00000255508,62559603,62591531,11,4674.813961219264,5926.695840385948,2128.765610213562,1404.8997009365892,4744.694290025245,1931.3243631206435,1834.0592065607186,3813.99644091528,4257.556488599541,3122.419924359696,4441.798226853757,2627.2589823130525,5363.256170993873,4666.685546870508,2965.6370193260373,1645.9467372776762,1621.3592074124183,7090.3845215908395,4827.750292148792,2575.7392952200285,1744.8780495517326,3152.479498800909,5120.75689465921,2206.621353877326,4962.372923071413,5479.511812876864,0.010079155672823218,0.018972624458302504,0.015347163420829806,0.01644579275107776,0.12804490574030924,0.03984275393115172,0.029363438808501615,0.05286250462546915,0.008818714685536251,0.060457950379854436,0.1201019432940427,0.02974076233897047,0.017521638167616635,0.1160907984549447,0.04139318229938598,0.025437709541801926,0.020698439656087465,0.030151019115006863,0.011356433551658567,0.028448823903369357,0.02719177356090321,0.04325753569539926,0.07902799788695193,0.018735115109817412,0.1404708876869233,0.015946773682543037,0.008818714685536251,0.1404708876869233,0.13165217300138707,ESN,0.0,False,0.030151019115006863,0.00122045868414783,0.1404708876869233,0.0367782513500223,0.03984275393115172,0.0035184859964677486,0.04325753569539926,0.006225537087193111,0.07902799788695193,0.00690923071762016,0.00610229342073915,703.0
ENSG00000149016.16,TUT1,62575045,62591637,11,4075.6629792553226,4829.934427808837,1827.2984841405232,1406.3395112355495,3971.368111707424,1874.8940554448911,1768.6965855673056,3216.546847639704,3727.9346840449416,2730.7799466170445,3611.456570723286,2205.794157544686,4194.398455371434,3861.5679839512127,2392.2695549894192,1666.1504353681162,1583.0894429059188,5906.776222192926,3894.5624416811424,2455.9817687422865,1751.177058219043,2737.537112412984,4076.9786036674586,1924.368807034289,4081.9000749042834,4493.947993517623,0.007810026385224275,0.011151041116161083,0.00979043183742591,0.016499015381340146,0.09298877356492269,0.0370803229919252,0.026872316743520433,0.03372627795104932,0.007181707767861858,0.043988737183233276,0.08277583094403738,0.018342787467529025,0.010396875659700232,0.08243822424466903,0.025248782553461784,0.0262891809908999,0.01963698121218554,0.017002851409863767,0.006919501373336151,0.025376139012502647,0.027509806000212023,0.03051295610787943,0.04384574749075541,0.012543000793860809,0.09895004772510341,0.010666385045939381,0.006919501373336151,0.09895004772510341,0.09203054635176726,MSL,0.0,False,0.017002851409863767,0.00040727679916256423,0.09895004772510341,0.02039504745988553,0.0370803229919252,0.003102063805722324,0.03051295610787943,0.003540289572858895,0.04384574749075541,0.002177236103849678,0.002036383995812821,364.0
ENSG00000188070.9,ZFTA,63759892,63768775,11,6571.485248363876,8200.156955984188,4213.230855721844,1203.8577918945832,3625.070436813943,1331.3979629578762,1462.2067850162857,2660.5166336247366,5813.901688860791,2630.5550343662985,3836.077447641477,3235.3776412644997,8556.147708067081,2941.801029464493,3471.729845421236,1241.3234242194649,1363.0865659888098,6672.4480840135675,9198.779881513343,1988.9114349835288,1203.9504026855136,3560.1671475957146,3196.367090833322,4364.406782803164,2984.6367599140585,6955.04720143883,0.02453825857519789,0.047140894197230734,0.08409187129551228,0.010857416573527064,0.07720821859775472,0.016999575010624733,0.01643080510945036,0.019559126711423586,0.018112689443945715,0.039897997131169316,0.09196134650100882,0.05158246302284896,0.05742030821194849,0.04529340176728928,0.05954901545627779,0.013197807461018573,0.013002865937798536,0.024817826592037174,0.056729347137122334,0.014091968637423184,0.007367751510654086,0.05568482284505553,0.02334918119387216,0.0956866896004234,0.05445964577367696,0.03226317456964833,0.007367751510654086,0.0956866896004234,0.08831893808976932,PEL,0.0,False,0.05742030821194849,0.004192922099366021,0.09196134650100882,0.018029966567810984,0.016999575010624733,0.0007904718163327052,0.0956866896004234,0.02247949546998285,0.02334918119387216,0.0006331188423508889,0.0031655942117544446,480.0
ENSG00000182791.5,CCDC87,66590176,66593063,11,5758.835720634544,5956.983262498384,5110.830216046438,5386.154006773424,5146.272214432727,6078.6001670206015,6726.639521063635,5043.358720000082,4729.462087960936,6433.388282308799,5033.145833997597,5236.40044316188,5510.769487527516,5178.801804483274,4750.171099081626,6179.887006164041,6440.812705005115,5970.523045918908,5399.802102493173,3804.4360865130216,1695.594789395245,5466.937030395959,5489.141918822979,4346.72797348337,4790.967338083653,4358.649287458878,0.016886543535620052,0.019501109819258008,0.1256350550381033,0.23726648570972378,0.14933276848125396,0.28580535486612835,0.3233688450734086,0.09885288364962731,0.011036595025611237,0.22860330446793817,0.1481363491557821,0.13820707204580396,0.01852438252058265,0.14000740779935447,0.11322252805420284,0.29663136607950613,0.30198492729009657,0.017636498046256204,0.014208747094865836,0.07644628099173553,0.025230573518498885,0.13802221047065044,0.09450607501320656,0.09441651230484255,0.13193339696680453,0.00992713063681487,0.00992713063681487,0.3233688450734086,0.3134417144365937,YRI,0.0,False,0.019501109819258008,0.0005296105002514319,0.22860330446793817,0.08346198386647125,0.3233688450734086,0.13819142040919233,0.13820707204580396,0.040740495184659796,0.09885288364962731,0.010714639901436816,0.0026480525012571596,423.0
ENSG00000173992.9,CCS,66593153,66606019,11,5624.708569933942,5882.619871265638,4853.28756930868,5147.26601318132,5017.287398419127,5363.426673601922,6243.638188440295,4881.907802837423,4890.792965698938,5863.262459034945,4936.078386071084,5083.556767576154,5632.895998362902,5141.360219825243,4610.369161915971,5693.942582387872,5908.28956900199,5728.969484505724,5426.594341483223,3881.965369662804,1671.9642733393248,5450.1077869916735,5301.407115131264,3966.4202530927682,4799.301489695926,4353.678727501032,0.015989445910290237,0.018655533241729205,0.11399237933954276,0.22145936452179465,0.14239567888159288,0.23682532936676584,0.2879101075952722,0.09293228313157477,0.01188150182183028,0.19438984221431227,0.14330466178188384,0.131209245613105,0.019263246780662865,0.13900206360124875,0.1063413084903663,0.2601777446649992,0.2617556522662138,0.015471538705248707,0.014420029579547855,0.07967789785971605,0.02395844376126365,0.13744050766790059,0.08563127311146329,0.07790420746229161,0.1323576201081769,0.009874326750448833,0.009874326750448833,0.2879101075952722,0.27803578084482333,YRI,0.0,False,0.019263246780662865,0.0005173032974948869,0.19438984221431227,0.06353415449741306,0.2879101075952722,0.11273415303029624,0.13744050766790059,0.040375677329122193,0.09293228313157477,0.00949291602224948,0.0025865164874744346,415.0
ENSG00000239306.5,RBM14,66616626,66629934,11,5596.846323672998,5404.66143851533,4181.694296536272,4657.927401421253,4267.422447238439,5090.996069455338,5630.853100452627,3895.2179907958453,4279.613230163131,4995.603338946258,3966.613185003371,3923.856735743717,5724.33358755744,4393.001641546772,3764.042921726311,4264.949159281868,5120.468413227895,5222.3242136011,5267.32439786143,3309.6520804561424,1531.1004784568054,4484.601581421469,4108.9479823500515,3255.9505096545145,3815.596650027182,4290.3110492968,0.015725593667546174,0.015061832787231794,0.08282176121930568,0.18691787748150512,0.10659817835204406,0.21833829154271142,0.2448189961308104,0.05566421737061902,0.008924328035063631,0.14875418371141688,0.09812042051608792,0.07665800774002014,0.02026599113362888,0.10413249378273982,0.07167054838026678,0.16465329146932042,0.20671903194989916,0.012408913296018587,0.013469258398478767,0.05599703326976054,0.01780981660129333,0.09275515600211529,0.04458531431590069,0.0508600158772162,0.08638243716194718,0.00929348400042243,0.008924328035063631,0.2448189961308104,0.23589466809574677,ESN,0.0,False,0.02026599113362888,0.0005701224320918201,0.14875418371141688,0.04050074382584688,0.2448189961308104,0.0848439298425242,0.09275515600211529,0.021376271631174577,0.05599703326976054,0.0035168383750355625,0.0028506121604591,449.0
ENSG00000173898.16,SPTBN2,66682496,66744670,11,6020.469460717218,5675.216493415321,2867.9073660496797,3457.7086638737405,3390.531614426693,3924.1642702711038,4259.204226604377,3705.928807857633,6031.217258137805,4147.556360985453,3341.3235972227835,2486.5132552314835,6622.1445103776905,3911.286019146914,2327.3250798827685,3981.619377292255,4228.118037393284,6306.124796691971,5961.2509585867465,2863.612031083107,1294.3891210329753,3227.5546565231425,4061.4523676663416,2283.478005894971,3652.242966548343,5515.960740058298,0.019050131926121372,0.01722862276714935,0.036780270956816255,0.11192719144180105,0.06757042999364542,0.14231831704207396,0.15142841999257964,0.04932071681556272,0.02006653641020225,0.10742177123731605,0.06992672825740681,0.02565869691989609,0.02918513827316867,0.08413143552568919,0.02318441668431082,0.1481560321430472,0.15062095318968263,0.02075192734185236,0.017800549334460174,0.038673447764356855,0.009699989398918689,0.04547858276044421,0.043264659270998415,0.02026991267531093,0.07996606214869022,0.0164748125462034,0.009699989398918689,0.15142841999257964,0.14172843059366094,PEL,0.0,False,0.02918513827316867,0.0011466531240007832,0.10742177123731605,0.02341851900004634,0.15142841999257964,0.03654857218308037,0.04547858276044421,0.006750626349092326,0.04932071681556272,0.0027420508328711768,0.005733265620003916,680.0
ENSG00000173715.19,TOP6BL,66744451,66843516,11,5984.192097016353,5383.575299953553,2795.483106007506,3991.29622717684,2683.8182913325686,4377.817739038969,4748.880237928233,3575.6958243004497,6158.720013728057,3466.0651903153494,2945.994107834441,2112.903553229388,6113.565470470726,3410.169556621305,2026.6530536152347,4213.697950303722,4345.3219691771465,6414.718769234851,6356.063140343623,2332.351679850068,1159.2671959861677,2833.9790993878546,3835.89661591163,2115.199078714146,3210.1389646096063,6025.326262527024,0.018839050131926122,0.014691893034562942,0.0343458933107536,0.1430092075150354,0.04045753018428299,0.1710582235444114,0.18519107436264376,0.044721678913146906,0.021281089929767124,0.07432396536152579,0.05389189763194223,0.01648730318613158,0.02385476039687566,0.06259590454521403,0.014609358458606819,0.16151349050077166,0.15704277677528924,0.022072024501003273,0.020600042256496937,0.02198559016740835,0.006466659599279127,0.033315705975674244,0.037770734284204965,0.01651230484255094,0.06305016438646728,0.02122716231914669,0.006466659599279127,0.18519107436264376,0.17872441476336462,PEL,0.0,False,0.02385476039687566,0.000779159449041284,0.07432396536152579,0.012600248534773598,0.18519107436264376,0.05201257350373438,0.0343458933107536,0.0042869646382182386,0.044721678913146906,0.0022633142967009297,0.00389579724520642,544.0
ENSG00000173120.15,KDM2A,67119263,67258082,11,11427.763900813708,11027.76498735315,1252.3272218377213,2793.8254995102434,1808.7868128294558,2468.152281128089,3799.5383237419055,3663.974082958553,12212.616482568495,2124.166510482959,1598.4260567802878,1002.0240293816688,11269.623529693194,1471.3235413217228,1150.7505669020416,2796.766388196391,3049.050733690058,12329.706371847436,11644.504745585591,3702.955774556976,3271.5994828845623,1292.010376219962,3750.283710233889,1231.7531909495697,1339.7907679524867,11853.212745990177,0.10902374670184696,0.10522143536624036,0.003863251481795089,0.07653414231731333,0.013079855962719763,0.0626328091797705,0.1248211162346955,0.04805201670455146,0.14263082853672704,0.02194124209743399,0.010619093129446745,0.0025976779939564224,0.11805995355710365,0.00566167522091116,0.0033347448655515564,0.07854824117928795,0.08199766479142341,0.137290104551695,0.11092330445806042,0.07215511760966306,0.1151807484363405,0.003648863035430989,0.03592181722134179,0.004233924318602805,0.005567928730512249,0.1331185975287781,0.0025976779939564224,0.14263082853672704,0.14003315054277063,GIH,0.0,False,0.14263082853672704,0.023964769239408712,0.02194124209743399,0.0016171049284895384,0.1248211162346955,0.02604692378333176,0.004233924318602805,0.00014516454699386755,0.1151807484363405,0.014458271569368464,0.0007258227349693378,206.0
ENSG00000173020.11,GRK2,67266473,67286556,11,12540.542903612846,12266.893475650953,1002.8911150573479,2966.62958858474,1492.1352476995446,2709.843974944161,4235.01757844411,3873.556340660682,13596.687312034766,1755.80758784902,1258.0297487620096,852.177430597779,13058.176743848866,1235.8151998227484,1002.817138776078,2687.6502281483463,3054.053947507491,12706.68372294106,13148.294924734551,4261.855422122971,3844.300570214893,1067.4536027937747,3690.1172545046306,1082.3193578771156,1245.353483090037,13727.669155019727,0.13989445910290238,0.13830461896205476,0.0023814563928873838,0.08510298578955772,0.006884134717220928,0.07490437739056524,0.14999734987014363,0.05508272981973886,0.18904789565401067,0.011634702226000106,0.005044069236487204,0.0019084981180088002,0.1719970445429597,0.0033335097095084395,0.0022760957018843953,0.07253472407003353,0.08242224816898418,0.14748125462034006,0.1520177477287133,0.09689552871371053,0.15636594932683134,0.002749867794817557,0.03454833597464342,0.0030695951309870338,0.004295259306395164,0.19389587073608616,0.0019084981180088002,0.19389587073608616,0.19198737261807736,GIH,0.0,False,0.19389587073608616,0.04315845647069115,0.011634702226000106,0.0005560673723120447,0.14999734987014363,0.035945226017600626,0.0030695951309870338,8.62964261575594e-05,0.15636594932683134,0.026324315546397924,0.000431482130787797,153.0
ENSG00000172932.16,ANKRD13D,67289300,67302485,11,14158.849110602232,14336.686447693455,1235.699524142351,3775.808385065763,1796.4778265105217,3594.2778969683536,5639.219082138041,4761.346648848214,17306.56400950947,2040.224080802693,1504.477320763834,1013.7400072181379,14400.43282542673,1455.1495703582323,1298.7776474051384,3944.9959437182847,4143.324696800208,16237.97825186234,15395.065574512373,4946.092639683569,4327.8519197018195,1271.7503087492105,3919.212282355031,1302.0300731138666,1417.9046381353364,17402.13935105008,0.19261213720316622,0.20626783638093224,0.003810330228619814,0.12869231997445313,0.01292099131539928,0.12335316617084573,0.24545502729633753,0.08806893270603161,0.34234567249300313,0.01955054985921479,0.008601465434851864,0.002703705667179134,0.21975934135528816,0.0053441981057198796,0.004234596654668642,0.14549518386461605,0.14504829635919753,0.27679797233076353,0.22913585463765054,0.12984742530197077,0.19219760415562387,0.003595980962453728,0.039672477548864236,0.0047102408044456204,0.006999681832643971,0.34259161474284505,0.002703705667179134,0.34259161474284505,0.3398879090756659,GIH,0.0,False,0.34259161474284505,0.12843619169143528,0.01955054985921479,0.0013317665155421806,0.24545502729633753,0.08523071563566435,0.0047102408044456204,0.00017248012927320347,0.19219760415562387,0.039445947520539655,0.0008624006463660174,235.0
ENSG00000172830.13,SSH3,67303478,67312607,11,15605.36362900662,15880.747125230295,1298.7873534343712,3692.5919710360854,2189.4405003369575,3405.88247972108,5383.692057031746,5677.534181246959,16940.262425091805,2474.8108806908544,1791.252953266569,1115.7644443924378,14855.518710697232,1642.1244066914624,1422.2813526057278,3510.4808425687597,4027.5476847289406,17414.46601815523,16222.309971068888,6165.78503618031,5208.531282740392,1439.3836619032859,4687.1077844915035,1341.813312009093,1639.9834652950951,16538.76607370403,0.24670184696569922,0.26445407462213294,0.004022015241320914,0.1245409548139869,0.023300148273670832,0.111081597960051,0.2278051624529602,0.1266585610826241,0.326345250039605,0.03394782978271264,0.014601253052989274,0.0034458993797381117,0.23807261980156216,0.007936927879781999,0.005187380901969087,0.1188867010803044,0.13777730601846938,0.32548315556024926,0.26220156349038665,0.1960161051070142,0.2596204812890915,0.004600740349021682,0.06370839936608558,0.004974861074358296,0.010499522748965956,0.3060513253775478,0.0034458993797381117,0.326345250039605,0.3228993506598669,GIH,0.0,False,0.326345250039605,0.11702089347797441,0.03394782978271264,0.0033705983429091735,0.2278051624529602,0.07477956810456783,0.005187380901969087,0.00020160894375112614,0.2596204812890915,0.07111920650236067,0.0010080447187556308,251.0
ENSG00000172613.8,RAD9A,67317871,67398410,11,12849.068215336596,13332.865623816508,1384.0561857455928,3746.5632427528767,1885.622225596953,3118.435786368503,5079.3349643443435,5127.269486255595,13261.952639355357,2418.287375231734,1694.332512927984,1198.9707681447421,11867.252421965923,1587.7927235873137,1564.6884918491885,3269.6724662789115,3956.161448977315,14324.746910766638,13255.600609332858,5178.7877715451405,4189.130378681038,1498.3741132708587,4382.877007915586,1402.626946066422,1713.8716343181686,13994.663869796035,0.1504485488126649,0.17096501426910474,0.0046570702794242165,0.1270424184363191,0.014986231730565559,0.09402889927751806,0.2066041236020565,0.10255325897341017,0.17674394043407088,0.03235403495723317,0.012689816289688861,0.004135079255685734,0.1359510238547604,0.0074607122069950795,0.006722422189286471,0.10302804534085466,0.13300074302091072,0.20245010032738409,0.15476442002957955,0.14113159567705022,0.18143750662567582,0.005076679005817028,0.053935552033808766,0.005768721884096321,0.01145402481705377,0.20413982469109726,0.004135079255685734,0.2066041236020565,0.20246904434637075,GIH,0.0,False,0.20413982469109726,0.047632506370316526,0.03235403495723317,0.0031086007151721463,0.2066041236020565,0.06301021406984147,0.006722422189286471,0.0003066023664497113,0.18143750662567582,0.035233550546946615,0.0015330118322485565,312.0
ENSG00000175482.9,POLD4,67350772,67356972,11,10713.989352967377,9988.989666293764,1212.310287977088,3306.373230023353,1610.93876636673,2634.595816098863,4437.165484113318,4040.365402095897,10244.00453055151,1963.7072122814666,1409.0630693804112,1128.0911829423114,9677.214922321997,1369.4675255419654,1336.806904618405,2635.1346284788265,3429.1007011336906,11713.694431931872,11213.720783282039,4315.078076058548,3293.4326988583425,1353.4974943800055,3493.1756024472206,1180.2282023364912,1379.4991038039775,11305.12933221802,0.09182058047493404,0.08001268364866293,0.0037044877222692633,0.1040502421629677,0.008790510485066723,0.07065448363790905,0.164997084857158,0.059787492731405614,0.09061625389449227,0.017372363597726186,0.00684931506849315,0.0035519270529608227,0.07948068397720076,0.004497592465209799,0.004393394029218717,0.07029961151615136,0.10359834412482752,0.11796388214172564,0.0989858440735263,0.09949141767323585,0.1171949538852963,0.0038603913273400317,0.029107237189646064,0.0038634559407250595,0.006257291335242337,0.11743584327806526,0.0035519270529608227,0.164997084857158,0.1614451578041972,GIH,0.0,False,0.11796388214172564,0.016656407819683517,0.017372363597726186,0.0010916974968167626,0.164997084857158,0.04248193295041575,0.004393394029218717,0.0001541092764493146,0.1171949538852963,0.014958042383805758,0.0007705463822465729,214.0
ENSG00000256514.1,ENSG00000256514,67351572,67373584,11,10925.672299875145,10787.570122236248,1326.893376567107,3554.528990002272,1743.0894598881946,2833.6743356313,4845.854487767055,4737.180280368553,10542.625772894431,2227.251311894681,1534.875002864389,1196.2406946173398,9527.038807399835,1478.8272800659843,1537.5264834325415,3121.9191247839476,3818.0291367415,12659.580042543877,10677.863443081695,4953.908337053008,3859.555564337732,1441.6043878749076,3991.583656226801,1304.5542399549415,1525.3533420107256,10878.47110398498,0.09693931398416887,0.09930239932353874,0.004127857747671465,0.11740912235882697,0.011914848549036221,0.08058861028474289,0.19176339640642392,0.0870645451181477,0.09726989491471721,0.025553843701854116,0.009185515556971434,0.004082065419074379,0.0759974667511083,0.005820413778506799,0.00645775989836968,0.09504550050556117,0.1250928776138414,0.14631956912028726,0.08652017747728713,0.13048315321042595,0.1574260574578607,0.004653622421998942,0.04141574220813524,0.004763164858428155,0.008855658076148054,0.10603020382300138,0.004082065419074379,0.19176339640642392,0.18768133098734954,GIH,0.0,False,0.14631956912028726,0.02516624822648157,0.025553843701854116,0.0020899150852213915,0.19176339640642392,0.05529161815237524,0.00645775989836968,0.0002873190664697644,0.1574260574578607,0.026675290996562483,0.001436595332348822,296.0
ENSG00000175505.11,CLCF1,67364168,67374177,11,11898.897369920798,11569.418022386684,1377.270741676504,3658.396672101631,1776.4519741789768,2921.824931745424,5160.4253212913745,5142.580356807263,11878.819594556708,2348.936571469896,1586.4463287853155,1211.3554037273184,10488.673959540436,1526.4925885030523,1612.401736461697,3325.6872695717334,4070.5619839118335,14412.257704657875,11522.264796205469,5080.742309638992,4144.187304496771,1464.8822579288103,4238.62742498262,1391.543781577386,1594.0600568240827,12555.27248778949,0.12200527704485488,0.11975478279251665,0.0046041490262489415,0.12267816275480334,0.012497352255877992,0.08446663833404165,0.21163937032914612,0.10302902151503938,0.13333685377831758,0.02964458375391808,0.010512902198152279,0.0042941207655198006,0.09779396242347477,0.0064024551563574795,0.007304679229303409,0.10638071417167794,0.1403778792060291,0.20567113739571233,0.10770124656665962,0.13625768171222716,0.17815117141948478,0.004812268640930725,0.04817749603803487,0.005715797830113787,0.009969243822250503,0.15381772098426444,0.0042941207655198006,0.21163937032914612,0.20734524956362632,GIH,0.0,False,0.20567113739571233,0.04831941217305158,0.02964458375391808,0.002683171635927317,0.21163937032914612,0.0657269276819095,0.007304679229303409,0.00035068584037682325,0.17815117141948478,0.03399347636597993,0.0017534292018841161,331.0
ENSG00000172531.16,PPP1CA,67398181,67421183,11,18254.63579730699,18087.04757799388,1563.5298044873332,4652.188518197283,2179.824931510695,3935.295095829332,6282.53405078537,6805.772344603363,19237.76424712036,3149.2479794113815,2037.8207217970864,1133.2915013847096,16157.671327005424,2077.615878212854,1669.6187625028049,4085.610104644507,4977.643992964883,20323.36793847559,17236.715842356454,5837.108533466206,4844.885197551735,1493.338113510954,6426.9352099274265,1503.9926147053359,2287.7078489996147,19867.11732786974,0.3545646437994723,0.35762604375858786,0.006509314140558849,0.18654531906966842,0.02303537386147003,0.14316829579260518,0.29040122966025333,0.17883385314796216,0.42509373184770555,0.06167985974605536,0.022300095571838166,0.003604940889572178,0.288948701709943,0.017619979893116037,0.008257463476603853,0.1543292001490075,0.19716590595478187,0.44339423381560883,0.30445806042679063,0.17789785971604152,0.23062652390543836,0.005023796932839768,0.1318013734812467,0.0063508864779042076,0.027203308940502706,0.447988171929454,0.003604940889572178,0.447988171929454,0.4443832310398818,GIH,0.0,False,0.447988171929454,0.2147178197192668,0.06167985974605536,0.009206611934133675,0.29040122966025333,0.11444967815860856,0.008257463476603853,0.0004275917367903493,0.23062652390543836,0.05638640187441269,0.0021379586839517465,368.0
ENSG00000175463.12,TBC1D10C,67403915,67410089,11,18288.36368350578,17389.770991895773,1533.0415418045181,4668.917526402347,2082.5009283213185,3937.2734490031553,6267.26077611462,6666.430509894049,18612.523795464236,3155.2854032605505,1982.6414935901219,1093.8688415120491,15530.820493068877,2067.715273459102,1621.4127686983177,4066.7015647639087,5054.356507862205,18838.162944788823,16823.32128988193,5454.891565185542,4622.092617003909,1431.3810903202536,6248.949319199776,1465.2028201731407,2226.634358183275,19375.313610459223,0.3557255936675462,0.3284008032977487,0.006085944115156647,0.18745010378412902,0.020122855327261175,0.14332766680832978,0.289712195897599,0.17249035259290585,0.397581454295823,0.061998618711151254,0.020123181480301584,0.0033398717065154003,0.264988389275913,0.017408328482988518,0.007463476603853483,0.15299877600979192,0.2019955418745356,0.3848875277220403,0.287132896682865,0.155806314897224,0.21313473974345384,0.0044420941300898995,0.12498679344955098,0.006192114315956602,0.025718527945699437,0.4270250290421375,0.0033398717065154003,0.4270250290421375,0.4236851573356221,GIH,0.0,False,0.4270250290421375,0.1958810553499047,0.061998618711151254,0.009286817876768398,0.289712195897599,0.11397405792179718,0.007463476603853483,0.0003630975743745689,0.21313473974345384,0.048308960580341544,0.0018154878718728445,342.0
ENSG00000172508.11,CARNS1,67414968,67425607,11,16843.797770536876,17222.32520108887,1672.9566191662175,5038.489372782599,2654.785914113299,4362.508125534568,6663.420772029662,7146.452598030012,17727.426476236225,3453.295974323483,2364.5224676198754,1314.8442450175633,14813.095637607064,2310.794585364544,1891.8452275209454,4411.425131118757,5096.424042826526,19282.204177788517,14684.602392506218,6508.938327785321,4922.146151382615,1743.0056080498127,6918.166664210556,1669.735315009316,2731.9399112554665,17114.26383591576,0.29720316622691295,0.3211605538526583,0.007832345469940728,0.21358241524296132,0.03939843253547977,0.17010199745006374,0.3181745905549372,0.19559126711423588,0.3599302951893119,0.07373957392551665,0.033662525220346184,0.004665217621799289,0.23648933924424742,0.024710302132387958,0.011856870633072199,0.17455164706508436,0.20459611506209532,0.401784771359172,0.20388759771814916,0.21635939817758,0.2380472808226439,0.007879428873611845,0.15113576333861595,0.008414924583223075,0.04380103934669636,0.33065793642412084,0.004665217621799289,0.401784771359172,0.39711955373737273,GIH,0.0,False,0.401784771359172,0.1743004407361414,0.07373957392551665,0.012433980646700007,0.3181745905549372,0.13432365653034845,0.011856870633072199,0.0007676026633588752,0.2380472808226439,0.05999774460909076,0.0038380133167943762,536.0
ENSG00000285827.1,ENSG00000285827,118401602,118482737,11,6638.472582303262,5541.668267788232,4487.349996248977,3472.173980056549,2384.6929913735444,4009.535167889585,4368.012322156625,2250.1817635948837,6730.576545328251,2282.6595634990827,2495.548748670069,5094.035747567323,6264.394518256537,2271.3061851230946,4668.469544170128,4705.951581445208,4267.7110329782845,6956.81775144452,8097.911346836665,1804.3179670859306,1158.7217142758009,4920.21940272394,2435.713566669864,4781.650948742179,2854.7125393196907,6331.241656408821,0.025435356200527705,0.016013106436951696,0.09658128704487723,0.11251264037468732,0.030396102520652404,0.1478963025924352,0.16001484072719563,0.010572500925093832,0.027565084226646247,0.026988259044785634,0.03907826271636402,0.13173938397921858,0.025385264935613258,0.023387480819090957,0.1093584586068177,0.19323080197967113,0.15300923468846195,0.028197275319463512,0.03982674836256074,0.010224623860987497,0.006413654192727658,0.11152829190904283,0.010248283148441627,0.11436888065625828,0.04862657757980698,0.02455380716020699,0.006413654192727658,0.19323080197967113,0.18681714778694347,PEL,0.0,False,0.03982674836256074,0.002080181006317004,0.04862657757980698,0.006170517750412032,0.19323080197967113,0.056035466472602824,0.13173938397921858,0.037701959298385594,0.010572500925093832,0.00013396524679074699,0.000669826233953735,199.0
ENSG00000118058.25,KMT2A,118436456,118526832,11,5805.59645403908,4869.267377833053,2656.9382052915253,1847.0927957804192,1779.7452960278601,2317.4457941268292,2752.9811040090403,1872.6852481037909,5963.129035349189,1645.1429807842012,1949.5090708602181,3303.3785788415057,5658.727566873706,1718.577972667909,3233.538038614494,2885.165725986062,2572.1863751577594,5439.181217690965,6456.373413648567,1371.6276134524192,988.5841181969677,2987.2392605706245,2203.5359938032875,2911.6768316683024,2023.0419261874704,5816.979713750607,0.017361477572559368,0.011309586724447733,0.029794665537679933,0.03273191761136835,0.012603262020758314,0.056151721206969825,0.0665712619918376,0.005814875508801607,0.01943285631303797,0.009350262976146204,0.019273654029945842,0.054074113343582676,0.019579902892125817,0.008995184930419599,0.05097395723057379,0.08360385290830717,0.05875172486997134,0.013729010455169501,0.021339530952884007,0.004503072684890867,0.004293437930668928,0.03781068217874141,0.007290015847860539,0.039322572109023554,0.01935518082511401,0.019167810750871265,0.004293437930668928,0.08360385290830717,0.07931041497763824,PEL,0.0,False,0.021339530952884007,0.0006293851347028379,0.01935518082511401,0.0013094481830559232,0.08360385290830717,0.012900873614871413,0.054074113343582676,0.008931668939619601,0.007290015847860539,6.464266090707814e-05,0.0003232133045353907,130.0
ENSG00000172425.12,TTC36,118527472,118531197,11,5792.118667836825,5569.290863127337,2351.34735813405,1895.3979603486616,1994.3732282312335,2273.590238500981,2530.280473231302,2390.0451769507654,6176.492072325085,1854.8758556929226,2013.6377364661887,2907.2917202966714,5825.38807749738,1998.3463475730005,2531.32052904629,3306.631333478404,2560.622368160609,5745.573527831135,6518.446451610012,1578.0892423977964,1158.43019224352,2696.247745542252,2317.4549934962906,2667.147983215451,1858.055046152148,5612.1103155333685,0.01725593667546174,0.016277349117429448,0.0206922099915326,0.03432859651923998,0.01763397585257361,0.05477050573735657,0.05607674776064027,0.01379711370724745,0.021597929978349265,0.013919141475854008,0.02113199532759902,0.03997243280496209,0.021585391598057842,0.015133075824117678,0.028901122168113486,0.10520994092916822,0.05779641227045961,0.015629950364346817,0.02170927530107754,0.006887052341597796,0.00636064878617619,0.02897937599153887,0.00861067089276281,0.03143688806562583,0.01479478205536112,0.017319674728059984,0.00636064878617619,0.10520994092916822,0.09884929214299203,PEL,0.0,False,0.02170927530107754,0.0006504438788975629,0.02113199532759902,0.0015180090093935737,0.10520994092916822,0.019303052653335765,0.03997243280496209,0.005479026084491545,0.01379711370724745,0.0002257417743949248,0.001128708871974624,271.0
ENSG00000151491.14,EPS8,15620134,15882329,12,15008.4673503501,11119.965537940754,2571.973810233968,1940.8846090323295,2178.18806392307,1956.5550326363223,1956.9155861035485,3512.560651730262,14153.452910338676,2312.5271272450996,2282.7621207278307,1948.1636364195456,11922.218862026306,2717.6025337959427,1892.6747787884271,2016.4803897938589,2903.130071544505,15290.439046480398,15395.876470792457,3257.1375530911373,2725.503984755868,2052.805493741602,4012.599438311857,1727.5681669105663,2426.9643633755995,14215.939951673547,0.22263852242744064,0.10733537681006236,0.02741320914479255,0.03560593964553728,0.022929464096589705,0.04090522736931577,0.03339163619017332,0.0425014537188772,0.21101547235570575,0.028528927376082452,0.030423701815864925,0.012935376133170758,0.13763985644922946,0.037726863855230434,0.011909803091255559,0.039859507210898835,0.07462052860630507,0.23951842855634176,0.22918867525882106,0.053613053613053616,0.08025018551892293,0.011686938127974616,0.041996830427892234,0.009473405662873776,0.030968289320182415,0.21232442707783292,0.009473405662873776,0.23951842855634176,0.23004502289346798,STU,0.0,False,0.23951842855634176,0.06469743296270918,0.037726863855230434,0.004025710909243495,0.07462052860630507,0.010570002043103707,0.02741320914479255,0.0029771272243804127,0.08025018551892293,0.007120238812111731,0.014885636121902064,1120.0
ENSG00000023734.11,STRAP,15882387,15903478,12,19086.199485966477,13260.536524299852,2961.023144904742,2622.2149617332043,2407.6467926468176,2935.250652090626,2954.164165063332,4107.14506775507,17783.658718572224,2565.0924739070806,2712.8230434857646,2085.5760751802704,14723.440080523227,2738.6741248125522,1671.3640300293334,3440.0435866116777,3890.617151440501,19398.876617108883,20727.884257494436,4427.561389825027,4225.27059719085,1997.3283621447642,6023.6021088393845,1682.6458617380842,2693.1113207481308,17851.18183715369,0.38765171503957785,0.16863967868090055,0.039108806096528365,0.0676459630634946,0.03150815505189578,0.08494475138121547,0.07600572428048974,0.061479092879420626,0.36209536885462323,0.03771981086968071,0.046193055113093344,0.01542702645390447,0.23374498627823517,0.038255992380549234,0.008416260851153927,0.1143100420414028,0.1292325655450589,0.4064843172457493,0.44633424889076695,0.10584869675778767,0.18392876073359482,0.010999471179270227,0.11531959852086635,0.00857369674517068,0.04242231413723618,0.3623402682437427,0.008416260851153927,0.44633424889076695,0.437917988039613,ITU,0.0,False,0.44633424889076695,0.21320164064307676,0.046193055113093344,0.005659799450207883,0.1292325655450589,0.027682106354027437,0.039108806096528365,0.005288860821022801,0.18392876073359482,0.03618810534735566,0.026444304105114006,1541.0
ENSG00000123352.18,SPATS2,49366584,49527425,12,14605.775859926924,13681.074847751546,3433.3086153541703,1288.9877050281043,3305.1944148546213,1049.4046865690348,1340.6897636232982,3480.923758726738,16502.81796242769,4196.038904065552,2710.4778942100456,3899.729142024212,14542.691628582414,3165.897176659342,3387.5594258466786,1118.7004991362,1452.0298474962908,15873.337908533375,15786.928670342504,3263.538272709457,1756.4441389430015,4187.657050948363,4627.219549059619,2796.2198608127114,3425.930980415923,15068.076008283188,0.20886543535620053,0.18375436000422787,0.05413844199830652,0.013252434935334505,0.0636517686930735,0.00855291117722057,0.012879631101923994,0.041338478617116876,0.3060146802555843,0.10933432502789141,0.046139959647446105,0.07549170333457032,0.22519527126873548,0.05381237102492195,0.05669066271437646,0.00973870469905806,0.015338074514382762,0.26312176576196006,0.24424255229241496,0.0539838948929858,0.02793384925262377,0.07831835007932311,0.06159535129424194,0.03551204022228103,0.07084526460918443,0.24353152392016053,0.00855291117722057,0.3060146802555843,0.29746176907836375,CHB,0.014349485830815334,False,0.3060146802555843,0.10345302593874067,0.10933432502789141,0.02412439771521876,0.015338074514382762,0.0006600592874500783,0.07831835007932311,0.01625944037910434,0.06159535129424194,0.004239076235953754,0.0033002964372503916,493.0
ENSG00000135519.8,KCNH3,49539030,49558337,12,18375.430183913188,15294.882660146903,2826.3197683647827,1568.2821399610777,2641.240707247733,1010.886542120007,1307.6120502010856,2859.459458785337,18731.448632095715,3339.00165731976,2617.382696340894,2867.404716823523,17798.586100226956,2899.3214332131174,2434.4517228165423,1112.0980847776987,1883.216029503143,19655.94668719008,18097.574747302395,2972.923887550961,1630.171591278184,3603.3111858387374,4193.379417530138,2362.73779758897,3260.6577090481987,17122.35462766545,0.35894459102902376,0.24283902335905294,0.0356160033869602,0.02208739155889084,0.03897479347595848,0.007490437739056523,0.01176657656225155,0.02436961463234128,0.40217563500026404,0.06964883387345269,0.04337899543378995,0.03785187934050787,0.3597213426219126,0.043864754748928515,0.02673089138259581,0.009632270767920814,0.029880055195839084,0.4169394867462245,0.34005915909571094,0.04291163382072473,0.022315276158168133,0.05742993125330513,0.04675118858954041,0.022439798888594865,0.06474705695195673,0.330921955855951,0.007490437739056523,0.4169394867462245,0.409449049007168,CHB,0.0,False,0.4169394867462245,0.18711344966827378,0.06964883387345269,0.011295356876208145,0.029880055195839084,0.0021246233583843304,0.05742993125330513,0.009845137705533852,0.04675118858954041,0.0024690328296444615,0.010623116791921652,941.0
ENSG00000187778.14,MCRS1,49556544,49568145,12,12042.933788551152,10380.666123245694,2446.738490469239,1586.266588049054,2285.273972618866,1012.4519875295381,1309.171824796182,2290.8109393187733,12569.278905764308,2360.271646053187,2127.908140545794,2433.6817097588973,11697.070952086744,2315.0763900550537,2034.590606701569,1132.2946109294924,1914.8480482514103,13090.787780673332,11435.585908738445,2361.3963037018652,1528.7215261218423,2872.0010052009684,3285.6375760410315,2119.3992862202367,2595.660912871612,11668.825142672775,0.1254353562005277,0.08915548039319311,0.02365580016934801,0.023311512054925754,0.02684812539716162,0.007543561410964726,0.011872581756506068,0.011682613522228684,0.15430110365950256,0.029910216224831324,0.024848677922905384,0.024333351004612203,0.13072619801562171,0.024921953542515477,0.014768155833156892,0.010217657389175669,0.031153805328521387,0.1598373640299926,0.10484893302345236,0.02256834075015893,0.017650800381638927,0.0343204653622422,0.02503961965134707,0.016565228896533474,0.03865733375755648,0.12804942443763861,0.007543561410964726,0.1598373640299926,0.15229380261902786,CHB,0.0,False,0.1598373640299926,0.029808638286756464,0.03865733375755648,0.004194191032178725,0.031153805328521387,0.002285935962728463,0.0343204653622422,0.00428183291587607,0.02503961965134707,0.000726087947382014,0.0036304397369100704,520.0
ENSG00000110844.14,PRPF40B,49568218,49644666,12,10997.136575494442,9222.406695095515,1960.3304635741133,1350.63053688413,1789.9371320441323,825.0169667208784,1159.1575093315514,1891.9811316678063,10972.459611104921,1735.3211362891054,1606.4900226945226,1849.5181655065169,9700.563102010863,1777.8878395623503,1697.7711875325854,997.8380051388615,1705.6935019793334,12006.001663849438,10784.920917227526,2174.8795333442354,1558.088380768893,2086.2546549186945,2673.210871702012,1639.2592051098713,1923.1287888001616,9502.451894692858,0.09852242744063325,0.06484515378924004,0.012224809483488568,0.014583000691894193,0.01286803643295912,0.003771780705482363,0.008427412943234219,0.005973463022678015,0.10788403654221894,0.011209690272538915,0.01083147499203568,0.010920850341939245,0.08011399620012666,0.010212180538652839,0.008839720516620792,0.00681177159278378,0.023670523299012845,0.12699334671031787,0.08953095288400592,0.018383132019495655,0.019293967984734442,0.012268640930724484,0.012361331220285262,0.008097380259327864,0.0166507582988652,0.0731333826169606,0.003771780705482363,0.12699334671031787,0.1232215660048355,CHB,0.0,False,0.12699334671031787,0.01918450896681979,0.0166507582988652,0.0010164771314459986,0.023670523299012845,0.0014122794929166487,0.012268640930724484,0.0008111746366844314,0.019293967984734442,0.00043559453810795894,0.002177972690539795,373.0
ENSG00000135436.8,FAM186B,49582885,49605639,12,12709.47455389805,10948.893291044624,2342.6264515279804,1576.6938261920984,2114.3023236372746,932.8533745877169,1325.0587136525032,2271.540120794875,12960.238804216102,1978.211756889942,1850.9434929141541,2103.9454357870295,11504.533634064233,2087.3286797922187,1973.4295478945214,1123.7163956224363,1973.155576826369,13566.985711996165,12334.406981126122,2609.2662275556017,1833.2201643831822,2500.957796280866,3191.8855824696993,1950.6867762573563,2285.4612686370297,11487.864745424135,0.14527704485488127,0.1033717366028961,0.02037468247248095,0.02251317260098994,0.02102308832874391,0.0057904802379940504,0.012402607727778662,0.011101125971348522,0.16570734540845963,0.017850502045370024,0.016141021556759054,0.016169220166463445,0.12449862782351699,0.017937457008307317,0.013286047004022868,0.010004789526901176,0.03354208682730071,0.17636498046256205,0.12988590745827172,0.02940241576605213,0.031167179052263332,0.024061343204653623,0.02324352879027998,0.012913469171738556,0.027097253155159613,0.12308585911923117,0.0057904802379940504,0.17636498046256205,0.170574500224568,CHB,0.0,False,0.17636498046256205,0.035992788782339635,0.027097253155159613,0.002306677885531098,0.03354208682730071,0.0026019551338848524,0.024061343204653623,0.002410996506583045,0.031167179052263332,0.0011151801684653319,0.00557590084232666,674.0
ENSG00000161791.14,FMNL3,49636499,49708165,12,13452.767563303743,11184.716727212055,1886.0876932769218,1442.9531627036013,1663.2931062627063,769.1335262327578,1200.5720613574279,1770.900136336166,12883.354055562459,1869.667916667808,1435.8434876800939,1739.9952777958038,11683.154005570212,1569.037749212143,1796.509526548863,879.5835235768536,1701.8672024264001,13646.593653914559,14332.039597620362,2304.3099024480907,1514.4351135673219,1901.0848900766812,2542.422252337278,1589.887667751977,1981.1783544136247,11891.556033157329,0.16886543535620052,0.10902652996511997,0.01090177815410669,0.017403800095800736,0.010273247193391231,0.0029218019549511263,0.00911644670588859,0.004704762911666755,0.16354227174314834,0.014609785900228444,0.00727407879367102,0.009489476753432646,0.1301984378298501,0.007037409386740039,0.010374761803938174,0.0037784045553722525,0.023564377454622653,0.1788995670081318,0.1912634692583985,0.02119093028183937,0.01664369765716103,0.009994711792702273,0.011251980982567354,0.0071976713416247685,0.01813553929366847,0.134385890801563,0.0029218019549511263,0.1912634692583985,0.18834166730344737,CHB,0.0,False,0.1912634692583985,0.04204285641777875,0.01813553929366847,0.0011736054137472197,0.023564377454622653,0.0014011960789762567,0.01090177815410669,0.0006701177016803936,0.02119093028183937,0.0005235020565794778,0.0026175102828973887,418.0
ENSG00000139644.13,TMBIM6,49707725,49764934,12,22473.509247793165,18042.792519237522,2441.5063897990344,2444.0669638817153,2203.5975246617377,1453.3607361259642,2117.8496809924072,2213.251584753632,22497.207831832122,2257.6203172479172,1984.0524963579342,2275.9988242199124,19983.544408715396,2021.5212465932577,2365.6877168496612,1618.6747470477494,2778.35306639299,22380.03418530871,25958.93415889534,2865.0604261063368,1934.4094780148223,2447.405674582884,3514.4950022414055,2061.7899302301653,2609.2335530025075,22163.02034242618,0.5269129287598945,0.35609343621181694,0.023497036409822186,0.058544893288626325,0.023776742215632283,0.0207713557161071,0.03911591667991732,0.00999101337421367,0.5600675925436975,0.026244488126228552,0.02022937241159605,0.019880188729258338,0.4505488705932024,0.01603259431715964,0.02450772813889477,0.024586238092703955,0.0687294342426494,0.5233921216601541,0.6529685189097824,0.03877940241576605,0.03678575214671897,0.02231623479640402,0.029688325409403065,0.015242127546970097,0.03897550111358575,0.5425071285246594,0.00999101337421367,0.6529685189097824,0.6429775055355686,CLM,0.0,False,0.6529685189097824,0.4419320560546452,0.03897550111358575,0.004252443184727359,0.0687294342426494,0.009150909583743394,0.02450772813889477,0.0024837469940023724,0.03877940241576605,0.001711493115684884,0.00855746557842442,830.0
ENSG00000139546.12,TARBP2,53500921,53506431,12,6190.8454654299685,5927.421686652797,3319.6915405928826,1976.8928447701076,3312.5955122956925,1946.0493189273986,1706.1365964472795,3496.769936669777,5362.381061634771,3025.9004463093884,3112.5244704917213,3436.2635769899416,6293.63173467429,3538.91767920956,3217.9717130965564,2037.0457409643054,1507.5153176352196,4760.095491067297,5998.826883374587,2864.3160487157384,2215.1241907151984,3357.5967125045213,3097.907487209291,3222.7971664172487,3035.486995179449,5830.670276501813,0.020686015831134566,0.019025472994398055,0.05038103302286198,0.036883282771834586,0.06396949798771447,0.04037399065023375,0.024699210261302805,0.04197282867262251,0.014416222210487406,0.056420336821973116,0.060741212700435386,0.058845358638604676,0.02564914502849905,0.06857505688131647,0.050179970357823414,0.04071097865999681,0.016930262180235644,0.009557503432252614,0.01817029368265371,0.03872642509006145,0.051680271387681546,0.04976203067160233,0.020919175911251982,0.04948399047367028,0.05647470569519567,0.01953743795543352,0.009557503432252614,0.06857505688131647,0.059017553449063856,LWK,0.0,False,0.02564914502849905,0.0008953079788113993,0.06857505688131647,0.011003864468060861,0.04071097865999681,0.0036539965279814715,0.058845358638604676,0.01024052960569526,0.051680271387681546,0.003005097495417188,0.004476539894056997,586.0
ENSG00000123405.14,NFE2,54292111,54301015,12,5414.302148791735,5111.386812751174,2773.8676163022847,1980.0065520444896,4484.263631083988,1739.0752007133387,2039.924650967314,5066.327223435273,4367.369460174139,3929.434523693898,3953.4521468467283,3243.6764369124444,4865.210320997081,4207.747130847744,2892.3369435374343,2338.1634342705797,2001.4908636446762,3968.256727380837,4730.37521043719,4789.854502279938,3269.157042804214,3535.7103853833396,4682.373875055704,2904.665064858986,3363.852711370719,4505.375839828289,0.014406332453825858,0.012789345735123137,0.03334038950042337,0.03709617329288414,0.11734801948739673,0.031502337441563964,0.03604176604653628,0.0999101337421367,0.009241168083645774,0.09684959889496893,0.09764256132526282,0.05205958755235116,0.014038420941524172,0.09693634583840414,0.0392229515138683,0.05539886115693683,0.034391253582422246,0.006917309113950787,0.010616944855271497,0.12200678109769018,0.1148627159970317,0.0550502379693284,0.0635499207606973,0.03884625562318073,0.06872414890232262,0.010719188932305418,0.006917309113950787,0.12200678109769018,0.1150894719837394,LWK,0.0,False,0.014406332453825858,0.0002964878475114935,0.11734801948739673,0.027173753276644782,0.05539886115693683,0.006270557750012071,0.0550502379693284,0.0091938683835179,0.12200678109769018,0.016185621307438863,0.0014824392375574675,304.0
ENSG00000092841.19,MYL6,56158346,56163496,12,9877.906384765414,6137.984942789767,2030.9123223131185,2062.466683653635,2523.640754300655,1734.060347998657,2034.8858839057425,2853.101572841648,8261.437643346215,2463.736420344429,2113.598735130625,2180.481265470428,7002.945648889791,2194.0960033800834,1758.0825886320467,1822.6640060757234,1931.8016339516014,8316.733307455053,6765.406843396284,1921.8928222627164,1614.2153065282412,2375.3519950579084,3569.5173737841365,1938.9500326922698,2331.146133310802,8971.257781187347,0.0733509234828496,0.02098086882993341,0.013600762066045723,0.04076853478098888,0.03547977123490786,0.03134296642583936,0.03582975565802724,0.02431675212771581,0.04847652743306754,0.03352281782925145,0.024264627800785813,0.017547579918358692,0.033671099852227146,0.02111222816022012,0.009580774931187804,0.03251556596242882,0.03189682623925273,0.04620340057028197,0.02403338263257976,0.012608603517694427,0.02146718965334464,0.01946060285563194,0.03127311146328579,0.012701772955808415,0.028316894686605153,0.06172774316189671,0.009580774931187804,0.0733509234828496,0.0637701485516618,ITU,0.0,False,0.0733509234828496,0.006702730259323472,0.03547977123490786,0.0036304755265532153,0.04076853478098888,0.003663057423628642,0.01946060285563194,0.0017105880532557725,0.03127311146328579,0.0011226220879435385,0.005613110439717692,675.0
ENSG00000139613.12,SMARCC2,56162359,56189567,12,11068.526801298616,7719.417603523586,1841.9967024596435,2020.77234384626,2346.546966951738,1661.2038172675252,1989.068503973978,2692.4249160614468,10349.92490805345,2380.5603598613125,1959.1265300622276,2088.7847707490055,7534.590089333106,2108.230601220318,1661.5857808047374,1785.9242040810545,1793.2518829266373,9896.98768889833,8643.590526510641,1939.2353557554552,1628.365201194577,2175.2701611882835,3587.483877460485,1844.958351135059,2203.6352039869307,10913.105524089193,0.10026385224274406,0.039319310855089315,0.01000211685012701,0.03879929746128054,0.02896632069476806,0.02921801954951126,0.03439868553559124,0.020352064280805625,0.09320378095791308,0.030919619614301654,0.01953913135818201,0.01553305412712718,0.04074308634156639,0.018254934123498597,0.00809866610205378,0.030759406098664253,0.026854898630718608,0.07535114584433414,0.04769702091696598,0.013032422123331213,0.02215625993851373,0.01406663141195135,0.03206550449022715,0.011749139984122784,0.02471099798494008,0.10687506600485795,0.00809866610205378,0.10687506600485795,0.09877639990280418,ITU,0.0,False,0.10687506600485795,0.013786131462161512,0.030919619614301654,0.0028802097688632546,0.03879929746128054,0.0033585450775588653,0.01553305412712718,0.001188004264137546,0.03206550449022715,0.0011790576795099959,0.005895288397549979,688.0
ENSG00000139645.11,ANKRD52,56237807,56258384,12,6394.894443064866,5744.459567517829,1810.8742282820792,1564.0191180914437,2542.0641917712255,1698.5682914682363,1802.8853084721463,2582.1004506656404,6666.629035867037,2268.184136664983,2254.147358774199,1796.061849154377,5977.742211973459,2155.6000555852283,1537.702111906975,2043.0406734270014,1799.8981296803204,6209.405652974647,6926.511610553442,2343.5929542839535,1962.514660079973,1807.3365638794673,3343.0553935064954,1701.1486239354942,2448.8472498196193,6374.078757496835,0.022638522427440633,0.01754571398372265,0.009631668077900085,0.02171483314705413,0.03595636517686931,0.03028049298767531,0.028144379074574653,0.01744462652640482,0.026403337381845065,0.02672262657387239,0.029149410640331316,0.010231670465991624,0.02274646400675533,0.01963066828932748,0.006510692356553038,0.04108349741897717,0.027173336163889183,0.019801457387263702,0.02561800126769491,0.022144522144522144,0.03864094137602035,0.008725542041248016,0.026571579503433702,0.008944165123048426,0.03176370771025559,0.024976238251135284,0.006510692356553038,0.04108349741897717,0.03457280506242413,ITU,0.0,False,0.026403337381845065,0.000946423699437652,0.03595636517686931,0.0037129155267872924,0.04108349741897717,0.0037128116824868096,0.010231670465991624,0.0006047761908787799,0.03864094137602035,0.0016995351583967498,0.0030238809543938995,464.0
ENSG00000135469.14,COQ10A,56266890,56270966,12,3849.7294027333883,3617.2576385235725,1701.7772903658367,1495.2092129387559,2391.0780662919938,1464.0097673915839,1635.6150725174396,2521.1198576573584,3651.3063212601346,2244.273251393821,2082.804274539725,1752.0624697867183,3548.2995984605373,2180.9173392344646,1499.340035184715,1818.8763418213653,1694.445187175685,3570.5441969252693,4508.871294131127,2444.6918749433253,1882.8127810131941,1728.9213726540502,2817.739252753805,1652.2991929501436,2455.1700957282956,3811.402528421151,0.007176781002638522,0.006394672867561568,0.00814987298899238,0.019213369524721913,0.03081974158017369,0.02135571610709732,0.0223670959877034,0.01622878892001903,0.006864867719279717,0.02581947617276736,0.02341510035043007,0.009595504426655356,0.007124762507916403,0.020688925339965077,0.005822570400169384,0.032409132031291574,0.023245939921452075,0.005438800295701764,0.009877456158884428,0.024793388429752067,0.03387045478638821,0.0077207826546800635,0.014896988906497623,0.008203228367292934,0.03208187506628487,0.007445347977611152,0.005438800295701764,0.03387045478638821,0.02843165449068645,LWK,0.0,False,0.009877456158884428,0.00014387257043336238,0.03208187506628487,0.003064724099217968,0.032409132031291574,0.002449851412837056,0.009595504426655356,0.0005451398414446495,0.03387045478638821,0.001312666507071418,0.0007193628521668119,204.0
ENSG00000257727.6,CNPY2,56309842,56316119,12,4897.93524106821,4913.633610620863,2563.7462673034356,2083.1996088323613,2449.5724530292955,2505.9748450922502,2650.4357916060253,3226.290059694436,4532.7207166500475,2186.865803695803,2126.7956400158128,2493.057104410095,4716.457135082505,2285.4186984993626,2263.682298749751,3132.654133449121,2440.0916043142684,4258.868270793458,4093.8888190164907,3553.9315946392653,2745.5412715267403,2408.4405122853177,3829.3770533631205,2555.962169474892,2387.3413498372456,4481.796909747929,0.010923482849604222,0.011626677941021034,0.027095681625740897,0.04162009686518708,0.03262020758313917,0.06417339566510838,0.06180102825038427,0.0339377279695512,0.010033268205101125,0.02443818732401849,0.02479558245725815,0.02592376610295287,0.013246780662866794,0.023916609344409756,0.02074952360787635,0.09547123623011015,0.052223755439974526,0.007550955750343225,0.007817451933234736,0.06616867980504344,0.08157532068270963,0.020359598096245372,0.0375594294770206,0.027414659962953163,0.029960759359423057,0.010507973386841271,0.007550955750343225,0.09547123623011015,0.08792028047976692,LWK,0.0,False,0.013246780662866794,0.0002524563311327747,0.03262020758313917,0.0031517565380687154,0.09547123623011015,0.016280784721363416,0.027414659962953163,0.002977382044424059,0.08157532068270963,0.007352532720933606,0.0012622816556638735,284.0
ENSG00000110944.9,IL23A,56334174,56340410,12,8046.997579763035,7724.363958346793,1825.7062886970714,1393.9984570450963,2317.5992929804206,1595.7387699579876,1515.6870577495442,2479.304139778378,8290.213770845192,2092.977875863268,1875.2267619754741,1621.7209005217662,7461.768873178939,1917.7614289181429,1628.7068099102548,2083.183817724832,1634.2084124716862,7461.510973500052,6567.049409363787,2814.038596699462,1918.0699215466293,1711.801918789345,3131.060428973891,1732.0899751382703,2141.3042056109693,7852.950209747322,0.042058047493403694,0.03942500792728042,0.00968458933107536,0.01575389855766672,0.027801313281084514,0.02592435189120272,0.01849790639741347,0.015330126341386054,0.04889898083117706,0.02087871221378101,0.016884358075820324,0.007368923288978423,0.039634789951446064,0.01312238742790624,0.007622273978403557,0.04268000638603587,0.021069950111453135,0.03416411447882564,0.022290302133953097,0.036872218690400506,0.03577864942224107,0.007350608143839239,0.021711568938193343,0.00952632971685631,0.022642910170749816,0.04314077516105185,0.007350608143839239,0.04889898083117706,0.04154837268733782,PJL,0.0,False,0.04889898083117706,0.0030821514049157697,0.027801313281084514,0.002408424228307936,0.04268000638603587,0.003969429851222767,0.00968458933107536,0.0005533482950771421,0.036872218690400506,0.0015503978427405746,0.0027667414753857105,445.0
ENSG00000170581.15,STAT2,56341597,56360203,12,9172.560601215864,8488.105924103123,1772.2725953671693,1446.2745811135135,2193.257476606538,1503.0739642352692,1395.7887585394606,2565.8735416629997,8937.33531928673,1939.518138445136,1807.844348008165,1615.3271432785634,8938.38849907668,1790.0452301768785,1499.530855158717,1843.3094972099698,1642.4464763066892,8332.688644403865,7048.615597480176,2596.6686915530386,1978.7480288399709,1611.6017844006712,3184.9042537128926,1669.2382596296497,2071.831771833873,8772.348924455353,0.059683377308707125,0.0512102314765881,0.008996613039796783,0.017669913247112673,0.023406058038551156,0.022736931576710584,0.014681719404250808,0.017180314003277474,0.06078048265300734,0.01625670721989056,0.015026016778167145,0.007209881779144356,0.06533671099852227,0.010794221916503519,0.005875502858352742,0.03326060348038955,0.021282241800233522,0.04646742000211215,0.02730826114515107,0.028978597160415343,0.03954203328739531,0.006081438392384982,0.023085050184891705,0.00836200052924054,0.020999045497931912,0.058559509979934525,0.005875502858352742,0.06533671099852227,0.05946120814016953,ITU,0.0,False,0.06533671099852227,0.005370094510763948,0.023406058038551156,0.0018028864838924837,0.03326060348038955,0.0025637977158498924,0.008996613039796783,0.0004911828653827187,0.03954203328739531,0.0017780923242097717,0.0024559143269135934,401.0
ENSG00000175336.10,APOF,56360568,56362857,12,11959.47827999989,10601.87420025344,1570.864773374806,1324.6370959213082,1998.6328676038147,1287.3420961955205,1242.5826993847943,2350.397268519427,11691.634848402897,1911.2965596705137,1808.1487914389631,1528.4484660672206,10432.563968058977,1727.084574988626,1378.3443631740417,,1552.7726672298368,11795.86975529559,11019.065544339986,2119.2686452609864,1653.6522955135981,1542.2705676648372,3012.0240279465515,1484.3913515348122,1788.3847213819788,12106.289991591388,0.12321899736147757,0.09470457668322588,0.006773920406435224,0.013944329128745542,0.01779284049989409,0.015883977900552487,0.010123496051306514,0.012845588623989004,0.12758092622907535,0.015619189289698772,0.015079112243814379,0.006308646556751312,0.09684399408908592,0.009101010635483358,0.0046051238619521494,,0.018257085235113046,0.12044566480092934,0.09444327065286288,0.01727060817969909,0.023216368069543095,0.005446853516657853,0.019440042260961438,0.006245038369939137,0.013203945275214762,0.1406167493927553,0.0046051238619521494,0.1406167493927553,0.13601162553080318,ITU,0.0,False,0.1406167493927553,0.023320620210432838,0.01779284049989409,0.0011365279144629405,,,0.006773920406435224,0.0003104098889623296,0.023216368069543095,0.0006260789281915939,0.0015520494448116482,315.0
ENSG00000135407.11,AVIL,57797376,57818734,12,5460.872786550218,7534.065911051373,7064.643351685343,4830.6465279920385,6749.1839401024,5235.253351605727,5484.094799833477,6099.459885644994,5668.375777818154,6247.329601678468,6261.277964418199,9247.818650635842,4107.861350882587,5468.913660380349,6886.097183724433,3407.0730222506827,5768.912532465457,5946.394194672023,5667.777534732685,6696.660576016324,5143.098067650767,7042.071383284974,5654.376096163506,5743.5437191163355,5193.906396612283,5735.630447902354,0.014828496042216359,0.03699397526688511,0.2222692633361558,0.20054287082867636,0.23607286591823767,0.22763493412664684,0.23432448189961308,0.14664058783105144,0.01700374927390822,0.21627795781756362,0.21625783158118297,0.35688914806764566,0.009921891492505806,0.1541880522778983,0.22120474274825322,0.11143632590069714,0.2518310158157308,0.01737247861442602,0.015687724487639974,0.2269018859927951,0.254584967666702,0.21433104177683765,0.10179609086106708,0.1609420481608891,0.15282638667939336,0.018217340796282608,0.009921891492505806,0.35688914806764566,0.3469672565751398,GWD,0.0,False,0.03699397526688511,0.001805963281235109,0.23607286591823767,0.08810205920867475,0.2518310158157308,0.08914977412587766,0.35688914806764566,0.18894547266036063,0.254584967666702,0.0684404814854416,0.009029816406175546,859.0
ENSG00000058272.19,PPP1R12A,79773563,79935460,12,14180.680766288262,13230.108738339426,6380.14899541389,8849.641450593002,2043.6286982398783,7929.851458754868,8847.757627417965,2582.5379503642903,13430.100413963472,1921.9799111267362,1500.5384173619811,4259.523685040568,11517.709576682486,1988.1931097685535,5778.830851986333,8566.619841904721,8778.273670282537,14788.335331473914,11453.349991271692,4278.363837416436,3965.554224243205,6235.494829760487,3624.3660598027113,7399.572874009841,2052.2740393889694,13960.682654683282,0.1933509234828496,0.16737131381460735,0.18681202370872144,0.4829953696311672,0.01890489303113747,0.4187207819804505,0.47490327026024276,0.01749748903103029,0.18318635475524106,0.015884821760612018,0.008495274503557396,0.09203202035731325,0.12497361199071141,0.014445208741203239,0.1630849036629261,0.46809642914161037,0.463008173230018,0.22082585278276481,0.10527149799281639,0.09753125662216572,0.16505883600127214,0.17540983606557378,0.032910723718964606,0.24461497750727706,0.02025665500053028,0.20287253141831238,0.008495274503557396,0.4829953696311672,0.47450009512760977,GBR,0.0,False,0.22082585278276481,0.05537037688215388,0.02025665500053028,0.0014137003037130412,0.4829953696311672,0.2792153207905272,0.24461497750727706,0.10257153580504255,0.16505883600127214,0.029269487660553626,0.007068501518565206,756.0
ENSG00000127720.8,METTL25,82358528,82479239,12,8365.902013974337,5993.646271581264,1850.507903286139,1096.668785385732,2642.7841000142903,1130.1614256975151,1202.6199691289387,2381.297424330895,7796.0548575372095,1326.14117905383,2214.172464972969,1624.002288317933,7004.478119211701,2525.5862245157064,1771.6107037058173,1169.8813107512897,1211.158757508714,9470.601736524799,6529.359827478451,1857.1606637299856,1711.3880863395627,1688.848958168223,2445.602445869576,1629.3164068719602,2068.7791080300167,6804.4871445411745,0.0462269129287599,0.01971250396364021,0.010266723116003388,0.007770504018308585,0.039027748358398645,0.010996600084997876,0.009169449303015848,0.013427076174869166,0.041453239689496754,0.004993890453168995,0.027822023999150472,0.007421937125589779,0.033723875870804304,0.030477803058362875,0.009792504763921236,0.01138843063168538,0.00928776138414181,0.06611046573027775,0.021920557785759562,0.01144310235219326,0.02602565461677091,0.007086197778952935,0.01035393555203381,0.007779835935432654,0.020946017605260367,0.030256626887738936,0.004993890453168995,0.06611046573027775,0.06111657527710875,FIN,0.0,False,0.06611046573027775,0.005492596942340052,0.039027748358398645,0.004262040095289555,0.01138843063168538,0.0003916540425772548,0.010266723116003388,0.0006081305050200592,0.02602565461677091,0.0007831942722434498,0.001958270212886274,354.0
ENSG00000072041.18,SLC6A15,84859491,84913629,12,21045.00852269471,20514.6188868137,5097.69165438137,1067.5119269125912,7067.442630232957,1096.8768786812943,1005.2608190831684,7077.540841444203,22774.044216909042,5857.331746130392,6639.336851411125,6521.639913064006,21473.441469660753,7239.822349810655,5657.652379103996,1052.6273217596192,1029.020121072146,21025.45152564732,21693.50584285532,4720.730685804144,3516.985210987129,6552.635194508803,8669.28153886996,5716.3061527793125,7544.411199705708,20631.880825915618,0.4686543535620053,0.4598351125673819,0.12515876375952584,0.006812496673585609,0.25614276636305866,0.00993412664683383,0.005353262309853183,0.19268382935983508,0.571737867666473,0.1939648302608511,0.23919507274078794,0.20076339924720352,0.5120857082541693,0.250013228213133,0.15784459030277367,0.008355063594273855,0.005201146375119414,0.4719083324532686,0.48452355799704205,0.11872218690400509,0.1333616028834941,0.1891062929666843,0.23338615953512942,0.15956602275734322,0.284865839431541,0.47708311331714015,0.005201146375119414,0.571737867666473,0.5665367212913537,KHV,0.0,False,0.571737867666473,0.3426243176406118,0.284865839431541,0.12086200859738945,0.00993412664683383,0.00030823885491909565,0.20076339924720352,0.07451944284842421,0.23338615953512942,0.05771656460328148,0.0015411942745954784,313.0
ENSG00000011465.18,DCN,91140484,91183217,12,12407.360470804764,11514.239003486744,1628.401119428402,2556.832810783564,2093.8465662990843,2444.860626085983,2782.63183783259,2311.7704176163506,14044.019880486776,1423.5294917068377,1978.132659152711,2084.05964411934,12270.107099062965,2791.821465351685,1837.3103262488453,2647.9871756321572,2239.352445620532,14162.901124222137,13390.825028979056,2740.6581759762894,2439.4428253338033,2167.485836365499,2641.4891035332907,1698.547707370014,2049.891821239674,14450.997728116938,0.13614775725593667,0.11816932670965015,0.007461896697713802,0.06408004683591463,0.02044058462190214,0.06130471738206545,0.06747230614300101,0.01194692604535603,0.20668532502508316,0.006534558784465813,0.020070086014654348,0.015374012617293114,0.14772007599746675,0.03994920366156939,0.011115816218505187,0.0708849981374062,0.0430421399002229,0.19722251557714648,0.1594654553137545,0.03427632973087519,0.06312943920279869,0.013802221047065045,0.012097200211304808,0.008891241069065891,0.0200445434298441,0.22114267610096103,0.006534558784465813,0.22114267610096103,0.2146081173164952,FIN,0.0,False,0.22114267610096103,0.05552267640437499,0.03994920366156939,0.004432734268748161,0.0708849981374062,0.009659958863089901,0.015374012617293114,0.0011683945484523527,0.06312943920279869,0.004448504144371747,0.005841972742261763,685.0
ENSG00000111237.19,VPS29,110491083,110502111,12,8506.85198769845,8416.34050864962,3328.363775254068,1890.2010264733565,3446.26032140729,1114.5649049805602,1260.6948940774057,3900.81525354851,8728.494058810045,3692.192939821657,4137.14156088478,2841.8077782447344,8794.479313984288,4411.062260566206,3165.7349443589524,1584.5468334336797,1236.2678927737477,9697.596183472098,7825.777641444001,4136.341028401541,2162.2729679498198,2717.7931419830147,3997.1623316983555,3589.1454756212256,4096.232444698619,8457.661640856313,0.048232189973614774,0.0498361695381038,0.050751481795088906,0.03406248336792804,0.07042999364541411,0.010359116022099447,0.010653522022579106,0.055822804884495425,0.05676717537096689,0.08526802316315146,0.10624402676011468,0.036314478078778564,0.0621173738653156,0.10497909942324991,0.04848613169595596,0.023255813953488372,0.009765417683897675,0.070810011616855,0.0361821255017959,0.0911210002119093,0.04887098484045373,0.029772607086197778,0.04146856840993133,0.06266207991532151,0.09969243822250504,0.053807160206991236,0.009765417683897675,0.10624402676011468,0.09647860907621701,KHV,0.0,False,0.070810011616855,0.0062649532683470895,0.10624402676011468,0.022988081267437472,0.03406248336792804,0.002673135865772299,0.06266207991532151,0.01133603670856013,0.0911210002119093,0.009133633746650006,0.013365679328861495,1050.0
ENSG00000204852.17,TCTN1,110614027,110663431,12,7644.943858857171,7219.395690368421,3028.535472389414,1772.5712047290394,3651.1988555721737,1182.051190698762,1153.0850877467112,3268.478122981999,8126.576446785703,3073.6219900593974,3865.4458060584507,2708.7084846181497,8145.321732829037,4105.720479772279,2921.764911445494,1151.443371427195,1358.993736588002,8934.295800115282,7645.579056893199,3682.8120255836743,1903.4336840406522,2853.6686722886657,4412.629825915521,3483.8009979258386,3738.239217787286,7706.140811213159,0.036569920844327176,0.033241729204101046,0.04191363251481795,0.030070786098248977,0.07810845159923745,0.01227156821079473,0.0083214077489797,0.0353121530898134,0.04631145376775624,0.058439143600913776,0.0933418286078369,0.03233844033292689,0.05045387375976356,0.09222710196306683,0.040281600677535466,0.010803044010430526,0.012843647171213246,0.05713380504805154,0.0340693006549757,0.07162534435261708,0.034983568323969046,0.03379164463246959,0.054569466455361856,0.059116168298491666,0.08367801463569838,0.04129263913824058,0.0083214077489797,0.0933418286078369,0.08502042085885719,CHS,0.0,False,0.05713380504805154,0.004152931704279304,0.0933418286078369,0.018487749272049825,0.030070786098248977,0.002148455086788732,0.059116168298491666,0.010316854529454132,0.07162534435261708,0.005697721097952264,0.010742275433943661,947.0
ENSG00000122986.14,HVCN1,110627841,110704950,12,9029.576324501228,8056.0423710416735,3090.05468863365,1740.9319517676313,3467.02607961079,1145.5577671445533,1145.673422828866,3023.7283568051935,9698.264642806984,2905.9257546134363,3576.179027041427,2698.8087093657246,9143.752215251885,4053.4854621028157,3187.1564224065896,1139.1737586393895,1318.9564480741888,9929.400283466028,8519.091997944886,3330.058140656624,1568.450427959349,2807.7216541046014,3941.8267469590237,3659.995519321504,3686.7149454686187,8617.653668367799,0.05704485488126649,0.04481555860902653,0.04371295512277731,0.029166001383788387,0.07117136199957635,0.011262218444538886,0.008162399957597922,0.028440027488502405,0.07709774515498759,0.05105456090952558,0.08118296697462037,0.031967343476647404,0.06945324044754064,0.08989893645166411,0.049121321194156256,0.010483742217018786,0.011941407493896614,0.07572077304889639,0.045161631100781745,0.056632761178215724,0.01971801123714619,0.03262823902696986,0.04041204437400951,0.06541413072241334,0.08155689892883657,0.055813707888900624,0.008162399957597922,0.08989893645166411,0.08173653649406619,CHS,0.0,False,0.07709774515498759,0.007374013433836317,0.08989893645166411,0.017354752663500537,0.029166001383788387,0.002036418964685155,0.06541413072241334,0.012152062477717138,0.056632761178215724,0.003595528370636948,0.010182094823425775,923.0
ENSG00000120686.12,UFM1,38349849,38363619,13,29873.74232264968,19800.50557113351,1399.3890240968412,1387.9131407187222,1217.2163186800349,1287.8558561729235,1319.1367206643101,1517.2420535453678,30101.326747135594,1023.9580043206892,1251.9646534885903,1485.6492907513593,29235.66585321223,1453.7957139064642,1429.8072320701172,1213.8533519752025,1243.5100011229022,25652.606032450858,30151.552051650036,1530.397473288535,976.5658962905139,2095.5093062769165,2828.200001903728,1616.59419577976,1220.50345024711,30220.070920334856,0.7756728232189973,0.42934150724024944,0.004815834038950043,0.015274894885305233,0.003918661300571912,0.01593710157246069,0.012190597339269624,0.0035946503145319027,0.810846490996462,0.0027625776974977423,0.004937878305192736,0.005778508190637756,0.7856765885581591,0.005291285253187999,0.005346178276519162,0.012346336011920601,0.009924636450482964,0.6476396662794381,0.7788400591590957,0.005933460478915025,0.004134421711014523,0.012480169222633527,0.015108293713681987,0.007726911881450119,0.003977091950365892,0.810750871264125,0.0027625776974977423,0.810846490996462,0.8080839132989642,FIN,0.1665819475709825,False,0.810846490996462,0.6691712030141571,0.005291285253187999,0.00014767138744596018,0.01593710157246069,0.0007059125524674548,0.012480169222633527,0.0008339131532108972,0.015108293713681987,0.0002697100347193398,0.0007383569372298008,208.0
ENSG00000179476.8,C14orf28,44897275,44907257,14,17062.358236635187,17110.428496464956,2529.29819853975,1683.8157357857112,1565.191566399051,1576.387151485571,1991.3076450084766,2290.398948157871,18546.727582266427,1772.8607215088498,1337.730924644736,2473.826366505797,19811.166114081294,1606.7427464441082,1796.4977295904189,2138.2629377277663,1710.939828105716,21157.812839050894,18732.35219476333,1849.7199411102738,1248.5767569749182,2351.7802909400357,2630.462791296632,2106.8266280386842,2045.3877437649674,18840.971915993658,0.3061213720316623,0.31619279145967655,0.02640770533446232,0.02719676406408005,0.00810209701334463,0.025180620484487888,0.034504690729845765,0.011576888512977744,0.3944130538100016,0.011953461191096,0.00584050122119571,0.025234586227005248,0.4441101963267891,0.007725276469654479,0.010321829345754817,0.04608589218242776,0.024042033754378515,0.47639666279438164,0.3688463976336362,0.011231193049374867,0.008533870454786388,0.01872025383395029,0.011991547807712626,0.016353532680603335,0.019991515537172554,0.4044249656774739,0.00584050122119571,0.47639666279438164,0.4705561615731859,GBR,0.0,False,0.47639666279438164,0.24156069145327103,0.019991515537172554,0.0013827019283866452,0.04608589218242776,0.004541305060316007,0.02640770533446232,0.0028025332123772116,0.011991547807712626,0.0001714787224119727,0.0008573936120598634,234.0
ENSG00000179454.14,KLHL28,44924324,45042322,14,13298.177963234899,12585.813212646754,3093.877560847479,1960.3292713120188,1775.8103944487405,1839.9057867413346,2203.1448466095403,2520.7142723162824,15638.095695525537,1986.431303453933,1495.619312527014,2748.691717224318,16537.787713545204,1680.8836805314957,1835.0534444758516,2722.112984298711,1744.496269199627,16507.267921090017,14003.335227150275,2651.689963033374,1885.261429624553,2164.149998339938,2434.683497049931,2132.577040525956,2274.8890144654724,14426.317342332008,0.1650131926121372,0.14697177888172497,0.04392464013547841,0.03629783383894832,0.01244439737343783,0.03591160220994475,0.04293210367307998,0.01617592641539356,0.2695780746686381,0.018116134516283272,0.008389083572262928,0.03345173090176536,0.3048870593202449,0.0084660564051008,0.011062883760321829,0.07455696876164121,0.02520963804267063,0.287517161263069,0.18133319247834354,0.03130959949141767,0.034082476412594084,0.013643574828133264,0.010195456946645537,0.016988621328393756,0.026885141584473433,0.22040342169183652,0.008389083572262928,0.3048870593202449,0.296497975747982,GBR,0.0,False,0.3048870593202449,0.10272390574042174,0.026885141584473433,0.0022763748909070507,0.07455696876164121,0.010554224034314445,0.04392464013547841,0.006381543684489908,0.034082476412594084,0.001328821886738529,0.006644109433692645,734.0
ENSG00000198718.13,TOGARAM1,44962190,45074431,14,12669.537577259138,11649.795136977658,3111.213139266906,1868.2806495033997,1827.4993200086396,1772.2095048698216,2094.5509845251936,2547.7565202103788,15123.986647472768,2101.7413269109607,1559.7526780403318,2725.848207593721,14864.325358811446,1735.6340497641122,1854.6493324339895,2633.497723062866,1765.324707830479,15449.460253394222,12586.831202891677,2787.2751148096645,1970.2422002638673,2171.479780102405,2406.7615253952426,2152.549011553524,2314.0479035074236,13505.015762058036,0.14385224274406333,0.1216044815558609,0.04434801016088061,0.03347703443504178,0.013662359669561534,0.03298980025499362,0.038267875125881166,0.016704551461648252,0.24908908486032635,0.021250597673059556,0.009716470213443773,0.03297460637226316,0.2383892759130251,0.00936557489814276,0.011380478509421978,0.07024639455058272,0.025952658953401975,0.24633012989756045,0.1362772026199028,0.035706717524899345,0.0390649846284321,0.014013749338974087,0.009667194928684628,0.017517861868219107,0.02768055997454661,0.186450522758475,0.00936557489814276,0.24908908486032635,0.23972350996218358,IBS,0.0,False,0.24908908486032635,0.06974084943385964,0.02768055997454661,0.0023908472366489936,0.07024639455058272,0.009507915500144171,0.04434801016088061,0.006481314156149128,0.0390649846284321,0.0017362866437466244,0.008681433218733122,835.0
ENSG00000185246.18,PRPF39,45084107,45116282,14,11462.068150606352,10538.427182041094,2944.5597487258306,1624.4037341997162,1474.1905349527904,1586.1870254726387,1665.6506974869562,2050.692196309469,12781.114845505708,2153.808367958787,1444.2332019916073,2891.756754216211,12436.155427793974,1643.8981042377436,2088.362201816273,2499.0477144800393,1725.9063506508073,12774.249006745229,11776.384035986963,2191.7355947907363,1344.7215858519382,2149.512641060612,2039.188118042419,2450.304504254883,2107.3491471632888,11127.019159074835,0.10965699208443272,0.09296057499207272,0.038685436071126164,0.024854968332534994,0.0065664054225799615,0.025605609859753506,0.023480150527375843,0.007347888142940212,0.16063790463114538,0.023269404452000212,0.007433365190612722,0.03923023909240312,0.15210048553937092,0.00798984073231388,0.0161443997459242,0.06279601937097547,0.024572762976329477,0.14932939064315134,0.11409254172829073,0.01896588260224624,0.011396162408565674,0.013273400317292438,0.005810882197569995,0.024292140777983594,0.02190051967334818,0.11236667018692575,0.005810882197569995,0.16063790463114538,0.15482702243357538,PUR,0.0,False,0.16063790463114538,0.030095327007858098,0.023269404452000212,0.0017852091521300445,0.06279601937097547,0.007811355483032109,0.03923023909240312,0.005315444561846118,0.01896588260224624,0.0004211937135495081,0.0021059685677475405,367.0
ENSG00000100442.11,FKBP3,45115599,45135319,14,8512.943694241874,8359.598021954278,2962.562845573066,1837.8335676524487,1546.8853935359912,1803.046105811428,1961.6841301414204,1977.351130564842,9894.189258685246,2048.349390054487,1438.7583406659426,2853.1057056289633,9698.985480490106,1686.3057724315142,2093.5807895296734,2505.7237194871545,1946.8552637984874,10588.19267620584,8614.623825573106,2117.375335485151,1350.9217088557261,2266.242312558833,2032.2666117717833,2363.7670098627536,2060.771016712041,8385.597157533191,0.0483377308707124,0.04946622978543495,0.03921464860287892,0.03257224972058119,0.007678457953823343,0.033999150021249466,0.0335506439815551,0.006502088068932706,0.08195595923324708,0.019816182330128034,0.007380269724965488,0.03716269946456025,0.08000844416297234,0.008677707815228319,0.016250264662290917,0.0631153211643872,0.0323744825390086,0.08918576407223572,0.047063173462919924,0.017164653528289893,0.011608184034771547,0.01660497091485986,0.005758055995773904,0.0224927229425774,0.020521794463888004,0.05243425916147428,0.005758055995773904,0.08918576407223572,0.08342770807646181,PUR,0.0,False,0.08918576407223572,0.00974744549614529,0.020521794463888004,0.0014449769480406472,0.0631153211643872,0.007881117318070858,0.03921464860287892,0.005312028693592675,0.017164653528289893,0.0003463623502643391,0.0017318117513216954,328.0
ENSG00000196860.8,TOMM20L,58395928,58408702,14,5103.690796618237,5387.002241823798,2601.783970495902,2194.577660079819,2114.1630652874496,1931.8482014465803,2539.6830907911744,2662.9160749860944,5402.458677617869,1845.2320499072493,2113.868980409962,2493.442148135115,4749.93663496202,2179.0463887653473,2562.9666203072284,2256.615268930576,2284.1917298086023,4252.7715040225885,5324.142008313965,1729.9684658987776,1544.5497388089059,2630.9702932879163,2425.136655980598,2482.4219581442103,2272.252278134052,4927.1612817893165,0.012295514511873351,0.014744741570658493,0.02825994919559695,0.04641013358880196,0.02097013344630375,0.039895877603059925,0.05650076853765835,0.019611989216049057,0.014733062259069547,0.013706635499123413,0.02437081873208028,0.025976779939564227,0.013405108718598268,0.02047727392983756,0.029695109040863858,0.05124793784258422,0.04516505678802675,0.007498151863977189,0.013680540883160786,0.009324009324009324,0.01876391391921976,0.027445795875198308,0.010089804543053355,0.02519184969568669,0.026832113691801888,0.012831344386946879,0.007498151863977189,0.05650076853765835,0.04900261667368116,LWK,0.0,False,0.014744741570658493,0.00030997461679895205,0.026832113691801888,0.0022688245630041455,0.05650076853765835,0.0064908389748692735,0.029695109040863858,0.003388100797317418,0.019611989216049057,0.00044977988601252705,0.0015498730839947602,314.0
ENSG00000166947.15,EPB42,43197227,43221018,15,10359.572376573798,10638.795636250237,2482.8766657622546,3985.6542853857422,1988.3821665864748,3895.468106479107,3749.554813938254,2583.8452514292485,9047.556930580335,1460.5185834540257,2015.7309445148744,2568.0393062352427,7823.831266967545,1991.3965388943045,2335.0486174284956,3897.665338397589,4320.88763773277,8972.586052209443,11856.091478005761,2547.349989277896,1807.4445114106013,2806.766782965994,2244.4786054391684,1927.9441589990004,1971.8707800413677,9559.183358662374,0.08358839050131926,0.09544445618856358,0.02487298899237934,0.14268987173346107,0.01726329167549248,0.14067148321291967,0.12238299676684157,0.01760321404028123,0.06320958969213708,0.006959570737927004,0.021291281724540725,0.02841541642368658,0.04422630356765886,0.014709773003862638,0.02339614651704425,0.1424085998616359,0.15598131833138731,0.057609040025345865,0.11620536657511092,0.027442254714981986,0.03026608714088837,0.0325753569539926,0.007871104067617539,0.012595924847843346,0.017764344044967652,0.07418946034428134,0.006959570737927004,0.15598131833138731,0.14902174759346032,FIN,0.0,False,0.11620536657511092,0.016183941423088925,0.021291281724540725,0.0015373131431036964,0.15598131833138731,0.03849671070771782,0.0325753569539926,0.003935287677072524,0.03026608714088837,0.0010528577438422074,0.005264288719211037,653.0
ENSG00000166734.20,GOLM2,44288719,44415758,15,6875.864920165172,7603.061908842305,2804.924180929193,4382.950041537521,1646.807632144933,3832.8248203628414,4236.475119925573,2294.772850360781,7712.687247671202,1864.3091850868905,1627.8207197952195,2201.2285676624992,10407.660832040952,1988.8134927018546,2810.9954379163087,2629.634905330484,4740.338662214923,8343.455566380313,7475.489895209688,1442.4673316051446,990.02122331232,2211.2454511429696,2044.754978271496,2640.274293215405,1649.1746328843346,6160.56461233094,0.027704485488126648,0.03789240038050946,0.03487510584250635,0.1691415189738677,0.00974369836898962,0.13727156821079473,0.15010335506439815,0.011788338531479621,0.0401330728204045,0.014237900440949901,0.01125623871721355,0.017971690611249536,0.09605235381042854,0.014551034446266998,0.03647046368833368,0.07003352668830823,0.180660227152107,0.04694265497940649,0.03211493767166702,0.0050858232676414495,0.004346443337220397,0.014806980433632998,0.005916534601162177,0.03043133103995766,0.010711634319652137,0.023128102228324003,0.004346443337220397,0.180660227152107,0.1763137838148866,PEL,0.01908060453400504,False,0.09605235381042854,0.011235854177960929,0.014551034446266998,0.0008101930334338854,0.180660227152107,0.04980237011299646,0.03647046368833368,0.004723955351049899,0.011788338531479621,0.00016582895671102908,0.0008291447835551454,228.0
ENSG00000104131.13,EIF3J,44537125,44563029,15,7110.759693846058,9197.347899763494,3814.100815083758,6328.902890779048,1869.6950842044994,4880.643337047451,5166.421988522124,2289.0265868736838,8148.762632715767,1843.5687120066352,1864.9394937813734,2521.889814435176,10716.483837469286,2021.8599784868327,3157.8276429897137,3152.377230985835,5702.778275927336,9861.054339619815,7539.073064631136,2374.5353273966402,1229.3579213391913,2960.5192096109968,2105.9175206260093,3421.6964872661647,1673.3234628709035,6254.696250661352,0.030026385224274407,0.06436951696438009,0.06763336155800169,0.3036351056469211,0.014721457318364753,0.2036230344241394,0.21211639370329147,0.011471163503726806,0.046522680466811,0.013600382510758116,0.016459594350642454,0.027037056671791338,0.10333544437407642,0.016085507169691517,0.04827440186322253,0.09653557554148262,0.2464706506740261,0.07450628366247755,0.03274878512571308,0.02288620470438652,0.008109827202374641,0.03648863035430989,0.006286318013734813,0.05625826938343477,0.011082829568352954,0.023920160523814554,0.006286318013734813,0.3036351056469211,0.2973487876331863,PUR,0.04084153638293766,False,0.10333544437407642,0.012924646015161181,0.016459594350642454,0.0009969164224884136,0.3036351056469211,0.12374911410205422,0.06763336155800169,0.012825754166047535,0.02288620470438652,0.0006087453478437257,0.0030437267392186282,469.0
ENSG00000104133.16,SPG11,44554818,44663688,15,6663.419039152137,7070.456270900654,3776.4412887649437,5311.588350748943,1927.5135446059235,4490.523944175016,4955.724479961332,2140.7193945468225,7327.500841316314,1938.6115831757538,1976.3875611122392,2648.6224997648037,10092.355178731123,2021.3582517652333,3122.863810302614,2815.98716692033,5178.209929125289,8562.971082791211,6948.054514478366,2222.6185799729146,1258.8491084009747,2890.1984388830897,2041.3045513127636,3288.657908679531,1754.3031170049594,5741.663964911836,0.025699208443271768,0.03133918190466124,0.06604572396274344,0.2332747884400447,0.01556873543740733,0.17801742456438588,0.1980177028674405,0.008616588253951472,0.03437714527116228,0.01620358072570791,0.01996389508335988,0.030641997561363515,0.08829427907958623,0.01597968146462776,0.046739360575905144,0.07945292959395456,0.21128330325867742,0.050797338684127155,0.025934924994717938,0.019336723882178428,0.008851902894095197,0.034743521946060285,0.005863708399366086,0.05197142101084943,0.01235549899247004,0.018270144682648645,0.005863708399366086,0.2332747884400447,0.22741108004067861,PUR,0.02577362199300089,False,0.08829427907958623,0.009561628765188526,0.01996389508335988,0.0013794887760560923,0.2332747884400447,0.07795549009419385,0.06604572396274344,0.01234238163649409,0.019336723882178428,0.0004374887091505612,0.002187443545752806,375.0
ENSG00000166803.14,PCLAF,64364304,64387687,15,12382.271917061267,14765.81779135183,8342.482532693846,1556.9454917802543,2776.8144118143296,1225.6120657790314,1773.57711913452,2140.427772341424,14385.765806526888,2529.652520958565,2745.6331907250838,8720.776760041123,14071.60443007964,3017.7569925255816,8963.847974552964,1383.4392187180454,1862.293597167534,14640.92054023183,17025.73274253327,2098.062238234184,1019.657132372214,10223.482179427956,3353.309175485448,8258.268798262134,2634.888037402379,14873.393227231201,0.1354617414248021,0.2231793679315083,0.29429508890770534,0.021448719995742188,0.04389959754289346,0.0138652783680408,0.02713732972915673,0.008563725749326003,0.22110154723557057,0.0359666365616533,0.04714877349474355,0.32683030270900704,0.2069875448596158,0.04852108577173395,0.3408320982426424,0.01639082539513597,0.029296253051693026,0.21554546414616116,0.2965877878723854,0.01658190294553931,0.005035513622389484,0.3974616604970915,0.026677231907025884,0.2946811325747552,0.039930003181673564,0.23661421480620973,0.005035513622389484,0.3974616604970915,0.392426146874702,PEL,0.0,False,0.2965877878723854,0.09743349778508065,0.04852108577173395,0.00614800817118524,0.029296253051693026,0.0020523885944211235,0.3974616604970915,0.22488576712137548,0.026677231907025884,0.0008220917621430466,0.004110458810715234,564.0
ENSG00000103671.10,TRIP4,64387748,64455303,15,14343.032238526243,16251.029154352222,6455.946118561746,1222.9558943889356,2636.1456875350673,1089.4712851312097,1376.032144103549,2072.138669360601,16164.816967356457,2681.4563006957187,2430.0546066608795,7710.821561475405,14397.944915675762,2988.3574466259174,7530.610646701578,1093.3050167254517,1518.947057420156,15465.669197293473,17395.002148168212,2058.460083923942,1028.5816051322463,8881.614672609468,4067.6024410100677,7056.270079292227,2595.434161847622,16123.513884309516,0.19920844327176782,0.2800443927703203,0.1908869602032176,0.011442865506413326,0.03886888371107816,0.009827879303017425,0.014098690835850957,0.007665063170693027,0.2911760046469874,0.04218243638102322,0.03647658489964957,0.26867412394635,0.21960101329955667,0.04719826445843695,0.25788693626932035,0.009153318077803204,0.017301772635601315,0.24691097264758685,0.3109549968307627,0.015734265734265736,0.0051415244354924205,0.3183500793231095,0.04363444268357105,0.22566816618152952,0.038604305864884926,0.28793959235399724,0.0051415244354924205,0.3183500793231095,0.31320855488761706,PEL,0.0,False,0.3109549968307627,0.10667648249887875,0.04719826445843695,0.005868589833238188,0.017301772635601315,0.0008152702520497694,0.3183500793231095,0.15706347713052665,0.04363444268357105,0.0021567158912325648,0.004076351260248847,558.0
ENSG00000246922.10,UBAP1L,65092760,65115200,15,6404.7937217356775,6110.344753966516,1700.7619155566824,1134.7647821403643,2524.9985097971276,1123.0477277119044,1088.045554342603,2346.5136762559314,7202.708092850086,2157.778546914111,2086.72121459733,1677.5969644782735,6770.673573084018,2152.107929389911,2202.2373344441735,1028.6914308938951,1165.4194064008527,7590.923766329179,6855.581669556584,2281.255996498211,1797.9500522514682,2018.4154275588455,2882.3543316468613,2127.025510072284,2810.5423197756645,6814.190990203665,0.022796833773087073,0.02076947468555121,0.008096951735817105,0.009101069774868274,0.03553272611734802,0.010730981725456864,0.0069433402236709595,0.012739863614738067,0.03295136505254264,0.02342878393454816,0.023468195816077307,0.008694269204262313,0.030926746886214905,0.019524842584263718,0.01884395511327546,0.007663243041881752,0.008226302940239889,0.0356954271834407,0.024772871328966828,0.020502225047679592,0.029842043888476624,0.011316763617133793,0.016693079767564713,0.016776925112463616,0.04687665712164599,0.030415038546837046,0.0069433402236709595,0.04687665712164599,0.039933316897975024,CHS,0.0,False,0.0356954271834407,0.0016864655276680502,0.04687665712164599,0.00580145558947885,0.010730981725456864,0.00035288349954485445,0.01884395511327546,0.0016237886495586963,0.029842043888476624,0.0010241372172226748,0.0017644174977242723,333.0
ENSG00000090470.15,PDCD7,65117379,65133808,15,4381.76990246559,4122.079937343277,1520.064476996983,1066.4417076678308,1961.8404502192568,1042.7616152968742,1066.3163099767914,1970.6400335084245,4609.073499574624,1695.2678791336234,1611.7603583172458,1426.1175269818455,4826.80813095558,1684.9925460442955,1820.3008188824742,956.0022911036257,1123.6215280577612,6023.58043351709,4762.696977903605,1811.880332443958,1306.9973541110924,1623.299124194807,2382.3966827892077,1652.3442160705558,2293.247905652542,4553.815811073964,0.009076517150395778,0.007927280414332523,0.005821337849280271,0.006706051413060833,0.016574878203770387,0.008287292817679558,0.006466316849525627,0.006449225564307237,0.010561334952738026,0.010147160388885938,0.010937665923330148,0.005301383661135557,0.013827316867215536,0.00862479496269644,0.010745289011221681,0.005640998350274067,0.006793334040972296,0.018058929137184498,0.010722586097612508,0.010542487815215088,0.00996501643167603,0.006292966684294025,0.009403063919704174,0.00825615242127547,0.027309364725845796,0.0109832083641356,0.005301383661135557,0.027309364725845796,0.02200798106471024,GIH,0.0,False,0.018058929137184498,0.0004571184330676628,0.027309364725845796,0.0023371432695506104,0.008287292817679558,0.00022433306244520367,0.010745289011221681,0.0006546301720238159,0.010542487815215088,0.00013322080012550887,0.0006661040006275444,198.0
ENSG00000166855.9,CLPX,65148219,65185342,15,8499.219125899155,7724.131288552762,2205.223876051931,1211.8731192331172,3968.2042360671066,1182.408588519361,1239.876010984989,3025.0360269882863,9206.621834317739,3313.2904285219697,3057.118542676116,1949.8777599655712,9636.734267398302,3164.744704335111,3110.273762824175,1041.846598079622,1381.4142151801975,10467.502015127586,8782.228319944134,2295.492729375126,1458.6647635564054,2301.201303608378,3852.4933673379514,2637.2791363527963,3761.766062756243,9376.258966917949,0.048179419525065964,0.039372159391184866,0.01704064352243861,0.01117675235510139,0.09293581868248252,0.012324691882702932,0.010070493454179255,0.028492889993127875,0.06722289697417753,0.06863943048398236,0.05819263034936816,0.012988389969782113,0.07837238758708043,0.05375945817239007,0.04631590091043828,0.007982544835293492,0.013586668081944591,0.08638715809483578,0.04949292203676315,0.02097902097902098,0.014947524647514046,0.017398202009518773,0.038087691494981514,0.03032548293199259,0.08484462827447237,0.06985954166226634,0.007982544835293492,0.09293581868248252,0.08495327384718902,JPT,0.0,False,0.08638715809483578,0.00916986309021892,0.09293581868248252,0.018352628755883556,0.013586668081944591,0.0005336684866941168,0.04631590091043828,0.006952769325311654,0.038087691494981514,0.0016521646449523585,0.002668342433470584,427.0
ENSG00000137807.16,KIF23,69414246,69448427,15,9212.094214465207,7471.274993557533,1419.2848715538848,4515.516530626906,1647.431847577361,4193.111377481994,4461.370099077791,2373.5642733347236,11224.116758972601,1909.3836153618518,1364.6050341971577,1762.7068258722722,11073.045562335667,1354.9978718278508,1501.3552943286738,5495.203553492704,4832.759344947802,7999.030579464634,11217.772722769869,3291.7180288607783,5016.615029465039,1909.4645090084807,2346.312815539409,1329.838443570943,1224.483503854255,10946.074972710843,0.06021108179419525,0.03625409576154741,0.005133361558001694,0.17744424929480015,0.009796653251429782,0.15899915002124948,0.16690517835373933,0.013215626156367288,0.1139568041400433,0.015566062795516124,0.006159074015079112,0.009754545936489424,0.11272957568081064,0.0042330282025504,0.0059284353165360995,0.24447873982225535,0.18649824859356756,0.04129263913824058,0.09909148531586731,0.05530832803560076,0.24461995123502597,0.010100475938656796,0.008927628103539356,0.004869012966393226,0.004136175628380528,0.10777273207308058,0.004136175628380528,0.24461995123502597,0.24048377560664544,TSI,0.0,False,0.1139568041400433,0.015589287798443015,0.015566062795516124,0.0009075446957731036,0.24447873982225535,0.0846373221774922,0.010100475938656796,0.0005922846796377839,0.24461995123502597,0.06328801166671742,0.0029614233981889193,461.0
ENSG00000137818.12,RPLP1,69452814,69456205,15,13934.392836113484,11736.975442371795,1526.6836645618139,5665.81837994598,1853.9373249026467,5108.479552035967,5680.35853430757,3283.9567984612167,17073.815305653767,2143.515322683769,1565.0258107475343,1914.901890678944,17089.043186407303,1556.664685915677,1537.1578473003892,7084.41479260468,5773.635607674131,13253.34571532374,16774.118111122112,4531.071812916533,7142.5192144017265,2071.2061425602146,2880.4633851916797,1366.386804601283,1359.2351094351777,17003.050256533767,0.1841688654353562,0.12398266568016066,0.0059271803556308214,0.25658630049497044,0.014244863376403304,0.2196663833404165,0.2485821805268458,0.03578791563144262,0.3320483709140835,0.022950645486904318,0.010194329404268876,0.01229921009383449,0.32863626767996623,0.006825757976612519,0.006404827440186322,0.3628332712468735,0.25220252627109646,0.16538177209842644,0.28496725121487426,0.11130536130536131,0.4187957171631506,0.012057112638815442,0.01658742736397253,0.005345329452236041,0.005833068193869976,0.3250079205829549,0.005345329452236041,0.4187957171631506,0.4134503877109146,STU,0.0,False,0.3320483709140835,0.12097025938597693,0.022950645486904318,0.0017442500784067808,0.3628332712468735,0.1691020040941327,0.01229921009383449,0.0008144458674347458,0.4187957171631506,0.18157187374245806,0.004072229337173729,557.0
ENSG00000273025.1,ENSG00000273025,72266746,72319946,15,19631.510077953997,18484.23532157525,2204.6229536809687,4012.47729596632,1828.361961004513,3806.34143577196,5170.902011311771,3596.1939940939124,16319.714090681735,2303.9885996443923,2156.2889695902704,2260.5855889440945,18087.64363966213,1712.7375869079817,2721.6146660302243,6628.773436590541,4227.307732045151,18514.345568704706,21230.658238255757,3644.846147878274,4312.607364224898,2737.0275176354608,3479.2663436409207,1992.9899709367871,1839.0848831688345,18433.28514905723,0.40965699208443274,0.3739033928760173,0.016987722269263338,0.14396721485975836,0.013715314552001695,0.13535911602209943,0.212434409286055,0.045461753977903474,0.29772403231768496,0.027838282951708017,0.02606987363279176,0.019350050363144782,0.37228203504327634,0.00888935922535584,0.03430023290281601,0.32834867755840563,0.15051480734529243,0.37089449783504064,0.46582505810268326,0.06977113795295614,0.19060744195907983,0.030460074034902168,0.02884310618066561,0.013601481873511512,0.014423586806660303,0.38795015313127046,0.00888935922535584,0.46582505810268326,0.45693569887732743,IBS,0.0,False,0.46582505810268326,0.23139519992250437,0.027838282951708017,0.0024138160175608513,0.32834867755840563,0.14194371850426676,0.03430023290281601,0.0042777513933930774,0.19060744195907983,0.038808759442306405,0.012069080087804256,997.0
ENSG00000140488.16,CELF6,72284727,72320157,15,20651.41766067827,19094.84939242888,1705.2157793966785,3027.5973958196973,1561.9849907111115,3008.6263492283197,4241.628149708889,3015.750757151308,16750.246762563733,1964.4641435118303,1887.181458976301,1880.470193272292,18761.27295361285,1419.8267653123971,2211.3241501210487,5828.119021115685,3483.3455494788195,19513.630992088223,21767.451794975295,3163.3268219382626,3600.0096860460026,2132.7894129576175,2959.8310702781987,1609.565960087716,1458.6770164993904,19096.895656370798,0.45261213720316623,0.39942923581016804,0.00825571549534293,0.08834956623556336,0.007996187248464308,0.08813217169570761,0.15036836805003445,0.02812285246074959,0.31805460210170566,0.017478616586091483,0.017202930869703727,0.011504002544664157,0.40115051720498207,0.005026720990528599,0.01910861740419225,0.2694907136395083,0.10582740685702155,0.41102545147322844,0.4879040777519544,0.050222504767959315,0.13924520301070709,0.013114754098360656,0.01827786582144744,0.007568139719502514,0.00790115600806024,0.41667546731439437,0.005026720990528599,0.4879040777519544,0.4828773567614258,IBS,0.0,False,0.4879040777519544,0.2528632913957463,0.017478616586091483,0.0011029568226317752,0.2694907136395083,0.10039689196836692,0.01910861740419225,0.001660831174334886,0.13924520301070709,0.02097189044821412,0.005514784113158876,670.0
ENSG00000260729.1,ENSG00000260729,72284727,72375981,15,19849.214589338506,18540.815112073196,1854.9518852617055,3052.852544675504,1644.2586890040905,3185.925522793952,4529.723061763248,3182.3331506001964,17173.99629921704,2039.2428768916855,1944.4405977839879,2016.0986036207912,17663.007738350796,1506.03259914647,2264.8038935749,6282.282706858315,3551.188631463251,19853.408575201727,20691.075266564065,3381.238366479263,3838.671193556431,2264.471384656127,3056.7357137734375,1606.223890673495,1514.4194240565557,18914.87613783743,0.41952506596306066,0.376175879928126,0.010319644369178663,0.08978657725264783,0.009584833721669139,0.09748193795155122,0.172152435469338,0.03261616535391447,0.3363785182447061,0.019497423365032143,0.01895508123606244,0.013995652865397869,0.3537576525226937,0.006137890893698079,0.020908320982426423,0.304560693949231,0.10986094894384885,0.42507128524659415,0.44406296218043523,0.05917567281203645,0.1556238736351108,0.01649920676890534,0.02017960908610671,0.007515215665519979,0.008590518612790327,0.40801562995036433,0.006137890893698079,0.44406296218043523,0.43792507128673713,IBS,0.0,False,0.44406296218043523,0.2111278853326436,0.019497423365032143,0.001325682369072114,0.304560693949231,0.12441117503782373,0.020908320982426423,0.0019210711460315817,0.1556238736351108,0.026079987735947968,0.00662841184536057,733.0
ENSG00000213614.11,HEXA,72340924,72376420,15,16542.780880069087,16129.107939924765,2012.0053399828678,3060.8352901184358,1679.4786967551672,3326.183567198411,4916.403783156823,3321.9972044597002,15578.740410378457,1950.876274231162,1875.4408987316879,2131.4418827412856,14431.907939110548,1548.3969970322273,2289.9104764512126,6863.63056969702,3617.811692002241,17864.185156805375,17405.748128107673,3464.3202166210963,3786.74269747632,2333.9789553709215,2977.5203513015977,1615.020034440529,1535.6058100240366,16285.348396126805,0.28406332453825855,0.2744952964802875,0.013336155800169348,0.09037202618553408,0.01080279601779284,0.10608797280067998,0.19600360417660465,0.037215203256330286,0.26688493425568993,0.0166285926791691,0.01693745354146756,0.01675237236918836,0.22102596580113995,0.006667019419016879,0.021861105229726868,0.34516523867809057,0.11357605349750557,0.34380610412926393,0.3114303824212973,0.06208942572578936,0.15223152761581682,0.018138551031200423,0.018489170628631802,0.007673987827467584,0.009067769646834235,0.2951737247861443,0.006667019419016879,0.34516523867809057,0.3384982192590737,IBS,0.0,False,0.34380610412926393,0.129309922025003,0.01693745354146756,0.001046101380075521,0.34516523867809057,0.15493257752736056,0.021861105229726868,0.0020646285722448485,0.15223152761581682,0.024977277374719355,0.005230506900377605,651.0
ENSG00000187806.9,TMEM202,72398302,72408367,15,9020.014376266663,8746.579491282413,1855.8499496003512,2613.7428819325087,1520.9044866442468,2879.6632401068314,4426.175191441038,3086.937529573792,10111.564021828526,1718.0961468500427,1951.4041141917605,1894.840520379657,8169.619291745648,1450.3659084836784,2278.2227895188016,5653.8207758440185,3103.5628114726824,10084.572685185147,10515.068874827573,3158.0596153730144,3209.2406611916463,2261.5471242102876,2446.871074337411,1570.6921700358184,1505.876174391523,10345.168261364219,0.05688654353562005,0.05564950850861431,0.010372565622353938,0.06684762360955879,0.007307773776742216,0.08255418614534636,0.16404303810886733,0.030343077655019295,0.0872366267096161,0.01057217234234713,0.01937984496124031,0.011875099400943646,0.05071775385264936,0.0051854595481242395,0.021225915731526573,0.2568250758341759,0.08555355057849486,0.07857218291266237,0.0829283752376928,0.05001059546514092,0.11062228347291424,0.0162876784769963,0.0104067617538299,0.0069859751256946285,0.008378407042104147,0.09230119336783187,0.0051854595481242395,0.2568250758341759,0.2516396162860517,IBS,0.0,False,0.09230119336783187,0.010410222549827975,0.01937984496124031,0.0013122572909717181,0.2568250758341759,0.09227212875061738,0.021225915731526573,0.0019684845222034935,0.11062228347291424,0.013357949513491445,0.00656128645485859,728.0
ENSG00000179151.13,EDC3,74630558,74696292,15,7865.105636181001,6609.91713192681,3877.1274968343537,4365.338521760258,1647.775758709742,4481.68067797111,4740.849642140903,3422.4433892842153,8106.845960630422,1756.6537742967173,1638.499460251773,3425.252420830155,8242.341078712378,2034.9721300633748,3847.675406688251,4510.547924362191,5245.752108272156,7470.837570879233,9078.178094297982,3426.9781415859743,1579.8640440362508,3669.169951587338,3317.8680014879214,3651.9422047491985,1711.4084716178215,6641.821151082297,0.03889182058047493,0.026001479759010675,0.07054403048264182,0.167810953217308,0.009849608133869942,0.17737994050148748,0.1845020405999894,0.03985832848760374,0.046153033743465174,0.011687828720182755,0.01141552511415525,0.058368234109102475,0.05203715431707832,0.01629715857981904,0.07495236078763498,0.18141663562343674,0.2156352828786753,0.03437533002428979,0.05477498415381365,0.06055308328035601,0.020142054489557935,0.059598096245372816,0.02577918647649234,0.06488489018258799,0.011400996924382225,0.028197275319463512,0.009849608133869942,0.2156352828786753,0.20578567474480536,CEU,0.0,False,0.05477498415381365,0.0038306573001766547,0.01629715857981904,0.0009804166969589593,0.2156352828786753,0.06791784764722288,0.07495236078763498,0.01514437783801635,0.06055308328035601,0.004099612968730048,0.004902083484794796,625.0
ENSG00000259494.2,MRPL46,88459477,88467390,15,19390.056188239454,14766.544358380883,3050.7229387744196,1333.7593306590338,1767.7368885583887,1567.2559731984002,1825.878976234246,2054.419060698298,23655.048094083584,1736.7433206538844,1564.0596523732509,2588.5900352870976,22201.004092634765,1857.8585436931644,2922.832452272597,1434.9203773164418,2123.554593713414,21569.588391943864,26217.612017199055,1886.415079460389,1626.2297073169389,2381.714875153187,3187.9437362278186,2477.6583693748507,1801.8837119555033,22550.940520398173,0.40015831134564644,0.22323221646760386,0.042442845046570706,0.014263664910319869,0.012338487608557509,0.02496812579685508,0.02909842582286532,0.007400750647565682,0.6073295664572002,0.011262816766721565,0.010035043007327174,0.028839527116577425,0.541956934768841,0.01206413037726864,0.040334533135718824,0.01820020222446916,0.038053285213883875,0.4930826908860492,0.6615254595394042,0.011972875609239245,0.02205024912541079,0.019830777366472766,0.023137876386687798,0.025033077533739085,0.013469084738572489,0.5585595099799345,0.007400750647565682,0.6615254595394042,0.6541247088918385,CLM,0.0,False,0.6615254595394042,0.45309420775319087,0.013469084738572489,0.0007114135345189597,0.038053285213883875,0.0032461610372844524,0.042442845046570706,0.006037022068250987,0.023137876386687798,0.0006219365150113655,0.0031096825750568276,476.0
ENSG00000181991.16,MRPS11,88467453,88480776,15,19109.191885955395,12780.59551491402,3063.9468355756494,1359.0864013582536,1838.5228372253384,1603.3662820067516,1945.5430992240829,2122.574035902029,21076.352538507443,1802.849679468808,1618.129981912399,2631.3842144382365,20750.716482842025,1906.521008605578,2777.283304073615,1461.4400880333872,2229.620768171027,19302.905222885453,24889.160079295056,2085.6508535615485,1773.2156416180767,2450.2023883494876,3136.2757978516947,2475.349978027548,1842.490981860486,21061.713954857492,0.3883377308707124,0.15347214882147764,0.04276037256562235,0.014795891212943744,0.013874179199322177,0.02666808329791755,0.032967615413155245,0.008405138235449595,0.5000792100121455,0.012750358603835733,0.010990761388977381,0.02989980384880454,0.4835338822039265,0.012910736017778719,0.03562354435739996,0.019104890639135758,0.04240526483388175,0.40284084908649276,0.6103422776251849,0.016369993642720914,0.02851690872468992,0.0224748810153358,0.021922873745377706,0.02487430537179148,0.014529642592003393,0.49514204245432464,0.008405138235449595,0.6103422776251849,0.6019371393897353,CLM,0.0,False,0.6103422776251849,0.388315014659541,0.014529642592003393,0.0008081897260643501,0.04240526483388175,0.003924744469286107,0.04276037256562235,0.006110233057244044,0.02851690872468992,0.000936895168857402,0.0040409486303217505,554.0
ENSG00000140694.18,PARN,14435700,14632728,16,4561.9092829632355,4361.886648607496,4028.237036018698,3074.8006059491277,5218.353945626961,2823.2263180800537,2870.6503478554146,4968.352462997542,3894.0067236592713,6430.230575891682,4871.467369173574,4511.473577482542,4626.590144805177,5446.70075320637,4970.540337975163,2511.424217496068,3048.547990378772,4365.557397706976,4096.892018308627,3814.22406474906,2713.279532747537,4544.543940484695,5038.032793042494,4194.057051992838,5638.460195053443,3807.3618486799346,0.009604221635883904,0.009248493816721277,0.07705334462320068,0.0911703656394699,0.15362211395890701,0.08016362090947726,0.07192452430169079,0.09642120843685574,0.007498547816443999,0.2284439249853902,0.14049060210258044,0.10438424428775911,0.012877348532826684,0.15302396952219693,0.12402074952360788,0.06343462295779895,0.08194459186922833,0.008131798500369627,0.00797591379674625,0.07687009959737233,0.07950810982720237,0.09561078794288737,0.07580559957739039,0.08732468907118285,0.175840492098844,0.007392544091245116,0.007392544091245116,0.2284439249853902,0.22105138089414508,YRI,0.048028462815118585,False,0.012877348532826684,0.00023913975560435301,0.2284439249853902,0.08336408947789158,0.0911703656394699,0.015016941227983804,0.12402074952360788,0.034194611540848276,0.09642120843685574,0.010204096018321921,0.001195698778021765,276.0
ENSG00000103429.11,BFAR,14632931,14669236,16,3844.677941164485,3360.346251960619,3578.821687857578,3097.683277716592,4246.853678505572,3100.8666083378907,2906.825450677439,4522.328925965748,2944.9972440347838,4667.744016142637,4362.118558908069,3966.5397681499953,4151.546707797577,4492.656197741779,3992.1686464544955,3077.180966153179,3194.679198348809,3838.8295923001265,3448.49982245027,3791.5433134462974,3054.6915262592706,3902.5277266134976,4300.673325963882,3602.988887031964,4337.146579418157,3164.348784397185,0.00712401055408971,0.0057076418983194165,0.059430567315834036,0.09212837298419288,0.10596271976276213,0.09291330216744581,0.07393862299252664,0.07696780673468309,0.004805407403495802,0.13286936195080487,0.11596049697355845,0.07835445051158352,0.010185771585391598,0.10884173765807714,0.08082786364598772,0.09307647277952211,0.09075469695361427,0.0062836624775583485,0.005546165222903021,0.07596948506039415,0.10028622919537793,0.06694870438921206,0.05060750132065504,0.06345594072505954,0.11199490932230353,0.005016369204773471,0.004805407403495802,0.13286936195080487,0.12806395454730907,ESN,0.0,False,0.010185771585391598,0.00015259937752835017,0.13286936195080487,0.033491382265104445,0.09307647277952211,0.015571651973648,0.08082786364598772,0.017110312058052576,0.10028622919537793,0.011021296183694096,0.0007629968876417508,212.0
ENSG00000069764.10,PLA2G10,14672548,14694308,16,1929.1560827936232,1862.642463082327,1844.6305065225354,1812.011265624817,1813.9159224284058,1734.4603353152136,1717.7202378102372,1836.561738592783,1641.5479419021624,1813.100125903155,1683.8829251471493,1797.1746113830018,1987.0048173786665,1815.4888913159348,1927.78012238275,1690.7889249438495,1840.699421536546,1736.4799345125007,1820.3085385196246,1869.5403713987396,1682.7821796964142,1799.1495098729195,1813.1559191751041,1631.414655271558,1649.989347069432,1665.385278127337,0.002532981530343008,0.0025367297325864075,0.01010795935647756,0.031773910266645375,0.013344630374920568,0.031396090097747555,0.0249642232469391,0.005286250462546916,0.0022178803400749853,0.013069117568931626,0.01253052989274716,0.01028468430260298,0.0029026810217437195,0.01132335044182232,0.012439127673089138,0.02740673726784099,0.02855323214096168,0.0020065476819093883,0.0022712867103317136,0.011549057003602458,0.024647514046432735,0.008408249603384453,0.004595879556259905,0.007885684043397725,0.010817690104995227,0.0023233710001056077,0.0020065476819093883,0.031773910266645375,0.029767362584735987,LWK,0.3290749505996967,False,0.0029026810217437195,1.3772873797834295e-05,0.013344630374920568,0.0007003868917495931,0.031773910266645375,0.0023662973638683403,0.012439127673089138,0.0008294825902672872,0.024647514046432735,0.0007039678534254112,6.886436898917148e-05,58.0
ENSG00000140749.9,IGSF6,21639550,21652608,16,5025.218012468636,5001.070918569226,6435.26830599222,7869.287949608053,5165.070645246677,7113.569132487096,7462.827414740657,6026.197344225382,3928.8100412880735,6154.848954355195,4753.71941814024,5211.409246098885,4691.473556698955,5080.415835423721,4611.498090447864,6676.22764659825,8318.564427255957,4900.975890554815,4246.204466169446,6278.510675838253,6314.678764834849,5257.688755919394,5857.509487763769,5523.395255813992,5597.390349980829,4396.079951443913,0.0116622691292876,0.012049466229785435,0.1898285351397121,0.4135398371387514,0.15055073077737768,0.3619847003824904,0.3761064292150315,0.14389173759052704,0.007551354491207689,0.21096530839929872,0.13443771901879578,0.13693473996713143,0.013088452607135318,0.1361976824170591,0.10639424094854966,0.33207386514820925,0.43196051374588684,0.010296757841377126,0.00871540249313332,0.2025323161686798,0.3487755751086611,0.12776308831306188,0.10919175911251981,0.14919290817676634,0.1732421253579383,0.01008554229591298,0.007551354491207689,0.43196051374588684,0.42440915925467915,ESN,0.0,False,0.013088452607135318,0.00024670699092870803,0.21096530839929872,0.07291356859702035,0.43196051374588684,0.22957187452717948,0.1898285351397121,0.06806647527869224,0.3487755751086611,0.12685236034938702,0.00123353495464354,280.0
ENSG00000140740.11,UQCRC2,21953288,21983660,16,5878.347830040258,4471.829552876076,6544.701612555222,4974.140963140458,2087.215036561427,5190.40666238957,5634.1189799378135,3059.1003628157973,5646.199413029636,2073.099446149878,2010.2388409911127,6033.486279628195,5060.599880462449,2517.719121729006,6584.710437255685,5999.964379310971,6197.178712382753,4807.734387378579,5659.192082913416,1652.2379350433057,2623.7724729990637,5745.999353736988,2878.228351208467,6513.608523930277,2715.916018824105,5319.202931336249,0.018100263852242744,0.009618433569390128,0.19469729043183742,0.2092713821917079,0.020228765092141495,0.2244475138121547,0.2450840091164467,0.029550140085637257,0.016739715900089772,0.020188067789406575,0.02091961346501009,0.17531675767375285,0.0151467173316445,0.030213238795703475,0.2052191403768791,0.2810920121334681,0.2832501857552277,0.009979934523180906,0.015423621381787449,0.008264462809917356,0.07415456376550408,0.15124272871496564,0.016428948758584257,0.19666578459910028,0.043323788312652455,0.014785088182490231,0.008264462809917356,0.2832501857552277,0.2749857229453103,MXL,0.0,False,0.018100263852242744,0.00045912509975887955,0.043323788312652455,0.005080842056198676,0.2832501857552277,0.10955500421099841,0.2052191403768791,0.07721244866721125,0.07415456376550408,0.006098790083064389,0.0022956254987943976,389.0
ENSG00000155714.14,PDZD9,21983865,22001116,16,5194.279665039986,4212.493663568476,5321.305076434364,4221.221660032398,1967.5865235503404,4538.21191555027,4724.367123810503,2676.932239777425,5162.337617848159,1948.421775351092,1963.8900788642723,4710.274695998231,4565.573074860918,2529.231679538292,5385.818922906559,5216.484450700457,4984.520367124879,4286.511870225054,4929.584250127373,1512.0324240805867,2059.767154532363,4553.514602875734,2418.6112506412537,5171.993771074291,2776.4181683225956,4876.26592184301,0.012928759894459104,0.008402917239192474,0.13579593564775613,0.1596146681569003,0.01673374285109087,0.18120484487887803,0.18328298086606243,0.020034889253052808,0.013307282040449913,0.016522339690803804,0.01980460868641818,0.11371467953135768,0.01261346843994089,0.030583628763426636,0.14381748888418378,0.2254270661486882,0.19743127056575735,0.007656563523075298,0.011673357278681597,0.0056685738503920325,0.043040390119792216,0.09624537281861449,0.009931325937665082,0.132839375496163,0.04549793191218581,0.012461717182384624,0.0056685738503920325,0.2254270661486882,0.21975849229829617,MXL,0.0,False,0.013307282040449913,0.0002546700224711291,0.04549793191218581,0.005517216259601002,0.2254270661486882,0.07341646439577819,0.14381748888418378,0.0434484841583148,0.043040390119792216,0.002099536385548984,0.0012733501123556455,286.0
ENSG00000174992.8,ZG16,29778256,29782973,16,20377.264668911554,16030.745699552232,1569.7356850716992,2115.6538300298575,2066.453968812648,1726.1373148765517,2065.0631619124238,2758.0691488575644,19527.113997230812,1839.275526179743,2033.3866291276706,1630.161363693809,18449.749908896327,2201.0583568064867,1391.731199236182,1775.2262089440246,3257.3587929143896,15435.5910593669,22838.643314370314,1647.4166042406146,1143.0133100225107,1594.4263545036501,3581.444823085076,1242.2278093860032,1812.5615046559683,21446.169175613177,0.4417414248021108,0.2710601416340767,0.006720999153259949,0.042897439991484376,0.019699216267739884,0.03123671908202295,0.03699581279482694,0.021673626896442352,0.4362887468976079,0.01338787653402752,0.02208771370924923,0.007580978635423846,0.3880092885792696,0.021376792422879518,0.004763921236502223,0.030174019477409397,0.09473516611824646,0.24559087548843594,0.5298964715825059,0.008052553507098962,0.006095621753418849,0.005764145954521418,0.03174854727945061,0.004445620534532946,0.01378725209460176,0.5112472277959658,0.004445620534532946,0.5298964715825059,0.525450851047973,STU,0.0,False,0.5298964715825059,0.2961984207425781,0.02208771370924923,0.0016353120348289929,0.09473516611824646,0.01606137768927374,0.007580978635423846,0.0003723873324080031,0.03174854727945061,0.001156320743989755,0.0018619366620400155,346.0
ENSG00000079616.14,KIF22,29790727,29805385,16,8283.227785291181,6763.041415163623,1348.321797637714,1742.9943207109234,1691.255439723373,1487.0415807903562,1712.9717468104,1850.3757322137922,8950.891828396056,1601.9334761680648,1511.4340895079902,1353.3904854033137,7306.567323333759,1721.495055359206,1217.8247072455201,1534.5929199918696,2756.451570442109,6511.495391207236,9747.294311656673,1433.4215444292186,1098.4317297862638,1391.7449435345702,2265.66070497342,1155.040729295463,1481.5921991652017,9426.642950324447,0.044907651715039576,0.02763978437797273,0.004445385266723116,0.029219224014050773,0.011014615547553484,0.022099447513812154,0.024805215455557323,0.005550562985674261,0.0609917093520621,0.008659618551771768,0.008813847297440799,0.004930286804856067,0.03752374920835972,0.00904809778295148,0.0035994071564683463,0.02160608802086105,0.06766797579874748,0.023022494455591933,0.06639552081132474,0.005032845941936851,0.0058836001272129755,0.004124801692226335,0.008082408874801902,0.003545911616829849,0.008272351256761056,0.07117963882141726,0.003545911616829849,0.07117963882141726,0.06763372720458741,STU,0.0,False,0.07117963882141726,0.006327758015285568,0.011014615547553484,0.0005071090564563454,0.06766797579874748,0.00890460052136793,0.004930286804856067,0.00018569813922189308,0.008082408874801902,7.91335057758567e-05,0.0003956675288792835,142.0
ENSG00000103495.15,MAZ,29806106,29811164,16,9045.125549335236,7097.860032950695,1600.7097050742618,1837.5574012890272,1983.118044246985,1621.1416991908245,1818.9947340450171,1987.0244444977627,10228.401501528466,1768.9141718217961,1725.8313270201613,1561.6935944440759,7379.146983271469,1946.0832106766566,1479.809399002953,1654.9992167223131,2776.385942418834,7350.641543395602,10455.84335590797,1543.30474777005,1149.5648453625138,1708.0286490420542,2453.184867338717,1361.3802304062558,1593.0494191717537,10008.192628939316,0.057519788918205805,0.031814818729521195,0.007091447925486875,0.03251902709031881,0.017051472145731838,0.027624309392265192,0.028833412837229025,0.006554950573558175,0.09045783387020119,0.011847208202730702,0.013273866411808432,0.00657371573980809,0.03857926957990289,0.013757341658288798,0.00566377302561931,0.02565057740407642,0.06857021547606411,0.03321364452423698,0.08181914219311219,0.006198347107438017,0.0062016325665217855,0.0072448439978847175,0.010512414157422082,0.005292405398253507,0.009916215929578958,0.08485584539022072,0.005292405398253507,0.09045783387020119,0.08516542847194769,STU,0.0,False,0.09045783387020119,0.01001554817255731,0.017051472145731838,0.0010579787461995763,0.06857021547606411,0.009113779268893545,0.0072448439978847175,0.0003460519090512354,0.010512414157422082,0.0001324768899986355,0.0006623844499931775,196.0
ENSG00000167371.21,PRRT2,29811382,29815892,16,9775.120926781416,8204.357625675617,1917.9577250059717,2172.6472939051337,2653.2030267253535,1912.2331591859365,2063.7108841607833,2259.1248237558502,11163.701192576864,2307.609870634735,2359.8957457668816,1967.7217003911949,8238.145867601826,2426.0905138342246,1958.6915421700876,2096.826664973241,3180.635853183571,8477.369165234344,11412.123917062501,1802.2268246468495,1204.3519387499473,2176.0848487963176,3001.1383468066215,1579.9386053738542,1777.6258552313077,10785.478577120637,0.07118733509234829,0.047246591269421837,0.01153683319220999,0.04539890361381659,0.03934547765303961,0.03883340416489588,0.03683680500344517,0.010783950943595707,0.11263663727095105,0.02815704191680391,0.033290856960815546,0.013306472989450247,0.05198437829850116,0.027303031906450077,0.013074317171289434,0.0432121760417221,0.08995860312068782,0.04916041820678002,0.10432072681174731,0.010118669209578301,0.007420756917205555,0.01417239555790587,0.019123085050184892,0.007091823233659698,0.012726694241170856,0.10349561727743162,0.007091823233659698,0.11263663727095105,0.10554481403729135,STU,0.0,False,0.11263663727095105,0.01524511815416149,0.03934547765303961,0.004320590264759132,0.08995860312068782,0.014668799571993114,0.01417239555790587,0.0010243058266118721,0.019123085050184892,0.0004280642910708001,0.0021403214553540003,369.0
ENSG00000280893.1,ENSG00000280893,29812261,29820092,16,11162.275075398711,8977.610519707363,2037.7367671769614,2359.1234693413917,2948.7224397224322,2061.962333279155,2210.0476640551155,2426.314908169877,13696.5782641614,2609.905359850214,2568.9819808932234,2216.5110738921385,9313.20779951949,2658.6767644786446,2079.541489454138,2321.1871278575877,3352.4129203362218,10497.061849416425,12824.15791662593,1896.1459879845618,1228.6584215080113,2382.9975608776385,3402.7168173178475,1673.6603507413604,1807.0980726419018,12622.350089892634,0.10232189973614776,0.05934890603530282,0.013918289585097375,0.05492575443078397,0.05078373226011438,0.04520824479388015,0.04340912704722531,0.014537188772004018,0.19321962296034217,0.03910109971842958,0.04098969947966444,0.01855484281397445,0.07235592146928435,0.035292872638763954,0.01587973745500741,0.05454738970783886,0.09919329158263454,0.08723202027669237,0.14229875343334036,0.012237762237762238,0.008056821795823173,0.019936541512427287,0.027363972530375067,0.00846784863720561,0.01368119630925867,0.15614109198437004,0.008056821795823173,0.19321962296034217,0.185162801164519,PEL,0.0,False,0.19321962296034217,0.04287053268620586,0.05078373226011438,0.006638090877634805,0.09919329158263454,0.01740976492232158,0.019936541512427287,0.0017787546684311837,0.027363972530375067,0.0008640875302319121,0.00432043765115956,576.0
ENSG00000280789.2,PAGR1,29816152,29822489,16,13009.17474493701,10527.223914974515,2204.2240548516256,2656.6480308171767,3598.2216472893,2278.0991558866035,2496.0854795104165,2612.8673782252454,16645.08831514337,3149.574340753485,3222.9902266692357,2567.222422630939,10425.494665727223,3119.511766496508,2411.713309705278,2577.2122561361484,3675.6922639685085,12586.22405755366,14949.47754601259,1963.305931493455,1266.0809588536936,2733.2130206226934,4074.285606806543,1806.2127807716981,1937.3051104729045,14788.676497123692,0.15514511873350922,0.09269633231159496,0.01682895850973751,0.06940230986215339,0.075990256301631,0.054929876753081176,0.05491069062384057,0.018343289105037797,0.3131435813486825,0.06173298624023801,0.06520123181480302,0.02830938875046387,0.09652733797762297,0.05206624689136991,0.02614863434257887,0.06710659358203395,0.1170788663623819,0.14489386418840428,0.21260300021128248,0.0135092180546726,0.008957913707198135,0.030142781597038603,0.04379292128895933,0.010955279174384758,0.016968925654894475,0.23386841271517583,0.008957913707198135,0.3131435813486825,0.30418566764148436,PEL,0.0,False,0.3131435813486825,0.1081195954630991,0.075990256301631,0.013079239260483757,0.1170788663623819,0.023281189612747357,0.030142781597038603,0.0034710896889360793,0.04379292128895933,0.0021720971271426363,0.010860485635713181,950.0
ENSG00000281348.1,ENSG00000281348,29817239,29830627,16,13868.879746228055,10902.26469093698,2286.50474102936,2692.3164520203445,3766.2213321055783,2289.932937819712,2492.0758379727554,2687.898287039441,17812.14192799801,3369.9961459090955,3347.234464702454,2739.1749643142866,10522.69883695469,3268.0015304770295,2636.6199994527306,2544.14747629969,3647.2946281935588,13470.499972279304,15208.629697905279,1959.9965533930965,1284.7469834501578,2949.3784104008737,4263.712335326339,1871.116905675417,2010.3990202882262,15423.391382291078,0.1821635883905013,0.10231476588098509,0.019316257408975444,0.0710522114002874,0.08382757890277484,0.055248618784530384,0.05475168283245879,0.02014061426230375,0.36299308232560595,0.07103012272220156,0.07024530105129022,0.033186661718708585,0.0989022588135951,0.05741044499708979,0.03186533982638154,0.06540365068383801,0.11559282454091922,0.17277431618967157,0.22269173885484894,0.013403263403263404,0.009434962366161348,0.036171337916446326,0.049392498679344955,0.012172532415983064,0.018983985576413193,0.2579997887844545,0.009434962366161348,0.36299308232560595,0.3535581199594446,PEL,0.0,False,0.36299308232560595,0.14348862098427634,0.08382757890277484,0.01542825997163684,0.11559282454091922,0.022765644175000516,0.036171337916446326,0.004661453561298772,0.049392498679344955,0.0027498790831476765,0.013749395415738382,1073.0
ENSG00000013364.19,MVP,29820394,29848039,16,12055.458949147016,9596.952714828252,2303.490787153631,2475.5521959805346,3652.650174871366,2087.665734128704,2303.7030032063535,2583.315062813069,15081.42153174007,3445.5060306400205,3269.688925763818,2867.4055444708097,9064.453127993604,3120.932343972751,2749.297147157748,2228.4363556988897,3228.222063335667,11873.725467894401,13161.987796064152,1828.6437382502286,1230.2490790835025,3011.9219746879207,4017.933248376715,1828.6594781374743,2009.2849604724843,13341.543086227033,0.1258575197889182,0.07250819152309482,0.01968670618120237,0.06019479482676034,0.07816140648167762,0.046164470888227796,0.04796735040016961,0.017550351535655758,0.24681839784548767,0.0735801944429687,0.06679409578422003,0.03790489317711923,0.06781718387164873,0.05211915974390179,0.035147152233749736,0.04997073066893726,0.09250610338605243,0.12334987855106136,0.1521762095922248,0.01080737444373808,0.008162832608926111,0.03860391327340032,0.04204965662968833,0.011325747552262504,0.01893095768374165,0.1816453690991657,0.008162832608926111,0.24681839784548767,0.23865556523656156,PEL,0.0,False,0.24681839784548767,0.06852790427992717,0.07816140648167762,0.01371418983803332,0.09250610338605243,0.01540475855857008,0.03860391327340032,0.005178877689942352,0.04204965662968833,0.0020058499246269302,0.010029249623134652,910.0
ENSG00000229809.9,ZNF688,30569672,30572734,16,6109.701286460414,5609.827376231215,,1573.481416025904,2158.1078115548767,1145.965091904044,1372.788358214922,2665.6113516136834,7204.242625136582,,2180.466763814771,,6373.490665595964,2429.359132418404,1633.4532393157601,1401.1665710399127,1351.3430605521517,6759.050180960371,7598.388594140732,2237.2135973566565,1695.1888344411525,1971.949678608071,3371.1425043275617,1696.3065001619984,2248.4080878549325,6272.914763345515,0.019947229551451187,0.016383046189620547,,0.02235350471020278,0.022399915272188094,0.011315342116447089,0.01383367785021466,0.019664851720674524,0.033056978402070024,,0.02665392375491133,,0.026493561325733588,0.027514683316577596,0.007781071352953631,0.017295513809802564,0.012631355482432863,0.02576829654662583,0.033435453200929645,0.019548633184996823,0.02512456270539595,0.010682178741406664,0.026782884310618066,0.00878539296110082,0.026195778979743345,0.02397296441018059,0.007781071352953631,0.033435453200929645,0.025654381847976013,ITU,0.0,False,0.033435453200929645,0.0014878397288213118,,,0.02235350471020278,0.0012774271710999988,,,0.026782884310618066,0.0008284859346697154,0.004142429673348577,565.0
ENSG00000080603.17,SRCAP,30698209,30741409,16,7301.132761252198,6860.726367278545,1844.4249798523283,1708.3244975689522,2939.170432780361,1016.19614753889,1394.1637685232295,2831.9501582889557,7765.93841256329,3091.28233335859,3268.673279732063,2567.5786986634694,6187.40656487319,3048.9173089561364,1678.2595708287677,1104.8421572033787,1393.3992655327495,7644.938152009831,7111.8154624162225,1832.7686687199316,1636.2335058038725,2338.289344450174,3909.9816728079686,1752.6800968374337,2788.232376403342,7046.816002600682,0.0320844327176781,0.028855300708170384,0.010055038103302286,0.028101548778540635,0.05020122855327261,0.00764980875478113,0.014628716807123548,0.023576677062959243,0.04103078629138723,0.05923604101365351,0.06674100031857279,0.028362402587075227,0.02459362465695588,0.04973808137996719,0.008522125767520644,0.00941940290564632,0.014064324381700457,0.03617066216073503,0.027942108599197126,0.010913329095147277,0.022474292377822537,0.018297197250132204,0.039355520338087695,0.009790949986768986,0.046081238731572806,0.033055232865138874,0.00764980875478113,0.06674100031857279,0.05909119156379166,CHB,0.0,False,0.04103078629138723,0.00220233322958047,0.06674100031857279,0.010513160605330588,0.028101548778540635,0.0019079255649213605,0.028362402587075227,0.003145613497073433,0.039355520338087695,0.001761689442899312,0.00880844721449656,840.0
ENSG00000282034.2,ENSG00000282034,30704067,30745169,16,6584.303606574524,6156.88700600365,1798.433413870428,1603.7466827666913,2822.425830139632,976.979218693621,1330.0984210051604,2711.7877279157,7215.961874957579,3005.5328242073324,3140.473285286254,2439.6699176152506,5706.230816048187,2903.514781464449,1636.995592058037,1060.6953121450204,1320.6497363574083,7168.720090062758,6681.404264947627,1783.4196504688102,1528.2285507217223,2237.9379881028535,3631.6808316118295,1708.2382991550387,2656.4957832921236,6535.484117285542,0.024696569920844326,0.02113941443822006,0.009472904318374258,0.024003406248336794,0.045805973310739254,0.0069592010199745,0.012561615519160439,0.020933551831685784,0.03321539842636109,0.055410933432502786,0.06185621747902729,0.024651434024280338,0.020054887059320244,0.04423514471665167,0.00783400381113699,0.008461497525411102,0.012047553338286806,0.03125990072869363,0.023452355799704203,0.00974782792964611,0.01759779497508746,0.01560021152829191,0.033227680929741155,0.009155861338978565,0.04093753314243292,0.026929982046678635,0.0069592010199745,0.06185621747902729,0.05489701645905279,CHB,0.0,False,0.03321539842636109,0.0014691356128084814,0.06185621747902729,0.009250952079715226,0.024003406248336794,0.0014472810361635948,0.024651434024280338,0.0025073430535515985,0.033227680929741155,0.0012642809159631389,0.006321404579815695,714.0
ENSG00000281991.2,TMEM265,30740642,30745196,16,5475.701760676792,5033.326020981274,1346.1397565792104,1145.4326042294897,2037.4342172364666,804.8246840348681,1108.7001070645626,1911.9293340372055,6263.6955535597635,2323.142796883026,2280.077497789063,1861.34162899862,4811.104545695728,2061.14505172824,1219.3133370904152,860.3668389009106,978.3361255075705,5932.870177964974,6623.556548763794,,1251.8259529797456,1600.027664526314,2714.277238443929,1374.8844182125015,1725.4459857014947,5782.582918059063,0.015092348284960422,0.012260860374167636,0.00428662150719729,0.0094204055564426,0.018640118618936666,0.003453038674033149,0.007102348015052737,0.0061320505365544216,0.022601256798859375,0.028741433352813046,0.030264415418923225,0.01134496103483009,0.013616212792906902,0.017037938515265357,0.0036523396146517046,0.00340588579639189,0.004511198386583165,0.01721406695532791,0.02276568772448764,,0.008692886674440794,0.005817028027498678,0.013048071843634443,0.005451177560201112,0.011613108495068405,0.018798183546309008,0.00340588579639189,0.030264415418923225,0.026858529622531335,JPT,0.0,False,0.02276568772448764,0.0007124344326989636,0.030264415418923225,0.002778249975016155,0.0094204055564426,0.0002808420331162576,0.01134496103483009,0.0007147243981090475,,,0.0014042101655812882,293.0
ENSG00000156873.16,PHKG2,30748293,30761176,16,4295.185595187368,4175.65623847541,1171.0491392874583,998.4316616803877,1878.9049460279505,756.3445292599633,977.0198587604357,1780.9368590850627,4639.2735190318335,2070.5575272138663,2095.4142261767724,1629.5377470801586,3961.0380967496535,1848.938624990268,1119.3394828149226,781.1790857451218,892.3073721175698,4406.8820810375755,4757.832302877192,1304.8288778425326,1168.6926310533092,1401.4610573340065,2289.749576517863,1231.769716711045,1564.3635047731027,4634.185222977187,0.008601583113456464,0.008138674558714724,0.003386960203217612,0.005428708286763532,0.014880321965685237,0.0025499362515937103,0.0049292415328351085,0.004916212930168631,0.010666948302265406,0.02008181480104128,0.023733673144313475,0.00752796479881249,0.00902469917669411,0.011905391819673,0.003123015032818124,0.002288329519450801,0.0030251565651204754,0.008290210159467737,0.010669765476442003,0.003973299427844882,0.006625675818933531,0.004336329984135378,0.008293713681986266,0.00428684837258534,0.009438964895535052,0.011616855000528038,0.002288329519450801,0.023733673144313475,0.021445343624862674,JPT,0.0,False,0.011616855000528038,0.00019630859225877587,0.023733673144313475,0.0018455536505795065,0.005428708286763532,0.00010686399274879549,0.00752796479881249,0.00036818494866294624,0.008293713681986266,8.323975018480433e-05,0.00041619875092402164,148.0
ENSG00000196118.12,CFAP119,30757423,30762221,16,4155.353118489447,4031.8205133788306,1184.0093535946298,939.3627155981144,2019.8325181138998,723.3305650152388,920.4038373238075,1851.2405795864997,4496.890058631352,2021.9261950972332,2223.542031679864,1665.8429634346,3725.4272866226343,1920.0684353793256,1122.541052605316,745.2250365303323,851.7514921727877,3893.1262864119817,4280.205009589616,1350.9239607797724,1175.8395483689708,1432.7161041373654,2287.8437126283507,1238.6360111193776,1650.6222411143715,4395.360024452073,0.008179419525065963,0.007768734806045873,0.0035457239627434377,0.004577146202565331,0.018110569794535056,0.0021249468763280916,0.0037631843960354056,0.00560342549029973,0.009716428156518984,0.018806778940657708,0.027981310396092175,0.008535227694428245,0.008074730842305257,0.013175300280438118,0.0031759474910014822,0.001756159863764568,0.0027597919541449954,0.006442074136656458,0.00882104373547433,0.004450095359186269,0.006837697445139404,0.004494976203067161,0.008240887480190175,0.004339772426567875,0.010870717997666772,0.010032738409546943,0.001756159863764568,0.027981310396092175,0.026225150532327608,JPT,0.0,False,0.010032738409546943,0.00014823709896183437,0.027981310396092175,0.0024347216985383855,0.004577146202565331,7.923701106275107e-05,0.008535227694428245,0.0004510935496622655,0.008240887480190175,8.220365080615865e-05,0.0003961850553137554,143.0
ENSG00000103549.22,RNF40,30761745,30776307,16,4726.365207962123,4498.506661117905,1362.7127832065485,994.830963928583,2319.920564774271,737.1751236532697,937.9819982410017,2232.51144030628,4822.613115201857,2261.7674790547935,2615.49507210119,1879.6179254496783,4219.497390089731,2321.567885840833,1201.2438166931643,778.8261305917531,911.5754028559463,4340.628819433782,4922.717403864571,1514.320392205548,1344.6025639626891,1678.9349359029356,2631.4925592338554,1340.0920321677656,2044.0483558255726,4469.1372759967635,0.010184696569920845,0.009671282105485677,0.004498306519898391,0.005375485656501144,0.027960177928404998,0.002337441563960901,0.004081199978798961,0.010149600888090077,0.011564661773248138,0.026456994102959146,0.043219709036848256,0.011450988708052803,0.01044965167827739,0.025080692100111115,0.0035464746982849884,0.0021818955883135542,0.003396667020486148,0.008026190727637553,0.011620536657511091,0.00572155117609663,0.011343157002014206,0.006927551560021153,0.012044374009508717,0.0049219370203757605,0.01988545975182946,0.010402365614109198,0.0021818955883135542,0.043219709036848256,0.0410378134485347,JPT,0.0,False,0.011620536657511091,0.00019642780582891203,0.043219709036848256,0.005060319110684234,0.005375485656501144,0.00010503414168136796,0.011450988708052803,0.0007255581823788338,0.012044374009508717,0.00017296261472107038,0.0005251707084068397,167.0
ENSG00000102870.6,ZNF629,30778456,30787205,16,5782.625676461463,5314.005300336575,1833.2357906692025,1283.6841284539478,2838.5474851955446,874.7225188656205,1123.0997250609907,3168.5314334633667,5374.747654994122,3018.8004404061603,3538.2461221200124,2578.371124278973,5148.00837718585,3059.6176150996444,1657.2950393863632,986.8244642801852,1164.7473678895387,5512.435130052036,6136.356120924554,2068.9248834504997,1999.6180566848004,2414.1556495320174,3551.605045835903,1723.637526540383,2798.4578133115056,5361.47048300862,0.017097625329815302,0.014163407673607442,0.00989627434377646,0.013039544414284954,0.04665325142978183,0.004356141096472589,0.007685376583452589,0.032246127821536186,0.014574642234778477,0.05599532486851193,0.07884676648614208,0.028521444096909293,0.01551614946168461,0.05005555849515848,0.008045733643870422,0.00649246979937204,0.008173230018044793,0.014151441546097793,0.019226706106063807,0.016052129688493323,0.040443125198770274,0.020782654680063458,0.030744849445324882,0.009367557554908706,0.04650546187294517,0.014943499841588341,0.004356141096472589,0.07884676648614208,0.0744906253896695,CHB,0.0,False,0.019226706106063807,0.0005154249173835745,0.07884676648614208,0.013917152428691133,0.013039544414284954,0.0004965681109539767,0.028521444096909293,0.003174189351799297,0.040443125198770274,0.0018583874417702072,0.0024828405547698833,405.0
ENSG00000099385.12,BCL7C,30833626,30894302,16,10212.578715498019,9955.76975218458,2807.1525106494137,1260.0708244660473,4889.216180342716,694.3820459534037,1076.7845851062064,4520.726247372135,10364.026578801222,5465.653012343796,6385.8844373945885,4216.214037736675,9786.36812814132,5989.024974261645,2704.717479877983,1121.6486755832489,1237.3703463873949,10880.9623501091,8554.009445699501,2917.9502501612465,2081.758718768104,3916.4653922334173,6747.559450279316,2080.308904299971,5022.64427035052,10332.45048411388,0.08058047493403694,0.07943134975161188,0.0349809483488569,0.01245409548139869,0.13567040881169243,0.001806204844878878,0.0068373350294164414,0.07686208172543216,0.09352062100649522,0.17239547362269564,0.22331952851226505,0.08985845305624768,0.08185560481317289,0.1801153500185195,0.03366504340461571,0.009951572561332552,0.00981849060609277,0.09657830816348083,0.045584196070145785,0.040474676838313205,0.04478956853599067,0.06758328926493919,0.14416270470153195,0.015453823762900238,0.14423586806660305,0.09182595839053755,0.001806204844878878,0.22331952851226505,0.22151332366738619,CHB,0.0,False,0.09657830816348083,0.011354022815058278,0.22331952851226505,0.08024147651709779,0.01245409548139869,0.00045814744808032,0.08985845305624768,0.020307091869914327,0.14416270470153195,0.022448279123659418,0.0022907372404016,388.0
ENSG00000150281.7,CTF1,30896614,30903547,16,9693.207245301397,10577.472733578077,2242.6591202633745,1125.4420711543444,4593.229270394168,599.8093937642271,953.3507467192734,4291.942085224917,9765.79806133355,4695.528811760604,5966.019207428099,3341.6919384744338,8299.422825327072,5301.970521717724,1988.7322903296902,996.4678481988153,1218.3158732901172,9650.740748359894,7469.770044292146,3134.7402843426084,2178.1646725009377,3258.689556086537,6029.123063505136,1889.9286893808974,4600.2824305286895,9505.119570289231,0.06992084432717678,0.09412324278617483,0.018099068585944116,0.008781733993293949,0.12116077102308832,0.0010093497662558436,0.004558223352944295,0.06887984352698631,0.0786819453978983,0.13456940976464962,0.199001805245832,0.055399459258866565,0.052987122651467176,0.14556325731520187,0.013762439127673089,0.0067585546272151565,0.009393907228532002,0.06943711057133806,0.03200929642932601,0.049109980928162746,0.049878087564931624,0.046694870438921204,0.11553090332805072,0.012278380523948135,0.12291865521264185,0.07323899038969268,0.0010093497662558436,0.199001805245832,0.19799245547957614,CHB,0.0,False,0.09412324278617483,0.01080749425916196,0.199001805245832,0.06609118985392577,0.009393907228532002,0.00027945864959580554,0.055399459258866565,0.009288375504934974,0.11553090332805072,0.014544555626593821,0.0013972932479790277,292.0
ENSG00000099364.18,FBXL19,30923055,30948783,16,9573.733056027595,10498.644936210208,2809.9844035699653,1593.5153573210487,6322.37727170424,653.9504341507705,1102.1112904582255,7439.170401431421,8692.526246128005,6605.716541215176,7849.98275489353,4829.903409484262,7460.568987318548,7392.360335667963,2325.253519490414,1195.989442733842,1667.8420503665752,10654.106782989587,7535.64444408488,6643.507368333575,5006.514960541808,4037.213315458477,7769.7662514098,2388.8789701628584,6221.65503903425,9132.520415448354,0.06765171503957784,0.09200930134235281,0.035192633361558,0.023471179945712916,0.2114488455835628,0.0013812154696132596,0.006996342820798219,0.20944124332610878,0.05602788192427523,0.23906922382192,0.31432515663162364,0.11880400784604782,0.03952923791429175,0.25805598179797873,0.023025619309760745,0.011867383321802991,0.022343700244135442,0.09024184179955645,0.032695964504542575,0.22356431447340538,0.24430191879571717,0.0723955579058699,0.18932910723718965,0.022863191320455147,0.20553611199490932,0.0653184074347872,0.0013812154696132596,0.31432515663162364,0.31294394116201035,CHB,0.0,False,0.09200930134235281,0.010347240892700504,0.31432515663162364,0.14262936921393093,0.023471179945712916,0.0013914956317327865,0.11880400784604782,0.031898818558713446,0.24430191879571717,0.06312682454882398,0.006957478158663932,749.0
ENSG00000175938.7,ORAI3,30949068,30956461,16,5820.319816323669,6327.660481599061,1718.5635197070199,1043.1084209484804,3143.0173875420865,615.0137954366353,972.1897977399826,3270.8067313655265,5957.566140234605,3024.996216844856,3635.921959534213,2288.721904757501,5593.862314337381,3439.0663295983863,1533.5311590567862,965.9031168222386,1234.239016809776,6582.982619090483,5668.366692747679,3000.5238714118186,2547.0538607716708,2232.940325056587,3966.726993179678,1589.5880871814493,2970.796717783026,6072.481114263695,0.017519788918205804,0.022883416129373217,0.00846740050804403,0.006067379849912183,0.05819741580173692,0.0011155971100722483,0.0048232363385805905,0.035365015594438866,0.01922162961398321,0.05636721032779047,0.08394393118827652,0.020251285585537824,0.019052142706354233,0.06407746441610668,0.006298962523819607,0.005800649246979937,0.009712344761702579,0.02365614109198437,0.01574054510881048,0.0439711803348167,0.06996713664793809,0.01554732945531465,0.04083465398837824,0.007144747287642234,0.053876338954289955,0.02186080895553913,0.0011155971100722483,0.08394393118827652,0.08282833407820427,CHB,0.0,False,0.02365614109198437,0.0007667777036159606,0.08394393118827652,0.015464312291835052,0.009712344761702579,0.0002962768821707598,0.020251285585537824,0.0018243905507454097,0.06996713664793809,0.0054420284534089335,0.001481384410853799,303.0
ENSG00000099381.20,SETD1A,30957294,30984664,16,7925.204626826827,9007.470699265525,2990.642094081746,1607.1156673003543,6655.666151021932,773.9818932239019,1396.291653753395,6676.06244913965,7169.3778120609795,6586.804068628906,7242.157645381305,4908.492489509499,6124.00395906278,6902.059540505122,2502.718432992544,1505.4005578600259,1768.067180619433,9496.462648679166,6530.095522008132,6203.652841032996,4619.485713474949,4517.5195374519035,7610.803520373423,2664.884785039192,6027.960599910809,7700.923883840322,0.04005277044854881,0.060194482612831626,0.04043183742591024,0.024216296769386345,0.23040669349714044,0.0029749256268593286,0.014734722001378068,0.17286039012528415,0.03252891165443312,0.23736917600807522,0.27593713496867367,0.12293908710173355,0.023960312434029976,0.23022382136620986,0.02831886512809655,0.020754616571763078,0.026218023564377455,0.06653289682120604,0.021973378406930064,0.19813519813519814,0.21292271811724797,0.09423585404547859,0.1815108293713682,0.031331039957660754,0.19524870081662954,0.04123983525187454,0.0029749256268593286,0.27593713496867367,0.27296220934181437,CHB,0.0,False,0.06653289682120604,0.005560034326847869,0.27593713496867367,0.1145557366529951,0.026218023564377455,0.0016894361455719938,0.12293908710173355,0.033713595911728525,0.21292271811724797,0.04821480487418235,0.008447180727859969,826.0
ENSG00000099377.14,HSD3B7,30985207,30989147,16,10817.330035522353,12173.19501535673,3976.089134496025,1788.5235476823495,7246.4981392524805,836.3895168732569,1543.7135262768059,7509.879728616742,9592.908163635413,7510.264315059023,7997.375585266206,6559.675840528484,8235.555068069403,7813.159422760835,3454.7185719949402,1642.3530427531966,1964.5391168605556,12472.939495412062,8598.821389134311,7123.957763625757,5387.408518070388,6050.96723801167,8716.803378171095,3532.3092367735308,6534.998315825839,10181.165950187029,0.09403693931398417,0.1358207377655639,0.07477773073666384,0.030922348182447178,0.26795170514721456,0.004037399065023374,0.019186940160067844,0.21393455621927368,0.07509109151396737,0.2954895606438931,0.32345757672294784,0.20309600805810316,0.051931602279924,0.28440658235885496,0.05896675841626085,0.025278058645096056,0.03343594098291052,0.14209525821100433,0.0467990703570674,0.25222504767959314,0.2732958761793703,0.1668958223162348,0.23597464342313787,0.06075681397195025,0.22372467918124933,0.08844650966311121,0.004037399065023374,0.32345757672294784,0.31942017765792446,CHB,0.0,False,0.14209525821100433,0.02379266266918553,0.32345757672294784,0.14967162211656382,0.03343594098291052,0.0025875377408412707,0.20309600805810316,0.07592469797823355,0.2732958761793703,0.07864803270403634,0.012937688704206354,1032.0
ENSG00000099365.11,STX1B,30989256,31010638,16,15451.742832455115,15062.611249987815,3642.743030694638,2020.3223094907914,7872.448876293608,977.733860257104,1790.193800351423,8785.00705022247,13956.058803635518,8338.876896177155,7917.65373281855,6191.07226093689,15123.25462420917,8632.782318374644,3281.1743516014917,1655.3802590863186,2232.2377179689497,17851.73725856091,13018.55133882337,7722.938885713371,4970.399552749538,5519.289605400949,9948.037366379498,3304.24099035789,7121.453759632107,14527.388353398033,0.24021108179419526,0.23554592537786703,0.0614415749364945,0.03874607483101815,0.30856809997881807,0.0070123246918827025,0.02766735570042932,0.2820743246815034,0.20356973121402544,0.3475003984487064,0.3191037485398747,0.18411705455123786,0.24788895925691365,0.3374252605957987,0.05298539064154139,0.025757011335213666,0.04261755652266214,0.34327806526560356,0.14826748362560743,0.28915024369569825,0.24186367009434961,0.1399788471708091,0.3042260961436873,0.05228896533474464,0.25909428359317,0.22362445876016473,0.0070123246918827025,0.3475003984487064,0.3404880737568237,CHB,0.0,False,0.34327806526560356,0.1289296913192188,0.3475003984487064,0.16886407175503945,0.04261755652266214,0.003959253602354315,0.18411705455123786,0.06478530249831245,0.3042260961436873,0.09704237960239254,0.019796268011771576,1315.0
ENSG00000052344.16,PRSS8,31131433,31135727,16,14307.178033146973,13569.063586938,2219.369766403972,2215.0568799553744,7963.148311202782,992.2650470343737,1479.8913994339382,8718.108101029382,11848.566700744459,7864.944511675581,8250.403370338212,4524.782748158477,13956.670934518901,8039.428471318981,2130.6212486297345,1372.0398556735172,2187.2181190748133,14695.679242670662,13072.395831068929,6680.191813112409,4487.870877700359,4105.14261979701,9241.421977329368,2274.6058075781602,7716.760290767182,12623.855787916122,0.19778364116094987,0.17952647711658387,0.017305249788314988,0.04720847304273777,0.3140224528701546,0.00717169570760731,0.017066836274977473,0.2774224242744621,0.1321751069335164,0.3188652180842586,0.33906764362323455,0.10528547951015214,0.20202659911336288,0.2993280067728451,0.01704425153504129,0.016018306636155607,0.0404415667126632,0.21739360016897244,0.1498521022607226,0.22600127145581692,0.20407081522315276,0.07498677948175568,0.2641838351822504,0.020005292405398254,0.2938805811857037,0.15624669975710212,0.00717169570760731,0.33906764362323455,0.33189594791562727,CHB,0.0,False,0.21739360016897244,0.05373328962580011,0.33906764362323455,0.16202571395430818,0.04720847304273777,0.0047369998854883836,0.10528547951015214,0.026237935864142217,0.2774224242744621,0.08099268514582267,0.023684999427441917,1454.0
ENSG00000178226.11,PRSS36,31138926,31150083,16,15208.749658141976,13082.231215371185,2137.2759556020974,2152.106468245553,6022.372879636564,1029.4628278982923,1520.631410801102,7246.957178641331,14348.020781184869,6241.025344638509,6444.851137928347,3977.0948599277035,15027.91984730102,6128.324541020725,2243.545073137268,1387.1475128024088,2154.159138512016,16338.434634403293,15044.773669504188,5405.119197429369,4234.032733479815,3606.935000625407,7695.443300781325,2217.1583005559673,5626.931319458007,15587.691991922578,0.22965699208443272,0.1629320367825811,0.01550592718035563,0.044547341529618395,0.19577420038127516,0.008021674458138547,0.01865691418879525,0.20013744251202623,0.21962296034218726,0.21579981936991977,0.22772645216098544,0.0789906165509198,0.24430018999366687,0.18863431927615218,0.020167266567859412,0.016763344154116334,0.03895552489120051,0.28028302883092193,0.21651172617789985,0.15347531256622166,0.18467083642531537,0.05748281332628239,0.18541996830427893,0.018999735379730088,0.175257185279457,0.264441862921111,0.008021674458138547,0.28028302883092193,0.27226135437278337,CHB,0.0,False,0.28028302883092193,0.08743011002898739,0.22772645216098544,0.08292397933142208,0.044547341529618395,0.0042788787278312,0.0789906165509198,0.016485752203676478,0.20013744251202623,0.042703498394156644,0.021394393639155997,1376.0
ENSG00000185947.15,ZNF267,31873807,31917357,16,10592.894335321465,10569.932740704327,1398.3964215654528,1509.5221941806253,2463.516799496814,1464.9764167030505,1653.6210205187508,2588.9398096074783,11833.01011502912,2573.2778131035607,2192.5365352593044,1686.2330012833863,12479.325608084608,2363.3532250121348,1404.1370891309964,1616.6440335682028,1681.5375693740034,9872.426653141267,12889.543903956033,2450.8567847764652,1945.4536146158885,1677.9775174871215,3306.393308761239,1359.700763799378,2518.446946846647,13698.879767304943,0.08839050131926121,0.09396469717788818,0.0047629127857747675,0.01963915056682101,0.03330862105486126,0.021408839779005526,0.02289712195897599,0.017920389068034042,0.13175265353540688,0.037879190352228656,0.027131782945736434,0.008906324550707735,0.15331433396664557,0.026138949150748717,0.004869786152868939,0.02447980416156671,0.022768283621696212,0.07482310698067378,0.14457004014367208,0.025217207035388853,0.03747482243188805,0.006821787414066632,0.025462229265715796,0.005239481344270971,0.035210520733906035,0.19278698912239942,0.0047629127857747675,0.19278698912239942,0.18802407633662466,BEB,0.0,False,0.19278698912239942,0.042686814912981444,0.037879190352228656,0.004053100645737918,0.02447980416156671,0.001498011623565926,0.008906324550707735,0.0004832354924768187,0.03747482243188805,0.001600455414951809,0.0024161774623840935,399.0
ENSG00000171241.9,SHCBP1,46578591,46621379,16,2831.3257353892604,2179.0425470018395,438.52644280577124,333.34912452563356,635.321490470511,323.86381916225076,356.23828380254844,750.4449925317307,3367.590533396613,625.1243646706064,507.1240185601515,590.7336807336037,2604.63687294982,612.0921881642727,439.88720061986027,317.1738977259002,354.71688934162813,2595.546665649952,3730.443481764906,524.669993802776,302.16495335568044,587.5440108982349,1126.5260382375563,476.08613523463663,562.4487414500874,3170.019011099203,0.0044327176781002635,0.003170912165733009,0.0005821337849280271,0.0003193357815743254,0.0012179622961237025,0.00026561835954101146,0.0004240207770180739,0.0012158376063857905,0.0061783809473517455,0.0010625298836529778,0.0007964319847085059,0.0010602767322271114,0.004327633523327,0.0010582570506376,0.0005293245818335803,0.00026608482784311636,0.00037151045536567244,0.003643468159256521,0.006444115782801606,0.0006357279084551812,0.00026502703275734125,0.0011105235325224749,0.002271526677231907,0.0005821645938078857,0.000901474175416269,0.005069173091139508,0.00026502703275734125,0.006444115782801606,0.006179088750044265,PEL,0.0,False,0.006444115782801606,6.347707858163712e-05,0.0012179622961237025,1.2468574202217071e-05,0.0004240207770180739,1.223695352968692e-06,0.0011105235325224749,1.6668349628184863e-05,0.002271526677231907,6.57435028303353e-06,6.11847676484346e-06,15.0
ENSG00000069329.19,VPS35,46656132,46689518,16,5787.686333230271,5658.091600989697,999.344409584892,569.7991811293724,1943.9493863829125,595.5086894461012,650.256148069266,2291.349080896473,6961.096470865975,2131.1650785453826,1799.8079538409297,1632.3073095804173,5691.17771769656,2523.868260643436,1042.9885270473574,532.4994326133404,648.0895396333381,6242.685981604203,6683.202609183872,1331.6692664714965,570.030670141543,1716.1320632735822,3294.6577838449452,1269.1831422985847,1819.1301538842445,6095.862819132685,0.017150395778364115,0.01701722862276715,0.0023285351397121083,0.001117675235510139,0.016045329379368777,0.0009562260943476413,0.0013250649281814808,0.011735476026854152,0.030258224639594444,0.022153748074164585,0.014866730381225443,0.007633992472035201,0.01984378298501161,0.030371977353299117,0.0027524878255346177,0.000957905380235219,0.0012737501326823054,0.020065476819093885,0.02350517642087471,0.004132231404958678,0.0007950810982720238,0.00745637228979376,0.025250924458531433,0.00449854458851548,0.013840279987273305,0.02212482838736931,0.0007950810982720238,0.030371977353299117,0.029576896255027095,PEL,0.4263935064546081,False,0.030258224639594444,0.0012287861595399589,0.030371977353299117,0.002794885886979892,0.0013250649281814808,9.019145716824847e-06,0.007633992472035201,0.00037660789464283615,0.025250924458531433,0.0007381473880054377,4.509572858412423e-05,50.0
ENSG00000091651.9,ORC6,46689643,46698394,16,6022.466415973709,5913.756056276471,1347.152650649655,799.8244980115296,2570.2554523170984,859.7684362940957,909.5631031989558,2627.369666163109,6931.113569842783,2725.168245775197,2388.6389527415363,2205.394688635683,5875.834921329834,2994.2905308608792,1415.495823481133,778.9481213654036,932.3275673206131,6615.221203451743,6688.546298679237,1704.161188044738,721.6154031553384,2356.659404330188,3767.879487967967,1720.399583366534,2306.160952859947,6282.115345202791,0.019102902374670185,0.018814078850015854,0.004392464013547841,0.0027675767736441534,0.0366447786485914,0.004249893752656183,0.003657179201780887,0.018607601628165143,0.029994191265775995,0.04377623120650268,0.034724434533290854,0.018236759794306313,0.022060375765252268,0.047462828721096355,0.005081515985602371,0.0022351125538821776,0.0038212503980469166,0.023920160523814554,0.023557997042045215,0.008900190718372537,0.0015901621965440475,0.018826017979904814,0.036344426835710514,0.009314633500926171,0.027521476296531976,0.024025768296546627,0.0015901621965440475,0.047462828721096355,0.04587266652455231,PEL,0.0,False,0.029994191265775995,0.0012083254373798325,0.047462828721096355,0.005924051286531661,0.004249893752656183,6.957462695572935e-05,0.018826017979904814,0.0016212896921481454,0.036344426835710514,0.0015071950681846663,0.00034787313477864675,135.0
ENSG00000140795.13,MYLK3,46702282,46790407,16,6633.972494281198,6586.968481041876,1732.974214945945,1224.9566710412935,3121.95903879106,1325.2279727722232,1473.8600610190542,3372.869458765855,7775.736897397993,3080.4804158591874,2858.943560430681,2604.6976147372206,7125.527327934948,3564.1249079092736,1687.015994874689,1223.688877247375,1438.992076736839,7299.503853348985,7719.38444679689,2307.4530724398946,1050.553036433911,2669.9448550778197,4317.918391239676,2128.573057349112,2793.85187782494,7056.665243998558,0.02538258575197889,0.025631540006341824,0.00857324301439458,0.011549310766938102,0.05724422791781402,0.016946451338716532,0.016907828483595694,0.03874821589046889,0.0411892063156783,0.05875790256600967,0.05086545609004991,0.02915761013624556,0.035148828372387586,0.06968622678448595,0.008680923142070718,0.012718854770900963,0.01496656405901709,0.03268560566057662,0.03486160997253328,0.02134986225895317,0.005353546061698293,0.02845055526176626,0.05118858954041204,0.01693569727441122,0.04634637819493053,0.03316084063787095,0.005353546061698293,0.06968622678448595,0.06433268072278767,PEL,0.0,False,0.0411892063156783,0.0022186531859427266,0.06968622678448595,0.011305563392667757,0.016946451338716532,0.0007861465096281838,0.02915761013624556,0.0032894759315930354,0.05118858954041204,0.002949310886569543,0.003930732548140919,548.0
ENSG00000155330.10,C16orf87,46796603,46831180,16,5528.503911410976,5640.248777331912,1415.157339209693,1295.0503191073954,2363.5125948096056,1355.2631057636638,1487.0959281487785,2411.146037119132,7074.705016530199,2266.4568472940973,2111.1819675073734,1856.155124347274,6870.814545829117,2682.0020260765937,1259.6453527117058,1119.945616350649,1554.9899130107524,6287.1080187709795,7449.090617019453,1600.1877256098207,971.2137749780155,1885.6055151247915,3209.216003240121,1552.6504069955693,2041.4473980702935,6223.927291949698,0.015461741424802111,0.016752985942289397,0.004974597798475868,0.013465325456384054,0.02960177928404999,0.017902677433064174,0.017225844066359252,0.014272876248876671,0.031419971484395626,0.026563247091324443,0.024105341403844113,0.011079891851773313,0.03208781929491239,0.03629821683686968,0.003917001905568495,0.009898355595763929,0.018416304001698334,0.020540711796388215,0.03158673145996197,0.0071519389701207884,0.0040814163044630555,0.009836065573770493,0.023666138404648707,0.006827202963747023,0.01977940396648637,0.023761748864716443,0.003917001905568495,0.03629821683686968,0.03238121493130118,ITU,0.0,False,0.03208781929491239,0.0013750708587448443,0.03629821683686968,0.003772509923129957,0.018416304001698334,0.0009095567648722523,0.011079891851773313,0.0006879130660710531,0.023666138404648707,0.0006500753112181552,0.003250376556090776,487.0
ENSG00000166123.14,GPT2,46884362,46931289,16,5470.194791446198,5375.766380589517,1551.273318824035,987.123852316984,3314.938326937838,1223.7177185521712,1326.1815589337402,2650.129057655026,5573.337029468678,2801.569616716108,2906.333145554049,2122.206964443125,5966.013048379497,3149.851029412002,1440.6443999364585,1012.9240550976498,1178.8018412026574,5674.535303509637,5988.158186199757,1675.8638150880251,744.532753274116,2021.5093046340517,3481.7096314849314,1787.80297995833,2642.0488204489816,5591.177499975072,0.014934036939313984,0.014639044498467393,0.006244707874682473,0.005215817765713982,0.06428722728235543,0.01365278368040799,0.01245561032490592,0.019083364169794365,0.01584200242910704,0.04675131488073102,0.052352129128172456,0.016646344695965647,0.022535359932446698,0.053547806762262555,0.0055049756510692355,0.007131073386195519,0.00849166755121537,0.01526032315978456,0.017906190576801182,0.008741258741258742,0.0016431676030955157,0.011422527763088313,0.028948758584257793,0.010426038634559407,0.04019514264503129,0.017055655296229804,0.0016431676030955157,0.06428722728235543,0.06264405967925991,PEL,0.0,False,0.022535359932446698,0.000698688896617747,0.06428722728235543,0.009870930786693533,0.01365278368040799,0.0005382293718571853,0.016646344695965647,0.0013287267653087108,0.028948758584257793,0.000964908664897587,0.0026911468592859264,435.0
ENSG00000069345.12,DNAJA2,46955362,46973674,16,6266.418879761263,5999.993467408852,1893.460541446393,1629.5197843662722,3859.0905680984415,2089.1307219071437,2120.387741083229,3127.0932608145317,6819.231416956149,3265.30902463159,2871.9405536639056,2871.876584514785,6687.438989638903,3424.105724379097,1858.3814508385726,1400.959795410326,1841.9969710861562,7105.977648194051,7394.806812604685,1924.3556893700859,852.0771061327406,2686.6258606350893,3613.08516329865,1916.7778961924585,2790.430461125185,6922.4736377873205,0.02131926121372032,0.019765352499735756,0.011060541913632515,0.025333972004896482,0.08832874391018852,0.0462707182320442,0.03927492447129909,0.03134746524290321,0.0283571843481016,0.06646124422249376,0.05139641074652225,0.03801092085034194,0.02971289845894026,0.06360124874331975,0.011433410967605336,0.01724229684423394,0.028659377985351873,0.030415038546837046,0.030688780900063384,0.012714558169103624,0.002756281140676349,0.028714965626652565,0.03269941891178024,0.012490076739878274,0.046187294516915896,0.03173513570598796,0.002756281140676349,0.08832874391018852,0.08557246276951218,PEL,0.0,False,0.03173513570598796,0.0013462606375970823,0.08832874391018852,0.01684771849057953,0.0462707182320442,0.004573280967411308,0.03801092085034194,0.005050832987851736,0.03269941891178024,0.001225181960756614,0.006125909803783069,705.0
ENSG00000171208.10,NETO2,47077703,47143945,16,6571.360538686201,5870.596469556282,1507.24331693256,1154.3766936028185,2006.054632748972,1078.393247842881,1118.077416525743,2079.0150943533113,7995.982933947661,1655.680087209352,1550.2679371855934,1803.1389279683847,7479.828212135527,1898.1784714249438,1577.32471766139,888.7797764872606,1293.5141847356906,7099.476872661282,7113.970993973392,1204.2886388818038,666.1170792349416,1931.3347092611907,2106.479541561453,1560.723658509575,1997.265341530733,6712.64037175653,0.024485488126649076,0.018496987633442555,0.005662574089754445,0.009739741338016925,0.017951705147214572,0.009562260943476413,0.007473366194943552,0.007876513189194904,0.044938480223900304,0.0095627689528768,0.009450992885207603,0.010337698139214336,0.0398458940257547,0.012699084607651198,0.0068282871056531864,0.0039380554520781225,0.011357605349750556,0.030256626887738936,0.027994929220367632,0.0031256622165713073,0.0012191243506837698,0.01041776837652036,0.006339144215530904,0.006933051071712093,0.01855976243504083,0.029200549160418206,0.0012191243506837698,0.044938480223900304,0.043719355873216535,PEL,0.0,False,0.044938480223900304,0.002621662055337791,0.01855976243504083,0.0012201698555721959,0.011357605349750556,0.0003897975432655015,0.01041776837652036,0.0006226653973646477,0.007876513189194904,7.523030229585348e-05,0.0003761515114792674,140.0
ENSG00000129636.13,ITFG1,47154387,47464149,16,5835.223169784254,5645.848070945097,1603.9179516174675,1394.7406617091654,2240.4062464763488,1235.5701561036683,1355.5715937251882,2564.71596914965,7480.214413365372,1905.081483502482,1904.7927926357322,1984.7880844961498,6945.102646181942,2300.8112528934616,1622.5288386197433,926.8048093585352,1431.935190311919,7544.930090798812,6475.8208144260725,1508.643093487039,781.8337526470369,2069.8483842291434,2420.120610634434,1799.0289376181775,2302.431157426254,6369.538047898359,0.017678100263852244,0.0168586830144805,0.0071972904318374255,0.015860343818191496,0.025206524041516628,0.014130896727581811,0.013250649281814809,0.017127451498652007,0.03643660558694619,0.015406683312968177,0.017733885526176066,0.013571542172507025,0.03309056364787841,0.024498650722260436,0.007516409062036841,0.004629876004470225,0.014754272370236705,0.035220192206146375,0.02149799281639552,0.005615596524687434,0.001961200042404325,0.012004230565838181,0.009984152139461173,0.010690658904472083,0.02746844840386043,0.024923434364769247,0.001961200042404325,0.03643660558694619,0.034475405544541864,PEL,0.0,False,0.03643660558694619,0.0017541928534776374,0.02746844840386043,0.002360098634107022,0.015860343818191496,0.0006999632347373206,0.013571542172507025,0.0009549984765776979,0.017127451498652007,0.0003448923729976417,0.0017244618649882085,326.0
ENSG00000067955.15,CBFB,67028984,67101058,16,11967.993326530705,9777.004066030757,3550.884103923972,1867.0741721327963,1867.7052696713943,1411.8325426476533,1622.438406817864,2238.6527030929574,11890.301400066879,2122.8358831672303,1416.6796459441437,3038.9941379725533,11159.210749312868,1920.342777361234,2878.641324123907,1215.837206851247,2162.935056943473,11912.093371829462,13980.550521138533,1718.3140546766522,943.518146976151,2774.274102660588,2373.6647449361903,4353.933490592626,1392.6212752514155,12081.175785856025,0.12364116094986807,0.07599619490540112,0.058372142252328535,0.033423811804779394,0.014668502435924591,0.019337016574585635,0.02204908040493984,0.010308188401966486,0.13360088715213603,0.021834989109068694,0.006955505999787618,0.04431956740709325,0.1149461684610513,0.013228213132969999,0.038640694473851364,0.012399552977489224,0.03922088950217599,0.12461717182384624,0.18032960067610396,0.00911210002119093,0.003975405491360119,0.03151771549444738,0.009297411516111992,0.09478698068272029,0.006575458691271609,0.1398774949836308,0.003975405491360119,0.18032960067610396,0.17635419518474385,PEL,0.0,False,0.18032960067610396,0.03755888516637832,0.021834989109068694,0.001603948991412136,0.03922088950217599,0.0034227817835748237,0.09478698068272029,0.022138656355636638,0.010308188401966486,0.00012747910049164287,0.0006373955024582144,189.0
ENSG00000125149.12,PHAF1,67109941,67148544,16,8756.388888506694,7072.779900884625,2784.9847663231158,1395.6230993377628,1735.5511824919904,1143.2635504633174,1192.7194421478964,1843.260444499843,9064.284103504051,1953.3122694893548,1360.321822260476,2312.6183011023554,8321.049950315082,1818.9231060620275,2382.834136976358,1119.473816240066,1579.7480595012669,8988.887363202979,10594.658880948402,1550.9851652636412,902.4088502686552,2243.5094122044334,2164.9190474645234,3262.549266178883,1355.9946240243003,8475.357706457427,0.052137203166226914,0.031444878976852345,0.033816680779000845,0.01596678907871627,0.011755983901715738,0.011155971100722481,0.008904436317379551,0.005497700481048792,0.06357923641548292,0.016894225150082345,0.006052883083784644,0.02115252080793087,0.05325100274435297,0.011376263294354198,0.02498412026254499,0.009845138630195305,0.019371616601210062,0.05787305945717605,0.08461863511514896,0.006463233735961009,0.0034983568323969047,0.01575885774722369,0.007025884838880085,0.051283408309076475,0.00567398451585534,0.05417678741155349,0.0034983568323969047,0.08461863511514896,0.08112027828275205,PEL,0.0,False,0.08461863511514896,0.008813576157681396,0.016894225150082345,0.0010416124933892248,0.019371616601210062,0.0009938767204922283,0.051283408309076475,0.008198147145169424,0.007025884838880085,6.013152499912571e-05,0.00030065762499562857,121.0
ENSG00000237172.4,B3GNT9,67148104,67150998,16,6177.980925321618,5748.591262655404,2385.413662795838,1388.3428293864595,1818.1660616955564,1105.3782220785074,1257.853850341066,1837.6106976511505,6471.550931933631,1804.2382475880438,1403.8706392649399,1993.2424574652036,5841.283137183362,1911.703377360069,2312.4095275653963,1123.922056972765,1354.3133789650285,6636.914327082917,7182.824324325898,1562.8367355074204,1013.8505734513329,2332.057754813734,2047.6200110294203,3023.285358051967,1423.1930092421055,6082.144128048075,0.0204221635883905,0.0175985625198182,0.02201524132091448,0.015328117515567619,0.01345054013980089,0.010199745006374841,0.010547516828324588,0.005339112967172385,0.02466071711464329,0.012803485098018381,0.0067431241371986835,0.013677569845729735,0.021796495672366478,0.013069474575374359,0.022760957018843956,0.010058006492469799,0.012737501326823055,0.0241313760692787,0.028575956053243187,0.006728120364484001,0.0048234919961836105,0.018032786885245903,0.0059693608029582675,0.04302725588780101,0.007105737617987061,0.022019220614637236,0.0048234919961836105,0.04302725588780101,0.03820376389161739,PEL,0.0,False,0.028575956053243187,0.0011012367515327549,0.01345054013980089,0.0007097660556813302,0.015328117515567619,0.000659308310999391,0.04302725588780101,0.0061720274127645336,0.006728120364484001,5.523777648001317e-05,0.00027618888240006585,114.0
ENSG00000102871.16,TRADD,67154185,67159909,16,5099.691349791394,4342.524925422017,1962.812823182428,1183.9893996295498,1487.7943935888327,958.7808364202501,1070.7564943003788,1530.5975743239103,5181.093034575836,1499.5726904154947,1199.4341151864664,1720.1440656328466,5632.834309873607,1586.5420932622853,2001.1984962645918,993.1171200176161,1083.1518952078566,5895.694842368954,6518.568388721412,1380.6580298845124,918.1708088590785,2004.8085668518816,1751.8669992778418,2611.549702198029,1210.2749709967093,5540.649059240522,0.012137203166226913,0.009142796744530177,0.01233065198983912,0.010538080791952738,0.006778224952340606,0.00648108797280068,0.0066783272380346636,0.003700375323782841,0.013571315414268363,0.007756468150666738,0.00398215992354253,0.009330435243598579,0.019210470762085707,0.007407799354463199,0.014185898793139954,0.0065989037305092865,0.005997240208045855,0.016844439750765657,0.021762095922248044,0.004662004662004662,0.0037103784586027776,0.01110523532522475,0.004384574749075542,0.029637470230219634,0.003818008272351257,0.016844439750765657,0.003700375323782841,0.029637470230219634,0.025937094906436794,CLM,0.0,False,0.021762095922248044,0.0006534793088014946,0.007756468150666738,0.0002810656805873753,0.010538080791952738,0.00034183853564958693,0.029637470230219634,0.0033774715601020073,0.004662004662004662,2.6911319012590077e-05,0.0001345565950629504,81.0
ENSG00000135722.9,FBXL8,67159932,67164570,16,5655.765873769416,4969.536520800757,1845.4598378365554,1112.7180843645929,1340.1588207189022,925.7441375590805,1028.6855993046279,1458.290382417916,5578.542861496936,1380.787718119361,1136.6895799202653,1648.5211431016007,6555.891111872728,1463.9158728301488,1873.377180946826,940.4090312504368,1012.5838964193347,6455.313112288562,6892.01532708573,1250.8545221329678,864.559955950679,1870.7341066945314,1718.6787719298918,2560.210732362095,1132.442282251373,6120.215270137433,0.016306068601583113,0.011838072085403235,0.010160880609652836,0.008355952951194848,0.0051366235966956155,0.005631109222269443,0.005671277892616738,0.00311888777290268,0.01600042245339811,0.005843914360091377,0.003291918870128491,0.008058103164926046,0.02881570614312856,0.005397110958251759,0.011698073258522125,0.005055611729019211,0.0050950005307292216,0.02244165170556553,0.02519543629833087,0.0034965034965034965,0.0030743135799851584,0.00967741935483871,0.004173269941891178,0.02757343212490077,0.0030225898822780783,0.02244165170556553,0.0030225898822780783,0.02881570614312856,0.02579311626085048,TSI,0.0,False,0.02881570614312856,0.001119006133449486,0.005843914360091377,0.00017454008235715267,0.008355952951194848,0.00022760141513395663,0.02757343212490077,0.003005318869210048,0.004173269941891178,2.1659914433710695e-05,0.00010829957216855348,73.0
ENSG00000265690.7,ENSG00000265690,67163385,67165815,16,6026.632413373599,5245.86998387521,1783.848727581948,1075.8833458815839,1329.7821253510524,914.4069623825252,1012.5933454763205,1451.9286720799198,5880.241909064961,1378.5379761633258,1140.0337916388362,1641.2046468653243,7018.284117296269,1468.4620566031501,1815.7090662902724,924.018828372754,984.1787782884397,6657.499299755215,7064.293237954452,1251.0135738636973,849.9714137634322,1867.8125640112528,1715.028961469345,2520.0454698579874,1114.1280800229981,6435.010182850676,0.019155672823219,0.01363492231265194,0.009314140558848433,0.007185055085422321,0.004977758949375132,0.005152996175095623,0.005459267504107701,0.003013162763651742,0.018640756191582616,0.005737661371726079,0.003345014335775725,0.007846047818480624,0.03393497994511294,0.005555849515847399,0.010639424094854966,0.004576659038901602,0.004617344230973357,0.024501003273840954,0.02757236425100359,0.003549480822208095,0.002703275734124881,0.009518773135906928,0.004120443740095087,0.025985710505424715,0.002916534096934988,0.02560988488752772,0.002703275734124881,0.03393497994511294,0.031231704210988063,PEL,0.0,False,0.03393497994511294,0.0015307178974990425,0.005737661371726079,0.00016923312279513558,0.007185055085422321,0.00017467683446380062,0.025985710505424715,0.0027304636863946016,0.004120443740095087,2.1125740926937224e-05,0.00010562870463468612,72.0
ENSG00000102878.18,HSF4,67164681,67169945,16,6073.663665647776,5280.935605334128,1717.1132151440856,,1341.161079469722,896.9434587883866,,1459.2531521639746,5805.667350694856,1447.6147433164065,1152.869099068332,1639.5879719582113,6916.664996375982,1480.9289948014844,1758.008076426876,918.3847931378788,942.5453932076664,6401.555430277046,7067.344838551031,1280.5208503669012,845.1008747968013,1884.9131639639995,1728.0880505431558,2396.069427925961,1116.2283192462048,6475.012305697348,0.01963060686015831,0.013952013529225241,0.008414479254868755,,0.0051895784791357764,0.004674883127921802,,0.0032246127821536183,0.018059882769182023,0.00669393826701376,0.003504300732717426,0.007740020145257913,0.03282668355499261,0.005926239483570559,0.009527842473004446,0.0045234420733329785,0.004139687931217492,0.0219664167282712,0.027625184872174097,0.0038673447764356857,0.002544259514470476,0.00978318350079323,0.00427892234548336,0.023021963482402753,0.002969561989606533,0.026137923751188088,0.002544259514470476,0.03282668355499261,0.030282424040522133,PEL,0.0,False,0.03282668355499261,0.001436372309925262,0.00669393826701376,0.00021935162166877078,,,0.023021963482402753,0.0022448216434755204,0.00427892234548336,2.274785503775305e-05,0.00011373927518876525,76.0
ENSG00000140939.15,NOL3,67170154,67175737,16,7297.6661220081305,6326.759143068118,1932.069577275014,1056.1588042246583,1475.5601683387467,906.5996175598289,977.1104394964352,1691.9308701962761,6701.780404196997,1655.6572993145155,1276.8140752655727,1960.3970137746978,7693.861232736364,1651.298711179213,1985.3068251234872,947.8807137833134,907.1170741135766,6989.940268357328,8955.126685691004,1455.5147292169745,861.4188712299001,2310.7415015418997,1915.1306476584778,2784.909202495994,1221.484449856014,7925.125814541202,0.03203166226912929,0.022830567593277666,0.011642675698560543,0.006333493001224121,0.006619360305020123,0.004887377815554611,0.004982244129962368,0.004440450388539409,0.027195437503300418,0.00950964245869415,0.005150260167781672,0.013200445316227535,0.04232636689888115,0.008201492142441398,0.013603641753123015,0.005374913522430951,0.0032905211760959558,0.028514098637659732,0.0521339530952884,0.005297732570459843,0.00302130817343369,0.017556848228450557,0.004965662968832541,0.035194495898385816,0.004030119843037438,0.044144049002006545,0.00302130817343369,0.0521339530952884,0.04911264492185471,PEL,0.024355300859598854,False,0.0521339530952884,0.003484619918410042,0.00950964245869415,0.0003960340329145725,0.006333493001224121,0.00014002056484403236,0.035194495898385816,0.004459566003307712,0.005297732570459843,3.457483210088001e-05,0.00017287416050440005,91.0
ENSG00000179044.16,EXOC3L1,67184379,67190185,16,11851.486611045078,10177.084022858337,2418.742480981904,1103.8012484196295,1765.7071758690863,949.1377202306073,942.4613877986393,2085.5917446954563,11286.37274672406,2027.5279256371625,1482.3947515696461,2699.474563529375,11971.46729211256,1992.1980893484808,2464.0006645534336,1017.2079147510404,942.1175406116423,12497.335105342794,14445.60369204084,1651.2339577357952,855.8512990051931,2736.285367345467,2297.5641169134483,3872.5394871547396,1408.614681092447,12895.491709384407,0.12,0.08471620336116689,0.022809060118543608,0.008143062430145297,0.012232577843677187,0.006215469613259668,0.004134202575926221,0.007929375693820373,0.11585784443153614,0.019072411411570952,0.008229797175321227,0.03207337114987011,0.13927591302512138,0.014868511561458278,0.027154351048062672,0.0073439412484700125,0.004086615009022397,0.1426232970746647,0.19548911895203888,0.008211485484212758,0.0028622919537792855,0.030407191961924908,0.008399366085578447,0.07430537179147922,0.00689362604730088,0.16506494878023023,0.0028622919537792855,0.19548911895203888,0.1926268269982596,PEL,0.0,False,0.19548911895203888,0.04384044985408043,0.019072411411570952,0.0012774171248081149,0.008143062430145297,0.0002175336727928416,0.07430537179147922,0.014933525117702264,0.008399366085578447,8.533101577856811e-05,0.00042665507889284057,151.0
ENSG00000205250.9,E2F4,67192155,67198918,16,11818.345607837904,10403.109586240076,2669.420023942176,1074.304859074067,1902.2893543750358,927.311834497582,951.2392557843717,2205.611341672459,10884.974511221479,2261.1170887598305,1563.3633460049305,2942.072850245434,13354.022999453147,2082.1139267336143,2724.4270235202393,1040.5925159033186,952.5338833658988,13171.444092762402,14702.789013683952,1674.2114082999574,872.0401562483625,2936.193733821171,2406.47693447961,4364.401668381901,1490.813758974782,12991.966526831842,0.11883905013192612,0.0894725716097664,0.030429720575783234,0.006972164564372771,0.015251006142766362,0.005684232894177646,0.004505220755817035,0.009673838346460855,0.10603580292548978,0.026403867608776495,0.009928852076032706,0.041403806393468696,0.1826578002955457,0.017672892745647917,0.034406097819182725,0.007929327869724868,0.0043519796199978774,0.16247755834829444,0.20467990703570674,0.008688281415554142,0.0031273189865366267,0.0358011634056055,0.009614368726888537,0.09563376554644086,0.0083253791494326,0.16786355475763015,0.0031273189865366267,0.20467990703570674,0.20155258804917012,PEL,0.0,False,0.20467990703570674,0.04787423611598518,0.026403867608776495,0.0022082228030400855,0.007929327869724868,0.00020762346821222015,0.09563376554644086,0.022459391122453886,0.009673838346460855,0.00011255628662464939,0.000562781433123247,175.0
ENSG00000102890.16,ELMO3,67199111,67204029,16,14402.56306391435,11445.872833724627,3026.0073810500635,1066.2927508044245,1979.4473640117124,911.955232325309,944.1725841752867,2289.487558200902,13313.022354297464,2456.8913713466723,1563.2877789601896,3533.6118301441834,16016.997357613167,2154.673410716622,3112.3176985011905,1048.5669418081404,946.3948728432281,15591.604744010008,18541.94161573717,1668.4115022341903,873.1786157263223,3365.388706358635,2528.6901733627938,5387.5433429011155,1506.1463985965302,15095.435497039161,0.20179419525065964,0.11647817355459254,0.04170194750211685,0.0065996061525360585,0.016945562380851514,0.005099872503187421,0.00418720517305348,0.011524026008352275,0.1786977874003274,0.033310311852520855,0.009822661144738239,0.06213221650850872,0.2832488917036099,0.0195777554367956,0.046474698284988354,0.008142195731999362,0.004192760853412589,0.2522969690569226,0.3598140714134798,0.008582326764144946,0.003180324393088095,0.05002644103648863,0.011093502377179081,0.1427890976448796,0.008431434934775692,0.2447988171929454,0.003180324393088095,0.3598140714134798,0.35663374702039174,PEL,0.0,False,0.3598140714134798,0.14109070451984396,0.033310311852520855,0.0032647677624666966,0.008142195731999362,0.00021749308633761734,0.1427890976448796,0.042947138883736656,0.011524026008352275,0.00015861913948014622,0.0007930956974007311,221.0
ENSG00000168701.19,TMEM208,67227103,67229278,16,10885.356812561555,9674.783712085831,2115.1774832292217,794.4329144036716,1503.5000201305286,686.3842888514951,705.7884878141307,1765.305877921757,11369.520993024133,,1244.9318432738385,2287.4847128014067,9337.788239124997,1680.6405303978668,2067.365104276745,751.7072293555016,,12005.289691602014,13712.634997140654,1269.8116462003645,802.4993106271993,2366.293357643724,2220.7721779076214,3234.4303197724903,1181.599507177671,11258.226435191029,0.09577836411609499,0.07382940492548357,0.014976714648602878,0.002714354143381766,0.0069900444821012495,0.0016468338291542712,0.0016960831080722956,0.004651900407041286,0.11839256482019327,,0.004831687373898269,0.02019827174892647,0.07267257758074731,0.008413143552568919,0.015509210247723905,0.0018625937949018148,,0.12694054282395184,0.17061060638073103,0.003655435473617292,0.0021732216686101984,0.019196192490745636,0.007606973058637084,0.04985445885154803,0.003605896701665076,0.11616855000528038,0.0016468338291542712,0.17061060638073103,0.16896377255157677,CHB,0.0,False,0.17061060638073103,0.03377650294563488,,,,,0.04985445885154803,0.00783190582056325,0.007606973058637084,7.026683734501174e-05,0.00035133418672505867,136.0
ENSG00000135723.14,FHOD1,67229387,67247481,16,10119.597115300874,9494.450514937469,2158.103625892932,792.7441892692991,1633.117095001491,689.0791463686929,709.5604808711772,2070.16422742683,10552.994630177389,1976.7370040080018,1380.817435315445,2285.326684371318,8856.878079133267,1844.9032162710314,2066.7970391219383,744.4839945001902,741.815013885033,11094.797112052504,12841.173675095579,1341.3356657774596,813.8356032429987,2561.499768812705,2412.2359019656374,3185.6486574917267,1311.1220978375163,10595.236761872544,0.07836411609498681,0.0702885530070817,0.015876375952582556,0.002607908882856991,0.009373014191908493,0.0016999575010624734,0.001802088302326814,0.007612200666067558,0.09742831493900829,0.01769112256282208,0.0063714558776680474,0.020145257912315116,0.06338399831116741,0.011852478967141119,0.015456277789540547,0.001702942898195945,0.0018575522768283623,0.10228112789101278,0.1427213184027044,0.004291163382072473,0.0022792324817131346,0.0254362771020624,0.00977284733227681,0.04837258534003705,0.005037649803796797,0.0992713063681487,0.0016999575010624734,0.1427213184027044,0.14102136090164194,CHB,0.0,False,0.1427213184027044,0.02399390689151568,0.01769112256282208,0.0011256158725997327,0.002607908882856991,2.9556714189841303e-05,0.04837258534003705,0.007458885248342012,0.00977284733227681,0.00011482549573971715,0.00014778357094920652,86.0
ENSG00000135740.17,SLC9A5,67237683,67272191,16,9408.297223903912,8848.61599280735,2115.631270354295,716.1666282941405,1871.6471384005372,643.8058675038885,691.2020331827633,2076.0761222100377,9717.465842676134,2144.221671252553,1513.6892822404263,2256.3202177922194,9190.778993681739,1911.3347595210084,2105.031797236112,698.6239812683017,716.079918135863,10483.347072504956,11057.033896054456,1321.2397753314904,779.6399214988364,2709.7269127739983,2394.4643871539765,3160.602761047351,1403.1553186412318,10029.89139485545,0.06401055408970976,0.057287813127576366,0.015029635901778153,0.0018095694289211772,0.014774412200804915,0.0013280917977050574,0.0014840727195632585,0.007823650684569436,0.07746739187833342,0.023003771981086968,0.008920038228735267,0.01924402268992207,0.0701393286890437,0.013016561722842478,0.01667372432775778,0.0012239902080783353,0.0016452605880479779,0.086703981413032,0.09549968307627298,0.004026276753549481,0.001908194635852857,0.029508196721311476,0.009561542525092446,0.04741995236835141,0.006787570261957789,0.0851198648220509,0.0012239902080783353,0.09549968307627298,0.09427569286819464,JPT,0.0,False,0.09549968307627298,0.011112320000355296,0.023003771981086968,0.0017510497908944606,0.0018095694289211772,1.557465908091393e-05,0.04741995236835141,0.007222771186095022,0.009561542525092446,0.00011000941228947537,7.787329540456965e-05,60.0
ENSG00000196155.13,PLEKHG4,67277510,67289499,16,11054.416762241575,10151.796993416005,2744.2753769594788,871.4171148271216,2626.54142102415,800.8621969335143,826.1314724440762,2920.0485416298566,10244.452376726591,2882.8037348643547,2254.5128427617005,3251.780696671407,10504.685140534959,2664.164003932381,2958.1104673608743,816.4855925080606,926.611570229768,10383.11667902966,13141.284051759005,1780.1216990943133,855.288900703742,3362.052481927666,3144.4269787186586,4332.1285052099,2051.0150322564164,10845.615871311644,0.09989445910290237,0.08413486946411584,0.03244072819644369,0.0037255841183671296,0.038445244651556874,0.003399915002124947,0.0023851168707266657,0.02569117724797801,0.09072186724401965,0.0504170429793338,0.029255601571625784,0.05232465673540794,0.09816339455351489,0.03555743690142336,0.041075587550285834,0.002501197381725294,0.0036620316314616283,0.08475023761748865,0.15164800338051976,0.009694850603941513,0.002809286547227817,0.04986779481755685,0.022028526148969888,0.0937284996030696,0.02015059921518719,0.10502692998204669,0.0023851168707266657,0.15164800338051976,0.14926288650979308,CHS,0.0,False,0.15164800338051976,0.026951337279325808,0.0504170429793338,0.006557633347673217,0.0037255841183671296,5.523387973171174e-05,0.0937284996030696,0.021740218872015757,0.02569117724797801,0.000763585669510707,0.0002761693986585587,113.0
ENSG00000168676.11,KCTD19,67289428,67326760,16,9569.26710805352,8616.608958624669,2646.3048435930423,950.6984669370872,2001.2898067926606,915.6304785082517,869.7884329031793,2758.7775810580847,9609.852185673157,2193.398582716867,1858.0664631840418,2961.1759448448856,8337.686473080941,2132.0492367745996,2669.4923273848453,853.3084620390101,1091.8289514028063,8865.569546817735,11363.584268691766,1800.9201358590349,941.3274427073961,2977.6906909213276,2870.9003724013687,4003.8425404293084,1743.2483805997424,9286.961617280704,0.06754617414248021,0.053007081703836806,0.029318374259102456,0.004736814093352493,0.017845795382334252,0.005206119847003825,0.00275613505061748,0.02177935190569329,0.0754607382373132,0.024544440312383786,0.01635340341934799,0.041986958596193606,0.053567658855815915,0.018942801206413038,0.03260639424094855,0.0030865840029801503,0.006103386052436047,0.05586651177526666,0.10273610817663216,0.010065691883873702,0.00392240008480865,0.03722897937599154,0.016270470153195986,0.07912146070388992,0.012090359529112313,0.06827542507128524,0.00275613505061748,0.10273610817663216,0.09997997312601468,CHS,0.0,False,0.10273610817663216,0.012781409665519316,0.024544440312383786,0.0019528779253295324,0.006103386052436047,0.00013122487372447977,0.07912146070388992,0.01652993828570367,0.02177935190569329,0.0005523760489456212,0.0006561243686223989,193.0
ENSG00000159708.18,LRRC36,67326798,67385204,16,11894.881136105962,11476.605713714021,2919.0300402721655,1185.0262128607417,2080.8260809321973,1016.7910654677303,1036.2810424898057,2938.2024882242617,12104.944269695869,2199.9909060600785,1816.2807587097875,3144.248044493096,11394.017686881734,2188.951014221569,3185.339641814456,899.9970662370434,1277.1327836673638,12509.164817485622,14360.98299642232,1989.7367975440648,1190.6127347247798,3232.9562895787017,3130.8666721707987,4847.131767967093,1873.1193940499163,12612.854289293267,0.121688654353562,0.11721805305993024,0.03794453852667231,0.010591303422215126,0.02001694556238085,0.007702932426689333,0.005830285683998516,0.026272664798858168,0.13999049479854253,0.024650693300749083,0.015238398640756079,0.04818957747972221,0.12122651467173316,0.021059315307688238,0.0490683887359729,0.004204140279921239,0.010826876127799596,0.143045728165593,0.19210859919712656,0.014144945963127781,0.007102724477896745,0.04574299312533051,0.021658742736397254,0.11701508335538502,0.015272033089405028,0.15587707255253988,0.004204140279921239,0.19210859919712656,0.1879044589172053,JPT,0.0,False,0.19210859919712656,0.04239949643457551,0.024650693300749083,0.001967125034030723,0.010826876127799596,0.00035843020136404986,0.11701508335538502,0.031125631371796247,0.026272664798858168,0.000797831451152798,0.0017921510068202493,338.0
ENSG00000159713.11,TPPP3,67389809,67393518,16,11266.271748525904,10547.148283719425,2991.06737260629,1071.5998912504326,2052.848644517317,954.3370754117653,932.0301847029704,2918.65498435749,11097.738643537861,2543.4033468786793,1868.2955836451986,3102.057732534815,9654.450573212216,2574.2713488600566,3521.364757142437,871.2827759221252,1189.125925226559,11177.337840650029,13136.431792252797,1761.9793683493053,1035.9068879544154,3365.7521075718073,3152.080491155289,5029.003592076801,2158.4249323542394,12018.85310060089,0.10517150395778364,0.09333051474474158,0.04048475867908552,0.006918941934110384,0.019275577208218597,0.006321716957076073,0.003975194784544443,0.02563831474335254,0.11089401700374928,0.036497901503479785,0.01667197621323139,0.04654614854477018,0.07868904369854338,0.03217101433938303,0.06145458395087868,0.003618753658666383,0.008597813395605561,0.1041820678001901,0.15138390027466722,0.009376986649713922,0.005194529842043888,0.05007932310946589,0.022292657157950344,0.12553585604657316,0.02312016120479372,0.13802935896081953,0.003618753658666383,0.15138390027466722,0.14776514661600085,JPT,0.0,False,0.15138390027466722,0.026861482906025247,0.036497901503479785,0.003807498538921517,0.008597813395605561,0.00023927574988091098,0.12553585604657316,0.034872743633966516,0.02563831474335254,0.0007605089156415232,0.0011963787494045548,277.0
ENSG00000159714.12,ZDHHC1,67394152,67416833,16,12208.9846966891,11724.868127443018,2697.563087493763,1028.6813640761904,1933.1565111934585,905.8807450359545,929.1029738247043,2782.3781884651758,11923.208763857132,2366.734797207886,1791.4243293981278,2759.4415033698956,11444.613783252422,2566.340207160545,3302.5058868471224,862.1350863126805,1134.8495693688442,12861.766643992345,14282.557868425618,1567.7809630847637,1007.1491620744417,3043.2560455921057,3075.702589065392,4539.895722434893,2175.598833503719,12631.563899168956,0.1299208443271768,0.12361272592749181,0.031435224386113465,0.005748044068337857,0.01567464520228765,0.004834254143646409,0.003922192187417183,0.02246656446582439,0.13444579394835507,0.03006959570737927,0.014654348518636508,0.033928855431267564,0.1227042431918936,0.03185353722419176,0.05420283717975863,0.0035655366930977595,0.00700562572975268,0.15207519273418524,0.18994295372913586,0.0067810976901886,0.004664475776529206,0.03960867265996827,0.020602218700475437,0.1030960571579783,0.02402163538020999,0.1563523075298342,0.0035655366930977595,0.18994295372913586,0.1863774170360381,JPT,0.0,False,0.18994295372913586,0.04148849020546213,0.03185353722419176,0.003028107769916262,0.00700562572975268,0.0001671018935970599,0.1030960571579783,0.02536121162178577,0.02246656446582439,0.0005870583967839941,0.0008355094679852995,230.0
ENSG00000176387.7,HSD11B2,67430652,67437553,16,13212.701547116945,13114.588024736275,2643.966352883267,1024.57963422892,2027.7130630257845,923.1996321653018,954.5142796625543,2782.2418444739005,12769.695940442438,2045.994687545076,1762.161471741241,2784.326577806085,11794.94345677457,2875.390216913123,3084.4694125213196,938.6327184274637,1003.9117859728747,13517.775466721585,14843.088075951582,1503.5316251179677,1013.1199388588484,2802.825133311245,2987.0690522548925,4096.955914897777,2310.8365611398926,13291.511867012054,0.16163588390501318,0.16361906775182328,0.02926545300592718,0.005535153547288307,0.01821647955941538,0.005471738206544836,0.004611225950071554,0.02241370196119892,0.160532291281618,0.019709929341762737,0.014123393862164171,0.034671049143826536,0.13399831116740554,0.043176887666014074,0.04557484649587127,0.005002394763450588,0.004935781764143934,0.17425282500792058,0.20895837735051764,0.005562619198982835,0.004770486589632143,0.03241671073506081,0.018753301637612255,0.08335538502249272,0.02757450418920352,0.17953321364452424,0.004611225950071554,0.20895837735051764,0.2043471514004461,CHS,0.0,False,0.20895837735051764,0.049809850587713034,0.043176887666014074,0.005051885136455193,0.005535153547288307,0.00011056434062800606,0.08335538502249272,0.017983931831469634,0.02241370196119892,0.0005843538033871073,0.0005528217031400304,172.0
ENSG00000159720.13,ATP6V0D1,67438014,67481181,16,8772.73016539442,8656.54948363663,1979.6073782440108,840.1265631911488,1617.0249580550903,809.5722211329709,842.625105908061,2112.1666839174286,9348.326651855044,1469.3151928080774,1444.926156339179,2059.0412343283742,8530.527959833522,2125.1402955025187,2177.2830509938726,838.3688491985862,820.6603801133464,10107.362403725294,10928.276491481387,1274.271934861331,1021.4363642643834,1872.1905272389884,2215.883552527321,2757.983418506231,1697.5609844496992,9716.473568020088,0.052506596306068604,0.05390550681746115,0.01264817950889077,0.003193357815743254,0.009002330014827368,0.0035061623459413513,0.002491122064981184,0.00814082571232225,0.07012726408618049,0.007278329703022898,0.007486460656259956,0.01494990192440227,0.0568925480261769,0.01873114979628552,0.018155833156891805,0.002873716140705657,0.0026536461097548033,0.07931143732178689,0.09211916332136066,0.0037613901250264886,0.005088519028940952,0.00973030142781597,0.007448494453248812,0.03450648319661286,0.011294941139039135,0.07799134016263597,0.002491122064981184,0.09211916332136066,0.08962804125637948,CHS,0.0,False,0.09211916332136066,0.01037092441257276,0.01873114979628552,0.0012391900451996097,0.0035061623459413513,4.965823516058052e-05,0.03450648319661286,0.004319428123082554,0.00814082571232225,8.0258531315477e-05,0.0002482911758029026,110.0
ENSG00000159723.5,AGRP,67482571,67483547,16,11202.110496725456,10624.678903302287,1856.446444778852,790.6616706903917,1544.7357870679443,763.160994152805,794.1603140705242,2001.4513579234467,12317.48252580787,1306.0027966127147,1291.71954653115,2044.3501626793645,10075.598435710564,1819.8373867138125,2012.216971722512,,769.3410824536707,12840.560548167752,13505.839534355036,1090.9957147107596,842.3354743698843,1622.6369026351074,2071.2986980517376,2730.157819062681,1528.8908085840355,11918.66853291718,0.10300791556728232,0.09512736497199027,0.010425486875529213,0.0025014636223322155,0.007625503071383181,0.0027624309392265192,0.002226109079344888,0.006766400592060052,0.14632729577018536,0.0047813844764384,0.0052033556334289055,0.01457880506812278,0.08792484694954612,0.011482088999417958,0.014397628625873385,,0.0021229168878038425,0.15149434998415884,0.16363828438622438,0.0024899343081161264,0.0024912541079190075,0.006240084611316764,0.006075013206550449,0.03360677427890976,0.008961713861491144,0.13533636075615166,0.0021229168878038425,0.16363828438622438,0.16151536749842055,KHV,0.0,False,0.16363828438622438,0.03118148458246737,0.011482088999417958,0.0005438483892398463,,,0.03360677427890976,0.004138759440660843,0.006766400592060052,5.5855511253076576e-05,0.0002792775562653829,117.0
ENSG00000039523.20,RIPOR1,67518418,67546788,16,7263.685338569018,6641.358576382971,2199.9410595942886,1152.1841883833256,1878.5298125247725,985.6026005091004,981.8824845546834,1825.0218128983197,8071.868628120515,1962.3431135253236,1538.1874654804246,2220.749551358602,5807.213320404809,2179.480365564771,2329.804757900522,930.6665639912377,982.3348823650256,7765.953973588291,8998.94731867069,1031.6148807235,837.6321907721225,2411.1640318911263,2344.482929116343,3070.7229280600795,1779.4028698559157,8219.718743153167,0.031556728232189975,0.026265722439488427,0.016670194750211684,0.009580073447229762,0.014827367083245075,0.007118572035699108,0.005088249324216886,0.005233387957921446,0.04583619369488303,0.017319237103543536,0.009238611022618668,0.018607856650585803,0.021427063542326368,0.020583099634901316,0.023237349142494177,0.004789526901176095,0.004564271308778262,0.03796599429718027,0.05308472427635749,0.0022780250052977327,0.0023852432948160713,0.020624008461131677,0.008874801901743265,0.045091293993119876,0.012885777919185491,0.049582849297708315,0.0022780250052977327,0.05308472427635749,0.05080669927105976,MXL,0.0,False,0.05308472427635749,0.0036073891371203363,0.020583099634901316,0.0014522481766377127,0.009580073447229762,0.0002892397443353571,0.045091293993119876,0.006657899844868506,0.008874801901743265,9.505600087830737e-05,0.00047528000439153685,160.0
ENSG00000102974.16,CTCF,67562467,67639177,16,7532.82913951904,7609.851667773687,2662.3192236147756,1442.3916854251795,2866.86045893318,1225.1635757714207,1196.562233923177,3029.7165381333475,7825.827172521198,3154.409985739234,2369.6964114238162,3087.815329639583,6159.856223129954,3469.3952060210227,3131.132857111417,1165.9010286647965,1363.3943834911554,9167.39241790582,8939.614537621252,1880.325458029886,1131.1961841269547,3510.7175506643575,3911.901547619667,3896.0201985453123,2921.3378809212886,9045.506647968066,0.034722955145118736,0.03805094598879611,0.030059271803556307,0.017350577465538346,0.04760643931370472,0.013812154696132596,0.00895743891450681,0.028598615002378813,0.04192849976236997,0.0619454922169686,0.03376871615164065,0.04580395483221121,0.024329744564070086,0.0655590242869993,0.04710988778318865,0.011175562769410887,0.013055938859993631,0.061305312070968426,0.05197549123177689,0.01181394363212545,0.00604261634686738,0.054151242728714966,0.03940834653988378,0.07499338449325219,0.05138402799872733,0.06315344809377971,0.00604261634686738,0.07499338449325219,0.0689507681463848,PEL,0.0,False,0.06315344809377971,0.0050315655528344275,0.0655590242869993,0.010201750129766797,0.017350577465538346,0.0008193060241864761,0.07499338449325219,0.015157785416579587,0.03940834653988378,0.0017663276844050993,0.0040965301209323806,562.0
ENSG00000159753.15,CARMIL2,67644988,67657569,16,10204.463045821682,10550.907060877911,3211.254426802585,1353.8536658417374,2758.1375424904877,1048.5215609375618,1130.1500863245735,4442.402408273985,10568.315882660956,3077.607033416664,2386.200333658852,3406.464799388105,10815.621689016041,3518.323340964443,4125.119122562244,1052.5254550643353,1384.9466085510446,12582.644717578745,11182.060453287753,3259.1426206492984,1684.5161744084364,3897.708299081693,5481.317739051626,4968.421413122162,2842.194449388596,11955.403087344961,0.08031662269129287,0.09343621181693267,0.04704699407281964,0.014636223322156581,0.04289345477653039,0.008499787505312367,0.007897386971961627,0.07411323148490775,0.09769234831282674,0.05865164957764437,0.03456514813634916,0.05757302655993214,0.10586869326578002,0.06767553838827452,0.08548591996612323,0.008301846628705232,0.013798959770724976,0.1447882564156722,0.09798225227128671,0.053666030938758214,0.024806530266087142,0.0668958223162348,0.09408346539883783,0.12246626091558613,0.04814932654576307,0.13649804625620446,0.007897386971961627,0.1447882564156722,0.13689086944371057,CHS,0.0,False,0.1447882564156722,0.024664065769196133,0.06767553838827452,0.010762062479059148,0.014636223322156581,0.0006080270779710491,0.12246626091558613,0.0335041477494356,0.09408346539883783,0.009724790192027495,0.0030401353898552455,467.0
ENSG00000102977.18,ACD,67657512,67660810,16,10621.637097619927,11339.950238818672,3195.0428597068976,1199.9523164394075,2683.6253211803487,911.6342415236651,1013.9240488784588,4530.208078121675,10897.113524643832,2875.8395589223614,2509.485086774462,3445.000610128738,10037.2863722482,3429.2082008455923,4265.687857971706,986.2152087356561,1287.2150119947867,11842.496816659384,11518.32643543353,3279.888274465276,1873.4563158727108,3667.175668223966,5458.410261490356,4771.566000428201,2798.075467997047,10888.757092635824,0.08923482849604221,0.11399429235810168,0.04662362404741744,0.010750971313002289,0.04040457530184283,0.005046748831279218,0.00551227010123496,0.07739070677168684,0.10629983629930823,0.0499920310258726,0.03955612190718913,0.05916344165827281,0.08702765463373444,0.0637599873009154,0.09173195003175948,0.006386035868234793,0.011092240738775077,0.12187136973281233,0.10754278470314811,0.05472557745285018,0.03318138450121912,0.059439450026441035,0.09286846275752773,0.11394548822439798,0.04645243398027362,0.10629422325483155,0.005046748831279218,0.12187136973281233,0.11682462090153312,CHB,0.0,False,0.12187136973281233,0.017729484823442523,0.0637599873009154,0.00973508517068538,0.011092240738775077,0.0003739725945483009,0.11394548822439798,0.02981587322044405,0.09286846275752773,0.009480141352980323,0.0018698629727415047,348.0
ENSG00000102981.10,PARD6A,67660946,67662774,16,9136.060317679166,9762.661017134067,2819.4095929887417,,2407.260357325814,,,3943.4577505075727,9987.61745224607,2465.441735070262,2285.5617969752243,2991.1554638403923,8087.118648002051,3032.566867288383,3748.9705583750906,896.822179529641,1207.0220886229656,11047.910344352256,9886.615649119905,,,3234.8124881042795,4721.679420924593,4172.183842670819,2506.7107535129976,9431.404744151605,0.058944591029023746,0.07557340661663672,0.03545723962743438,,0.031455200169455626,,,0.05688005497700481,0.084015419549031,0.033575944323434095,0.03063608367845386,0.042729152308752585,0.04945112940679755,0.04910312714958463,0.07087656150751641,0.004097706348783993,0.00902239677316633,0.1010138346182279,0.06945911683921403,,,0.04584875727128503,0.06492340200739567,0.08616035988356709,0.03468024180719058,0.07128524659414932,0.004097706348783993,0.1010138346182279,0.0969161282694439,JPT,0.0,False,0.1010138346182279,0.012374050134957251,0.04910312714958463,0.006272618188842259,,,0.08616035988356709,0.018972767379703253,,,0.031363090944211296,1699.0
ENSG00000124074.12,ENKD1,67662945,67667265,16,8935.912291688173,9834.89107164804,2808.520073436916,1051.8377493840574,2386.97361155311,798.9115749450025,896.9443771656524,3926.8156767830496,9473.035412323383,2433.690267546874,2279.2199321765697,3056.561930919177,7763.074061979214,2985.1365782493067,3760.288467272848,861.8939214889416,1163.495394138102,10965.339936336248,9367.201496174306,2800.957487665864,1723.7921833751577,3323.2492479553657,4638.938405586465,4196.674760491494,2492.6263764994687,8831.930749198184,0.055408970976253295,0.07737025684388542,0.03513971210838273,0.006280270370961733,0.030554967167972888,0.0032936676583085423,0.0035511740075263687,0.05640429243537559,0.07250356445054655,0.03272592041651171,0.03021131995327599,0.04490271960981816,0.043381887270424316,0.046933700195777556,0.07156468346390006,0.003512319727529136,0.00796093832926441,0.09874326750448834,0.05942319881681809,0.03634244543335453,0.026555708682285593,0.04854574299312533,0.06191230850501849,0.087536385287113,0.03372573973910277,0.059245960502693,0.0032936676583085423,0.09874326750448834,0.09544959984617979,CHB,0.0,False,0.09874326750448834,0.011846653293225455,0.046933700195777556,0.005813340233685051,0.00796093832926441,0.00020907663004705323,0.087536385287113,0.01946521112816677,0.06191230850501849,0.004281940557734118,0.001045383150235266,257.0
ENSG00000159761.15,C16orf86,67666814,67668757,16,8045.956584940991,8755.422970653271,2778.691987899013,1031.6496540658839,2400.2704353048166,784.802844127239,882.8460276632826,3863.36664227039,8590.604600142855,2417.3222487283906,2290.3009119599833,2992.4721561413526,6947.669222933583,2981.9930679772756,3676.5432725439987,854.0789507336324,1147.7800238746793,9589.720764731965,8210.04472397691,2709.314249046078,1680.9856689228116,3283.138186958047,4474.81741037068,4094.7268337475853,2494.3361251250312,8047.276787014555,0.042005277044854884,0.05575520558080541,0.03355207451312447,0.0058544893288626325,0.03119042575725482,0.0031342966425839352,0.003074150633381036,0.05444837976423323,0.05370438823467286,0.03224778196886787,0.03106084740363173,0.042835179981975294,0.033143339666455565,0.046774961638181914,0.0681240736819818,0.0031930179341173965,0.007483282029508545,0.06801140563945507,0.041200084512993874,0.03305785123966942,0.0245415032333298,0.047382337387625595,0.05668251452720549,0.08319661286054512,0.03393785130978895,0.0460977927975499,0.003074150633381036,0.08319661286054512,0.08012246222716408,CHS,0.0,False,0.06801140563945507,0.0057991610423916975,0.046774961638181914,0.005780292320932483,0.007483282029508545,0.00018758475156147204,0.08319661286054512,0.01792856548065926,0.05668251452720549,0.0036017227948015344,0.0009379237578073603,244.0
ENSG00000141098.13,GFOD2,67674531,67719339,16,10303.682299552467,10466.839273796588,2893.987830590967,958.2172696910873,2573.503179201286,763.0219002881828,796.0272620698048,4516.605048549691,10331.381038224657,2536.1407034720814,2539.3148313426886,3119.1604561222707,8972.743097805038,3139.4399797948067,3744.33573383554,874.1380668521023,1089.1205264995033,12178.33249873918,10602.73258563327,2938.0970411232315,1670.2538363172976,3471.0380929315693,5021.51481854305,4818.052504982578,2749.0152526004,10499.459880829523,0.08216358839050132,0.09084663354825072,0.037362404741744286,0.004896481984139656,0.03675068841347172,0.002709307267318317,0.0022791116764721473,0.07675635671618121,0.09267571421027618,0.036126016044201244,0.04019326749495593,0.04707628691088374,0.06591724720287101,0.05328324249960315,0.07071776413296633,0.0036719706242350062,0.006050313130240951,0.1326433625514838,0.08493555884217198,0.04158720067810977,0.023799427541609245,0.05288207297726071,0.07527733755942947,0.11606245038369939,0.04449040195142645,0.0965255042771148,0.0022791116764721473,0.1326433625514838,0.13036425087501163,CHS,0.0,False,0.1326433625514838,0.02085304932854958,0.05328324249960315,0.007197070322464283,0.006050313130240951,0.0001292310581738355,0.11606245038369939,0.03071685645884841,0.07675635671618121,0.0065253012478662595,0.0006461552908691775,191.0
ENSG00000141084.12,RANBP10,67723070,67806560,16,12324.791374591225,12890.383102400341,2494.771171455575,829.0951422087853,2322.3924797657814,676.4971066646575,749.6826033793018,4248.916568651399,12998.994884727466,2318.340506449936,2399.648378286378,2826.436597014291,12182.133388577131,3084.2550001142827,3248.4377590311256,802.4293743319619,896.4584780284807,15581.20832657117,14046.83052819523,2646.40175638726,1345.4661808596504,3075.0482991419603,4981.960350037456,4055.8376638021437,2663.049076145511,13640.529101431965,0.13356200527704484,0.1570130007398795,0.025137595258255714,0.003086912555218479,0.02817199745816564,0.0015405864853378665,0.002014098690835851,0.06687106835121848,0.16681628557849712,0.02863518036444775,0.03493681639587979,0.03610242273233314,0.145134051087186,0.05079633843060479,0.05203260639424095,0.0023947634505880476,0.0030782294873155716,0.25176893019326224,0.18265370800760616,0.03109769018859928,0.011449167815117142,0.040613432046536224,0.07395668251452721,0.08160889124106907,0.041255700498462194,0.19125567641778435,0.0015405864853378665,0.25176893019326224,0.25022834370792435,CHB,0.0,False,0.25176893019326224,0.07118543960479633,0.05079633843060479,0.006640863949508867,0.003086912555218479,3.972232468331448e-05,0.08160889124106907,0.01737849480311012,0.07395668251452721,0.006066929466297399,0.0001986116234165724,100.0
ENSG00000102904.15,TSNAXIP1,67806765,67832148,16,10248.662433270085,11060.683538229454,2653.621073020411,1106.6393797002995,2683.3094720122067,890.6327404226196,1045.9567783806415,5001.7672700631,10466.34434670085,2784.5218476003206,2836.2225382175984,3385.16340255294,10139.851658909587,4146.232084809599,3550.143135182316,994.4670119619625,1251.1933235610525,13176.231371649546,11491.249414438314,3288.993138928881,1527.5471111560403,3671.2716406648315,6025.686142486844,4394.852555992832,3328.5534067501285,10915.101832617103,0.08131926121372032,0.10601416340767361,0.029741744284504656,0.008249507690670073,0.04035162041940267,0.004462388440288993,0.006042296072507553,0.09726700851086324,0.0957385013465702,0.04606067045635658,0.05017521503663587,0.057042888193818586,0.0893497994511294,0.09444944176940578,0.06277789540546264,0.006705337661646533,0.010296146905848636,0.16263597000739255,0.10643355165856751,0.05514939605848697,0.017491784161984523,0.05970386039132734,0.11542525092445853,0.09663932257210903,0.06734542369286245,0.10703347766395607,0.004462388440288993,0.16263597000739255,0.15817358156710357,CHB,0.0,False,0.16263597000739255,0.030816592590358582,0.09444944176940578,0.018858406056343296,0.010296146905848636,0.0003281999139578931,0.09663932257210903,0.02284254619173193,0.11542525092445853,0.014518494604139271,0.0016409995697894654,323.0
ENSG00000102901.13,CENPT,67828157,67847811,16,11354.91236177042,12231.132139923273,2578.457161169938,1125.4618291362592,2221.3773823260153,924.4699655888319,1066.74491277652,4628.3406834287825,11843.634264619866,2440.4684558979907,2236.3337790599107,3081.877665988971,12272.808893372832,3286.6627040501558,3143.9811210565094,1065.2888644317227,1275.4674476318357,15926.5115740659,13369.795961352847,3064.919107663049,1677.366984355572,3088.2402440098717,5391.052668013359,4059.279927660597,2632.1981444972603,13388.01245300128,0.1070712401055409,0.1373004967762393,0.027677815410668924,0.008834956623556336,0.024518110569794534,0.0055248618784530384,0.006519319446652886,0.08177829465560078,0.13201668690922533,0.03288529989905966,0.028618455983858978,0.04559189948576579,0.14787840405319821,0.05809831208000423,0.04774507728138895,0.008567931456548347,0.0107738032056045,0.26512831344386945,0.1583562222691739,0.04656706929434202,0.02427647620057246,0.040983606557377046,0.08991019545694665,0.08176766340301667,0.03971789161098738,0.18285985848558453,0.0055248618784530384,0.26512831344386945,0.2596034515654164,CHB,0.0,False,0.26512831344386945,0.07859778772490111,0.05809831208000423,0.0083249555835316,0.0107738032056045,0.0003553557776377229,0.08176766340301667,0.017433207189248436,0.08991019545694665,0.008897248821152252,0.0017767788881886144,336.0
ENSG00000102898.13,NUTF2,67846882,67872567,16,10465.829501540931,10693.653296539484,2471.533570553553,1026.6986000351421,2224.7549402571703,891.2817652899506,1033.5081457026627,4402.515316232201,11357.943441009968,2506.4996422225954,2259.795098624409,2887.220560744081,10430.026128541693,3239.761179256601,3110.8525604857523,1209.203011712083,1138.459733468823,13580.86859224841,11888.534582219143,2973.278112500729,1663.5275973175048,3000.34315793651,5372.580215182097,3965.3155622132585,2644.168124252786,11398.527307935661,0.08543535620052771,0.09687136666314343,0.024290855207451313,0.00569482143807547,0.024624020334674857,0.0045686357841053975,0.005724280489743997,0.07305598139239837,0.11818133812113851,0.03506348616054827,0.029574174365509187,0.03891215607273498,0.0967384420519316,0.05614053653632467,0.04636883336862164,0.012239902080783354,0.007270990340728161,0.17668180378075826,0.11689203465032749,0.043017588472133925,0.023534400508851902,0.03812797461660497,0.08917062863180138,0.07785128340830907,0.04035422632304592,0.12034005702819728,0.0045686357841053975,0.17668180378075826,0.17211316799665285,CHB,0.0,False,0.17668180378075826,0.036116767172798624,0.05614053653632467,0.00785833842520168,0.012239902080783354,0.0004444239257917475,0.07785128340830907,0.01610291085800146,0.08917062863180138,0.008754357433875426,0.0022221196289587374,382.0
ENSG00000038358.15,EDC4,67873052,67884499,16,9722.348742119768,9858.223221098944,2153.7072764931095,905.936246182318,2041.7461934820724,781.904944438327,896.6427745639161,3802.091944339752,10283.246340472568,2012.0487190630047,2110.0667215388034,2457.910930156612,9749.402815986134,2902.0131550366327,2846.1181829064767,1092.4844016760262,955.2385885788632,11411.218442266036,10524.324182931105,2523.6056192995534,1477.4636473691974,2741.1260345610135,4487.081041491149,3629.3647064798947,2358.5760102959716,10650.095157949396,0.07065963060686016,0.07784589366874538,0.015717612193056733,0.00415136516046623,0.01879898326625715,0.003081172970675733,0.0034981714103991097,0.05249246709309087,0.09161958071500238,0.01854114646974446,0.023999150472549646,0.025022530880559828,0.08116951657166983,0.04407640615905604,0.03774084268473428,0.009046884146665957,0.004405052542192973,0.11041292639138241,0.0830340164800338,0.026859504132231406,0.015318562493374325,0.03061872025383395,0.05705229793977813,0.0643027255887801,0.02900625729133524,0.10032738409546943,0.003081172970675733,0.11041292639138241,0.10733175342070668,CHB,0.0,False,0.11041292639138241,0.014673703196123484,0.04407640615905604,0.005230248602769497,0.009046884146665957,0.00026161352160109034,0.0643027255887801,0.011819909182170492,0.05705229793977813,0.0036479254674139437,0.0013080676080054518,289.0
ENSG00000188038.8,NRN1L,67884885,67888855,16,12872.475564813274,13077.117345618237,2282.1825545564225,959.2970338850995,2223.7271204349845,835.7800301730596,957.7931156416597,4191.776155157526,13434.267421487657,2165.7492960206446,2303.631177979256,2515.809805950961,13800.35459613472,3169.1746621419907,3045.0006208913205,1137.9458193572948,1004.0993639568948,14239.043384567463,15036.534714020308,2783.6632240841855,1594.3781694222555,2957.3401274249227,4972.916369029723,3927.2545497492492,2611.513189223113,14823.81332401911,0.1512928759894459,0.16266779410210336,0.019104572396274343,0.004949704614402044,0.024571065452234697,0.003984275393115172,0.004664228547198813,0.06491515568007612,0.18329196810476844,0.023641289911278753,0.0316448975257513,0.026612945978900494,0.19637956512560692,0.054024022435049474,0.04409273766673724,0.010377308285881539,0.00498885468633903,0.19949308269088606,0.21624762307204734,0.03549480822208095,0.020990140994381425,0.03638286620835537,0.07353407290015848,0.07584016935697274,0.03908155689892884,0.23492449044249658,0.003984275393115172,0.23492449044249658,0.23094021504938142,CHB,0.0,False,0.23492449044249658,0.06234092770991703,0.054024022435049474,0.007366242995888449,0.010377308285881539,0.0003327486562112765,0.07584016935697274,0.015435545936729937,0.07353407290015848,0.005999159352598291,0.0016637432810563827,324.0
ENSG00000159792.10,PSKH1,67893254,67929676,16,12271.717404721649,12272.474062211943,2507.5356490549243,1095.5253750607906,2521.587029599838,983.4475011100772,1112.9462627999592,4423.915847240495,12634.099052668265,2340.158003868633,2579.044907251273,2891.772233307237,13052.175314720618,3190.476947566767,3252.317112287358,1255.5668174238026,1151.7372986085593,15290.276276371513,14613.368140587125,2880.494453863105,1535.6088117261495,3082.06706817368,4945.383393072845,4093.624570074661,2752.4732686212183,14801.568277368173,0.1320316622691293,0.13851601310643696,0.02571972904318374,0.007717281388046197,0.035320906587587374,0.007065448363790906,0.007367361000689034,0.07342601892477665,0.15636056397528647,0.029325824788822185,0.04141446320484231,0.039283252929014474,0.1718387164872282,0.054658976665432034,0.05224433622697438,0.013357458357724443,0.0075894278738987365,0.2394656246699757,0.20071836044791888,0.03920322102140284,0.01812784904060214,0.040772078265468005,0.07253037506603276,0.08314368880656259,0.044755541414784175,0.23418523603337205,0.007065448363790906,0.2394656246699757,0.23240017630618479,CHB,0.0,False,0.2394656246699757,0.06467010930968536,0.054658976665432034,0.00751251493040671,0.013357458357724443,0.0005179860962357584,0.08314368880656259,0.01791012451257265,0.07342601892477665,0.0059818915717533535,0.002589930481178792,416.0
ENSG00000141086.18,CTRL,67927640,67932365,16,13273.36773373773,12232.282903712272,2551.4201755966046,1154.5868632126167,2064.2417371280617,1068.0137668303962,1204.474438742824,4193.299427890762,13357.66372428588,2096.679740780941,2151.0207599859336,2769.5666494513066,13409.844950503699,2652.6723424904744,3236.2357020639797,1332.411921336861,1124.3380240662577,15915.437432514842,15790.342619023084,2736.254119213974,1538.2081368298086,2962.7931848402704,4646.256016474361,3898.7863229200707,2329.4477701788896,15381.401142932402,0.16411609498680738,0.1374061938484304,0.026936917866215073,0.009792963968279313,0.019593306502859564,0.0092966425839354,0.009328457094397625,0.06496801818470159,0.18044040766752917,0.02098496520214631,0.025698205373261125,0.03419392461432434,0.1845577369643234,0.03518704693370019,0.051079822146940505,0.014847533393645895,0.006846406963167392,0.26465307846657515,0.24445383477709698,0.034170375079465985,0.018339870666808013,0.03664727657324167,0.062282091917591126,0.07509923260121726,0.02826386679393361,0.25641567219347344,0.006846406963167392,0.26465307846657515,0.25780667150340775,KHV,0.0,False,0.26465307846657515,0.0783280916889997,0.03518704693370019,0.0035802137261042514,0.014847533393645895,0.0006234994776192486,0.07509923260121726,0.015192400150533681,0.06496801818470159,0.00470601348639935,0.003117497388096243,477.0
ENSG00000261884.2,ENSG00000261884,67929614,67936017,16,13471.402987335261,12573.034119548709,2650.873733505704,1162.6269672294482,2152.2906466092622,1085.899475820811,1264.1681183296846,4364.64636666724,13655.664288778175,2206.097552607128,2235.6412970275283,2933.648022520061,13202.263337837021,2818.666157820573,3380.1300494166535,1389.1288477485443,1138.175052679728,15839.742391070477,15676.863977950348,2835.0438925608296,1554.9611173757312,3106.8271788135403,4873.419078410403,4188.765294438941,2449.005976632703,15236.682214852204,0.16981530343007917,0.1465489905929606,0.029530059271803556,0.01005907711959125,0.02213514085998729,0.009774755631109222,0.010706524619706366,0.07168155627213617,0.19131858266884935,0.024916325771662327,0.028565360518211746,0.0410327095371892,0.17785518260502428,0.040901635007143236,0.05653186533982638,0.016816561119684957,0.007217917418533064,0.26190727637554123,0.2404394675681386,0.03750794659885569,0.019134951765080038,0.0417239555790587,0.0699947173798204,0.08716591690923525,0.03181673560292714,0.25023761748864715,0.007217917418533064,0.26190727637554123,0.25468935895700817,KHV,0.0,False,0.26190727637554123,0.07677852775533975,0.040901635007143236,0.004612014091658814,0.016816561119684957,0.0007756138717970279,0.08716591690923525,0.019332156581572522,0.07168155627213617,0.005706489631834179,0.0038780693589851394,541.0
ENSG00000213398.8,LCAT,67939750,67944131,16,12652.252859044964,11646.346667116512,2555.919908770788,1178.1395536525297,2296.513757117277,1129.326138711072,1398.0089525361761,4113.578023921007,13526.681871467146,2298.400130406154,2484.4317422586573,3177.361145641607,11890.979297659427,3033.16829936909,3389.081526379287,1469.8277798005995,1166.858110263958,14048.03924149998,14144.39887868197,2730.6144556455206,1499.8974387018957,3046.325016622346,4924.252961264926,4170.427331073048,2626.696243297281,13784.881218644074,0.14343007915567282,0.1214987844836698,0.027042760372565623,0.010378412901165576,0.027218809574242744,0.010943476413089672,0.014840727195632586,0.061743405402547975,0.18614352854200772,0.027572650480794773,0.038547308059891684,0.04946190955839474,0.13653156005910913,0.04915604000211651,0.056743595172559814,0.019424192432547498,0.008279375862434985,0.19257577357693526,0.18587576589900698,0.033958465776647594,0.01606063818509488,0.03971443680592279,0.07179080824088747,0.08600158772161948,0.03966486371831583,0.19569120287253142,0.008279375862434985,0.19569120287253142,0.18741182701009643,KHV,0.0,False,0.19569120287253142,0.04392731755209355,0.04915604000211651,0.006283996640347323,0.019424192432547498,0.0009986102840547485,0.08600158772161948,0.01891625723593268,0.07179080824088747,0.005723550811095623,0.004993051420273743,631.0
ENSG00000103067.14,ESRP2,68229033,68238102,16,6299.529956261408,6055.3937670058,2966.016620735594,1158.9466733120755,2107.386347042698,1168.2578182670152,1284.4123358608726,4228.307523161157,6028.236714435216,2402.526317823493,1882.6557159995532,2892.4129505939413,5970.563733663383,3116.9801521317627,3371.4439165831654,1356.8892530613905,1079.3947143698185,7608.856014736682,9598.224054503262,3086.748681953415,1833.3307047690737,3630.259084527886,3538.357729659588,4050.070583225303,2680.9654152778867,7318.093326701965,0.02158311345646438,0.02055808054116901,0.039479254868755295,0.009899409228804088,0.020811268798983266,0.011846578835529111,0.01113054539672444,0.06607813078183644,0.020013729735438558,0.03171651702704138,0.01709673993840926,0.03938928060223718,0.022640911969601014,0.051854595481242396,0.05626720304890959,0.01559257091160662,0.005944167285850759,0.03585383884253881,0.06343756602577647,0.047096842551388005,0.0312201844588148,0.05832892649391856,0.030375066032752245,0.08123842286319131,0.04183900731784919,0.03564262329707466,0.005944167285850759,0.08123842286319131,0.07529425557734055,KHV,0.0,False,0.06343756602577647,0.0050750232812995085,0.051854595481242396,0.006875328408094564,0.01559257091160662,0.0006793783824737954,0.08123842286319131,0.017251088009138937,0.06607813078183644,0.004864929801267156,0.0033968919123689768,503.0
ENSG00000072134.16,EPN2,19215615,19336715,17,6184.293248286428,7336.118424567286,9828.14619975299,6547.61790038214,1461.4081726737666,6647.737974536733,6721.6705379319355,4482.000231995178,5720.240970630727,1703.6776607652205,1374.163274744425,8879.812122583737,5450.645110078249,1416.5585858382344,10459.244972426666,4143.4379243854455,7032.7236823062285,6750.091437037746,5512.5246150070725,5734.2069283286955,6137.646831524338,9499.62978736617,3294.8423394256433,9876.259726946939,1236.8078056859254,5991.595324854733,0.02058047493403694,0.035038579431349755,0.3790220152413209,0.31885677790196393,0.006301631010379157,0.32708244793880153,0.32267981131075424,0.07538193159591901,0.017531816021545122,0.010253413377251235,0.00626526494637358,0.33616073795260565,0.01804939835338822,0.00497380813799672,0.42716493753969936,0.15699004842743866,0.34311644199129604,0.025715492660259794,0.01478977392774139,0.17201737656283111,0.33356302342838967,0.3549973558963511,0.02530375066032752,0.3897327335273882,0.004189203521052074,0.021015946773682542,0.004189203521052074,0.42716493753969936,0.4229757340186473,TSI,0.19048562769919322,False,0.035038579431349755,0.0016275104675969054,0.010253413377251235,0.0004495375856333814,0.34311644199129604,0.15332402844594703,0.42716493753969936,0.25268667092531333,0.33356302342838967,0.11623396999576517,0.002247687928166907,385.0
ENSG00000087095.13,NLK,28041737,28196381,17,3491.6409616182104,4777.908376706081,1990.6768665504276,1867.0660356968413,1904.263973658327,1658.0412105794926,1901.741172358656,2074.201463124557,5721.842820202878,1880.5445981508396,1850.0809724890241,1927.8225577873827,3484.040786395786,1930.1866875754426,2005.9054857729354,1797.982710947383,1857.178494634138,5246.223204347004,4348.161425467916,1840.2968634728725,1533.5710532917853,1753.5941787766308,2006.2075227382843,1779.1276929447577,1877.0894797642898,4237.820837078574,0.006068601583113457,0.010939646971778882,0.01285986452159187,0.033370589174517004,0.015356915907646686,0.029111772205694858,0.031483542693591986,0.007717925675318497,0.017584622696308814,0.014875418371141688,0.01608792609111182,0.012564279276891268,0.006702554359299134,0.013439864543097518,0.014238831251323312,0.0315576605821936,0.02924318012949793,0.012567324955116697,0.009243608704838369,0.011072261072261072,0.017968832820947737,0.007985193019566367,0.0055995773903856315,0.010214342418629266,0.015484144660091207,0.009082268454958286,0.0055995773903856315,0.033370589174517004,0.027771011784131373,PUR,0.0,False,0.017584622696308814,0.0004343933597772678,0.01608792609111182,0.0009593284604833873,0.033370589174517004,0.002578678369459625,0.014238831251323312,0.0010320824545459984,0.017968832820947737,0.00037888632037244335,0.0018944316018622168,349.0
ENSG00000109083.14,IFT20,28328325,28335489,17,4920.132565136614,4533.213711361516,4927.015845849299,3638.6380832242658,3638.758249410085,2529.4508066110748,2603.179622839218,3185.1510825733126,5758.844884483049,4672.026589182296,3379.4351634594173,4964.763462008136,4259.30837134107,3352.0407561691677,4870.132063399437,2288.319546004625,3699.3005900249395,6299.470861645273,5399.658695939711,3316.1008694208676,2262.622892270729,3961.841683632517,4348.972717805837,4641.634733822706,3910.308739822844,5077.030178893896,0.01108179419525066,0.00993552478596343,0.11727349703640982,0.1215604875192932,0.07773776742215632,0.0649702507437314,0.05978692955954842,0.03277475286779088,0.017795849395363574,0.1331349944217181,0.07173197408941276,0.12569580660552404,0.01087185982689466,0.06053230329647071,0.11872750370527207,0.05279122984407429,0.11819339772847894,0.02064631956912029,0.01415592647369533,0.05626191989828353,0.05454256334146083,0.06959280803807509,0.052509244585314314,0.1082296903942842,0.09110191960971471,0.013464991023339317,0.00993552478596343,0.1331349944217181,0.12319946963575468,ASW,0.0,False,0.02064631956912029,0.0005907972725728342,0.1331349944217181,0.033604130095389595,0.1215604875192932,0.024865897385959606,0.12569580660552404,0.034944630707003745,0.05626191989828353,0.0035495222133574912,0.002953986362864171,459.0
ENSG00000109107.14,ALDOC,28573115,28576948,17,4416.677964911881,4263.735148685336,2541.3527964586283,1538.1764659723024,2589.365221033373,2549.440606965726,,3037.957219836301,4384.593279398728,2669.1647969878504,2249.625505186359,2439.0128679803033,4194.199702667289,2416.6950612553837,2241.8968388261464,2402.8140691384942,2001.3872701589805,4791.738989968185,4078.9672222229674,2688.522588375763,2070.9833844886903,3043.344271464345,2701.5006719377757,2400.086990156538,2673.4360714028294,4303.1120555303205,0.009182058047493403,0.008825705527956876,0.02661939034716342,0.020650380541806377,0.03733319212031349,0.06587335316617085,,0.02881006502088069,0.009293974758409464,0.041704297933379375,0.02904321970903685,0.024545406351057626,0.010344099641123074,0.027091380496322558,0.020061401651492696,0.05779362460752488,0.034338180660227154,0.00976871897771676,0.0077118106908937245,0.032528077982623436,0.043994487437718645,0.03966155473294553,0.012783940834653989,0.023127811590367822,0.041573867854491464,0.009346287886788467,0.0077118106908937245,0.06587335316617085,0.05816154247527713,MSL,0.0,False,0.010344099641123074,0.00015717620400058864,0.041704297933379375,0.004765334353897609,,,0.03966155473294553,0.005410277436690985,0.043994487437718645,0.002191737602500052,0.0007858810200029432,218.0
ENSG00000076382.17,SPAG5,28577565,28599025,17,4294.067017503272,4409.496231278478,2388.3665345478344,1459.3653442092202,2384.6178326006366,2484.0243559570504,2560.921053501528,2673.7562676211737,4442.154778035229,2304.827814329073,2053.751901927774,2353.9454386628427,4894.654944458986,2175.9089598939686,2046.5304615995142,2349.907058230961,2022.3574159503974,4640.114729434757,4931.702798319209,2403.4879310806614,1880.869331784038,2751.90694564879,2643.210403573738,2271.626249929438,2335.79087442781,4539.347833046939,0.008548812664907651,0.009354190888912378,0.022174005080440304,0.01814891691947416,0.03029019275577208,0.06321716957076073,0.05771982827158531,0.019876301739176403,0.009505201457464224,0.02805078892843861,0.02261866836572157,0.022371839049992046,0.014249525015832806,0.020265622519710036,0.015032818124073682,0.05582459688148582,0.035240420337543786,0.009029464568592249,0.011726177899852102,0.023521932612841703,0.03371143856673381,0.030883130618720254,0.012150026413100899,0.019793596189468115,0.02847597836461979,0.010824796705037491,0.008548812664907651,0.06321716957076073,0.05466835690585308,ACB,0.0,False,0.014249525015832806,0.0002903358251508978,0.03029019275577208,0.0027822331179932418,0.06321716957076073,0.007903425435466868,0.030883130618720254,0.0036100095965960924,0.03371143856673381,0.001300613504750072,0.001451679125754489,299.0
ENSG00000258472.10,ENSG00000258472,28580012,28614185,17,4185.803771698553,4616.232906820214,2765.1512470258276,1511.8745930279806,2660.165280653642,2817.0415273152576,2725.2238949687403,2978.593799688278,4433.8151609758215,2502.134051468039,2283.8808195851702,2843.5655892005866,4952.01799109843,2296.400343066377,2287.1559998362773,2740.6412004588806,2167.838065632281,4616.822113186228,5007.867075138615,2608.6184781202355,2114.962938846735,3119.0090087576455,2934.1619420430143,2637.015899649877,2500.1162334287965,4468.727830462323,0.008284960422163588,0.01030546453863228,0.033181625740897544,0.019798818457608176,0.039504342300360096,0.07989800254993625,0.06524619706365611,0.02701273986361474,0.009452394782700534,0.03479785368963502,0.030476797281512157,0.03647351958861263,0.014513405108718598,0.024286999312132917,0.021649375396993437,0.0754616571763078,0.039592399957541664,0.008923856795860175,0.011884639763363618,0.029243483788938335,0.046114703699777375,0.042041248016922265,0.017538298996302167,0.030272558878010055,0.034202990773146674,0.010349561727743161,0.008284960422163588,0.07989800254993625,0.07161304212777266,ACB,0.0,False,0.014513405108718598,0.0003007240428290452,0.039504342300360096,0.004349986793744816,0.07989800254993625,0.011915193657195615,0.042041248016922265,0.005944910720930211,0.046114703699777375,0.002403573082586671,0.001503620214145226,307.0
ENSG00000167525.16,PROCA1,28703197,28711888,17,4298.577667514838,4242.2703265695945,3359.0557103732726,1431.8896707820907,2838.2671395013795,2927.5122742523736,2895.8328669291004,3004.6477607833995,4533.913649241269,2463.3010671746465,2439.6057669847532,3303.996405075862,4151.451923290176,2616.414288012609,2843.3268283432,2789.9439411561584,2206.0156779837444,3557.6899722238663,3940.8433610551215,2481.899111574684,1993.1648159974336,3726.516149583069,3035.774292340125,3057.4488325986445,3411.7403557306966,4171.39622345219,0.008654353562005277,0.008720008455765775,0.05191574936494496,0.017137686944488795,0.0465473416649015,0.08462600934976626,0.07340859702125405,0.027805677432996775,0.010086074879864815,0.0334696913350688,0.03695444409047467,0.05412712718019403,0.01013299556681444,0.034022964177998834,0.037634977768367564,0.07828215635144484,0.04144995223437002,0.005385996409335727,0.007077963236847665,0.02595888959525323,0.040178098166012935,0.06129032258064516,0.019862651875330165,0.04445620534532945,0.07036801357514053,0.008818249023128102,0.005385996409335727,0.08462600934976626,0.07924001294043054,LWK,0.0,False,0.01013299556681444,0.0001510881418013929,0.07036801357514053,0.011492314432884102,0.08462600934976626,0.013178649653788756,0.06129032258064516,0.010937418360588027,0.040178098166012935,0.0018345909131668502,0.0007554407090069645,211.0
ENSG00000109113.20,RAB34,28714281,28718429,17,4563.176659100363,4747.009964453698,3777.3312611147044,1437.0036870898086,3030.320949086429,3052.5835591246996,3071.6608507719397,3248.2059775763882,5356.291765423368,2761.0326675406495,2677.9431591890757,3787.6345239193365,4518.2839923223655,2703.3625182189476,3077.110401908054,2897.7875114086864,2230.407993610044,3947.0248681967155,4467.064592663844,2508.477179044308,1988.3559626601034,4258.8281948852955,3282.4531747424653,3596.9713062877354,3291.898889308453,4626.09191400165,0.009656992084432717,0.01078110136349223,0.06609864521591871,0.01724413220501357,0.054172844736284684,0.09052273693157671,0.08247204113001537,0.034572078025056824,0.014363415535723716,0.04515752005525155,0.04523733673144314,0.07188676244499814,0.01229681232847794,0.037250648182443516,0.045416049121321196,0.08424245649513065,0.04245833775607685,0.0068645052275847504,0.009771814916543418,0.026594617503708413,0.03986006572670412,0.08149127445795876,0.024933967247754887,0.0630854723471818,0.06617881005408845,0.011511247227795967,0.0068645052275847504,0.09052273693157671,0.08365823170399196,LWK,0.0,False,0.014363415535723716,0.00029479796049029284,0.06617881005408845,0.010364568854290745,0.09052273693157671,0.014830439869370198,0.08149127445795876,0.0173380067660556,0.03986006572670412,0.0018062334072345807,0.0014739898024514642,302.0
ENSG00000198242.14,RPL23A,28719985,28724359,17,5700.94222209853,5519.166209372915,4463.782040965099,1509.9080790237945,3176.134353805518,3480.8572007391926,3417.9721458100116,3607.26414898506,6235.425653549926,3062.430671047462,2785.921411867267,4378.138130311732,5244.074558602785,2817.6583471935246,3540.914590671923,3163.950556288662,2381.408574671357,4523.544502839297,5379.5970295339375,2742.703801327961,2104.8642456657526,4874.966876491495,3589.1271528714024,4392.517669642941,3395.0159469531945,5776.584693359824,0.016517150395778363,0.015907409364760598,0.09552286198137172,0.019745595827345787,0.05941537809786062,0.11596897577560561,0.10086394233317432,0.046043241528783634,0.022231610075513546,0.05785475216490464,0.048794732929807794,0.09765148703811695,0.016360565758919147,0.040848722154611355,0.062407368198179124,0.0971741791283061,0.049092453030463855,0.008607033477663955,0.013839002746672302,0.034382284382284384,0.0457436658539171,0.10925436277102063,0.03222398309561542,0.09658639851812649,0.06946653939972426,0.018639771887210898,0.008607033477663955,0.11596897577560561,0.10736194229794166,LWK,0.0,False,0.022231610075513546,0.000680757504027298,0.06946653939972426,0.01124565258846588,0.11596897577560561,0.02289567165209581,0.10925436277102063,0.027856035260361633,0.046043241528783634,0.0023962773084975843,0.00340378752013649,504.0
ENSG00000277399.6,GPR179,38324571,38343956,17,19627.82088289016,16907.87317114715,2724.066212058859,1654.1922815075045,2985.111195621427,2404.845178852712,2385.88144015061,3781.010530682417,20046.549062016944,3094.8946681892744,2768.662626738144,3095.5070050797403,22919.252374431373,4447.067922337648,2073.390672095894,2578.6190690855683,1963.949618928363,18876.784072608905,20530.5962264089,2108.2219437172353,1107.7258432553224,2098.9993984108182,5369.4514842961935,2365.5923496173377,3356.8035478242373,20499.41494514505,0.4095514511873351,0.30720854032343303,0.03191151566469094,0.02623875671935707,0.05231942385087905,0.05949851253718657,0.05051147506227805,0.051699529523708834,0.4563552833078101,0.059342294002018806,0.04815758734204099,0.0461750516884907,0.5697698965590036,0.10683104926186571,0.01561507516409062,0.06726624447873983,0.03327672221632523,0.3869996831766818,0.4383583350940207,0.016793812248357704,0.005936605533764444,0.012533051295610787,0.08890649762282092,0.022545646996559938,0.06840598154629335,0.4716443130214384,0.005936605533764444,0.5697698965590036,0.5638332910252392,PEL,0.0,False,0.5697698965590036,0.34036839928633766,0.10683104926186571,0.02320221911934118,0.06726624447873983,0.008812133572808913,0.0461750516884907,0.006918606781694058,0.08890649762282092,0.008703599461497267,0.034593033908470294,1791.0
ENSG00000094804.12,CDC6,40287879,40304657,17,6033.329375534806,5572.594475555431,1758.27171874248,3274.744524533396,1996.3926472955063,2669.0120664838055,3396.491965176288,2769.880312825625,6771.936490125628,1863.0827444213862,2230.6643168506407,1619.4893564893105,6010.178935600847,2220.4988335959383,1848.1825681393361,3226.226210805809,3359.0209405806445,6163.339305631743,6316.563347012311,2036.2223211469595,1842.947820167199,2429.7407190310355,2349.8069064508086,1785.018897309539,1861.4018546959032,6305.440302925039,0.01920844327176781,0.016330197653524996,0.008837849280270958,0.10213422747352174,0.01768693073501377,0.07256693582660434,0.09964488259924736,0.022149389438071578,0.027987537624755768,0.014184773946767253,0.028299883189975575,0.007262895615755712,0.023168672155372598,0.02201174665326208,0.011221681134871904,0.09999467830344314,0.0997240208045855,0.01953743795543352,0.020230297908303402,0.015151515151515152,0.03153821689812361,0.02152300370174511,0.00913893291072372,0.010373114580576872,0.014847809948032665,0.02423698384201077,0.007262895615755712,0.10213422747352174,0.09487133185776603,GIH,0.0,False,0.027987537624755768,0.001058202155435873,0.028299883189975575,0.002481548577293251,0.10213422747352174,0.018324715815472282,0.02152300370174511,0.0020132347511839593,0.03153821689812361,0.0011413524147966714,0.005291010777179365,655.0
ENSG00000131747.15,TOP2A,40388525,40417896,17,4725.783750884965,5105.646296836972,3447.1998130225197,2726.839984000431,3157.6375463051863,2600.006643555525,2694.206078037487,3621.8008018710575,4164.259728693439,2869.0617239297803,2797.1121847705144,3654.4792994785507,4406.430954391254,3281.890176619201,3543.1626656528224,2547.1090935296093,2829.605482101313,4308.659447761552,6627.875398867651,2911.935170266792,2721.397717029716,3694.4843974957053,3526.6049758299205,3534.0247506464634,2882.710457895718,5155.3544393961665,0.010131926121372032,0.012683648662932036,0.0548264182895851,0.073606897652882,0.05877991950857869,0.06831704207394815,0.06392113213547464,0.04662472907966379,0.00860748798648149,0.04977952504914201,0.04906021025804396,0.06610825425436039,0.011452396031243404,0.057833747817344835,0.06246030065636248,0.06551008461497525,0.071276934508014,0.007762171295807372,0.022924149587999154,0.04042169951260861,0.0799851584861656,0.060549973558963514,0.030110935023771792,0.060809738025932786,0.04974016332590943,0.013887422114267611,0.007762171295807372,0.0799851584861656,0.07222298719035822,LWK,0.0,False,0.022924149587999154,0.0007219654518991109,0.05877991950857869,0.008489965125843034,0.073606897652882,0.01031958775491049,0.06610825425436039,0.012361285369707698,0.0799851584861656,0.007074218450731723,0.0036098272594955543,518.0
ENSG00000167925.17,GHDC,42188799,42194513,17,9022.745242906967,6810.042107148476,2619.655500983383,2938.15840813038,1937.6611647292314,2571.821863862937,3151.5958446509057,2137.0741233035196,8986.79270999615,1951.1515200736085,1745.9298865694677,2576.866990022073,9372.622041558097,2167.762195732994,2465.458269825921,2481.1656634695732,3187.320627593911,10045.335029785447,11381.642300406305,1791.0816804590759,1505.1131342202225,2378.978674201386,2976.5131851064975,2636.383952959092,1834.3732118143075,10483.059486956126,0.05693931398416886,0.028273966811119332,0.028683319220999152,0.08398531055404758,0.015780554967167973,0.06698895027624309,0.08639423331743255,0.008510863244700535,0.06183661614828114,0.0167348456675344,0.013804821068280768,0.02846843026029794,0.07325311378509605,0.020001058257050636,0.02720728350624603,0.06167846309403438,0.0902239677316633,0.07783292850353786,0.10305303190365518,0.009853782581055308,0.016219654404749283,0.019672131147540985,0.01843634442683571,0.030219634824027522,0.014158447343302577,0.09578624986799028,0.008510863244700535,0.10305303190365518,0.09454216865895465,CLM,0.0,False,0.10305303190365518,0.012857056722145509,0.020001058257050636,0.0013838127603223224,0.0902239677316633,0.0147447392558668,0.030219634824027522,0.003485413616027786,0.01843634442683571,0.0003984509386867348,0.001992254693433674,359.0
ENSG00000131475.7,VPS25,42773449,42779599,17,10685.398867062742,9723.553954177765,3621.2371043552694,2724.916635104535,1690.47353967151,1906.3795333021808,2668.1070755736614,2311.833605274508,12412.5273588371,1720.8891057557971,1517.7904963678131,4295.275911655735,12021.09543008503,1578.2006399440809,3256.028115989711,1435.342936709125,2506.015571355689,13503.231497177367,14693.970479753902,1649.3275259450077,2219.590979028409,3575.624579615676,2121.5507262470705,4077.630971317853,1481.2742855376584,11228.548482889912,0.09097625329815304,0.07441073882253461,0.060912362404741745,0.07344722976209485,0.010961660665113324,0.038727156821079474,0.06264906980442042,0.011999788549981499,0.14960130960553414,0.010784678319077723,0.008973133694382499,0.09394051847532206,0.14112307367532193,0.007249060796867559,0.05229726868515774,0.018253419190037784,0.05498354739411952,0.1738831978033583,0.20436298330868372,0.008158508158508158,0.05189229301388742,0.05631940772078266,0.006497622820919176,0.08245567610478963,0.008219323364089511,0.11542929559615588,0.006497622820919176,0.20436298330868372,0.19786536048776454,PUR,0.0,False,0.20436298330868372,0.04773231665950194,0.010961660665113324,0.0005030131798344192,0.07344722976209485,0.010280377610892542,0.09394051847532206,0.021819806536189607,0.05189229301388742,0.00302931163049427,0.002515065899172096,409.0
ENSG00000126562.17,WNK4,42780610,42797066,17,11725.964755874114,11057.379381299175,3519.0724894719174,2601.8144167974824,1740.5523201929943,1740.9146226242594,2477.8389372227116,2265.675409836341,13788.924034693391,1641.2498979808345,1591.3094976049606,4079.206289495831,13023.181638732623,1534.5094690280753,3179.3382899251756,1457.983321977722,2388.0459403631485,15605.739994592754,17235.85733907562,1471.7048189696252,2070.8665620714914,3267.6533485737486,2010.327149321127,3792.5108232566004,1472.0109970186631,12748.131736256482,0.11646437994722955,0.10590846633548251,0.05689034716342083,0.06620895204641013,0.01186189366659606,0.031661708457288565,0.0539566438755499,0.010942538457472116,0.1969160901938005,0.009297136481963555,0.01056599766379951,0.08286062662354875,0.17104707620857082,0.00656119371395312,0.04880372644505611,0.018945239742429888,0.04946396348582953,0.2527722040342169,0.3043524191844496,0.00540368722186904,0.04388847662461571,0.047117927022739294,0.005652403592181722,0.0706536120666843,0.008113267578746421,0.15962614848452847,0.00540368722186904,0.3043524191844496,0.2989487319625806,MXL,0.0,False,0.3043524191844496,0.10237906879640016,0.01186189366659606,0.0005744609514794893,0.06620895204641013,0.008570759996043542,0.08286062662354875,0.01781161676050241,0.04388847662461571,0.002181397181161187,0.002872304757397447,450.0
ENSG00000183978.8,COA3,42795147,42798704,17,9950.431096294456,9778.920765212493,3340.160406373159,2748.5373817296527,1718.9579522967374,1813.8794358814066,2670.2577924912557,2319.196541992991,12458.538932182815,1660.5116183673122,1573.3960354612827,4016.313714681338,10166.041594042978,1521.0664503649966,3076.540913893938,1494.1577715280448,2478.1514229026216,12637.993566448258,13237.312963369332,1412.9829944135925,2058.269335615372,3145.655457397068,1999.513736763117,3717.3446611406125,1465.387126942491,11078.470918179306,0.07467018469656993,0.07610189197759222,0.05106900931414056,0.07477779551865453,0.011491209489514933,0.034371015724606886,0.06275507499867493,0.012105513559232436,0.150815863125099,0.009775274929607395,0.010300520335563343,0.08052801781264911,0.08977200759974667,0.0062437165987618394,0.04531018420495448,0.020275663881645468,0.0539751618724127,0.14600274580209102,0.15397211071202196,0.004873913964823055,0.04298738471324075,0.04299312533051296,0.005546751188589541,0.0676369409896798,0.007954183900731784,0.11094096525504277,0.004873913964823055,0.15397211071202196,0.1490981967471989,MXL,0.0,False,0.15397211071202196,0.02774823842986132,0.011491209489514933,0.0005445755248687484,0.07477779551865453,0.010609085275411765,0.08052801781264911,0.017007776830110406,0.04298738471324075,0.00209447101736366,0.0027228776243437424,440.0
ENSG00000176563.10,CNTD1,42798800,42811587,17,9637.860305902148,8882.395868598265,3293.8389171274152,2665.559744912105,1766.1435465173852,1725.057025740147,2601.740569041477,2382.1180819226156,12280.73137427995,1667.8562814639465,1563.4557147500755,3835.453612682544,9191.34866913531,1554.078030337079,3061.054415675221,1529.9985702278507,2436.8371111139995,11355.167310094374,11943.687195900879,1542.8362398976117,2203.5794325026413,3144.2341568062807,2119.205174225342,3588.676475335723,1453.1918931404093,10585.728437216187,0.06897097625329815,0.05771060141634077,0.04942845046570703,0.06972164564372771,0.012285532726117349,0.031183595410114746,0.05957491917103938,0.013479938679494635,0.14474309552727466,0.009881527917972694,0.00998194754167994,0.07347717754333881,0.07024488072619801,0.006772845124080639,0.04499258945585433,0.02144643712415518,0.05201146375119414,0.10893441757313338,0.11789562645256708,0.006145369781733418,0.05088519028940952,0.04283447911158118,0.006444796619123085,0.06260915586133897,0.007742072330045604,0.09895448304995248,0.006145369781733418,0.14474309552727466,0.13859772574554124,MXL,0.0,False,0.14474309552727466,0.02464932906466119,0.012285532726117349,0.0006094046200748472,0.06972164564372771,0.009383755771794148,0.07347717754333881,0.014665267721711036,0.05088519028940952,0.0029151424812106806,0.003047023100374236,470.0
ENSG00000126581.13,BECN1,42810134,42833350,17,9294.70090718039,8765.875387334801,2736.7801655855314,1988.2856280169767,1415.651115474187,1350.6737199058794,1907.1796787717267,2128.707036375165,11526.183697301927,1381.0845299319246,1242.586090639435,3092.7777350932374,10375.073106304088,1314.4208463518648,2554.8933852526616,1241.9464094703058,1915.8434132419954,11361.885980783947,12437.150127397079,1544.3072803913287,2049.8220803207714,2542.0870634798566,1965.3133347496757,3143.242096793512,1153.0505555594293,10639.45916361921,0.061846965699208445,0.05591375118909206,0.032281964436917866,0.03752195433498323,0.005983901715738191,0.017690182745431365,0.03164255048497376,0.008458000740075064,0.12224745207794266,0.005897040854274027,0.004778591908251036,0.04606902401526799,0.09526071353177117,0.00391555108735912,0.029536311666313785,0.01330424139215582,0.031313024095106674,0.10909282923223149,0.13247411789562646,0.006304301758847213,0.04272235768048341,0.024854574299312534,0.005335446381405177,0.04704948399047367,0.0033407572383073497,0.10006336466363924,0.0033407572383073497,0.13247411789562646,0.12913336065731912,TSI,0.0,False,0.13247411789562646,0.02080210289647196,0.005983901715738191,0.0001816330975411639,0.03752195433498323,0.0031671217507838576,0.04704948399047367,0.007131733662871743,0.04272235768048341,0.0020692340878476862,0.0009081654877058195,241.0
ENSG00000131467.12,PSME3,42824385,42843760,17,9432.535699229966,8934.39856929401,2657.635049154418,1853.9513180568354,1360.5766870412212,1231.0209902300805,1739.694729307886,2007.945806089584,11658.206120157256,1279.0185095596846,1221.118607372445,3005.1345476463966,10197.077355120735,1340.2746729354656,2476.32364364174,1040.3395730769755,1793.3435835153518,12215.911276658486,12172.127048511811,1491.5359367500225,1749.8354620832633,2470.203943765277,1919.477535457624,3067.1106767647666,1107.2923787193624,10571.500956196502,0.06443271767810026,0.05834478384948737,0.029900508044030483,0.0329448081324179,0.005295488244016098,0.014024649383765405,0.026077277786611543,0.006819263096685521,0.12652479273380154,0.004356372522977209,0.0044069236487203995,0.04325929067486614,0.09035254380409542,0.00407428964495476,0.02741901333897946,0.007876110904156245,0.026907971552913704,0.13417467525609886,0.1255017959011198,0.005456664547573638,0.027456800593660555,0.02305658381808567,0.005071315372424723,0.04487959777718973,0.002810478311591897,0.0986904636181223,0.002810478311591897,0.13417467525609886,0.13136419694450696,TSI,0.0,False,0.13417467525609886,0.021316715866150398,0.005295488244016098,0.0001478688268965605,0.0329448081324179,0.0025212775716914482,0.04487959777718973,0.006607421680846631,0.027456800593660555,0.0008698427922043309,0.0007393441344828026,209.0
ENSG00000131480.9,AOC2,42844580,42850707,17,7875.551322392441,8104.213909403372,2788.9920524212444,1785.611015747306,1601.964938785563,1214.9863516762052,1731.579521807308,2018.0348183784477,10387.624038072783,1377.0109824204476,1407.7359101690033,2935.1547608270453,7942.04090267627,1478.4604102907376,2675.508251654795,986.414826148989,1663.3453445755122,9093.942922716451,8585.068911315027,1610.0648255970511,1719.0620663041022,2440.894987611738,1982.3762195139773,2970.7514100362782,1239.7315842580902,9178.772098569441,0.03926121372031662,0.04550258957826868,0.034028365791701945,0.030762680291660013,0.008419826307985595,0.013387165320866978,0.025547251815338953,0.00687212560131099,0.09410149442889582,0.005631408383360782,0.006796219602845917,0.04113873721041192,0.04691788051509394,0.005767500925974919,0.03281812407368198,0.006439252833803416,0.02213140855535506,0.0598268032527194,0.04637650538770336,0.007257893621529985,0.026343687056079722,0.022104706504494975,0.00549392498679345,0.04096321778248214,0.004242231413723619,0.06626887738937585,0.004242231413723619,0.09410149442889582,0.08985926301517219,TSI,0.0,False,0.09410149442889582,0.010802710412614267,0.008419826307985595,0.00032268587650395423,0.030762680291660013,0.002235863315197145,0.04113873721041192,0.005739887407075885,0.026343687056079722,0.000802064616777415,0.001613429382519771,319.0
ENSG00000131471.7,AOC3,42851184,42858130,17,11343.514846962558,12481.920971242802,2919.5839175676633,1649.726780552155,1693.3158966116252,1146.341812090527,1665.5330357855648,2190.604363038424,15611.285032077405,1379.657203483196,1470.595616019106,2968.3054927445087,11972.556872953084,1505.9720661680901,2809.8369892489745,983.585749206489,1571.1960531469108,12421.065758111234,12722.282428094546,1618.2384490797986,1711.293460732959,2476.3702730668974,2158.0080522569024,3077.3790495236567,1304.944136946239,14140.616172781985,0.10691292875989446,0.14464644329352078,0.03799745977984759,0.025972643568045132,0.011067570429993645,0.011421589460263493,0.023427147930248582,0.00940952582333351,0.26841632782383695,0.005790787865908729,0.008070510778379527,0.042092986269416315,0.13932868904369855,0.006084978041166199,0.036417531230150325,0.00633281890266617,0.01900010614584439,0.14051114162002323,0.13971054299598562,0.007522780250052977,0.025972649210219443,0.02316234796404019,0.006920232435287903,0.04540883831701508,0.004772510340439071,0.20963142887316508,0.004772510340439071,0.26841632782383695,0.2636438174833979,TSI,0.2156326471858356,False,0.26841632782383695,0.08047587228831016,0.011067570429993645,0.0005112183999477298,0.025972643568045132,0.0016618151959784074,0.04540883831701508,0.006733891680455204,0.025972649210219443,0.0007800706130840932,0.002556091999738649,413.0
ENSG00000136451.9,VEZF1,57971547,57988259,17,12717.726995038085,11412.172248992174,2849.9702710705806,1075.9468168180988,3224.514456320156,1203.574791780982,1206.6552887537512,3062.0635106193963,14601.960315171269,2888.2165954512493,2868.9119700803813,2178.717445132981,14986.607873531364,3445.133860517768,2330.303773217825,962.57704640844,1033.352349915778,13722.889855992362,15159.268806964457,1838.899850298041,1075.0440208745117,2393.01545823037,4730.863576524042,2326.2062249464307,3790.0294798937502,15352.618169617233,0.1454881266490765,0.11563259697706374,0.036356900931414055,0.007238277715684709,0.06079220504130481,0.013121546961325966,0.009381459691524884,0.029708727599513665,0.229550615197761,0.05052329596769909,0.05134331528087501,0.01744155224513598,0.24276968545492927,0.06439494153129795,0.023290281600677535,0.005747432281411314,0.005360365141704702,0.1810645263491393,0.22042045214451722,0.011019283746556474,0.005671578501007103,0.02020095187731359,0.06524035921817221,0.0214342418629267,0.0856930745572171,0.25525398669342064,0.005360365141704702,0.25525398669342064,0.24989362155171593,KHV,0.13947226709746904,False,0.25525398669342064,0.07308525187260644,0.0856930745572171,0.016010398154005713,0.013121546961325966,0.0005020554561033108,0.036356900931414055,0.004700189208505503,0.06524035921817221,0.004744760678974436,0.002510277280516554,408.0
ENSG00000266086.3,ENSG00000266086,57989038,58007246,17,11668.950285374207,11632.499064114934,2978.8019368828436,1036.159368551728,3367.5786602679277,1266.5024998792424,1186.422089051081,3465.9496337121495,14172.445652526267,2916.5350931134544,2896.7800594130526,2411.896970487841,14608.568333325906,3576.362326915088,2414.2602172000875,967.4751318395345,1002.0790615133964,15141.00816417047,13664.994749197907,2084.637668240972,1203.9133016844437,2389.750564454564,4958.054252190424,2439.4152315852334,4060.1663201778924,14697.795076156819,0.11472295514511874,0.12123454180319206,0.039955546147332766,0.00590771195912502,0.06661724210972252,0.015405864853378666,0.008798431123125033,0.041074166093989534,0.21170195912763373,0.05153269935716942,0.05198046086864182,0.02364417112866458,0.22820350432763353,0.070109529604741,0.026254499258945584,0.005907083178117184,0.004882708841948837,0.2330763544196853,0.16897316712444538,0.01621106166560712,0.0073147461041026185,0.020042305658381807,0.07295298468040148,0.024080444562053452,0.09826068512037332,0.22922167071496463,0.004882708841948837,0.2330763544196853,0.22819364557773647,KHV,0.0,False,0.2330763544196853,0.0614047037571734,0.09826068512037332,0.020156516850874943,0.015405864853378666,0.0006651819257969138,0.039955546147332766,0.00547528320495666,0.07295298468040148,0.005906584426432858,0.003325909628984569,496.0
ENSG00000136450.13,SRSF1,58000919,58007346,17,10552.798648291413,10306.936257659758,3001.182165815157,1082.969268671514,3486.6976840237558,1265.9014858708977,1208.5551203902692,3619.679526338037,12098.816826356155,2989.759908696595,2954.7628429193664,2492.721091725676,12962.633705126991,3699.720981293335,2416.5911559624824,998.2451325634827,1042.204906058633,12995.061568063387,11726.42228263618,2246.1837599876226,1257.9440913213334,2368.76151434319,5071.063600580601,2462.314191322545,4245.255691448996,12603.182298180845,0.08733509234828496,0.08783426699080435,0.04085520745131245,0.007397945606471872,0.07201864011861894,0.01529961750956226,0.009540467482906663,0.04651900407041286,0.13977926809948776,0.05450778303139776,0.05426356589147287,0.025870752266341515,0.1690415875026388,0.07577120482565215,0.026307431717128942,0.006864988558352402,0.005466510986094894,0.15645791530256628,0.11298330868371012,0.019760542487815214,0.00879889748754373,0.0192490745637229,0.0768621236133122,0.024609685101878803,0.10743451055255064,0.1555074453479776,0.005466510986094894,0.1690415875026388,0.1635750765165439,KHV,0.0,False,0.1690415875026388,0.03318388870179692,0.10743451055255064,0.023423192619578485,0.01529961750956226,0.0006571608147198524,0.04085520745131245,0.005676046139931255,0.0768621236133122,0.006542938206217976,0.003285804073599262,491.0
ENSG00000068097.16,HEATR6,60041008,60078922,17,10683.086375488707,11709.892639166714,1563.3129667147477,1935.1199562340278,1917.1984205178153,1566.8479296061532,2107.068722316171,2290.688486695346,10402.162438518482,1298.1392815841898,1743.2818316097023,1159.7897145328204,10955.172295336206,1966.3488045880981,1268.1170813407682,2015.8579155001853,2267.4949265158752,9257.723436572544,11256.364853296676,1601.680951633479,1324.9467696679249,1375.9669266210303,2900.8256110653742,1159.7257700367763,1510.9403465773805,10867.05284591568,0.0908707124010554,0.12313708910263185,0.006456392887383573,0.035339826494225346,0.015515780554967168,0.024915002124946878,0.03885090369428102,0.011629751017603215,0.09431272112795057,0.004675131488073102,0.013645534671339068,0.0038700100726289564,0.10977411864048976,0.014127731626011959,0.004022866821935211,0.03980629024533021,0.04420974418851502,0.06262540923011933,0.1000422564969364,0.007204916295825386,0.010654086716845118,0.004019037546271814,0.016904384574749076,0.0036517597247949195,0.008537490720118782,0.10566057661843911,0.0036517597247949195,0.12313708910263185,0.11948532937783693,STU,0.0,False,0.12313708910263185,0.01808393931349297,0.015515780554967168,0.0009026169636280928,0.04420974418851502,0.004222195135950758,0.006456392887383573,0.00028722071017096807,0.016904384574749076,0.0003361424955686412,0.0014361035508548402,295.0
ENSG00000167434.10,CA4,60149942,60170899,17,17317.453189127078,17073.49301044854,2268.0168313049207,2123.395280609795,2713.7355105483725,2215.3864105160687,2360.3653887670794,4063.000859113719,14867.131851766218,2299.7144953903407,2245.231789730767,2168.1176205278607,18446.71644717427,2209.2136772193703,2500.8781763527522,3187.666959640666,3036.0193952714812,17300.891711090662,17302.322004803395,2063.68816174989,2909.3226778056087,2441.910081650573,4742.063664474098,1350.5786726308456,2227.3324838817734,16201.938663577263,0.31477572559366757,0.31460733537681007,0.018839966130397966,0.04332322103358348,0.04114594365600508,0.051689332766680834,0.04982244129962368,0.06052756779616218,0.23910862332998892,0.02767890346916007,0.02893702877774238,0.017282510735301914,0.3877454084863838,0.021853008095666437,0.02826593266991319,0.09802565057740407,0.08114849803630188,0.32073080578730595,0.3070990914853159,0.01584022038567493,0.09143432630128273,0.022157588577472236,0.06576862123613313,0.005133633236305901,0.025771555838370982,0.29116062942232546,0.005133633236305901,0.3877454084863838,0.3826117752500779,STU,0.20121194770493367,False,0.3877454084863838,0.16281868167710348,0.04114594365600508,0.004658465135507108,0.09802565057740407,0.017052096290357303,0.02826593266991319,0.0031283283167988663,0.09143432630128273,0.00919529871453016,0.01564164158399433,1157.0
ENSG00000170832.13,USP32,60177327,60422470,17,13637.777908796186,12011.816175029659,1628.9640675550797,1305.2246921780973,1627.3501434891944,1475.456972457502,1515.093425222919,2965.431973274599,11861.519246930919,1372.8654679332499,1385.854393923523,1692.953555897194,13988.290154754759,1345.4279755508728,1644.655693642234,1709.2615284432652,1577.1413071152363,14968.690312137778,13208.272842493521,1338.0172820277517,2364.0645295944205,1667.8521423370328,2988.1526254322093,1040.7843467748803,1536.3724135905932,13369.53123207667,0.1746174142480211,0.13101152098086882,0.007514817950889077,0.013624993347171217,0.00916119466214785,0.021674458138546536,0.018444903800286214,0.0269070148543638,0.1326503670063896,0.005525155394995485,0.006477646808962514,0.0090653660605418,0.2036626556892548,0.0041272024974866395,0.007886936269320348,0.028204991751370336,0.01926547075681987,0.22726792691942127,0.1532854426368054,0.004185208730663276,0.05931304993109297,0.006768905341089371,0.018806127839408347,0.0027520508070918233,0.00912079753950578,0.18243742739465624,0.0027520508070918233,0.22726792691942127,0.22451587611232945,STU,0.20908935156479458,False,0.22726792691942127,0.05850641054396739,0.00916119466214785,0.0003719216402084025,0.028204991751370336,0.00192025449595687,0.0090653660605418,0.000497267773729458,0.05931304993109297,0.003936665244385824,0.0018596082010420125,345.0
ENSG00000141371.13,CHCT1,60392429,60431426,17,18483.853588372243,15826.434937156237,1568.9034191740488,1234.3446106367803,1593.906633904715,1554.2812441426352,1504.8662061866307,3245.511407085101,15900.403318686882,1357.1010004389007,1322.037438561793,1682.59349386733,20333.201410976315,1185.1473661767304,1629.0953799228018,1629.3293630698306,1517.7991952166947,20492.48140649327,18030.738677638506,1223.5511963844087,2269.60164112307,1612.9551699866333,3288.729771767821,1003.9600067609443,1320.1356011007283,18480.26499591715,0.3633245382585752,0.2620758904978332,0.006668077900084674,0.011868646548512428,0.008366871425545435,0.024171270718232045,0.017861875231886364,0.03441349051118042,0.28056186301948566,0.0052595229240822395,0.0055750238929595415,0.008747283040873669,0.4652206037576525,0.0028043811841896396,0.0076752064365869154,0.024958756851684315,0.017195626791211123,0.44988911183863134,0.3375237692795267,0.003337571519389701,0.05486059578076964,0.006187202538339503,0.025092445853143158,0.002593278645144218,0.005196733481811433,0.38963987749498363,0.002593278645144218,0.4652206037576525,0.4626273251125083,STU,0.0,False,0.4652206037576525,0.2308202825204763,0.008366871425545435,0.00031927809824919165,0.024958756851684315,0.0015497692436490067,0.008747283040873669,0.00046935703480553687,0.05486059578076964,0.003378296833891644,0.0015963904912459582,317.0
ENSG00000062725.10,APPBP2,60443158,60526242,17,26323.172902199643,24833.653377285664,1174.940103236729,1546.3744502029617,1414.0154295327984,1302.9526566949164,1500.605905706208,2791.361306167215,24588.695534682727,1249.1927478107698,1209.7643466592071,1229.3918480587595,28010.106647103326,1203.051908211205,1234.6738825193324,1461.9216104600914,1521.8612371447264,30273.74870895615,24537.624886776655,1182.8213692086306,1214.1428580378638,1259.8777114977934,3031.9278497801993,1010.7622029296539,1148.3511020410303,28589.11450094716,0.6719261213720317,0.6275235175985625,0.0034398814563928876,0.02123582947469264,0.00593094683329803,0.016255843603909904,0.017755870037631846,0.022889464502828145,0.6427628452236362,0.004090740052063964,0.004300732717425932,0.0044001484387425115,0.7524804728731265,0.0029631197417852796,0.0038640694473851367,0.019264541535841628,0.017354845557796414,0.7868307107403105,0.5958694274244665,0.0030197075651621106,0.00757977313685996,0.0035430988894764675,0.019809825673534072,0.0026462026991267533,0.0032877293456358044,0.7665540183757524,0.0026462026991267533,0.7868307107403105,0.7841845080411838,STU,0.0,False,0.7868307107403105,0.6317146244468109,0.00593094683329803,0.00017893645201400298,0.02123582947469264,0.0011675748430491904,0.0044001484387425115,0.00015449262866922144,0.022889464502828145,0.0006089153219725337,0.0007724631433461073,215.0
ENSG00000170836.13,PPM1D,60600193,60666280,17,12509.265244587938,8215.108529501475,1195.3861915538128,2567.5882185188166,854.5606599541962,2018.2081447669768,2396.824205649339,1872.3884054674243,14070.268412261872,901.4517141708568,791.2762345151028,1318.3737800982765,15599.71810988202,1006.0178142688216,1269.059399973191,2560.863651471626,2215.453256544913,13774.09989720271,15525.546941017166,1278.8207547045347,1330.9768356854124,1081.5556555875314,1720.6597726162304,1292.9832282040052,1014.5740515272685,12952.486777517437,0.13862796833773086,0.04745798541380404,0.0035986452159187127,0.06477194102932567,0.0023300148273670833,0.043827029324266895,0.05082949064504161,0.005762013004176138,0.20774145852035697,0.00191255379057536,0.0016990549007114793,0.004718231458410645,0.26815495039054255,0.0023281655114027197,0.004128731738301927,0.06614868820179873,0.04192760853412589,0.1829654662583166,0.23462919923938305,0.003814367450731087,0.01091911374960246,0.0028556319407720783,0.004226096143687269,0.004657316750463086,0.0021741435995333547,0.1667546731439434,0.0016990549007114793,0.26815495039054255,0.26645589548983106,GBR,0.0,False,0.26815495039054255,0.0803258002632827,0.0023300148273670833,3.7144328658204874e-05,0.06614868820179873,0.008557088925901866,0.004718231458410645,0.00017295358736994464,0.01091911374960246,0.0001427098298539945,0.00018572164329102436,95.0
ENSG00000136463.9,TACO1,63600882,63608365,17,17449.244701581003,13213.132803200639,1938.299493171684,1149.8789424729914,3300.864426354903,1405.5023709545694,1374.5906394505907,3345.1559153283333,17621.3486365729,2739.3313299021297,3355.7236259482984,2434.4886761687617,19087.27939938514,3342.051117980523,2252.1327567993408,1398.198889178821,1248.6033222437998,17592.03166878652,20015.88403088303,2425.048387211286,2039.2180528144852,2162.3409468921827,3782.2931584372504,2154.9989887216398,2682.2625243869925,20019.48170282842,0.32010554089709764,0.16668428284536518,0.011748518204911093,0.009526850816967374,0.06354585892819319,0.019124521886952826,0.013992685641596439,0.037955278321086854,0.35454401436341554,0.04430749614832917,0.07061696931082086,0.02438636484122356,0.4157166983322778,0.060161913328747554,0.020378996400592844,0.01708264594752807,0.010136928139263347,0.33240046467420004,0.4191316289879569,0.02436956982411528,0.04213929820841726,0.013537810682178741,0.03655573164289488,0.01767663403016671,0.041998090995863824,0.4532157566796916,0.009526850816967374,0.4532157566796916,0.44368890586272425,CDX,0.0,False,0.4532157566796916,0.21954379447666336,0.07061696931082086,0.011560816067248205,0.019124521886952826,0.0009717595779299414,0.02438636484122356,0.0024638859077756054,0.04213929820841726,0.0020142404708137435,0.004858797889649707,620.0
ENSG00000258890.8,CEP95,64506865,64542461,17,14272.813873231085,13067.648386311328,1780.2513630535684,1146.7545686290694,1971.434990528148,1219.2614657459926,1243.6289928293618,5255.0492280677145,14942.398759982936,2137.1092682330445,2014.2683589291516,1991.4215949064087,15389.062084174959,1857.796452845264,1809.8045197776712,1317.5974180488918,1369.5333874422245,13963.180923579668,14087.193990922342,3664.160092254881,3073.920333975232,1930.015718474002,3624.514826081681,1550.8676467174982,1945.7276546882965,13897.695448818902,0.19635883905013193,0.16213930874114788,0.009155376799322608,0.009473628186704986,0.01678669773353103,0.013440288992775181,0.010229501245561032,0.10805095945445896,0.24148492369435495,0.02247250703926048,0.02123818625889349,0.01362455600911838,0.2588663711209626,0.012011217524736759,0.010586491636671608,0.014581448565802778,0.013162084704383823,0.18982997148590136,0.1839742235368688,0.0707777071413435,0.10145234813951023,0.010312004230565839,0.0329635499207607,0.006774278909764488,0.0172340651182522,0.2001795332136445,0.006774278909764488,0.2588663711209626,0.2520920922111981,STU,0.0,False,0.2588663711209626,0.07507970660420499,0.02247250703926048,0.0016835368394642666,0.014581448565802778,0.0006040436800080512,0.01362455600911838,0.0009610388209510154,0.10805095945445896,0.01275611208094149,0.003020218400040256,463.0
ENSG00000108854.16,SMURF2,64542282,64662307,17,13723.852098639509,13187.021274025643,2092.9651910485236,1134.0279935518422,1841.5056649788733,1273.4043426720764,1328.5605621005986,5234.244941297443,15305.296978200515,1848.6595907483704,1930.931788461039,2090.1978512448695,14699.15744271371,2019.2052617361799,2030.8489219935152,1354.8388610576562,1450.5799172130005,14985.688031780928,14378.729767844012,4077.515509980026,3290.117115566084,2126.769877022021,3497.1407981192747,1632.2512680958139,1856.5457591989125,14507.173408536308,0.17730870712401056,0.16605010041221857,0.014659187129551228,0.009047847144605886,0.013980088964202499,0.01572460688482788,0.01250861292203318,0.10709943437120051,0.2560067592543698,0.013812888487488711,0.01863650844217904,0.015692095636961247,0.23221448173949757,0.015873855759563998,0.014662290916790176,0.015486136980469373,0.015285001592187666,0.22795437744217975,0.1926368054088316,0.0880483153210426,0.1170359376656419,0.013008989952406135,0.029265715795034338,0.00793860809738026,0.014741754162689575,0.22293800823740628,0.00793860809738026,0.2560067592543698,0.24806815115698952,STU,0.266900504890607,False,0.2560067592543698,0.07349875202973714,0.01863650844217904,0.0012286721982516537,0.01572460688482788,0.000689495567871061,0.015692095636961247,0.001207738305637995,0.1170359376656419,0.014918284362175202,0.003447477839355305,508.0
ENSG00000120063.10,GNA13,65009289,65056740,17,18537.817458476813,16028.090483815275,1930.7453041789993,1215.3535422031093,2429.078314946142,1199.438724643997,1330.908926153273,3235.247028121858,19570.082331296104,2450.1022623044023,2461.8142889632886,2089.0180305557355,19853.40140976804,2780.997353989041,1760.5080484807925,1204.0475946390468,1313.1013207850442,20179.277071792334,20220.188232660566,1950.0285159752025,1522.2029066015104,2082.5831754869414,3103.4972144541093,1989.7327312463344,2469.295864045913,20019.714641131155,0.365910290237467,0.2708487474896945,0.011589754445385268,0.011283197615626165,0.03219656852361788,0.01296217594560136,0.012614618116287698,0.03420204049267854,0.43787294714051855,0.033097805875790254,0.037857067006477646,0.015586067963738535,0.4456407008655267,0.039631726546378115,0.009633707389371162,0.012186685115214731,0.011729115805116229,0.4384306684972014,0.4265793365729981,0.013244331426149608,0.017014735503021308,0.012215758857747224,0.021024828314844164,0.013548557819528975,0.0328242655636865,0.4532685605660577,0.009633707389371162,0.4532685605660577,0.44363485317668655,ITU,0.037764477788080585,False,0.4532685605660577,0.21959280324974104,0.039631726546378115,0.004373616539124584,0.01296217594560136,0.0004914146314799541,0.015586067963738535,0.0011945684880243174,0.03420204049267854,0.0013379749752286327,0.0024570731573997705,402.0
ENSG00000183684.8,ALYREF,81887835,81891586,17,9794.532431266487,8927.913685320462,2209.5090462854823,2062.869122117712,2216.140660175163,2170.2488876463294,2209.648752608285,2384.940188989081,11022.154768818671,2378.1338968347377,1990.0992145783039,2424.7767900210174,8253.654126948239,2172.875592797233,2282.676585271434,2279.6996810631435,2052.3835790625494,10577.632469782098,10094.697633352476,2450.5109903026887,2305.8262820806926,2420.0278572564102,2217.1509338849264,2321.415706771977,1930.22114791827,11360.22545263731,0.07182058047493403,0.05829193531339182,0.01714648602878916,0.04082175741125126,0.02425333615759373,0.04935189120271993,0.04335612445009805,0.013638526193371041,0.10888736336272904,0.030707113637571056,0.02038865880853775,0.024174309494778137,0.052248258391386956,0.020106883962114398,0.021490578022443363,0.052365494119525305,0.035930368326080035,0.08871052909494138,0.07363194591168393,0.025111252383979658,0.05660977419696809,0.021152829190904283,0.0075013206550449026,0.021275469700979096,0.01680984197687984,0.1192311754145105,0.0075013206550449026,0.1192311754145105,0.1117298547594656,PUR,0.0,False,0.1192311754145105,0.01700092329861159,0.030707113637571056,0.0028469772861227168,0.052365494119525305,0.005681126530187569,0.024174309494778137,0.002429329358026261,0.05660977419696809,0.0035926681944490023,0.012146646790131305,1000.0
ENSG00000141552.18,ANAPC11,81890790,81900991,17,10085.097692160693,9091.35616013515,2146.8877662772675,1979.977409555936,2051.5840082580844,2077.294445541291,2130.906022631767,2200.6179897876987,11377.870840645593,2240.1445287939177,1889.3788547518302,2407.218736456279,7961.597638538896,2005.8501848803585,2347.57420414233,2124.9434989152614,1922.97770524001,10589.93129229999,10547.901682597445,2146.679699796001,1883.0449934395783,2353.3070708082732,1981.6171449274618,2381.195573483119,1793.098359230149,11590.629278223108,0.07773087071240106,0.06214987844836698,0.015664690939881456,0.03704295066262175,0.019222622325778437,0.045792605184870376,0.03996395823395346,0.009568113337209918,0.11860379151924803,0.02571322318440206,0.017415312732292663,0.023379101945607803,0.04718176060797973,0.015344727234245199,0.02366080880796104,0.045127986802192536,0.03157838870608216,0.08934417573133382,0.08345658144939784,0.01795931341385887,0.03392346019293968,0.01877313590692755,0.005441098784997359,0.022810267266472613,0.013310001060557854,0.12593726898299715,0.005441098784997359,0.12593726898299715,0.12049617019799978,PUR,0.0,False,0.12593726898299715,0.01888001635007971,0.02571322318440206,0.0021118962396216266,0.045792605184870376,0.00449076276174421,0.02366080880796104,0.002346423528599878,0.03392346019293968,0.0013166962766800413,0.006583481383400206,730.0
ENSG00000183979.8,NPB,81900745,81902905,17,8790.908637390885,7806.45272635731,2244.71698386985,,2028.2499630518412,,1964.541503326314,2186.937427084834,9822.737218033633,2281.1100266188982,1824.8886597176097,2424.4451181330173,7166.507739017925,1960.7359645150461,2522.0851611620965,1945.6837072153671,1792.0382248681137,8655.738581522512,9837.526973137656,2029.7110449380111,1791.7640843446197,2461.497039977487,1855.0556058562192,2524.064563408686,1846.4885745289587,9903.699236590035,0.052823218997361476,0.04106331254624247,0.01825783234546994,,0.0183223893242957,,0.033656649175809614,0.009250938309457103,0.08031895231557269,0.026935132550602987,0.01539768503769778,0.024121295658166782,0.03599324466962212,0.014021905920948199,0.028742324793563413,0.03677292320791868,0.026748752786328416,0.05201182807054599,0.06856116627931544,0.015098537825810552,0.029418000636064878,0.022686409307244845,0.00491283676703645,0.02614448266737232,0.01468872627001803,0.08253247439011512,0.00491283676703645,0.08253247439011512,0.07761963762307866,PUR,0.0,False,0.08253247439011512,0.008401983114278718,0.026935132550602987,0.0022835021261967507,,,0.028742324793563413,0.0032140395807931828,0.029418000636064878,0.000995805900681106,0.00497902950340553,630.0
ENSG00000185813.11,PCYT2,81900958,81911432,17,8898.719568981242,7699.433776448693,2249.888402923975,2140.10272137884,2015.7502365699784,2165.8303791890266,2127.6336699379053,2184.9511398866316,9803.306358779553,2382.3325016531103,1798.864326054343,2309.7344577068952,7289.831099143674,2029.107042412255,2513.428945836627,2110.6719938291467,2082.550545208652,8765.211056498872,9734.561115249275,1993.3654052452507,1757.6460984908474,2476.6892192095415,1853.1927758269817,2540.552597727072,1912.8315847028425,9400.820074367184,0.05477572559366754,0.03905506817461157,0.018469517358171043,0.0440683378572569,0.018004660029654736,0.04903314917127072,0.03953993745693539,0.009198075804831634,0.07979088556793579,0.03102587260266695,0.01481363491557821,0.020834437788262737,0.03747097318978256,0.016191332874755278,0.02853059496082998,0.04422329838752594,0.03677953508120157,0.054071179638821416,0.06613141770547222,0.014303877940241577,0.028039860065726705,0.02321523003701745,0.004860010565240359,0.02688541942312781,0.016491674620850567,0.07038758052592671,0.004860010565240359,0.07979088556793579,0.07493087500269544,PUR,0.0,False,0.07979088556793579,0.007875403184701021,0.03102587260266695,0.0028968846482579722,0.04903314917127072,0.005062623818682104,0.02853059496082998,0.0031758365369199564,0.028039860065726705,0.000906419807157965,0.0045320990357898255,589.0
ENSG00000187531.14,SIRT7,81911939,81921323,17,8459.077459310965,7152.6509075453905,2308.323227414661,2732.427304519093,2078.8408580080245,2770.7647399350026,2811.595998546701,2321.3787992757348,9600.156665200544,2651.606396604876,1887.9524062915975,2335.9835860352127,7648.137266539742,2253.3589471856194,2602.8751302240344,2898.2500426092406,2591.014291889038,8626.849736850509,9031.901266976203,2310.810331204752,1892.8517440976314,2603.9500854276903,2108.7696676671812,2668.0980933720143,2098.2904696861765,8197.682689327918,0.04759894459102902,0.032449001162667794,0.019845469940728198,0.0740859013252435,0.019911035797500528,0.07798555036124097,0.06895637886256427,0.012211238568483374,0.07514389818873106,0.04085427402645699,0.01725602633535096,0.021788686847267136,0.0420097107874182,0.023017090851367796,0.03075375820453102,0.08434889042626789,0.05944167285850759,0.051695004752349775,0.05382421297274456,0.021455816910362364,0.034559525071557295,0.02686409307244844,0.006391970417326994,0.031489812119608364,0.021741435995333545,0.048949202661315874,0.006391970417326994,0.08434889042626789,0.0779569200089409,PUR,0.11518380394246137,False,0.07514389818873106,0.0070201398553715565,0.04085427402645699,0.004603031089880038,0.08434889042626789,0.013103090128490438,0.031489812119608364,0.0037253927292540895,0.034559525071557295,0.001365525340459935,0.006827626702299675,740.0
ENSG00000197063.11,MAFG,81918270,81927735,17,8007.872300460298,6773.851117397313,2487.84097296337,3010.549661553206,2119.6853159996617,3351.6349814307787,3044.6669240043257,2404.843408382492,8372.988762751782,2716.390652986648,1986.5367424522954,2494.5318186915215,7537.520726590081,2313.226398102555,2686.521312480461,3215.6157699400037,2800.669425212378,8101.409290352335,8572.309078800625,2657.3739566278414,2047.9626727509515,2655.297208417175,2259.540748491181,2840.112257125174,2203.81883636497,7534.389977425527,0.04153034300791557,0.02785117852235493,0.024925910245554614,0.08739155889084038,0.021234907858504553,0.10768168295792606,0.08135898659034292,0.014061426230374796,0.05000792100121455,0.04340434574722414,0.020335563342890516,0.02602979377617558,0.04079586236014355,0.024816127837451716,0.03313571882278213,0.09914320685434516,0.06968474684216112,0.042982363501953745,0.045901119797168814,0.03152150879423607,0.04261634686738047,0.027974616604970914,0.00797675647120972,0.037099761841757076,0.024764025877611624,0.03859964093357271,0.00797675647120972,0.10768168295792606,0.09970492648671633,PUR,0.11409254172829073,False,0.05000792100121455,0.003217456784768181,0.04340434574722414,0.005096749961767737,0.10768168295792606,0.020105066284361112,0.037099761841757076,0.004856480568041468,0.04261634686738047,0.002059181280209627,0.010295906401048134,926.0
ENSG00000154611.15,PSMA8,26133852,26193355,18,21143.430956380347,19475.88380429043,3187.5883423999067,5521.159091830405,2210.9781086689,4283.95129224344,4497.227051683009,3546.38192904627,23597.332851362145,2946.0528222955377,2271.0539735413713,1857.147770345349,17858.830228387793,2062.899210174358,1667.8579492697954,4207.559468800482,6243.631758078181,23341.530404233305,22701.14893887214,5698.185031006251,5284.065415731915,2073.883090285668,4411.623224198066,2196.8050845526523,2010.8763429074993,21042.854059968504,0.47277044854881267,0.41782052637141953,0.046306096528365794,0.2465804460056416,0.024094471510273247,0.16574585635359115,0.16960831080722955,0.04355870381138658,0.6042667793209061,0.05302024119428359,0.029839651693745355,0.011132905688384669,0.3623601435507705,0.017196677072861,0.008204531018420495,0.16103453781065405,0.28643456108693344,0.5619917625937269,0.5240333826325798,0.16931553295189658,0.265451076009753,0.012162876784769964,0.05451664025356577,0.018523418893887273,0.019037013469084738,0.4946668074770303,0.008204531018420495,0.6042667793209061,0.5960622483024857,ITU,0.0578112395805324,False,0.6042667793209061,0.38094316542218953,0.05302024119428359,0.007137392526110408,0.28643456108693344,0.11172326229415637,0.046306096528365794,0.006950389223407439,0.265451076009753,0.07428379689394089,0.03475194611703719,1797.0
ENSG00000130733.11,YIPF2,10922185,10928681,19,6570.29629023659,6102.308212233877,6842.641268971494,8781.249512884957,5576.082634790373,10004.833812792585,10642.385865388615,6480.117381668115,6467.075830872226,5895.996403534029,5703.55937670211,7422.823348134912,4125.362140886038,6048.257062046758,7192.118666077736,9345.02924956613,10041.661858329326,7105.2217027677325,5824.960600947112,5167.581316031094,4363.441537378314,6332.080935006735,6617.839257643745,5999.736452804129,6364.736391889893,5817.799752499063,0.02437994722955145,0.02071662614945566,0.21062658763759526,0.47841822342860185,0.17199745816564288,0.5600828729281768,0.5890178618752319,0.16323941428344874,0.0246079104398796,0.19624926951070498,0.18328554741425082,0.25133859937443676,0.009974667511082964,0.1840838139584105,0.23930764344696168,0.5208876589856847,0.546438806920709,0.03036223466047101,0.016849778153391084,0.14049586776859505,0.19505989610940316,0.17916446324695928,0.13914421553090334,0.1739084413866102,0.21343726800296955,0.0192206146372373,0.009974667511082964,0.5890178618752319,0.5790431943641489,GWD,0.0,False,0.03036223466047101,0.0012368912840522303,0.21343726800296955,0.07435698908097424,0.5890178618752319,0.3953902048557465,0.25133859937443676,0.10716964170589277,0.19505989610940316,0.04060569208789216,0.006184456420261151,709.0
ENSG00000123144.11,TRIR,12730640,12734684,19,10396.050595805924,7229.63721250272,1444.6843100660428,1294.0279307437506,1671.7284209190682,1342.6366713807456,1375.00477764549,1991.172550028939,8747.383714195019,1634.9335279141596,1748.9403591058829,1348.2473939581753,11261.679438754576,1732.563537293453,1494.2300125347854,,1290.744374786164,6842.881325061254,10131.448238215511,1896.5799636872057,1539.8737603868065,1491.0245702138839,2491.56971921625,1602.621100166092,1617.4156577651358,9425.112630820626,0.08427440633245382,0.03345312334848325,0.005345046570702794,0.013412102826121666,0.010590976488032196,0.01737144071398215,0.014045688238723698,0.006660675582809114,0.05729524211860379,0.009137756999415608,0.013911011999575236,0.004877272968244712,0.11790162550137218,0.009259749193078998,0.005769637941986026,,0.011198386583165269,0.02656035484211638,0.07431861398690048,0.012290739563466836,0.018445881479910952,0.004970914859862507,0.010935023771790809,0.0074093675575549085,0.010287411178279774,0.07112683493505122,0.004877272968244712,0.11790162550137218,0.11302435253312747,GIH,0.0,False,0.11790162550137218,0.016639570164953797,0.013911011999575236,0.0007511307069716927,,,0.0074093675575549085,0.00035884986950853565,0.018445881479910952,0.00039885507007913026,0.0017942493475426782,339.0
ENSG00000198356.12,GET3,12737139,12748323,19,14037.748952697812,9221.759338075382,1456.7511261766708,1356.3410157317546,1860.3586456325595,1392.8287369738189,1438.8672164012123,2245.627750531566,11743.642791517195,1843.2869501475834,1932.2309246515258,1443.5798346812162,15679.774899998589,1991.8460486201343,1614.498271076912,1683.7611247233363,1392.6334834146253,8853.095736374427,13075.41160080834,2041.385048231028,1686.1627800341414,1606.523583376347,2831.6823094939805,1697.1885721194085,1723.371118545146,12174.665363819197,0.18765171503957784,0.06479230525314449,0.005397967823878069,0.014689445952418969,0.014456682906163948,0.018805779855503614,0.015741771346795993,0.010466775915842892,0.12905951312245867,0.013547256016575466,0.01868960390782627,0.005513439007580979,0.27116318344944057,0.014815598708926398,0.007410544145670125,0.027034218508860626,0.013905105615115168,0.05565529622980251,0.14990492288189308,0.015363424454333545,0.02485953567263861,0.006028556319407721,0.015161119915478078,0.008838317015083355,0.01156008060239686,0.14257049318829865,0.005397967823878069,0.27116318344944057,0.2657652156255625,BEB,0.0,False,0.27116318344944057,0.08206109808212574,0.01868960390782627,0.0012345684164397754,0.027034218508860626,0.0017827134228962215,0.008838317015083355,0.00047728205674371914,0.02485953567263861,0.0007158871345020947,0.0023864102837185958,397.0
ENSG00000105131.8,EPHX3,15226919,15233435,19,5359.907071077099,4425.843943013499,4820.454295789104,3951.0553195864336,4119.228827861915,3829.883585435528,3751.213173026177,4137.913530081401,5117.3794085440795,4160.940201436638,4003.194198158041,5140.076694593352,4380.225314369675,4257.38990225402,4955.63049765629,3702.5299850499523,3931.5259976836905,4773.964156104841,5522.930800970294,3602.625326267553,3094.7081522241365,4488.097996812331,4375.809148916305,4670.4786869448235,4530.157460206888,5458.867959619249,0.013931398416886544,0.009407039425007927,0.11251058425063505,0.140348076001916,0.09987290828214361,0.13716532086697833,0.12254200455822335,0.06280065549505735,0.013148862016158842,0.10811241566169048,0.09992566634809387,0.13412500662672958,0.011399620012666244,0.0989470342346156,0.12322676265085751,0.1298493959874408,0.1318862116548137,0.00961030731861865,0.0148954151700824,0.06834075015893197,0.1028304887098484,0.09291380222104706,0.05356576862123613,0.1094469436358825,0.12010817690104995,0.015788362023444927,0.009407039425007927,0.140348076001916,0.1309410365769081,ASW,0.0,False,0.015788362023444927,0.0003533683403780547,0.12010817690104995,0.02825791746383659,0.140348076001916,0.03199031048868108,0.13412500662672958,0.03881226072180269,0.1028304887098484,0.011576061552103554,0.0017668417018902734,335.0
ENSG00000099341.13,PSMD8,38374563,38383850,19,6485.058257363445,6489.4778198169815,7626.82118271817,12129.078417185001,3573.357300217788,8660.676138065117,10469.815423170707,5876.8891647005275,5713.434658781746,4446.0686758828715,4409.18870691325,6803.828670361277,4013.140803904065,3820.7286836183875,6258.640319255387,12192.789234405156,11421.021459326977,7568.073525996679,7342.344214604617,6599.490855155682,9747.986834804911,7324.951069652744,5709.940846058165,5629.040718864221,4039.5796001579197,4731.593809629912,0.023430079155672825,0.02441602367614417,0.25322819644369177,0.6788546489967534,0.07503706841770812,0.4705163620909477,0.579424391795198,0.13617381191520855,0.017426202672017742,0.12107528024225682,0.11834979292768398,0.21735673010655782,0.009183027232425586,0.08058627440605323,0.18849248359093795,0.6897983077004949,0.6266850652796943,0.03532579997887845,0.03010775406718783,0.22118033481669847,0.6144916781511714,0.23098889476467477,0.1034337031167459,0.15459116168298492,0.09767737830098631,0.011986482205090295,0.009183027232425586,0.6897983077004949,0.6806152804680693,GWD,0.0,False,0.03532579997887845,0.0016531664275092498,0.12107528024225682,0.028641849331489146,0.6897983077004949,0.5215228778441712,0.25322819644369177,0.10847570233990633,0.6144916781511714,0.3849895692083747,0.00826583213754625,816.0
ENSG00000179168.15,GGN,38384267,38388082,19,5374.8270258500115,5414.425085053834,6857.555096509298,10310.28823267948,3363.087883423467,7760.793875655078,9293.05564065462,5083.813518576206,4747.009906592081,4242.231819103046,4059.1044784376186,5977.963157468319,3512.552196644599,3618.1547425629833,5720.343130468735,9902.528342503805,9287.198775591889,6606.42670976179,5926.46497854515,5077.038594970913,7739.87425328203,6600.517750446154,4822.277866727785,4894.824861687479,3630.157547427224,4079.1825424410745,0.014036939313984169,0.015220378395518444,0.211155800169348,0.5769333120442812,0.06629951281508155,0.4071929451763706,0.5052737584141623,0.10080879632076968,0.011142208375138617,0.11161876427774531,0.10252734416480833,0.17218894131368287,0.00686088241503061,0.07243769511614372,0.16049121321194157,0.556436591985525,0.4963379683685384,0.023867356637448517,0.017536446228607647,0.13599279508370418,0.46501643167603096,0.19132734003172924,0.06825145272054939,0.11971421010849431,0.07874642061724467,0.00839581793219981,0.00686088241503061,0.5769333120442812,0.5700724296292506,GWD,0.0,False,0.023867356637448517,0.0007799478839378769,0.11161876427774531,0.024978642116187822,0.5769333120442812,0.3812795809829285,0.211155800169348,0.08085691323283796,0.46501643167603096,0.2229313699927209,0.0038997394196893845,545.0
ENSG00000188766.13,SPRED3,38388421,38399587,19,5229.6427666350055,5168.115645639939,6873.763251616892,9958.400220535268,3188.0739027601767,7715.002312890344,8652.586709143196,4525.542980577125,4707.79524486749,3773.6312915359204,3968.0674125883943,5601.408171124529,3598.733512631068,3448.966221264891,5790.799491707494,9031.148765852155,9037.101202596821,6834.344753574433,5915.733547619817,4543.314210120553,7672.959955388501,6434.049476582314,4225.124321120353,4680.989893648562,3195.942997532338,4026.523523791899,0.01308707124010554,0.013106436951696438,0.21210838272650295,0.5555378146788015,0.05978606227494175,0.40379303017424567,0.4605395664387555,0.07707353174393403,0.010878175001320167,0.08919938373266748,0.0982266114473824,0.15326300164342893,0.007335866582225037,0.06455368008889359,0.1639847554520432,0.5010909477941567,0.48052223755439977,0.026507550955750345,0.01743080498626664,0.11178215723670269,0.46013993427329586,0.18402961396086726,0.0473851030110935,0.10965863985181265,0.06251988545975183,0.008026190727637553,0.007335866582225037,0.5555378146788015,0.5482019480965764,GWD,0.0,False,0.026507550955750345,0.0009535934469676724,0.0982266114473824,0.020144756350410947,0.5555378146788015,0.3568392897958559,0.21210838272650295,0.08144765360886257,0.46013993427329586,0.21837185106819626,0.004767967234838362,612.0
ENSG00000187187.14,ZNF546,39984134,40021038,19,18915.12968717897,17253.232860634103,2842.5006542147116,2964.738981337861,1577.7975882081175,3818.3437024343452,3431.809170425631,2761.857224205379,17699.345751166467,1172.2146376155567,1304.1645641494583,2508.34793038749,20066.168092909975,1997.5771902096471,2572.7580114628427,2536.6211937176477,2987.476572618876,20366.39234556521,21615.860134271254,2709.5807640249614,1605.0284886974468,3081.605951862696,2274.015983009288,2941.0214350804276,1715.147453466383,19480.862937100268,0.38010554089709764,0.3227988584716203,0.036145215918712954,0.08504976315929533,0.008155051895784792,0.13615597110072247,0.10149997349870143,0.02188507691494423,0.3582404815968738,0.0035063486160548264,0.005362642030370606,0.02629486295923236,0.45371543170783196,0.015027250119053918,0.03017150116451408,0.06476504709701453,0.07860099777093726,0.44455591931566163,0.48151278259032326,0.03311082856537402,0.021096151807484365,0.040719196192490745,0.008135235076597993,0.04001058481079651,0.011507052709725315,0.4325166332242053,0.0035063486160548264,0.48151278259032326,0.47800643397426845,FIN,0.0,False,0.48151278259032326,0.24655524663646983,0.015027250119053918,0.0008553089405293399,0.13615597110072247,0.030334113935539808,0.040719196192490745,0.005645517832837001,0.03311082856537402,0.0012555803470739955,0.0042765447026467,573.0
ENSG00000128000.17,ZNF780B,40028260,40056231,19,14899.090600690719,12578.80358669936,2911.0394870638024,2491.775956788512,1726.1939342771614,3260.797446134237,2926.3345985730675,2647.330993258148,13648.995382073139,1240.8236705609168,1459.3096334125246,2332.325806232071,13920.84821834763,2146.003741513834,2641.6434274253434,2320.5988813133067,2413.407823006898,14520.517651491416,15639.061929370391,2440.6279485810987,1338.042377477709,2980.875018745598,2229.398601716862,2943.5002477970797,1837.8497835886078,14716.00889101312,0.2192084432717678,0.14676038473734276,0.03773285351397121,0.06093991165043376,0.011650074136835416,0.10125371865703357,0.07473366194943552,0.019030501665168897,0.19116016264455826,0.003984487063698666,0.00769884251884889,0.021576631500821713,0.20075997466751108,0.019207365469072438,0.03202413720093161,0.05449417274227024,0.050684640696316736,0.2112683493505122,0.23906613141770547,0.024687433778342868,0.011025124562705395,0.03749338974087784,0.007659799260433175,0.040116432918761574,0.014317531021317213,0.23001372901045516,0.003984487063698666,0.23906613141770547,0.2350816443540068,FIN,0.0,False,0.23906613141770547,0.0644635681837534,0.019207365469072438,0.0012926640639520405,0.10125371865703357,0.018048671661783658,0.040116432918761574,0.0055109829356277526,0.024687433778342868,0.0007062045413019972,0.0035310227065099863,511.0
ENSG00000197782.15,ZNF780A,40069152,40090943,19,21012.011315218013,18030.402965932146,3866.5696399086087,3543.6178078968983,2585.0487307105755,4747.250263269187,4367.746006941294,3527.9695805079596,17841.60991377998,2016.0707841507087,1997.2382766637234,3426.60676968104,20011.921352405938,2636.771555805122,3796.259461532909,3151.5679534718265,3547.9976833327573,21748.503817674133,23936.62451300331,2566.891565742324,1183.3847032196836,4409.901846576699,2761.6666131392253,4324.701097898932,2642.198694383244,20580.719965225584,0.467598944591029,0.3555121023147659,0.07001481795088908,0.11682367342594072,0.037068417708112686,0.19522949426264344,0.1599088355329411,0.043030078765131895,0.3645772825685167,0.01864739945810976,0.02065413613677392,0.05842124794571383,0.45160439096474564,0.03460500555584951,0.07320558966758416,0.096482358575914,0.10959558433287336,0.4991023339317774,0.5723114303824213,0.028236914600550965,0.006890702851690873,0.08873611845584346,0.013840464870575806,0.09351680338713945,0.04024817053770283,0.47523497729432884,0.006890702851690873,0.5723114303824213,0.5654207275307304,PEL,0.0,False,0.5723114303824213,0.3432831428502528,0.04024817053770283,0.004488699261860031,0.19522949426264344,0.05705549230608591,0.09351680338713945,0.021660863119407372,0.043030078765131895,0.0020985505295639437,0.010492752647819719,938.0
ENSG00000105404.11,RABAC1,41956681,41959321,19,5192.64385651104,6363.403965234293,7489.175476201391,4346.226662720117,5283.279805201886,3695.530502477038,4514.417913106851,6042.644384234617,4960.035824489834,5565.560844976539,5622.435313487658,7187.921744194774,4894.25603165157,5992.849158991767,7351.131663095241,4070.7836707936535,4579.642543955196,4749.836216159484,5560.614522128835,6208.5709459489535,3271.779020432293,6949.7639840801085,5334.232599116179,7058.461627800495,5723.375858965628,4489.922461735631,0.012823218997361477,0.02330620441813762,0.24460203217612192,0.16674650061206026,0.15664054225799617,0.1295155121121972,0.17093337573541104,0.1444732251414072,0.0123039552199398,0.177336237581682,0.17925029202506107,0.23941048613688173,0.014196748997255646,0.1806444785438383,0.24788270167266568,0.15347772869990953,0.17004564271308778,0.009504699545886577,0.01500105641242341,0.19855901674083493,0.11523375384289197,0.20936012691697514,0.08737453777073428,0.22577401428949456,0.1796054724785237,0.010613581159573345,0.009504699545886577,0.24788270167266568,0.23837800212677912,LWK,0.0,False,0.02330620441813762,0.0007451937787574574,0.1806444785438383,0.056158201760501514,0.17093337573541104,0.04519750781374848,0.24788270167266568,0.10479663303528104,0.19855901674083493,0.042045822290159324,0.003725968893787287,527.0
ENSG00000285505.1,ENSG00000285505,41956879,41994232,19,4308.998697493491,5131.858737031869,5141.127483288034,3317.4210044476517,3071.6521639959765,2448.8994761683102,3413.5813172061844,4062.7048829697164,3811.377420590458,2932.5111155198315,3442.307385667211,5206.5772927659655,3482.708440239809,3685.445902209431,5138.066590795193,2916.0264979096733,3494.1267977268963,4603.828455908234,4096.302432503545,4115.313199223229,2173.040147956439,4683.462450690572,3598.422192423898,5193.261884682488,3493.69074756282,4111.003331006315,0.008707124010554089,0.012895042807314237,0.12727561388653683,0.10458246846559156,0.055708536327049356,0.06172970675733107,0.10043992155615625,0.060474705291536715,0.007340127792152928,0.052329596769909156,0.07454603376871616,0.13666967078407463,0.006597002322144817,0.07545372771046087,0.13164302350201143,0.08509392794422863,0.1064642819233627,0.008818249023128102,0.007923093175575744,0.09037931765204492,0.049613060532174284,0.10158646218931783,0.0323824617010037,0.13400370468377878,0.07307243610138933,0.00855422959129792,0.006597002322144817,0.13666967078407463,0.1300726684619298,GWD,0.0,False,0.012895042807314237,0.00023976969660394057,0.07545372771046087,0.012924218029786353,0.1064642819233627,0.01970829987148473,0.13666967078407463,0.04001009042214935,0.09037931765204492,0.008988475056335496,0.001198848483019703,278.0
ENSG00000105409.19,ATP1A3,41966582,41997497,19,3420.1624317076685,3732.9063238069893,4200.946924814638,2590.2650043421695,2308.174614720503,1887.0889160195534,2791.4141223214074,2936.3714623520464,3079.9206313589743,2146.4559955839422,2607.010995919782,4170.349720025024,2557.310141683595,2572.360833619089,4094.047862544668,2342.2180808052703,2835.011171057784,3900.1759565967554,3186.724775984876,3115.649663029147,1780.3774977570697,3884.4047671993726,2991.5624822566097,4133.315693575067,2721.632070255653,3704.463914842793,0.0057519788918205805,0.006658915548039319,0.08356265876375953,0.06567672574378626,0.02758949375132387,0.037824054398640033,0.06784332432289182,0.0262198022942327,0.005280667476369013,0.023163151463634915,0.042688754380375914,0.08736680273551396,0.004222081486172683,0.0320122757817874,0.08448020326063943,0.0555585120536427,0.0714361532745993,0.006547681909388531,0.004648214663004437,0.04805043441407078,0.028940951977101663,0.06657852987837123,0.01891178024300053,0.08515480285789892,0.04348287199066709,0.007075720773048896,0.004222081486172683,0.08736680273551396,0.08314472124934127,GWD,0.0,False,0.007075720773048896,7.593041913372157e-05,0.04348287199066709,0.005112276176972435,0.0714361532745993,0.009792014060205296,0.08736680273551396,0.01940426194807287,0.04805043441407078,0.0026053278901650985,0.00037965209566860787,141.0
ENSG00000105737.10,GRIK5,41998321,42070206,19,2949.5476049053045,3264.9663519985206,2921.044141398051,1992.9884882772965,1729.2780186785592,1505.587757582846,2164.9000955820047,2108.054534811127,2747.1735128500227,1605.166948259503,1910.5251038647389,2828.890884505151,2515.2060231742225,2052.0643139036915,2618.9282148845564,1804.1731296842904,2191.686818660958,3604.1788341762526,2702.632025907638,2390.494118141862,1349.7361842366772,2641.3615771739114,2460.4540531053008,2729.731968574729,1973.0737329223884,3251.514104884513,0.004854881266490765,0.005390550681746115,0.03815622353937341,0.03757517696524562,0.011703029019275578,0.022790055248618785,0.04144803095351672,0.00808796320769678,0.0042773406558589,0.008765871540137067,0.017840076457470534,0.03620845040555585,0.004063753430441208,0.016826287105137838,0.031177217869997883,0.031717311478899474,0.04091922301241906,0.0055444080684338365,0.0034861609972533275,0.023310023310023312,0.011555178628220078,0.027710206240084613,0.010565240359218173,0.03355385022492723,0.017870399830310742,0.005280388636603654,0.0034861609972533275,0.04144803095351672,0.03796186995626339,MSL,0.0,False,0.0055444080684338365,4.758765115164083e-05,0.017870399830310742,0.0011448769619874836,0.04144803095351672,0.0037707562035708144,0.03815622353937341,0.005082094938625978,0.023310023310023312,0.0006310392247909126,0.00023793825575820415,107.0
ENSG00000105732.13,ZNF574,42068477,42081552,19,3856.3516535928143,4301.395076188621,2904.3693732070187,2056.2456214989984,1585.060529503534,1460.7426215345429,2123.7783402464,2200.0357010272437,3961.9879892586923,1454.7450989279564,1872.7314456448705,3026.649499079308,3569.1008534320104,1961.0551891189627,2677.311335695755,1811.9803261864568,2261.1795654944085,4657.789856758859,3667.482321170832,2446.56781958647,1507.7514550239937,2432.6803393981186,2521.000761308318,2721.414613219328,1797.589617193673,4440.731665052282,0.007229551451187335,0.008878554064052425,0.037574089754445386,0.04071531215072649,0.008260961660665114,0.021196345091372717,0.03948693485980813,0.009515250832584449,0.007709774515498759,0.006906444243744356,0.016778167144525857,0.04400148438742512,0.00723031454507072,0.014074818773480078,0.03287105653186534,0.032089830237879834,0.043997452499734635,0.009135072341324322,0.0062328332981195856,0.02495232040686586,0.016325665217852222,0.02162876784769963,0.01104067617538299,0.033183381847049484,0.013363028953229399,0.010191150068645053,0.0062328332981195856,0.04400148438742512,0.037768651089305535,MSL,0.0,False,0.010191150068645053,0.0001527537935141792,0.016778167144525857,0.0010295996687039316,0.043997452499734635,0.004186717147585639,0.04400148438742512,0.006399608739389884,0.02495232040686586,0.0007211340739853399,0.000763768967570896,213.0
ENSG00000028277.22,POU2F2,42086110,42196585,19,2906.060512374795,3459.950675421036,3874.031724672639,2187.4232700448288,1672.2610304611205,1584.4513009092634,2589.165212030267,2647.047496445444,2608.217269342383,1682.5827620363152,1891.0387096997258,4170.9129076985255,2657.4248445060375,2119.0542702812145,3675.501884158219,1725.8501982318212,2818.7938658807843,3637.9515370482486,3238.1521629885606,2635.184036158846,1567.9961579770945,3160.6502832203023,2784.8203260477417,3445.160712994015,2211.2214646775783,3378.224432735622,0.004696569920844327,0.005919036042701617,0.070385266723116,0.04619724306775241,0.010643931370472358,0.0254462388440289,0.05888588540838501,0.018977639160543427,0.0037492739082219994,0.00998778090633799,0.017468408197939895,0.08747283040873668,0.004538737597635635,0.018519498386157997,0.06807114122379844,0.028790378372625193,0.07079927820825814,0.005702819727531947,0.004806676526515952,0.030514939605848695,0.01966500583059472,0.04368059227921735,0.014315900686740624,0.057475522625033075,0.02513522112631244,0.005861231386630056,0.0037492739082219994,0.08747283040873668,0.08372355650051469,ESN,0.0,False,0.005919036042701617,5.3938299190116215e-05,0.02513522112631244,0.0020326252249551844,0.07079927820825814,0.00963948985149065,0.08747283040873668,0.019442360504246133,0.030514939605848695,0.001069893705937045,0.0002696914959505811,111.0
ENSG00000160570.14,DEDD2,42198598,42220140,19,4524.376735709688,4893.459032612744,4285.926962268541,2280.9083714111357,1678.6924481120095,1355.6678645367908,2423.2609871517366,2728.3387413307214,4800.602508061354,1657.130253474291,1843.0930176891236,4272.283632259713,4346.509143709701,2053.998032696315,3582.435974438492,1747.0183126179743,2899.587076506902,5475.665742458706,4835.5115575153995,2480.947946489737,1340.472391321183,3486.235979148021,2959.3941421631193,3653.5639779373646,2206.340424317201,5276.920061201246,0.00949868073878628,0.011573829404925483,0.08737298899237934,0.05018894033743147,0.01074984113535268,0.017955801104972375,0.05194254518471405,0.0212507268594386,0.011406241748957067,0.009669021941242098,0.01598173515981735,0.09250914488681546,0.011241291956934768,0.0169321128102016,0.06399534194367987,0.029482198925017297,0.07435516399532958,0.013993029886999683,0.011409254172829073,0.025905912269548633,0.0111841407823598,0.053358011634056055,0.018172213417855257,0.06499073829055306,0.02502916534096935,0.014573872637026085,0.00949868073878628,0.09250914488681546,0.08301046414802918,ACB,0.0,False,0.014573872637026085,0.00030312905552206163,0.02502916534096935,0.0020182138560249875,0.07435516399532958,0.010504195418429726,0.09250914488681546,0.02128465615016323,0.025905912269548633,0.0007761464381530272,0.0015156452776103081,310.0
ENSG00000288671.1,ENSG00000288671,42215133,42232149,19,4372.685660688514,4583.087247372261,3533.0319714374255,2200.016749769878,1495.419350999662,1267.7078966246804,2063.9499383509046,2334.3541649617378,4526.549468778289,1471.9374042766387,1599.6620243534364,3379.579336046192,3824.0272582989846,1804.657677932402,2927.8179293629696,1609.7071615632588,2427.6803509435326,5192.860570727631,4409.132070228793,2313.5222126800772,1323.0718089263853,2859.0032994732715,2544.3237784009066,2977.161105394848,1889.166655859461,5274.320512057804,0.009023746701846965,0.01014691893034563,0.057313717188823034,0.04656980147958912,0.006937089599661089,0.015458988525286868,0.03694281019769969,0.01252841359623619,0.009980461530337435,0.007384582691388196,0.010672188595093978,0.05683083284737316,0.00833861093519105,0.01116461188422668,0.04044039805208554,0.0240008514714491,0.05158688037363337,0.01219769775055444,0.009613353053031903,0.02156177156177156,0.01060108131029365,0.033897408778424114,0.011357633386159536,0.04143953426832495,0.015961395694135114,0.014521068750660048,0.006937089599661089,0.057313717188823034,0.05037662758916195,CEU,0.0,False,0.014521068750660048,0.000301028346819586,0.015961395694135114,0.0009466660580437507,0.05158688037363337,0.00553387424109761,0.057313717188823034,0.009812938377997881,0.02156177156177156,0.0005416108576892326,0.0015051417340979302,308.0
ENSG00000167625.12,ZNF526,42220292,42228201,19,4286.0940379861995,4571.573973133731,3381.8617499004345,2173.0402915776663,1469.861654707583,1252.1059936171878,2005.8957191069958,2325.135761400292,4345.582617074493,1410.4274724336028,1553.6729700901083,3281.54925319284,3776.840138074558,1783.6882851601918,2805.3834808819847,1578.975020062068,2391.8016598721442,5078.034703334588,4339.378529046954,2253.2070653417277,1309.0839176457873,2775.0173703005653,2481.9395061026808,2909.378037230237,1864.5773981945204,5258.866671688999,0.00849604221635884,0.010094070394250079,0.05255080440304826,0.04545212624407898,0.00646049565769964,0.014715257118572037,0.03514072189537287,0.012316963577734314,0.009135554734118393,0.0063751793019178665,0.009610279282149305,0.05306685044796692,0.008180282879459573,0.010635483358907879,0.036205801397416894,0.02293651216007663,0.0498354739411952,0.011775266659626148,0.009137967462497358,0.020025429116338207,0.010071027244778968,0.03157059756742464,0.010776545166402536,0.03911087589309341,0.014953865733375756,0.014468264864294013,0.0063751793019178665,0.05306685044796692,0.04669167114604905,FIN,0.0,False,0.014468264864294013,0.0002989346228509684,0.014953865733375756,0.0008482920494298038,0.0498354739411952,0.005208737843220877,0.05306685044796692,0.008664151479103334,0.020025429116338207,0.0004685541731340907,0.0014946731142548419,305.0
ENSG00000105723.13,GSK3A,42226225,42242625,19,3770.993792652059,4351.035937538812,4324.950356512739,2363.1041959046274,1644.3045682732154,1246.054776877868,1990.8113506142486,2491.935340576618,3703.389614625473,1632.528667946524,1876.4298134608698,4518.586923302709,3317.022334886704,1990.717976719836,3665.6120141306324,1398.4900980609316,2370.738918179313,5171.722482924725,3738.756507124853,2688.3939905586108,1428.7751414892432,3666.8645353800453,2865.3831848364953,3590.7528907308365,2311.035908250048,4587.160694325154,0.006965699208443272,0.009195645280625726,0.08906646909398815,0.05508542232157113,0.009637788604109299,0.014555886102847429,0.034451688132718504,0.015858751387640747,0.006970481068807097,0.00908463050523296,0.016990549007114792,0.10491438265387266,0.006016466117796073,0.014656860151330758,0.06775354647469828,0.017189079878665317,0.04834943211973251,0.012092089977822369,0.006549757025142616,0.03247510065691884,0.013993427329587619,0.059386567953463774,0.01584786053882726,0.06282085207726912,0.027627532081875066,0.011405639455063893,0.006016466117796073,0.10491438265387266,0.09889791653607659,GWD,0.0,False,0.012092089977822369,0.00021198257830092553,0.027627532081875066,0.0023831449491977337,0.05508542232157113,0.006208496077500247,0.10491438265387266,0.026088535531937164,0.03247510065691884,0.0012087612163446183,0.0010599128915046276,261.0
ENSG00000268643.2,ENSG00000268643,42234583,42255132,19,3318.160774705656,3929.105511159147,4411.275837990755,2403.4337889430867,1631.7599021973658,1251.5793172651468,1965.4596651767442,2454.2508770244403,3248.6388246044435,1539.4983559481739,1957.2699956263932,4706.956971071636,2959.343286147179,1986.628058970327,3789.7005626779714,1200.981180133024,2251.177720103806,4703.78309448555,3371.985498859026,2716.0121904166936,1413.0367524338922,3782.9871499916753,2780.8811957982807,3680.6939510137577,2276.1189769696675,3910.4515848159654,0.0055936675461741425,0.007398795053377021,0.09308848433530906,0.056841769120229924,0.009320059309468333,0.014662133446663833,0.033709651772936874,0.01496008880900777,0.005914347573533295,0.008022100621579983,0.019432940426887545,0.11360865185813497,0.005224825839138695,0.014339383036139478,0.07304679229303408,0.012080251184077484,0.043360577433393485,0.009399091773154504,0.005387703359391507,0.033481669845306206,0.013410367857521466,0.06314119513484928,0.014263074484944533,0.06636676369409897,0.027044225262488068,0.007656563523075298,0.005224825839138695,0.11360865185813497,0.10838382601899628,GWD,0.0,False,0.009399091773154504,0.00013081968360089164,0.027044225262488068,0.002299086897106735,0.056841769120229924,0.006559669142115524,0.11360865185813497,0.029673460488097863,0.033481669845306206,0.0012832938669185942,0.0006540984180044582,192.0
ENSG00000105722.11,ERF,42247569,42255128,19,3099.3364907469672,3500.492968876143,4176.6963498727955,2342.66037616366,1602.411073008061,1237.6181865517208,1913.1077429304812,2396.91415264413,3024.887755198687,1452.073486219153,1926.434352484643,4537.924910909186,2652.4489118758243,1951.2794322794398,3662.019149342033,1139.9650745923702,2154.6613980122966,4160.133828904327,2867.876630579395,2623.0202470844465,1383.0635829869052,3661.4637993499905,2587.5727552279586,3524.088163830376,2167.3877504055713,3588.7768533731155,0.005277044854881266,0.006077581650988268,0.08261007620660457,0.053648411304486665,0.008472781190425757,0.014237144071398216,0.03180155827635554,0.013955701221123856,0.005175054126841633,0.006853317749561706,0.018530317510884572,0.10586863171287707,0.004485961579058476,0.013810254510820678,0.0675947491001482,0.010536959182587409,0.03900859781339561,0.007339740204879079,0.004014367208958377,0.03003814367450731,0.012297254319940634,0.05917503966155473,0.01167459059693608,0.060439269648055044,0.023650440131509173,0.0064948780230224944,0.004014367208958377,0.10586863171287707,0.10185426450391868,MSL,0.0,False,0.007339740204879079,8.145119732802434e-05,0.023650440131509173,0.0018346753899914404,0.053648411304486665,0.005927367118143205,0.10586863171287707,0.026473365062712844,0.03003814367450731,0.0010373707278156508,0.0004072559866401217,146.0
ENSG00000079432.9,CIC,42268537,42295797,19,3439.575460862523,3255.8036402590237,3611.580126960231,2182.70127620036,1516.3629999036395,1229.5605853386023,1676.571074388661,2453.1225102414205,3185.0494813562736,1412.9739457525109,1745.4784672496635,3493.8386425417093,3185.201371392778,2010.7501803162643,3486.09603110781,1043.977536194911,2019.5850176701792,4618.33931941883,3682.319436039803,2438.243546399534,1676.3040210035488,3847.649012248853,2752.7857989003896,3044.281731279217,2215.8710191725704,4062.9854836748095,0.005857519788918206,0.005232005073459466,0.060700677392040644,0.045824684655915694,0.007254818894302055,0.013971525711857204,0.023798166110139397,0.014907226304382301,0.005703120874478534,0.006428305796100515,0.0136986301369863,0.0604887875735567,0.005647033987755964,0.015503465791840839,0.06023713741266144,0.008035761800862115,0.035081201570958495,0.008976660682226212,0.006285653919290091,0.02463445645263827,0.024223470794020992,0.06520359598096245,0.013629160063391443,0.0439269648055041,0.025400360589670167,0.008290210159467737,0.005232005073459466,0.06520359598096245,0.05997159090750299,ASW,0.0,False,0.008976660682226212,0.00011978732681705646,0.025400360589670167,0.0020688354250595776,0.045824684655915694,0.004496279195683351,0.06520359598096245,0.012088872760988224,0.02463445645263827,0.0007032369956268415,0.0005989366340852823,182.0
ENSG00000079462.8,PAFAH1B3,42297033,42303546,19,3520.4259760778336,3504.0399247032096,3790.3471717290377,2207.935006338518,1667.119837229564,1298.5649667483356,1730.618401597438,2774.155449439726,3425.8773640918666,1626.0909861447105,1886.9739383351518,3375.7219975778034,3200.9944840995367,2148.323587963169,3574.445209345282,1060.6955030352817,2099.2554933848437,4613.147452399385,3602.6362468450475,2972.355984515839,2072.022716541798,4123.678226686505,3314.7829377998555,2933.553729875118,2530.248366109472,4236.016494042295,0.006121372031662269,0.006130430187083818,0.06673370025402202,0.04672946937037628,0.010379156958271553,0.016096472588185296,0.025441246621084435,0.022255114447322515,0.006283994296879126,0.008978377516867662,0.017149835404056495,0.056724805174150454,0.005752586024910281,0.0193131911741362,0.06378361211094644,0.008514714490979724,0.037310264303152534,0.008871052909494139,0.006021550813437566,0.04280567916931553,0.04404749284427011,0.07578001057641459,0.02567353407290016,0.039693040486901296,0.03589988333863612,0.009029464568592249,0.005752586024910281,0.07578001057641459,0.0700274245515043,GWD,0.0,False,0.009029464568592249,0.00012114095279842349,0.03589988333863612,0.0037031062342716757,0.04672946937037628,0.004653063463996159,0.07578001057641459,0.01541574930171994,0.04404749284427011,0.0021969167955825522,0.0006057047639921175,184.0
ENSG00000188368.11,PRR19,42302098,42310814,19,3673.1889609535856,3793.75939371033,3443.866537232361,1957.703502362381,1396.7275014088686,1183.2948056719983,1563.5508463957517,2468.7509026681378,4029.889175380442,1468.3483947247366,1674.5038006833117,3019.031277691899,3798.7387710100347,1835.747765616197,3211.786580857644,934.2113212097333,1886.5554294251388,5045.007937891949,4301.4129931166635,2819.635373602661,1961.2337744820225,3653.7698988685474,2908.062146901726,2555.2470423842638,2190.9984962632107,4575.240622488683,0.006649076517150396,0.0069760067646126205,0.05472057578323455,0.03619138857842354,0.005719127303537386,0.012377815554611135,0.01998197911697673,0.015171538827509648,0.00813222791360828,0.007225203208840248,0.012158861633216523,0.04363038753114563,0.008233058898036731,0.011746653262077359,0.04986237560872327,0.004842743866744719,0.030092346884619467,0.011511247227795967,0.00892668497781534,0.037031150667514307,0.038587935969468884,0.05891062929666843,0.01711568938193344,0.027361735908970626,0.024551914306925444,0.011247227795965783,0.004842743866744719,0.05891062929666843,0.05406788542992371,JPT,0.0,False,0.011511247227795967,0.00019290370307777595,0.024551914306925444,0.0019538787141673785,0.03619138857842354,0.0029728755339513903,0.05891062929666843,0.010258905683071298,0.038587935969468884,0.0016949683056104736,0.0009645185153888797,246.0
ENSG00000167619.13,TMEM145,42313309,42325064,19,4518.5996903616715,4602.564181194355,3439.2419685857926,1860.1839793022375,1411.6940189352229,1154.465960855116,1463.297574610141,2409.999884605152,5367.445842666261,1373.7504552941969,1653.2408359751578,2908.8839169181315,4606.227240580748,1907.7382909057658,3359.7261340609375,854.0218182129532,1738.8099987312337,6295.222932200178,5366.678695443333,2958.872233147172,1913.0020613698757,3406.146319726883,3067.2870199255117,2543.338824432872,2155.8934653423585,5882.396566932188,0.009445910290237468,0.01025261600253673,0.05445596951735817,0.03305125339294268,0.005877991950857869,0.011527836804079898,0.016483807706577622,0.014167151239625734,0.014469028885251096,0.005578281889178133,0.011734097908038654,0.04002544664157345,0.012771796495672366,0.012963648870310599,0.055737878467076014,0.003139800968548773,0.024891200509500052,0.020593515682754252,0.013786182125501796,0.042540792540792544,0.035513622389483725,0.05103120042305658,0.020390913893291073,0.026938343477110348,0.023067133312122175,0.01969584961453163,0.003139800968548773,0.055737878467076014,0.05259807749852724,JPT,0.0,False,0.020593515682754252,0.0005879057848795486,0.023067133312122175,0.0017591734999033199,0.03305125339294268,0.00253557572058362,0.055737878467076014,0.009380310869293203,0.042540792540792544,0.0020520312417139377,0.002939528924397743,456.0
ENSG00000105429.13,MEGF8,42325609,42378769,19,5135.0835500643525,5121.237044812441,3400.0698715623353,2152.4095512014296,1551.0438422406555,1338.396885234589,1810.0359334579778,2944.8087084436584,5389.920649036993,1539.330108127072,1970.168760209191,3269.013076221326,4736.05177949431,2228.2976331258483,3636.2326637024416,1166.9813876467708,2076.7237281427665,8032.706597651512,5663.407928587288,3377.294055917791,2155.459251365146,3806.3019903429595,3581.186787550372,2678.7220782595273,2503.3784381221562,6616.147106834659,0.012506596306068601,0.012842194271218688,0.05292125317527519,0.044600564159880784,0.007784367718703665,0.017212069698257542,0.028356389463083692,0.026484114817360047,0.014680255584305857,0.007968974127397332,0.019857704152065413,0.05269575359168743,0.01335233270002111,0.022170485210857717,0.06637730256193097,0.01122877973497951,0.036620316314616284,0.04192628577463301,0.01563490386646947,0.05901674083492265,0.04855295240114492,0.06377578001057642,0.03169572107765452,0.032019052659433715,0.034415102343832854,0.027774844228535222,0.007784367718703665,0.06637730256193097,0.05859293484322731,CEU,0.0,False,0.04192628577463301,0.0022953419281773095,0.034415102343832854,0.003449035316069567,0.044600564159880784,0.004287844583702634,0.06637730256193097,0.012442748119950102,0.05901674083492265,0.003898207769019322,0.011476709640886547,972.0
ENSG00000105427.10,CNFN,42387019,42390297,19,10430.760916862962,8422.994765231915,3794.040886568206,2685.494400926213,1651.5905820478663,1639.4080066389722,2398.6913380181863,3593.7404450255203,10903.607135135746,1637.1930510686389,2401.030558259926,3778.859233985507,9952.760805065198,2176.63334252173,4379.229946281929,1530.264736190317,2611.4248229118775,15984.559021935183,9362.111990913736,4317.8536805932345,2400.0470895869826,4346.300219399706,3832.289970628351,3615.036540786657,2799.6654647460996,12467.085190420523,0.08464379947229551,0.0501532607546771,0.06683954276037257,0.07067965298845069,0.009955517898750264,0.028580535486612834,0.05088249324216887,0.045303166464027066,0.10635264297407192,0.009190883493598258,0.03498991186152703,0.07135662407888459,0.08533882203926536,0.020318535372241917,0.09596654668642812,0.021552871055292428,0.06050313130240951,0.26729327278487697,0.05926473695330657,0.09954439499894045,0.060956217534188485,0.08556319407720783,0.03766508188061279,0.06377348504895475,0.04655848976561672,0.15101911500686452,0.009190883493598258,0.26729327278487697,0.2581023892912787,FIN,0.0,False,0.26729327278487697,0.07983200940012004,0.04655848976561672,0.00573534814832537,0.07067965298845069,0.009610955797207228,0.09596654668642812,0.02258591933301292,0.09954439499894045,0.010862055703277683,0.02867674074162685,1611.0
ENSG00000079435.10,LIPE,42401514,42427388,19,9073.92501005065,8260.203916916289,2276.615079158913,2008.1771106238243,1668.0308493740974,1594.1095923773416,1845.4428927406404,2630.0438654714494,7930.389684394765,1578.0474836027051,1910.8130837987085,2181.2125032189974,10885.932761165996,1811.5431708012372,1872.7029807859976,1398.3133276283359,1899.8926841640073,9952.903314728243,15901.104220823152,2729.5888693314605,1830.8206640345875,2357.8234435971476,2768.5283054795277,2099.4197612266125,2040.0741046375595,10884.836938809167,0.05799472295514512,0.04830356199133284,0.018892887383573243,0.03805418063760711,0.010432111840711713,0.025871228219294516,0.02978745958551969,0.01866046413279061,0.04377673337909912,0.008500239069223823,0.017893171923117766,0.017653607591581404,0.10771585391598058,0.011270437589290439,0.01159220834215541,0.017135862913096694,0.03062307610657043,0.0763016157989228,0.24910204944010142,0.033905488450942996,0.03111417364571186,0.018878900052882074,0.013893291072371897,0.016141836464673195,0.019726376073814826,0.10618861548209949,0.008500239069223823,0.24910204944010142,0.2406018103708776,FIN,0.0,False,0.24910204944010142,0.06974780399832431,0.019726376073814826,0.0013519829876351298,0.03805418063760711,0.0032462949439759636,0.018892887383573243,0.0016306132399669369,0.033905488450942996,0.0013153292856484527,0.006576646428242263,729.0
ENSG00000101294.19,HM13,31514428,31577923,20,13331.068452154306,15455.356386182386,2084.0774293141794,1544.5041506802615,3924.6635287619356,1698.2363989537832,1869.466080816588,5317.410629004794,13078.965787212717,4281.9494975537555,3781.1970406157116,1940.3225689165606,11287.290881032292,4286.195497480182,2110.9869195303127,1661.8361738650042,1646.4024980934744,15200.616943978242,12899.891937585951,3408.9686277293986,2353.3662060257125,1869.9623710233143,8789.680410667168,2533.350359615266,4592.639817808231,14464.237981200582,0.16596306068601582,0.24896945354613678,0.014447502116850128,0.02118260684443025,0.09129421732683754,0.030227369315767107,0.030741506333810356,0.110535497171856,0.16972065269050007,0.11369069755086862,0.08983752787511946,0.012776334623336692,0.11821828161283512,0.09995237843272131,0.016726656785941138,0.025916662231919536,0.021653752255599193,0.2357165487379871,0.1446756813860131,0.06007628734901462,0.05867698505247535,0.00962453728186145,0.2393026941362916,0.02646202699126753,0.12270654364195567,0.22156510719188932,0.00962453728186145,0.24896945354613678,0.23934491626427534,PJL,0.0,False,0.24896945354613678,0.06967669148283709,0.12270654364195567,0.029294201874301637,0.030741506333810356,0.002233166181459251,0.02646202699126753,0.002811862417801882,0.2393026941362916,0.060619553715607594,0.011165830907296254,958.0
ENSG00000131055.5,COX4I2,31637912,31645006,20,16859.614955067682,19638.75258871688,2098.769597098438,1212.5619034921149,5390.809746298927,1059.7701639896848,1203.0526463026367,6371.007352955742,16624.498736608595,6276.466599754807,4460.0367220439,1676.0001951984093,15845.625033200731,5222.373125725825,2696.6861197101725,753.2212200912635,1154.3595626276829,17947.462466949644,19598.344493472312,4092.2012563193316,1820.3943837523893,1814.4363345654497,10096.629789456807,2037.9996079058624,6101.4806746711565,21453.624028674563,0.29778364116094985,0.42395095655850334,0.014765029635901778,0.011229974985363777,0.16262444397373438,0.008924776880577986,0.009222451900143107,0.158534651371782,0.312034641178645,0.21840301758486957,0.12095147074439842,0.008641255367650957,0.27670466540004224,0.14217683475316154,0.0332945161973322,0.0019690277260390613,0.007695573718288929,0.34671031787939594,0.4017536446228608,0.08900190718372536,0.03063712498674865,0.008884188260179799,0.3120972002113048,0.014659962953162213,0.19885459751829462,0.511564051114162,0.0019690277260390613,0.511564051114162,0.509595023388123,JPT,0.0,False,0.511564051114162,0.276877062345946,0.21840301758486957,0.07729116603341274,0.011229974985363777,0.00038215117695451415,0.0332945161973322,0.004076746205267686,0.3120972002113048,0.1020250325179149,0.0019107558847725708,351.0
ENSG00000171552.14,BCL2L1,31664452,31723989,20,11206.185122379851,11758.707217949874,1712.379224831133,897.8456351554829,5291.274111276681,887.6037806729463,925.3303490843758,5043.520310360446,9994.603032008412,6216.688802939829,3909.3663761689872,1408.317207497425,10891.151944592786,5118.907522998783,2264.654370978815,742.2940766060038,916.4508957782631,10488.377848606826,12180.929837710364,3551.7977598662915,1850.588948469738,1794.3516435917647,7960.840313678813,1535.0896199687527,5230.0011891105305,11895.30645449265,0.10321899736147758,0.12424690836063841,0.00836155800169348,0.004098142530203843,0.15695827155263714,0.004409264768380791,0.003869189590289924,0.0989057461542528,0.08427945292284945,0.21447165701535356,0.09551874269937348,0.00514234215130149,0.10787418197171206,0.1380496322556749,0.020855388524243065,0.0015965089670586983,0.00350281286487634,0.08691519695849614,0.12581871962814284,0.06606272515363425,0.03185624933743242,0.00819672131147541,0.19857369255150556,0.006615506747816882,0.15468236292289744,0.1345443024606611,0.0015965089670586983,0.21447165701535356,0.21287514804829485,JPT,0.0,False,0.1345443024606611,0.021429365496658238,0.21447165701535356,0.0749643901726636,0.004409264768380791,7.421277675154717e-05,0.020855388524243065,0.001913211865681313,0.19857369255150556,0.042051914168891966,0.00037106388375773586,139.0
ENSG00000159197.4,KCNE2,34364006,34371381,21,3186.078916423299,2605.1918957671296,2844.859762757847,1812.3468668043947,2151.402789848076,1409.7812530781478,1693.9096369323418,2363.4994452910582,3265.676917808226,2125.6459924357973,2409.382106469255,2968.3696413120483,3473.540348243433,2020.7319183357188,2745.3748882399786,1446.608349313662,1524.2101183389932,3330.4780369698306,4047.8196624047237,2085.582421833962,2314.042629198755,2162.06243178494,2414.323337202371,2850.3350652031913,2084.232792112481,4036.3442155132634,0.00532981530343008,0.003963640207166262,0.03625105842506351,0.031827132896907764,0.02208218597754713,0.019283892902677433,0.02432819208141199,0.013057038642490882,0.005967154248296985,0.021994368591616638,0.03562705744929383,0.042146000106027676,0.006544226303567659,0.01592676861209588,0.034935422401016304,0.018625937949018147,0.0175140643243817,0.005069173091139508,0.00755334882738221,0.016317016317016316,0.05708682285593131,0.013484928609201481,0.0098256735340729,0.03741730616565229,0.021317212853961185,0.008131798500369627,0.003963640207166262,0.05708682285593131,0.05312318264876505,ASW,0.0,False,0.008131798500369627,9.912096813247667e-05,0.03562705744929383,0.003655872509949471,0.031827132896907764,0.0023732501792854944,0.042146000106027676,0.005968884812178513,0.05708682285593131,0.003652253914427296,0.0004956048406623833,162.0
ENSG00000176177.10,ENTHD1,39743044,39893864,22,5407.049503973059,5045.915230717685,4102.841144710556,2287.4993207348607,3682.817686505763,2220.589192400965,2219.211381819639,2962.8653819373744,4570.427960912555,4941.598453967636,2996.467001985339,4179.805319208683,6951.130014969092,3537.177041829549,3869.626667686969,2351.203120647747,2497.6302050874187,5991.617620434233,7269.067013234498,1984.02494645337,2026.0778270390279,3335.9190876912776,3876.076583785321,3630.012177552336,3602.8478598419238,4243.863974816364,0.014300791556728231,0.012366557446358737,0.07954064352243861,0.0505082761190058,0.07922050413048083,0.05190182745431364,0.04378014522711613,0.02685415234973833,0.010297301578919575,0.1463634914731977,0.055644047998300944,0.0880559826114616,0.03319611568503272,0.06846923117625271,0.07590514503493542,0.055931030812623066,0.05471818278314404,0.017742105818988278,0.029421085991971265,0.013933036660309388,0.041874271175659915,0.04907456372289794,0.03856312731114633,0.06435564964276264,0.07752677908579914,0.009135072341324322,0.009135072341324322,0.1463634914731977,0.13722841913187336,YRI,0.006716571299752687,False,0.03319611568503272,0.0014675020180680003,0.1463634914731977,0.039411445961003974,0.055931030812623066,0.006376535357145227,0.0880559826114616,0.019652411917021002,0.041874271175659915,0.0019894832865103625,0.007337510090340001,771.0
ENSG00000205643.11,CDPF1,46244011,46250311,22,33185.084340089415,29682.869840474097,2056.2071466975344,1244.8458201522017,5795.829075338579,1205.9690050250879,1203.1483008847329,5970.596965900419,33302.84527073144,4725.427493755666,4359.324136168006,1900.5829444324438,37834.38496401871,5762.9756672288295,2355.0644158307364,1016.1572763015515,1359.061527124496,36876.428634141186,35891.78090086633,3062.942228130496,1804.5354149451775,2909.821686518581,7792.926194651388,2611.1034795956793,8440.834299128212,33159.29081859305,0.8483905013192612,0.7796216044815558,0.014129974597798476,0.01202831443929959,0.1844418555390807,0.01317467063323417,0.009275454497270366,0.14098429983612623,0.8737392406400168,0.1362694575784944,0.11580121057661676,0.011981127074166358,0.9226831327844628,0.16868617387163343,0.024084268473427907,0.007290724282901389,0.012896720093408342,0.90167916358644,0.8891295161631101,0.04646111464293282,0.030001060108131028,0.035166578529878374,0.19001584786053882,0.029531622122254565,0.33853006681514475,0.8680958918576407,0.007290724282901389,0.9226831327844628,0.9153924085015614,JPT,0.0,False,0.9226831327844628,0.8571264423733015,0.33853006681514475,0.16159367239136904,0.01317467063323417,0.0005056241391028542,0.035166578529878374,0.004453846451771774,0.19001584786053882,0.03857300136026726,0.002528120695514271,410.0
ENSG00000130943.7,PKDREJ,46255663,46263343,22,30811.215430624154,29152.706324202627,1980.1094201932665,1242.780681600918,5597.252125129384,1243.4664691981536,1232.470883502866,5582.455411203119,30839.104789692654,4305.88494119358,4364.051074116838,2250.7484974520567,37333.25497953837,5730.877623295045,2485.466927257655,1005.9737950027887,1344.710669475349,36390.90468536925,32345.707470128917,2838.1667269851105,1509.018619063766,3349.014366205814,6959.958881016953,2759.1131744839868,7342.8969516598645,29967.8165589991,0.7998416886543536,0.7647711658387063,0.012701100762066046,0.011975091809037202,0.17310951069688627,0.014396515087122821,0.009911485662797478,0.12168948564783,0.8277446269208428,0.11533761887053073,0.11611978337050016,0.01913799501669936,0.9186721553725987,0.16656965977035823,0.02768367562989625,0.007024639455058272,0.012578282560237767,0.8960291477452741,0.8291252905134164,0.03766687857596949,0.01637867062440369,0.04955050237969329,0.15293185419968305,0.0345594072505954,0.27309364725845797,0.803463934945612,0.007024639455058272,0.9186721553725987,0.9116475159175405,JPT,0.0,False,0.9186721553725987,0.8500020863467144,0.27309364725845797,0.11257626879143555,0.014396515087122821,0.0005906779065912767,0.04955050237969329,0.007754827499306856,0.15293185419968305,0.025203012787722506,0.0029533895329563837,458.0
ENSG00000075234.17,TTC38,46267961,46294008,22,26711.67869613837,21940.98883761862,1550.5526841455799,1169.9813198616368,4635.02171221897,1123.6022536003682,1118.6619812222098,4851.941418505901,28155.6099021018,3315.0731410093076,3333.0766720086312,1640.1045504695078,30699.882855014042,4502.141559196434,1780.1516980046472,966.5271829467002,1205.8591226241717,33238.028915293115,28206.3914946253,2452.1572896744733,1338.6511653382809,2646.6826527480894,5355.496270401978,1935.752987120238,5062.6103913141915,26773.89203786473,0.6853825857519789,0.5163830461896205,0.006191786621507198,0.010218745010378413,0.12386147002753654,0.010784105397365067,0.007579371389198071,0.09176930802981445,0.7587791096794635,0.0687988099665303,0.06944886906658171,0.007793033981869268,0.8206670888748153,0.10910630192073655,0.009845437222104594,0.0058538662125485605,0.008969323850971234,0.8518322948569015,0.7246461018381576,0.02527018436109345,0.011131135375808333,0.027763088313061873,0.08837823560486001,0.01264884890182588,0.14699331848552338,0.7138029358960819,0.0058538662125485605,0.8518322948569015,0.8459784286443529,JPT,0.0,False,0.8518322948569015,0.7354729805488044,0.14699331848552338,0.03969725153289398,0.010784105397365067,0.0003559516760460293,0.027763088313061873,0.003038820262598186,0.09176930802981445,0.009261450469587665,0.0017797583802301464,337.0
ENSG00000075218.19,GTSE1,46296870,46330810,22,25737.32699526741,21929.320703307978,1506.4639661506706,1139.4460833767248,4450.817108130173,1125.0306674037017,1191.8615705288669,4238.377628900105,29121.146441139204,2769.2924128144555,3182.1740322087244,1507.239862158706,30061.46884887032,3939.780865898006,1670.5702358275832,1092.6931352835168,1279.1586021626192,32660.00155386725,27389.874826511586,2684.2641828793994,1423.6011052727977,2276.52882866173,4643.137173657965,1981.190670355252,4315.282665229742,27190.06837455152,0.6496569920844327,0.5159074093647606,0.00560965283657917,0.009207515035393049,0.11613005719127303,0.010837229069273268,0.008851433720252292,0.06650103081884019,0.7871362940275651,0.0453168995377995,0.06355527237973876,0.006043577373694534,0.8055731475617479,0.08513677972379491,0.008363328392970569,0.00910010111223458,0.010879949049994692,0.839634597106347,0.7001373336150433,0.032316168679805045,0.013728400296830277,0.016975145425700687,0.06217643951399894,0.01338978565758137,0.11093435146887262,0.7276375541239836,0.00560965283657917,0.839634597106347,0.8340249442697678,BEB,0.0,False,0.839634597106347,0.7154282275092422,0.11613005719127303,0.02670083396569845,0.010879949049994692,0.0003615159949408128,0.016975145425700687,0.0013714297651345984,0.06650103081884019,0.004926149237550404,0.0018075799747040641,340.0
