gene_id,gene_name,start,end,chr,ACB_tmrca,ASW_tmrca,BEB_tmrca,CDX_tmrca,CEU_tmrca,CHB_tmrca,CHS_tmrca,CLM_tmrca,ESN_tmrca,FIN_tmrca,GBR_tmrca,GIH_tmrca,GWD_tmrca,IBS_tmrca,ITU_tmrca,JPT_tmrca,KHV_tmrca,LWK_tmrca,MSL_tmrca,MXL_tmrca,PEL_tmrca,PJL_tmrca,PUR_tmrca,STU_tmrca,TSI_tmrca,YRI_tmrca,ACB_rank,ASW_rank,BEB_rank,CDX_rank,CEU_rank,CHB_rank,CHS_rank,CLM_rank,ESN_rank,FIN_rank,GBR_rank,GIH_rank,GWD_rank,IBS_rank,ITU_rank,JPT_rank,KHV_rank,LWK_rank,MSL_rank,MXL_rank,PEL_rank,PJL_rank,PUR_rank,STU_rank,TSI_rank,YRI_rank,min_rank,max_rank,rank_range,min_pop,sd_unique_bp_fraction,is_sd,AFR_max_rank,AFR_descriptive_score,EUR_max_rank,EUR_descriptive_score,EAS_max_rank,EAS_descriptive_score,SAS_max_rank,SAS_descriptive_score,AMR_max_rank,AMR_descriptive_score,descriptive_replication_score,score_rank_all_genes,locus_id,representative_gene,cluster_size,cluster_start,cluster_end,cluster_span_bp,cluster_members,focal_superpopulation,focal_population
ENSG00000171241.9,SHCBP1,46578591,46621379,16,2831.3257353892604,2179.0425470018395,438.52644280577124,333.34912452563356,635.321490470511,323.86381916225076,356.23828380254844,750.4449925317307,3367.590533396613,625.1243646706064,507.1240185601515,590.7336807336037,2604.63687294982,612.0921881642727,439.88720061986027,317.1738977259002,354.71688934162813,2595.546665649952,3730.443481764906,524.669993802776,302.16495335568044,587.5440108982349,1126.5260382375563,476.08613523463663,562.4487414500874,3170.019011099203,0.0044327176781002635,0.003170912165733009,0.0005821337849280271,0.0003193357815743254,0.0012179622961237025,0.00026561835954101146,0.0004240207770180739,0.0012158376063857905,0.0061783809473517455,0.0010625298836529778,0.0007964319847085059,0.0010602767322271114,0.004327633523327,0.0010582570506376,0.0005293245818335803,0.00026608482784311636,0.00037151045536567244,0.003643468159256521,0.006444115782801606,0.0006357279084551812,0.00026502703275734125,0.0011105235325224749,0.002271526677231907,0.0005821645938078857,0.000901474175416269,0.005069173091139508,0.00026502703275734125,0.006444115782801606,0.006179088750044265,PEL,0.0,False,0.006444115782801606,6.347707858163712e-05,0.0012179622961237025,1.2468574202217071e-05,0.0004240207770180739,1.223695352968692e-06,0.0011105235325224749,1.6668349628184863e-05,0.002271526677231907,6.57435028303353e-06,6.11847676484346e-06,15.0,chr16:46578591-47464149,SHCBP1,9,46578591,47464149,885559,SHCBP1;VPS35;ORC6;MYLK3;C16orf87;GPT2;DNAJA2;NETO2;ITFG1,EAS,CHB
ENSG00000181903.7,OR4C6,55662201,55666195,11,981.0681561189433,1174.048093178109,832.4424193334389,846.9947719968775,920.2405485099495,897.0233530546649,902.2529905194018,858.7054345058102,912.9339657946433,963.285561412502,866.7729894595774,828.3892626473995,966.0642119185376,935.6485846899732,829.1986591130919,837.0755325182789,865.7731822112152,794.8418392475853,1000.7505821644856,931.3289863763802,824.5013489841675,874.3775467590441,884.9229043342494,817.443019031274,917.8814149870949,960.4048282864262,0.0011081794195250659,0.001374061938484304,0.0017464013547840813,0.0034062483367928043,0.002488879474687566,0.004728006799830004,0.003604176604653628,0.0016387376433895438,0.0008449067962190421,0.0021781862614886046,0.001964532228947648,0.0018554842813974448,0.0011082963901203294,0.0021165141012752,0.0017467711200508153,0.0028204991751370335,0.0028659377985351875,0.0008448621818565846,0.0008979505598985844,0.0020131383767747406,0.002332237888264603,0.0021152829190904283,0.0017960908610670893,0.0017994178354061921,0.002015059921518719,0.0009504699545886577,0.0008448621818565846,0.004728006799830004,0.0038831446179734197,LWK,0.0,False,0.001374061938484304,3.2866973564447786e-06,0.002488879474687566,4.150453210677277e-05,0.004728006799830004,8.38719407749743e-05,0.0021152829190904283,4.725673945207271e-05,0.002332237888264603,6.9232010873511615e-06,1.6433486782223895e-05,29.0,chr11:55662201-55666195,OR4C6,1,55662201,55666195,3995,OR4C6,AFR,LWK
ENSG00000150281.7,CTF1,30896614,30903547,16,9693.207245301397,10577.472733578077,2242.6591202633745,1125.4420711543444,4593.229270394168,599.8093937642271,953.3507467192734,4291.942085224917,9765.79806133355,4695.528811760604,5966.019207428099,3341.6919384744338,8299.422825327072,5301.970521717724,1988.7322903296902,996.4678481988153,1218.3158732901172,9650.740748359894,7469.770044292146,3134.7402843426084,2178.1646725009377,3258.689556086537,6029.123063505136,1889.9286893808974,4600.2824305286895,9505.119570289231,0.06992084432717678,0.09412324278617483,0.018099068585944116,0.008781733993293949,0.12116077102308832,0.0010093497662558436,0.004558223352944295,0.06887984352698631,0.0786819453978983,0.13456940976464962,0.199001805245832,0.055399459258866565,0.052987122651467176,0.14556325731520187,0.013762439127673089,0.0067585546272151565,0.009393907228532002,0.06943711057133806,0.03200929642932601,0.049109980928162746,0.049878087564931624,0.046694870438921204,0.11553090332805072,0.012278380523948135,0.12291865521264185,0.07323899038969268,0.0010093497662558436,0.199001805245832,0.19799245547957614,CHB,0.0,False,0.09412324278617483,0.01080749425916196,0.199001805245832,0.06609118985392577,0.009393907228532002,0.00027945864959580554,0.055399459258866565,0.009288375504934974,0.11553090332805072,0.014544555626593821,0.0013972932479790277,292.0,chr16:29778256-31917357,CTF1,26,29778256,31917357,2139102,ZG16;KIF22;MAZ;PRRT2;ENSG00000280893;PAGR1;ENSG00000281348;MVP;ZNF688;SRCAP;ENSG00000282034;TMEM265;PHKG2;CFAP119;RNF40;ZNF629;BCL7C;CTF1;FBXL19;ORAI3;SETD1A;HSD3B7;STX1B;PRSS8;PRSS36;ZNF267,EAS,CHB
ENSG00000135740.17,SLC9A5,67237683,67272191,16,9408.297223903912,8848.61599280735,2115.631270354295,716.1666282941405,1871.6471384005372,643.8058675038885,691.2020331827633,2076.0761222100377,9717.465842676134,2144.221671252553,1513.6892822404263,2256.3202177922194,9190.778993681739,1911.3347595210084,2105.031797236112,698.6239812683017,716.079918135863,10483.347072504956,11057.033896054456,1321.2397753314904,779.6399214988364,2709.7269127739983,2394.4643871539765,3160.602761047351,1403.1553186412318,10029.89139485545,0.06401055408970976,0.057287813127576366,0.015029635901778153,0.0018095694289211772,0.014774412200804915,0.0013280917977050574,0.0014840727195632585,0.007823650684569436,0.07746739187833342,0.023003771981086968,0.008920038228735267,0.01924402268992207,0.0701393286890437,0.013016561722842478,0.01667372432775778,0.0012239902080783353,0.0016452605880479779,0.086703981413032,0.09549968307627298,0.004026276753549481,0.001908194635852857,0.029508196721311476,0.009561542525092446,0.04741995236835141,0.006787570261957789,0.0851198648220509,0.0012239902080783353,0.09549968307627298,0.09427569286819464,JPT,0.0,False,0.09549968307627298,0.011112320000355296,0.023003771981086968,0.0017510497908944606,0.0018095694289211772,1.557465908091393e-05,0.04741995236835141,0.007222771186095022,0.009561542525092446,0.00011000941228947537,7.787329540456965e-05,60.0,chr16:67028984-68238102,SLC9A5,41,67028984,68238102,1209119,CBFB;PHAF1;B3GNT9;TRADD;FBXL8;ENSG00000265690;HSF4;NOL3;EXOC3L1;E2F4;ELMO3;TMEM208;FHOD1;SLC9A5;PLEKHG4;KCTD19;LRRC36;TPPP3;ZDHHC1;HSD11B2;ATP6V0D1;AGRP;RIPOR1;CTCF;CARMIL2;ACD;PARD6A;ENKD1;C16orf86;GFOD2;RANBP10;TSNAXIP1;CENPT;NUTF2;EDC4;NRN1L;PSKH1;CTRL;ENSG00000261884;LCAT;ESRP2,EAS,JPT
ENSG00000144036.16,EXOC6B,72175984,72826041,2,11863.581435392476,13462.540757323975,1080.6663159122218,738.8119385847862,3833.8280538718886,750.6680815626833,839.2230664305549,4137.605857447103,10746.37112938238,2864.0701106600973,3019.6369774284294,1600.4343815928928,9483.785902884174,3591.957844988035,1337.11774589222,699.1166369969397,708.5032974312637,12030.84588255218,11065.60584844618,2980.120100712188,1738.9295739494996,1592.1868868058762,4259.444225057479,1239.7783755743515,2582.154276610607,8978.372731791722,0.12058047493403694,0.17561568544551315,0.00275190516511431,0.0021289052104955025,0.08737555602626562,0.0024436889077773054,0.0024381194678539247,0.06274779299043189,0.1022337223425041,0.04972639855495936,0.056865243708187324,0.006891798759476223,0.07520582647245092,0.07106196095031483,0.004446326487402075,0.0012772071736469586,0.0014860418214626898,0.12799662055127256,0.09592224804563702,0.043441407077770715,0.026926746528145872,0.0057112638815441565,0.049234020073956684,0.00439269648055041,0.03791494326015484,0.061886154820994826,0.0012772071736469586,0.17561568544551315,0.1743384782718662,JPT,0.0,False,0.17561568544551315,0.035700387876496015,0.08737555602626562,0.01654290414115595,0.0024436889077773054,2.637174711184778e-05,0.006891798759476223,0.00031919255905760554,0.06274779299043189,0.004395941030529015,0.0001318587355592389,80.0,chr2:72175984-72936071,EXOC6B,3,72175984,72936071,760088,EXOC6B;SPR;EMX1,EAS,JPT
ENSG00000182308.7,DCAF4L1,41981756,41986465,4,12840.696392237896,12662.579903500746,3534.793238367965,737.6301058430028,5039.940715872157,671.5885386136412,1047.825925690426,4111.552802999126,10813.14425401168,3097.300363435576,3972.13523458702,2761.9783917742034,9444.883202032195,5988.176730858786,3309.777552949917,860.3430324023531,1071.2813768442338,10902.697694220644,13590.098065828211,1966.6215852730197,1705.151294834266,5175.788577749825,8138.248780302758,3315.6514265764417,5024.285081680731,10466.532021846326,0.1500791556728232,0.14908572032554698,0.05741955969517358,0.002075682580233115,0.14340182164795595,0.0014874628134296643,0.006148301266762072,0.0616905428979225,0.10445160268257908,0.05950167348456675,0.09833280237867686,0.03398186926787892,0.07483639434241081,0.18006243716598763,0.054308702096125344,0.0033526688308232666,0.005784948519265471,0.0971063470271412,0.16654341855060215,0.013615172706081797,0.0257076221774621,0.12400846113167636,0.20718436344426835,0.052765281820587456,0.14439495174461767,0.09515260323159784,0.0014874628134296643,0.20718436344426835,0.2056969006308387,CHB,0.0,False,0.16654341855060215,0.032250690795129884,0.18006243716598763,0.05585405246902261,0.006148301266762072,0.0001329224593923388,0.12400846113167636,0.03418913229117055,0.20718436344426835,0.04570067164522244,0.000664612296961694,197.0,chr4:41935129-42152878,DCAF4L1,4,41935129,42152878,217750,TMEM33;DCAF4L1;SLC30A9;BEND4,EAS,CHB
ENSG00000178467.18,P4HTM,48989889,49007153,3,6079.355628295883,5716.524598304019,1636.4541043345632,676.9919257172675,4362.2079739646915,1028.1179631611694,947.7255614718218,3522.4924332916235,5627.229666854587,3821.058264310121,3592.975532629845,1159.7714113774516,6149.008513006545,4046.8314627169507,1411.7610051981685,1035.651034863584,774.5913095809641,6271.927173069187,6722.10965824746,1901.0227538729296,1370.7891566857816,1626.9427205952475,4026.6373877177084,1219.1557715096633,3945.6773082558707,5517.978512271035,0.01978891820580475,0.01744001691153155,0.007620660457239628,0.0014902336473468518,0.11120525312433806,0.007968550786230344,0.004346212964435258,0.04281862874663001,0.0165812958757987,0.09137756999415608,0.08203249442497611,0.0038169962360176004,0.02422419252691577,0.08931689507381343,0.004975651069235656,0.007716460007450375,0.0021759898099989387,0.02048790791002218,0.023822100147897738,0.012396694214876033,0.011979221880631824,0.006398730830248546,0.04236661384046487,0.004128076210637735,0.09263972849718952,0.016580420318935474,0.0014902336473468518,0.11120525312433806,0.10971501947699121,CDX,0.0,False,0.02422419252691577,0.0008024415612013862,0.11120525312433806,0.02482312020057848,0.007968550786230344,0.00020942723200401958,0.007620660457239628,0.0003755447917924055,0.04281862874663001,0.002078384070590128,0.0010471361600200978,259.0,chr3:48517684-52423641,P4HTM,49,48517684,52423641,3905958,PFKFB4;UCN2;COL7A1;UQCRC1;TMEM89;SLC26A6;CELSR3;NCKIPSD;PRKAR2A;SLC25A20;ARIH2;P4HTM;WDR6;DALRD3;NDUFAF3;IMPDH2;ENSG00000290315;QRICH1;QARS1;USP19;LAMB2;CCDC71;KLHDC8B;C3orf84;IHO1;USP4;APEH;SEMA3B;LSMEM2;IFRD2;TUSC2;NPRL2;CYB561D2;ENSG00000272104;TMEM115;CISH;MANF;RBM15B;RAD54L2;TEX264;GRM2;ENSG00000285749;RRP9;PARP3;GPR62;PCBP4;RPL29;BAP1;PHF7,EAS,CDX
ENSG00000171552.14,BCL2L1,31664452,31723989,20,11206.185122379851,11758.707217949874,1712.379224831133,897.8456351554829,5291.274111276681,887.6037806729463,925.3303490843758,5043.520310360446,9994.603032008412,6216.688802939829,3909.3663761689872,1408.317207497425,10891.151944592786,5118.907522998783,2264.654370978815,742.2940766060038,916.4508957782631,10488.377848606826,12180.929837710364,3551.7977598662915,1850.588948469738,1794.3516435917647,7960.840313678813,1535.0896199687527,5230.0011891105305,11895.30645449265,0.10321899736147758,0.12424690836063841,0.00836155800169348,0.004098142530203843,0.15695827155263714,0.004409264768380791,0.003869189590289924,0.0989057461542528,0.08427945292284945,0.21447165701535356,0.09551874269937348,0.00514234215130149,0.10787418197171206,0.1380496322556749,0.020855388524243065,0.0015965089670586983,0.00350281286487634,0.08691519695849614,0.12581871962814284,0.06606272515363425,0.03185624933743242,0.00819672131147541,0.19857369255150556,0.006615506747816882,0.15468236292289744,0.1345443024606611,0.0015965089670586983,0.21447165701535356,0.21287514804829485,JPT,0.0,False,0.1345443024606611,0.021429365496658238,0.21447165701535356,0.0749643901726636,0.004409264768380791,7.421277675154717e-05,0.020855388524243065,0.001913211865681313,0.19857369255150556,0.042051914168891966,0.00037106388375773586,139.0,chr20:31514428-31723989,BCL2L1,3,31514428,31723989,209562,HM13;COX4I2;BCL2L1,EAS,JPT
ENSG00000170836.13,PPM1D,60600193,60666280,17,12509.265244587938,8215.108529501475,1195.3861915538128,2567.5882185188166,854.5606599541962,2018.2081447669768,2396.824205649339,1872.3884054674243,14070.268412261872,901.4517141708568,791.2762345151028,1318.3737800982765,15599.71810988202,1006.0178142688216,1269.059399973191,2560.863651471626,2215.453256544913,13774.09989720271,15525.546941017166,1278.8207547045347,1330.9768356854124,1081.5556555875314,1720.6597726162304,1292.9832282040052,1014.5740515272685,12952.486777517437,0.13862796833773086,0.04745798541380404,0.0035986452159187127,0.06477194102932567,0.0023300148273670833,0.043827029324266895,0.05082949064504161,0.005762013004176138,0.20774145852035697,0.00191255379057536,0.0016990549007114793,0.004718231458410645,0.26815495039054255,0.0023281655114027197,0.004128731738301927,0.06614868820179873,0.04192760853412589,0.1829654662583166,0.23462919923938305,0.003814367450731087,0.01091911374960246,0.0028556319407720783,0.004226096143687269,0.004657316750463086,0.0021741435995333547,0.1667546731439434,0.0016990549007114793,0.26815495039054255,0.26645589548983106,GBR,0.0,False,0.26815495039054255,0.0803258002632827,0.0023300148273670833,3.7144328658204874e-05,0.06614868820179873,0.008557088925901866,0.004718231458410645,0.00017295358736994464,0.01091911374960246,0.0001427098298539945,0.00018572164329102436,95.0,chr17:60041008-60666280,PPM1D,6,60041008,60666280,625273,HEATR6;CA4;USP32;CHCT1;APPBP2;PPM1D,EUR,GBR
ENSG00000168283.14,BMI1,22321099,22331484,10,6858.001754278877,5053.519368050318,1079.9220002837078,822.3769640931572,1231.6552058376953,948.7966431276645,854.234945586979,1791.071654630212,7537.385779380156,884.0038887999943,1211.8904119966426,900.3332868645251,6323.570170697074,1238.4060510748877,980.7737403738048,913.0123468404182,801.5050933794471,6783.901111192215,7593.994505634735,1534.491566370002,1198.4625006898455,1298.8972357380162,1686.8718201204565,1157.431193400962,1325.670575195649,6808.404242579344,0.027440633245382585,0.012472254518549835,0.0026989839119390346,0.0029804672946937036,0.004024571065452235,0.006162345941351466,0.0025971272592357026,0.004969075434794101,0.03765115910651106,0.001806300802210062,0.004353828183073166,0.0021205534644542228,0.026071353177116317,0.0034393354145721994,0.0022231632437010374,0.004417008142195732,0.0024413544209744187,0.02608511986482205,0.03338263257975914,0.0059864378046196225,0.007208735290999682,0.0037017451084082496,0.003961965134706815,0.0035988356708123843,0.005355817159826069,0.03036223466047101,0.001806300802210062,0.03765115910651106,0.035844858304301,FIN,0.0,False,0.03765115910651106,0.001867928845892278,0.005355817159826069,0.00015071461439159728,0.006162345941351466,0.0001334552053257889,0.0037017451084082496,0.00011681967213724401,0.007208735290999682,6.323743355915278e-05,0.0003161871677957639,127.0,chr10:22316386-22454224,BMI1,4,22316386,22454224,137839,COMMD3;COMMD3-BMI1;BMI1;SPAG6,AMR,PUR
ENSG00000173020.11,GRK2,67266473,67286556,11,12540.542903612846,12266.893475650953,1002.8911150573479,2966.62958858474,1492.1352476995446,2709.843974944161,4235.01757844411,3873.556340660682,13596.687312034766,1755.80758784902,1258.0297487620096,852.177430597779,13058.176743848866,1235.8151998227484,1002.817138776078,2687.6502281483463,3054.053947507491,12706.68372294106,13148.294924734551,4261.855422122971,3844.300570214893,1067.4536027937747,3690.1172545046306,1082.3193578771156,1245.353483090037,13727.669155019727,0.13989445910290238,0.13830461896205476,0.0023814563928873838,0.08510298578955772,0.006884134717220928,0.07490437739056524,0.14999734987014363,0.05508272981973886,0.18904789565401067,0.011634702226000106,0.005044069236487204,0.0019084981180088002,0.1719970445429597,0.0033335097095084395,0.0022760957018843953,0.07253472407003353,0.08242224816898418,0.14748125462034006,0.1520177477287133,0.09689552871371053,0.15636594932683134,0.002749867794817557,0.03454833597464342,0.0030695951309870338,0.004295259306395164,0.19389587073608616,0.0019084981180088002,0.19389587073608616,0.19198737261807736,GIH,0.0,False,0.19389587073608616,0.04315845647069115,0.011634702226000106,0.0005560673723120447,0.14999734987014363,0.035945226017600626,0.0030695951309870338,8.62964261575594e-05,0.15636594932683134,0.026324315546397924,0.000431482130787797,153.0,chr11:66590176-67425607,GRK2,16,66590176,67425607,835432,CCDC87;CCS;RBM14;SPTBN2;TOP6BL;KDM2A;GRK2;ANKRD13D;SSH3;RAD9A;POLD4;ENSG00000256514;CLCF1;PPP1CA;TBC1D10C;CARNS1,SAS,GIH
ENSG00000069764.10,PLA2G10,14672548,14694308,16,1929.1560827936232,1862.642463082327,1844.6305065225354,1812.011265624817,1813.9159224284058,1734.4603353152136,1717.7202378102372,1836.561738592783,1641.5479419021624,1813.100125903155,1683.8829251471493,1797.1746113830018,1987.0048173786665,1815.4888913159348,1927.78012238275,1690.7889249438495,1840.699421536546,1736.4799345125007,1820.3085385196246,1869.5403713987396,1682.7821796964142,1799.1495098729195,1813.1559191751041,1631.414655271558,1649.989347069432,1665.385278127337,0.002532981530343008,0.0025367297325864075,0.01010795935647756,0.031773910266645375,0.013344630374920568,0.031396090097747555,0.0249642232469391,0.005286250462546916,0.0022178803400749853,0.013069117568931626,0.01253052989274716,0.01028468430260298,0.0029026810217437195,0.01132335044182232,0.012439127673089138,0.02740673726784099,0.02855323214096168,0.0020065476819093883,0.0022712867103317136,0.011549057003602458,0.024647514046432735,0.008408249603384453,0.004595879556259905,0.007885684043397725,0.010817690104995227,0.0023233710001056077,0.0020065476819093883,0.031773910266645375,0.029767362584735987,LWK,0.3290749505996967,False,0.0029026810217437195,1.3772873797834295e-05,0.013344630374920568,0.0007003868917495931,0.031773910266645375,0.0023662973638683403,0.012439127673089138,0.0008294825902672872,0.024647514046432735,0.0007039678534254112,6.886436898917148e-05,58.0,chr16:14435700-14694308,PLA2G10,3,14435700,14694308,258609,PARN;BFAR;PLA2G10,AFR,LWK
ENSG00000126067.12,PSMB2,35599541,35641526,1,18143.039714447055,11839.23385804338,4240.446977617958,4824.732876939462,1202.550692196021,2439.9672736397924,4528.989361828339,3902.8688373951322,15838.35853568546,1144.7735179396752,984.0505458662707,2519.730570475769,14077.916846889391,1364.1402729219026,4200.812145884463,3311.811699397797,6923.634054431013,14810.504891095972,15240.86381494772,3434.1641197814884,3449.528781367215,3222.4621393190596,3435.817128475156,4002.0975952715776,995.1939102757291,14995.141081854896,0.349023746701847,0.1263608498044604,0.08541490262489415,0.20001064452605247,0.0037597966532514297,0.06103909902252444,0.17204643027508348,0.055928529893746366,0.27797433595606486,0.00334696913350688,0.002389295954125518,0.02677198748873456,0.20740975300823306,0.004338853907614159,0.08834427270802456,0.10547602575701133,0.334253263984715,0.22204034216918364,0.22390661314177054,0.061135833863106594,0.12832608926110464,0.04531993654151243,0.028050713153724247,0.07906853664990739,0.002068087814190264,0.2410497412609568,0.002068087814190264,0.349023746701847,0.3469556588876567,TSI,0.0,False,0.349023746701847,0.13309580975648064,0.004338853907614159,0.00010574640772438348,0.334253263984715,0.14644865475959673,0.08834427270802456,0.019756571952952377,0.12832608926110464,0.01786975150533238,0.0005287320386219174,169.0,chr1:34974356-36093932,PSMB2,17,34974356,36093932,1119577,ENSG00000284773;TMEM35B;ENSG00000271741;ZMYM6;ZMYM1;SFPQ;ZMYM4;KIAA0319L;NCDN;TFAP2E;PSMB2;C1orf216;AGO4;AGO1;AGO3;TEKT2;ADPRS,EUR,TSI
ENSG00000203760.9,CENPW,126340115,126348875,6,7736.287066358264,7022.793375270689,2477.889961374388,1067.0517361082489,5144.382130862939,725.9135266097711,787.5831873727777,3855.8458414177294,7049.668095175334,4573.067477950343,4828.215880400515,3228.767769491957,6749.300283823717,4987.396844420988,4296.679825219575,769.5234453044966,1097.5154984167227,5631.1102468970375,7189.990641837696,3026.5724782607144,1377.5663186953757,3473.61120504482,4934.36350850637,3941.5963655152736,4471.978497644101,7028.7906225995075,0.03746701846965699,0.03081069654370574,0.02466130397967824,0.006759274043323221,0.14896208430417285,0.0021780705482362943,0.002173106482217629,0.054131204736480414,0.031103131435813485,0.12830048345109707,0.13847297440798556,0.05147643534962625,0.03066286679332911,0.13080057145880736,0.09279059919542663,0.002128678622744931,0.006209531896826239,0.014996303727954378,0.028681597295584196,0.04497774952320407,0.012191243506837698,0.05298783712321523,0.0722134178552562,0.07673987827467584,0.11777494962350196,0.03284401731967473,0.002128678622744931,0.14896208430417285,0.14683340568142791,JPT,0.0,False,0.03746701846965699,0.0018504655452102352,0.14896208430417285,0.04059604082790664,0.006759274043323221,0.0001569376217908864,0.09279059919542663,0.021389483186499456,0.0722134178552562,0.005789781938807854,0.0007846881089544319,217.0,chr6:125956770-126348875,CENPW,3,125956770,126348875,392106,HINT3;TRMT11;CENPW,EAS,JPT
ENSG00000107758.16,PPP3CB,73436433,73496024,10,8736.88164221719,7599.781893529678,2727.107302620972,2635.341836620764,1121.29674471445,3011.9817252766093,3305.5375518537994,1569.9551855739344,10342.050143733262,1097.6651506691594,1170.7632026208087,2310.017779880012,6415.708702476647,1212.557952399856,2307.3370995565315,2793.260112641383,3020.998225099771,10484.989370544456,9936.76305804578,1271.3993157483233,1507.3008323036718,2449.067438781478,2300.4770810474324,2304.0757020964384,1033.0933576214697,8471.91645229103,0.05160949868073879,0.03783955184441391,0.032070279424216766,0.06833785725690564,0.00323024782884982,0.08839779005524862,0.09471564106641225,0.003911825342284718,0.09288694090933095,0.0030282101684109865,0.003663587129659127,0.02088745162487409,0.02675744141861938,0.0030689454468490395,0.022390429811560447,0.07838859028258209,0.08040547712557053,0.0868623930721301,0.07046270864145363,0.0037084127993218903,0.016272659811300754,0.02236911686938128,0.008452192287374538,0.02101084943106642,0.002280199384876445,0.054071179638821416,0.002280199384876445,0.09471564106641225,0.09243544168153581,TSI,0.0,False,0.09288694090933095,0.010537160602828142,0.003663587129659127,7.954917027108607e-05,0.09471564106641225,0.01605557509778206,0.032070279424216766,0.003837082579272112,0.016272659811300754,0.0003119608521048087,0.00039774585135543035,145.0,chr10:72893584-73626117,PPP3CB,13,72893584,73626117,732534,OIT3;PLA2G12B;P4HA1;NUDT13;ECD;FAM149B1;DNAJC9;MRPS16;CFAP70;ANXA7;MSS51;PPP3CB;USP54,EUR,TSI
ENSG00000115942.9,ORC2,200908977,200963680,2,11879.743549223676,10852.018415300716,1849.7092399031585,977.8440807308805,2950.3937384010746,786.7851840094709,882.565677179232,2212.622387153083,12063.082207112755,3339.223105755706,2877.945793476039,1686.574638437813,13739.21382117638,3604.0915302709836,1724.3432545935093,801.0623670192107,1077.8909189894684,10816.005527881534,11701.51501456983,2419.4276396691803,993.8357987369909,2631.081129675816,3767.376322298097,2005.7349625939862,3519.120211061794,12086.659751956235,0.12105540897097625,0.10120494662297855,0.010213801862828113,0.005056149874926819,0.05094259690743486,0.003187420314492138,0.0030211480362537764,0.009938150869588202,0.13872313460421398,0.06975508686181799,0.05144950621216948,0.00895933838731909,0.1949018366054465,0.07190856659082491,0.009210247723904299,0.0023415464850194243,0.005891094363655663,0.09478297602703559,0.11229664060849355,0.024157660521296885,0.0044524541503233326,0.02755156002115283,0.03629160063391442,0.013866102143424186,0.07381482659879096,0.14014151441546097,0.0023415464850194243,0.1949018366054465,0.19256029012042708,JPT,0.0,False,0.1949018366054465,0.04358846755706569,0.07381482659879096,0.012455340847245108,0.005891094363655663,0.00012332848872321047,0.02755156002115283,0.003001464441191351,0.03629160063391442,0.0015029038721319453,0.0006166424436160523,185.0,chr2:200889327-201071671,ORC2,3,200889327,201071671,182345,NIF3L1;ORC2;HYCC2,EAS,JPT
ENSG00000060642.12,PIGV,26787054,26800659,1,2259.9939295518543,2355.0150401773826,2349.2595184946385,841.0636416511433,2570.8142550056036,1259.0389026437488,1399.2444964537835,2502.144793970431,2434.786145727499,2488.1239794405783,2949.6603862138745,2680.2215158311114,3450.5945974624615,2879.7882612219246,2573.6243177629713,876.6527043265534,1033.1127218059266,1958.3090585427515,2712.0978204026137,1728.5987964900933,1187.4293988027948,2620.053158713162,2161.3027112857617,2836.561274904931,2287.4596254900625,2373.209389453547,0.0032189973614775726,0.0036465489905929604,0.020639288738357325,0.0032465804460056415,0.03669773353103156,0.015087122821929451,0.014893729792759845,0.015964476396891684,0.003168400485821408,0.034479094724539125,0.0541573749601784,0.031384191273922495,0.0064914502849905,0.043335626223609716,0.030277366080880795,0.0037251875898036296,0.005307292219509607,0.002428978772837681,0.0035389816184238326,0.009271031998304726,0.006996713664793809,0.027128503437334743,0.006973058637083994,0.03694098967980947,0.027150281047831158,0.003326644841060302,0.002428978772837681,0.0541573749601784,0.05172839618734072,LWK,0.0,False,0.0064914502849905,6.43733883368164e-05,0.0541573749601784,0.0073968660606472175,0.015087122821929451,0.0006412441747327234,0.03694098967980947,0.004822912481609154,0.015964476396891684,0.00030048503991953916,0.00032186694168408203,128.0,chr1:26693236-27851676,PIGV,11,26693236,27851676,1158441,ARID1A;PIGV;ZDHHC18;GPN2;GPATCH3;NUDC;NR0B2;TENT5B;FAM76A;STX12;PPP1R8,AFR,LWK
ENSG00000162526.7,TSSK3,32351521,32364312,1,6678.85457298707,7939.95618066409,1126.0047610967429,1059.1730059361935,1237.1959843847667,910.157601346249,1135.384971964567,1414.1608983589326,10184.329720466027,1177.055145834141,1063.2071799173848,1050.1759515226706,6510.386693722068,1264.320851748672,1019.8135303139653,1024.8200256451207,1134.9858061642299,7693.582988547583,8847.78465841319,1113.203745043054,857.1763854254128,1078.2616805581517,1644.5557986319473,1059.7097651792253,1138.1783634290146,10076.729884094599,0.025857519788918207,0.043282951062255576,0.0030165114309906858,0.006439938261748895,0.004077525947892396,0.004993625159371015,0.008056394763343404,0.0029074377544008037,0.08897924697681787,0.0035594751102374753,0.0026016778167144527,0.002915761013624556,0.02823516993877982,0.0035980739721678395,0.0025407579928011857,0.0075035921451758825,0.0070586986519477765,0.0368571126834935,0.050602155081343754,0.0027548209366391185,0.002968302766882222,0.0028027498677948176,0.0036978341257263604,0.0029108229690394285,0.003181673560292714,0.08622874643573768,0.0025407579928011857,0.08897924697681787,0.0864384889840167,ITU,0.0,False,0.08897924697681787,0.009704247948524166,0.004077525947892396,9.525057109136536e-05,0.008056394763343404,0.00021349124416982884,0.0030165114309906858,8.389582713229356e-05,0.0036978341257263604,1.7087922380755272e-05,8.543961190377635e-05,61.0,chr1:32292083-32496686,TSSK3,5,32292083,32496686,204604,HDAC1;TSSK3;FAM229A;BSDC1;ZBTB8B,AMR,MXL
ENSG00000151876.13,FBXO4,41925254,41941743,5,9569.345292832655,8853.831457233564,1995.418439715617,979.8511460970011,2826.0970860498196,822.1759252434255,849.605738734644,3645.717652737188,10671.310396529398,2614.494031074346,2932.055578812991,2065.9159220870847,9900.499849743695,2860.9749987679897,2393.472779810934,1036.7766434423354,931.8031163372623,9746.049174050315,10802.337785960794,3025.598732653965,3172.625724151829,1982.7326438525527,5331.6778399255245,2358.066579767914,2415.6534071635942,9875.712378650625,0.06759894459102903,0.05734066166367192,0.013018628281117698,0.0051093725051892065,0.04596483795805973,0.0037186570335741606,0.002544124662108443,0.047311941639794894,0.10022706870148387,0.039419858683525474,0.05325475204417543,0.015161957270847692,0.08412497361199071,0.042541933435631514,0.0253546474698285,0.007769676973018998,0.0037681774758518203,0.0723941282078361,0.08984787661102894,0.04487179487179487,0.10855507261740698,0.010893707033315707,0.08721605916534601,0.022333950780629795,0.03070314985682469,0.08200443552645474,0.002544124662108443,0.10855507261740698,0.10601094795529853,CHS,0.0,False,0.10022706870148387,0.012190060641594455,0.05325475204417543,0.0071905957994754105,0.007769676973018998,0.00020035081431190203,0.0253546474698285,0.0026240314856595527,0.10855507261740698,0.01287303236786942,0.0010017540715595102,249.0,chr5:41730065-41941743,FBXO4,3,41730065,41941743,211679,OXCT1;RIMOC1;FBXO4,EAS,CHS
ENSG00000164169.13,PRMT9,147637785,147684163,4,12771.737303661828,10988.412385807682,2039.619694189879,5760.688958982802,1220.0599115072284,3132.4044810471983,3777.348227865553,1374.00068031438,13028.784440062398,999.2259870248646,1116.2364083788352,1379.222480427422,15433.053806310036,1441.629831267272,1424.6106424061159,2720.582863381542,4426.757620084476,15183.07144671504,16967.794292603485,1662.4339187797382,1019.047991417279,2157.426102727976,1916.4002264685578,1613.5031003283004,1329.361373199709,14490.864788716153,0.14722955145118732,0.10458725293309375,0.01397121083827265,0.2640906913619671,0.003971616183012074,0.09461325966850828,0.12381406688927757,0.002695987735898927,0.16781961239900722,0.0025500717207671466,0.003026441541892322,0.005036314478078779,0.26050242769685455,0.00513254669559236,0.005293245818335804,0.07450375179607259,0.1617131939284577,0.2345548632379343,0.29405239805620115,0.008423394787031151,0.004929502809286547,0.013326282390269699,0.005018489170628632,0.0076210637734850485,0.005408845052497614,0.2224099693737459,0.0025500717207671466,0.29405239805620115,0.291502326335434,FIN,0.0,False,0.29405239805620115,0.09584398330535655,0.005408845052497614,0.00015323414988356978,0.2640906913619671,0.09689688074953995,0.01397121083827265,0.0010008933674191655,0.008423394787031151,8.581018317731008e-05,0.0004290509158865504,152.0,chr4:147617386-147684163,PRMT9,2,147617386,147684163,66778,TMEM184C;PRMT9,AMR,CLM
ENSG00000167987.11,VPS37C,61130257,61161615,11,18534.002691810852,19521.262453666823,6092.332023207977,1117.427960674322,13989.186737175536,872.5466815626143,1075.0632356122073,12887.639082159489,15515.985247051465,9412.382130793494,14519.095934100753,7257.450433563719,19905.343404991567,14321.10859226125,3212.3725000104396,818.2349044044777,1142.4322902627189,21015.939979497023,20704.774896178787,8344.46339822585,5672.080443237809,8354.039836661543,11806.391747969345,4701.351340251411,13600.028922623254,20159.743989107454,0.3657519788918206,0.419405982454286,0.17347586790855207,0.00851562084198201,0.6779284049989409,0.0043030174245643855,0.0067313298351619226,0.5308452714489612,0.26403337381845066,0.4182648886999947,0.7052139747265583,0.2429093993532312,0.4474350854971501,0.6782898566061696,0.04996824052508998,0.0025544143472939172,0.007377136185118352,0.4715387052487063,0.44501373336150435,0.3277707141343505,0.29741333616028837,0.28915917503966154,0.41077654516640255,0.11039957660756813,0.6517128009332909,0.4593938113845179,0.0025544143472939172,0.7052139747265583,0.7026595603792645,JPT,0.0,False,0.4715387052487063,0.23686341099822547,0.7052139747265583,0.5555974764713068,0.00851562084198201,0.0002352802804860652,0.28915917503966154,0.1344392604463243,0.5308452714489612,0.2889894822199952,0.0011764014024303261,274.0,chr11:61102489-61295316,VPS37C,3,61102489,61295316,192828,CD5;VPS37C;VWCE,EAS,JPT
ENSG00000078668.14,VDAC3,42391624,42405937,8,11261.623310173041,7308.278186649846,4367.860780544682,2751.8890016043697,1515.139886774165,1845.422213172067,2278.5605317309296,1596.335887034682,11522.181862631862,1866.3796782344386,1254.6713776306312,2863.3894862720786,11990.865430793401,1224.5691019621734,4251.191281295728,3055.9856551261446,2494.0295962132395,9311.455203221107,12588.53844345876,1223.3626898675714,848.7221849348115,3171.3293776435316,1775.1048454694399,3365.152775924817,1425.1773700481358,10355.690766846155,0.10490765171503957,0.03461579114258535,0.09113039796782388,0.07504390866996646,0.007148909129421733,0.03617722056948576,0.04669528806911539,0.004123275360786594,0.12203622537888789,0.014450406417680497,0.00499097377083997,0.03769283783067381,0.13975089719231581,0.0032276840044446796,0.09077916578445903,0.09179926560587515,0.05455896401655875,0.06368148695744007,0.13648848510458483,0.0032845941936851027,0.002597264921021944,0.04383923849814913,0.0044374009508716325,0.05451177560201111,0.007211793403330152,0.09261801668602809,0.002597264921021944,0.13975089719231581,0.13715363227129387,PEL,0.0,False,0.13975089719231581,0.023046280387615598,0.014450406417680497,0.0008007869481617544,0.09179926560587515,0.015199006521302776,0.09113039796782388,0.020773990718705417,0.0044374009508716325,2.44287015042815e-05,0.0001221435075214075,77.0,chr8:42271302-43077334,VDAC3,8,42271302,43077334,806033,IKBKB;POLB;DKK4;VDAC3;THAP1;RNF170;HOOK3;ENSG00000254673,AMR,PEL
ENSG00000120686.12,UFM1,38349849,38363619,13,29873.74232264968,19800.50557113351,1399.3890240968412,1387.9131407187222,1217.2163186800349,1287.8558561729235,1319.1367206643101,1517.2420535453678,30101.326747135594,1023.9580043206892,1251.9646534885903,1485.6492907513593,29235.66585321223,1453.7957139064642,1429.8072320701172,1213.8533519752025,1243.5100011229022,25652.606032450858,30151.552051650036,1530.397473288535,976.5658962905139,2095.5093062769165,2828.200001903728,1616.59419577976,1220.50345024711,30220.070920334856,0.7756728232189973,0.42934150724024944,0.004815834038950043,0.015274894885305233,0.003918661300571912,0.01593710157246069,0.012190597339269624,0.0035946503145319027,0.810846490996462,0.0027625776974977423,0.004937878305192736,0.005778508190637756,0.7856765885581591,0.005291285253187999,0.005346178276519162,0.012346336011920601,0.009924636450482964,0.6476396662794381,0.7788400591590957,0.005933460478915025,0.004134421711014523,0.012480169222633527,0.015108293713681987,0.007726911881450119,0.003977091950365892,0.810750871264125,0.0027625776974977423,0.810846490996462,0.8080839132989642,FIN,0.1665819475709825,False,0.810846490996462,0.6691712030141571,0.005291285253187999,0.00014767138744596018,0.01593710157246069,0.0007059125524674548,0.012480169222633527,0.0008339131532108972,0.015108293713681987,0.0002697100347193398,0.0007383569372298008,208.0,chr13:38349849-38363619,UFM1,1,38349849,38363619,13771,UFM1,EUR,FIN
ENSG00000131467.12,PSME3,42824385,42843760,17,9432.535699229966,8934.39856929401,2657.635049154418,1853.9513180568354,1360.5766870412212,1231.0209902300805,1739.694729307886,2007.945806089584,11658.206120157256,1279.0185095596846,1221.118607372445,3005.1345476463966,10197.077355120735,1340.2746729354656,2476.32364364174,1040.3395730769755,1793.3435835153518,12215.911276658486,12172.127048511811,1491.5359367500225,1749.8354620832633,2470.203943765277,1919.477535457624,3067.1106767647666,1107.2923787193624,10571.500956196502,0.06443271767810026,0.05834478384948737,0.029900508044030483,0.0329448081324179,0.005295488244016098,0.014024649383765405,0.026077277786611543,0.006819263096685521,0.12652479273380154,0.004356372522977209,0.0044069236487203995,0.04325929067486614,0.09035254380409542,0.00407428964495476,0.02741901333897946,0.007876110904156245,0.026907971552913704,0.13417467525609886,0.1255017959011198,0.005456664547573638,0.027456800593660555,0.02305658381808567,0.005071315372424723,0.04487959777718973,0.002810478311591897,0.0986904636181223,0.002810478311591897,0.13417467525609886,0.13136419694450696,TSI,0.0,False,0.13417467525609886,0.021316715866150398,0.005295488244016098,0.0001478688268965605,0.0329448081324179,0.0025212775716914482,0.04487959777718973,0.006607421680846631,0.027456800593660555,0.0008698427922043309,0.0007393441344828026,209.0,chr17:42188799-42858130,PSME3,9,42188799,42858130,669332,GHDC;VPS25;WNK4;COA3;CNTD1;BECN1;PSME3;AOC2;AOC3,EUR,TSI
ENSG00000161791.14,FMNL3,49636499,49708165,12,13452.767563303743,11184.716727212055,1886.0876932769218,1442.9531627036013,1663.2931062627063,769.1335262327578,1200.5720613574279,1770.900136336166,12883.354055562459,1869.667916667808,1435.8434876800939,1739.9952777958038,11683.154005570212,1569.037749212143,1796.509526548863,879.5835235768536,1701.8672024264001,13646.593653914559,14332.039597620362,2304.3099024480907,1514.4351135673219,1901.0848900766812,2542.422252337278,1589.887667751977,1981.1783544136247,11891.556033157329,0.16886543535620052,0.10902652996511997,0.01090177815410669,0.017403800095800736,0.010273247193391231,0.0029218019549511263,0.00911644670588859,0.004704762911666755,0.16354227174314834,0.014609785900228444,0.00727407879367102,0.009489476753432646,0.1301984378298501,0.007037409386740039,0.010374761803938174,0.0037784045553722525,0.023564377454622653,0.1788995670081318,0.1912634692583985,0.02119093028183937,0.01664369765716103,0.009994711792702273,0.011251980982567354,0.0071976713416247685,0.01813553929366847,0.134385890801563,0.0029218019549511263,0.1912634692583985,0.18834166730344737,CHB,0.0,False,0.1912634692583985,0.04204285641777875,0.01813553929366847,0.0011736054137472197,0.023564377454622653,0.0014011960789762567,0.01090177815410669,0.0006701177016803936,0.02119093028183937,0.0005235020565794778,0.0026175102828973887,418.0,chr12:49366584-49764934,FMNL3,7,49366584,49764934,398351,SPATS2;KCNH3;MCRS1;PRPF40B;FAM186B;FMNL3;TMBIM6,AMR,CLM
ENSG00000167619.13,TMEM145,42313309,42325064,19,4518.5996903616715,4602.564181194355,3439.2419685857926,1860.1839793022375,1411.6940189352229,1154.465960855116,1463.297574610141,2409.999884605152,5367.445842666261,1373.7504552941969,1653.2408359751578,2908.8839169181315,4606.227240580748,1907.7382909057658,3359.7261340609375,854.0218182129532,1738.8099987312337,6295.222932200178,5366.678695443333,2958.872233147172,1913.0020613698757,3406.146319726883,3067.2870199255117,2543.338824432872,2155.8934653423585,5882.396566932188,0.009445910290237468,0.01025261600253673,0.05445596951735817,0.03305125339294268,0.005877991950857869,0.011527836804079898,0.016483807706577622,0.014167151239625734,0.014469028885251096,0.005578281889178133,0.011734097908038654,0.04002544664157345,0.012771796495672366,0.012963648870310599,0.055737878467076014,0.003139800968548773,0.024891200509500052,0.020593515682754252,0.013786182125501796,0.042540792540792544,0.035513622389483725,0.05103120042305658,0.020390913893291073,0.026938343477110348,0.023067133312122175,0.01969584961453163,0.003139800968548773,0.055737878467076014,0.05259807749852724,JPT,0.0,False,0.020593515682754252,0.0005879057848795486,0.023067133312122175,0.0017591734999033199,0.03305125339294268,0.00253557572058362,0.055737878467076014,0.009380310869293203,0.042540792540792544,0.0020520312417139377,0.002939528924397743,456.0,chr19:41956681-42427388,TMEM145,19,41956681,42427388,470708,RABAC1;ENSG00000285505;ATP1A3;GRIK5;ZNF574;POU2F2;DEDD2;ENSG00000288671;ZNF526;GSK3A;ENSG00000268643;ERF;CIC;PAFAH1B3;PRR19;TMEM145;MEGF8;CNFN;LIPE,AFR,ACB
ENSG00000115325.14,DOK1,74549026,74557551,2,10385.865632189725,10228.50160216808,2347.5638525150302,2632.0536516846246,1198.2222160151014,2349.365876228888,2780.5031315362085,2535.029733755214,11263.715790780176,1285.450438738831,1135.3852814882944,2136.4574147979333,9983.351947988536,1355.152594587684,2440.3403573118426,2452.2469168585185,2435.707988807029,9881.14721704808,11920.54422339622,2278.5009614549235,2890.82553186473,1998.0349682229273,3118.1735156569143,2163.4549380625876,1219.07472009095,10479.20710606167,0.0841688654353562,0.08624881090793785,0.020533446232006775,0.06801852147533131,0.003600932005930947,0.05737356566085848,0.06741930354587375,0.016493101443146377,0.11517135765960818,0.004409499017159858,0.003238823404481257,0.01685840004241107,0.08613046231792273,0.00428594105508228,0.026836756298962525,0.05976265233356394,0.05195839082899904,0.07503432252613793,0.11742024086203254,0.020396270396270396,0.09026820735715042,0.011052353252247488,0.021288959323824616,0.017835406192114316,0.003924064057694347,0.09562783820889217,0.003238823404481257,0.11742024086203254,0.11418141745755128,GBR,0.2811400422237861,False,0.11742024086203254,0.016509651881827875,0.004409499017159858,0.00010865979645577303,0.06801852147533131,0.00898562452809497,0.026836756298962525,0.0028765402012124195,0.09026820735715042,0.008966827177414262,0.0005432989822788651,170.0,chr2:74526645-74648338,DOK1,5,74526645,74648338,121694,AUP1;HTRA2;LOXL3;DOK1;M1AP,EUR,GBR
ENSG00000165443.12,PHYHIPL,59176643,59247774,10,13502.2584440448,14679.833192070228,5403.521135887844,1469.3124313826613,2701.685701150414,1553.00000552572,1810.1226723722075,2845.56913575189,12443.137819425478,2135.171496964749,2814.5798977134527,5060.967895217803,15858.65960642691,2596.960190150933,4670.501803965523,2516.250085909136,2006.189137989607,18211.67462604002,16552.220112296323,1971.2652274767368,885.073890582159,4079.8124673973157,3548.1291899973708,4176.561839722705,2372.8603099941092,14872.291739717419,0.17034300791556728,0.21974421308529754,0.1392887383573243,0.018468252701048484,0.04088116924380428,0.02406502337441564,0.02846239465733821,0.024052439604588464,0.1503406030522258,0.022366254050895183,0.0495911649145163,0.12972485818798707,0.27728520160439096,0.03317635853748876,0.10946432352318441,0.06375392475121068,0.03460354527120263,0.35758791847079946,0.27646313120642296,0.013721127357490993,0.0033393406127424996,0.07429931253305129,0.03069202324352879,0.08668960042339244,0.02948350832537915,0.23645580314711162,0.0033393406127424996,0.35758791847079946,0.35424857785805697,PEL,0.0,False,0.35758791847079946,0.1394230294610044,0.0495911649145163,0.0063778834879700515,0.06375392475121068,0.008021439483408126,0.1392887383573243,0.04125740172584261,0.03069202324352879,0.0010820980732521516,0.005410490366260758,667.0,chr10:59176643-59247774,PHYHIPL,1,59176643,59247774,71132,PHYHIPL,AMR,PEL
ENSG00000136541.15,ERMN,157318631,157327713,2,10517.744136518031,9769.447627696316,2622.4244621669677,2805.3985104019625,1608.215961054913,2578.184033504632,2320.5139778001835,2740.7363259297517,12043.401027090189,1716.7595276776628,1462.3155880881413,2459.2933380347927,10325.694613643134,1237.892268934613,2249.2145315872967,2063.980471744265,2523.8813568704536,8185.563967796715,9510.759934485986,1853.0119322896342,1695.5327822162003,2747.6793671230407,2748.5561217074237,2195.334949100442,1314.6177645353291,11095.645024657591,0.08643799472295514,0.07573195222492336,0.02873624047417443,0.0770131459896748,0.008737555602626563,0.0672545686357841,0.048391371177187684,0.021567901887191415,0.13835348788086815,0.010519045848164479,0.007805033450143358,0.025075544717171182,0.09378298501161073,0.0033864225620403197,0.020326063942409486,0.04198818583364376,0.05593885999363125,0.04435526454747069,0.061852947390661314,0.011337147700784065,0.025177568111947417,0.030724484399788473,0.013576333861595352,0.018470494839904737,0.005143705589139887,0.11152180800506917,0.0033864225620403197,0.13835348788086815,0.13496706531882782,IBS,0.0,False,0.13835348788086815,0.022606794759720977,0.010519045848164479,0.0004693079637022382,0.0770131459896748,0.01117128665803788,0.030724484399788473,0.003580066050380329,0.025177568111947417,0.0007339498191662413,0.002346539818511191,393.0,chr2:157257705-157327713,ERMN,2,157257705,157327713,70009,GALNT5;ERMN,EUR,IBS
ENSG00000169679.15,BUB1,110637528,110678063,2,5978.269414181268,6019.690271963821,2511.17070899773,1802.2928289682202,1294.286503054106,2106.4333308223872,2205.3833611520054,2848.2408967430547,6158.341537876069,1255.0094535802677,1321.656837443788,2103.579757491339,5201.48578494723,1278.6132671736598,2123.650287747276,1811.0962607956226,2151.5970039658732,5269.274028915478,6927.851084809817,2288.832461136145,2960.531338512551,1692.413830740502,2549.717804601132,1804.7487664057023,1166.193260099881,7474.170413316196,0.018733509234828496,0.02008244371630906,0.025931414055884842,0.03134812922454628,0.004660029654734167,0.046695707607309817,0.043091111464461755,0.024211027118464873,0.021228283255003432,0.0041438665462466134,0.005521928427312308,0.01611620632985209,0.01588558159172472,0.0037568125297634796,0.01699131907685793,0.03198339630674259,0.038902451969005415,0.012620128841482734,0.025670821888865412,0.020714134350497987,0.09456164528781935,0.007139079851930196,0.011410459587955626,0.010902355120402224,0.0034998409163219855,0.03775477875171613,0.0034998409163219855,0.09456164528781935,0.09106180437149737,TSI,0.0,False,0.03775477875171613,0.001877790270033709,0.005521928427312308,0.00015866358031146763,0.046695707607309817,0.0046471716773773585,0.025931414055884842,0.002721242877704178,0.09456164528781935,0.009821912078399487,0.0007933179015573381,222.0,chr2:110637528-110678063,BUB1,1,110637528,110678063,40536,BUB1,EUR,TSI
ENSG00000187187.14,ZNF546,39984134,40021038,19,18915.12968717897,17253.232860634103,2842.5006542147116,2964.738981337861,1577.7975882081175,3818.3437024343452,3431.809170425631,2761.857224205379,17699.345751166467,1172.2146376155567,1304.1645641494583,2508.34793038749,20066.168092909975,1997.5771902096471,2572.7580114628427,2536.6211937176477,2987.476572618876,20366.39234556521,21615.860134271254,2709.5807640249614,1605.0284886974468,3081.605951862696,2274.015983009288,2941.0214350804276,1715.147453466383,19480.862937100268,0.38010554089709764,0.3227988584716203,0.036145215918712954,0.08504976315929533,0.008155051895784792,0.13615597110072247,0.10149997349870143,0.02188507691494423,0.3582404815968738,0.0035063486160548264,0.005362642030370606,0.02629486295923236,0.45371543170783196,0.015027250119053918,0.03017150116451408,0.06476504709701453,0.07860099777093726,0.44455591931566163,0.48151278259032326,0.03311082856537402,0.021096151807484365,0.040719196192490745,0.008135235076597993,0.04001058481079651,0.011507052709725315,0.4325166332242053,0.0035063486160548264,0.48151278259032326,0.47800643397426845,FIN,0.0,False,0.48151278259032326,0.24655524663646983,0.015027250119053918,0.0008553089405293399,0.13615597110072247,0.030334113935539808,0.040719196192490745,0.005645517832837001,0.03311082856537402,0.0012555803470739955,0.0042765447026467,573.0,chr19:39984134-40090943,ZNF546,3,39984134,40090943,106810,ZNF546;ZNF780B;ZNF780A,EUR,FIN
ENSG00000147535.17,PLPP5,38263130,38269243,8,2814.894418849672,4107.270627264686,1728.6404441684524,4373.477491438588,3906.3349687938708,3893.892002844005,3873.034791120878,3689.0158596659826,2605.462997430573,3100.2233613481485,4193.536507455506,1814.9476891059994,2707.0885766889264,3835.3723088231673,1525.6634302125976,4427.546979810725,3067.8666189630094,3649.2044332398823,4488.209113859739,3994.5592049542615,2940.8744810452167,1887.3200731961297,3534.33670644306,1952.4255127463673,3331.611880995006,3264.6209672902232,0.004379947229551451,0.007874431878236972,0.008520321761219305,0.16834317951993188,0.09055284897267528,0.14061835954101148,0.1292733343933853,0.04879209176930803,0.0036964672334583093,0.05960792647293205,0.10858022724859297,0.010443725812437046,0.00469706565336711,0.08153870575162707,0.00619309760745289,0.1756159863764568,0.08343063369069101,0.005755623613897983,0.009824635537713924,0.0844988344988345,0.09350153715679,0.009888947646747753,0.030269413629160063,0.01296639322572109,0.06761056315622017,0.005438800295701764,0.0036964672334583093,0.1756159863764568,0.1719195191429985,ESN,0.0,False,0.009824635537713924,0.00014240215516945646,0.10858022724859297,0.023845062521821885,0.1756159863764568,0.04739038486555068,0.01296639322572109,0.0008870845637794266,0.09350153715679,0.009607234085202304,0.0007120107758472824,202.0,chr8:37695782-38409527,PLPP5,7,37695782,38409527,713746,ZNF703;ERLIN2;BAG4;DDHD2;PLPP5;NSD3;LETM2,AFR,ESN
ENSG00000081386.13,ZNF510,96754553,96778129,9,30213.70200980113,19225.675084946546,2688.1943924492225,6535.944083165848,1335.9556109839139,6059.021400016258,5024.869346232856,2336.272332065721,32012.11670260201,1432.8616084586117,1200.4908055325755,1947.1231203799914,31528.899297046923,1277.135180696255,2528.6873592701245,6703.527235497356,3887.182088641775,25246.750255213126,34335.15947670752,1382.9519313373846,1214.9169452164506,2087.607944583243,2722.431843969046,2953.1181362307248,1334.3248667264215,31235.729136868194,0.7846437994722956,0.4057182116055385,0.031064775613886538,0.31795199318750333,0.005030713831815294,0.2847960050998725,0.20347697037154822,0.012634138605487129,0.8522469240111951,0.006640811772831111,0.004088350854836997,0.012882362296559402,0.8380303989867004,0.0037038996772315994,0.02884818970993013,0.33383002501197384,0.12902027385627854,0.6335938325060725,0.8662053665751109,0.004714981987709261,0.007632778543411428,0.012374405076679007,0.013206550449022716,0.04022228102672665,0.0055149008378407045,0.8330341113105925,0.0037038996772315994,0.8662053665751109,0.8625014668978793,IBS,0.0,False,0.8662053665751109,0.7594321687313844,0.006640811772831111,0.00021643006966823165,0.33383002501197384,0.14612373195870176,0.04022228102672665,0.005534518208475318,0.013206550449022716,0.00020719075882735116,0.0010359537941367558,255.0,chr9:96639577-96778129,ZNF510,2,96639577,96778129,138553,PRXL2C;ZNF510,AMR,MXL
ENSG00000123091.5,RNF11,51236273,51273447,1,7562.358767483109,6524.959039503034,3027.325522039699,1537.1895059713227,2337.9011001737535,1558.0786014073083,1588.1667793878958,1551.8000666972218,6946.554700667024,2250.0223784903396,2113.65871546528,2109.8937886217,6552.4401567810455,1758.9165000366131,2698.9126577135703,2270.5104588040085,1344.4124354890546,8674.34868164734,9247.25825039773,1664.2125734861875,1397.4723323740684,2537.957005615167,2144.7221366397557,2549.533390896025,2074.7476948946714,9690.702399682485,0.03509234828496042,0.024997357573195222,0.0418077900084674,0.0205439352812816,0.028754501165007412,0.024436889077773055,0.021042031059521918,0.003806100333033779,0.030046997940539683,0.025978855655315304,0.024317723266433045,0.016328261676297515,0.028762930124551403,0.0097888777183978,0.033453313571882276,0.05193975839497632,0.012525209638042671,0.05232865138874221,0.057627297697020914,0.008476372112735749,0.012880313792006784,0.024748810153358013,0.006814580031695721,0.027202963747023023,0.021052073390603457,0.0773048896398775,0.003806100333033779,0.0773048896398775,0.07349878930684373,CLM,0.05557498318762609,False,0.0773048896398775,0.007412018212647503,0.028754501165007412,0.002548998039790147,0.05193975839497632,0.0056004050881054476,0.0418077900084674,0.0058916129501951795,0.012880313792006784,0.00019727716504512878,0.0009863858252256439,247.0,chr1:51236273-52420836,RNF11,6,51236273,52420836,1184564,RNF11;EPS15;TXNDC12;ENSG00000285839;KTI12;PRPF38A,AMR,CLM
ENSG00000110497.15,AMBRA1,46396414,46594125,11,9999.057488035649,9951.744025468348,2312.135949493204,875.3893287241016,2600.778681659316,1553.2053537290976,1280.406441651147,2890.9905271576617,9749.754440772493,2408.051474540187,2680.8212210060965,2488.0962857905442,8961.879494513369,2745.6641914696716,2855.822054845962,1303.4527166284413,1329.161569538319,9782.463183673952,11415.61564257154,1669.9590743940971,1398.4725315601543,3153.290891616767,2761.0322038369304,2625.040288604625,2404.014872129385,9057.814138832546,0.07572559366754618,0.07927280414332523,0.019951312447078748,0.0038320293788919046,0.0375979665325143,0.024118147046323844,0.01102454020246992,0.02495110218322144,0.07836510534931615,0.03187589650958933,0.04544971859403207,0.02581773842973016,0.06570614312856238,0.03852055664320864,0.037846707601100996,0.014102495875685168,0.012206772104872095,0.0731333826169606,0.10447918867525882,0.008635304089849544,0.012986324605109721,0.04331041776837652,0.013787638668779715,0.029743318338184704,0.030438010393466965,0.06331185975287781,0.0038320293788919046,0.10447918867525882,0.10064715929636692,CDX,0.0,False,0.10447918867525882,0.013200108161137127,0.04544971859403207,0.005507381567011272,0.024118147046323844,0.0014594308729413287,0.04331041776837652,0.006237850071152655,0.02495110218322144,0.0007210650623331983,0.0036053253116659916,515.0,chr11:46383789-46674818,AMBRA1,4,46383789,46674818,291030,CHRM4;AMBRA1;HARBI1;ATG13,AMR,MXL
ENSG00000115507.10,OTX1,63050057,63057836,2,3245.411379248933,3573.9933782594485,3044.611793960501,2209.981612912342,3542.869715471769,2747.1359163386564,2882.104729688585,4326.472000783344,3176.533080942484,3604.1972144752626,3561.166944349167,3381.6104492804056,3423.6447782195196,3212.284619584741,3227.1112601447685,2093.938200966417,2660.132550678481,4588.093207215268,2756.836651499001,3809.959966081525,3709.0434743327064,3732.7938304208496,3590.762235433904,2713.1452719380272,4147.419895363254,3327.9505135792456,0.005488126649076517,0.006183278723179368,0.04233700254022015,0.04688913726116345,0.07355433170938361,0.07681682957926052,0.07240154767583612,0.06988423111487023,0.0055975075249511536,0.08091165064017425,0.08028034405861739,0.05693686052059588,0.006280346210681866,0.055346843748346475,0.050603430023290284,0.04305252514501623,0.06320985033435941,0.008712641250396029,0.0038559053454468623,0.07671116762025854,0.14666595992791265,0.061448968799576946,0.032276809297411516,0.03286583752315427,0.10229080496341075,0.005755623613897983,0.0038559053454468623,0.14666595992791265,0.1428100545824658,MSL,0.0,False,0.008712641250396029,0.00011312836631993816,0.10229080496341075,0.02156706916803642,0.07681682957926052,0.011121413169845638,0.061448968799576946,0.010983240495670208,0.14666595992791265,0.023218721981155797,0.0005656418315996908,177.0,chr2:62673851-63057836,OTX1,2,62673851,63057836,383986,EHBP1;OTX1,AFR,MSL
ENSG00000159197.4,KCNE2,34364006,34371381,21,3186.078916423299,2605.1918957671296,2844.859762757847,1812.3468668043947,2151.402789848076,1409.7812530781478,1693.9096369323418,2363.4994452910582,3265.676917808226,2125.6459924357973,2409.382106469255,2968.3696413120483,3473.540348243433,2020.7319183357188,2745.3748882399786,1446.608349313662,1524.2101183389932,3330.4780369698306,4047.8196624047237,2085.582421833962,2314.042629198755,2162.06243178494,2414.323337202371,2850.3350652031913,2084.232792112481,4036.3442155132634,0.00532981530343008,0.003963640207166262,0.03625105842506351,0.031827132896907764,0.02208218597754713,0.019283892902677433,0.02432819208141199,0.013057038642490882,0.005967154248296985,0.021994368591616638,0.03562705744929383,0.042146000106027676,0.006544226303567659,0.01592676861209588,0.034935422401016304,0.018625937949018147,0.0175140643243817,0.005069173091139508,0.00755334882738221,0.016317016317016316,0.05708682285593131,0.013484928609201481,0.0098256735340729,0.03741730616565229,0.021317212853961185,0.008131798500369627,0.003963640207166262,0.05708682285593131,0.05312318264876505,ASW,0.0,False,0.008131798500369627,9.912096813247667e-05,0.03562705744929383,0.003655872509949471,0.031827132896907764,0.0023732501792854944,0.042146000106027676,0.005968884812178513,0.05708682285593131,0.003652253914427296,0.0004956048406623833,162.0,chr21:34364006-34371381,KCNE2,1,34364006,34371381,7376,KCNE2,AFR,ASW
ENSG00000137807.16,KIF23,69414246,69448427,15,9212.094214465207,7471.274993557533,1419.2848715538848,4515.516530626906,1647.431847577361,4193.111377481994,4461.370099077791,2373.5642733347236,11224.116758972601,1909.3836153618518,1364.6050341971577,1762.7068258722722,11073.045562335667,1354.9978718278508,1501.3552943286738,5495.203553492704,4832.759344947802,7999.030579464634,11217.772722769869,3291.7180288607783,5016.615029465039,1909.4645090084807,2346.312815539409,1329.838443570943,1224.483503854255,10946.074972710843,0.06021108179419525,0.03625409576154741,0.005133361558001694,0.17744424929480015,0.009796653251429782,0.15899915002124948,0.16690517835373933,0.013215626156367288,0.1139568041400433,0.015566062795516124,0.006159074015079112,0.009754545936489424,0.11272957568081064,0.0042330282025504,0.0059284353165360995,0.24447873982225535,0.18649824859356756,0.04129263913824058,0.09909148531586731,0.05530832803560076,0.24461995123502597,0.010100475938656796,0.008927628103539356,0.004869012966393226,0.004136175628380528,0.10777273207308058,0.004136175628380528,0.24461995123502597,0.24048377560664544,TSI,0.0,False,0.1139568041400433,0.015589287798443015,0.015566062795516124,0.0009075446957731036,0.24447873982225535,0.0846373221774922,0.010100475938656796,0.0005922846796377839,0.24461995123502597,0.06328801166671742,0.0029614233981889193,461.0,chr15:69414246-69456205,KIF23,2,69414246,69456205,41960,KIF23;RPLP1,SAS,STU
ENSG00000164920.10,OSR2,98944403,98952104,8,4625.487428330407,3821.689327736749,1437.4196052448854,1530.7099011286318,1966.4531491950054,2003.747808879152,1953.9068883077384,2271.1633335127976,4018.460658789894,1697.0831076983054,2033.263493119965,1245.9515268239043,4444.699244021546,1873.3592923292283,1509.2852612864096,1555.6235257722753,1590.6220903816245,4788.63853769199,4673.243281431604,1899.1020539292456,1398.248755038326,1394.0056800917127,1955.691500631557,1385.0317699319414,1446.8296117257776,4041.652608512124,0.009815303430079155,0.007028855300708171,0.005186282811176969,0.02038426739049444,0.01668078796865071,0.04334891627709307,0.033338633593046056,0.010995400962097585,0.0080266145640809,0.010200286883068586,0.022034618243601995,0.004506176111965223,0.011716276124129196,0.012169956082332399,0.006034300232902816,0.02229790857325315,0.019902345823161024,0.009715915091350724,0.010405662370589479,0.012343716889171434,0.012933319198558254,0.004177683765203596,0.005176967776016905,0.005662873776131252,0.007636016544702514,0.008184602386735663,0.004177683765203596,0.04334891627709307,0.039171232511889476,PJL,0.0,False,0.011716276124129196,0.00019954003432763191,0.022034618243601995,0.0016287024642810198,0.04334891627709307,0.004079132018524584,0.006034300232902816,0.0002574711122873975,0.012933319198558254,0.00019887167853559017,0.0009943583926779508,248.0,chr8:98944403-98952104,OSR2,1,98944403,98952104,7702,OSR2,AMR,PUR
ENSG00000072134.16,EPN2,19215615,19336715,17,6184.293248286428,7336.118424567286,9828.14619975299,6547.61790038214,1461.4081726737666,6647.737974536733,6721.6705379319355,4482.000231995178,5720.240970630727,1703.6776607652205,1374.163274744425,8879.812122583737,5450.645110078249,1416.5585858382344,10459.244972426666,4143.4379243854455,7032.7236823062285,6750.091437037746,5512.5246150070725,5734.2069283286955,6137.646831524338,9499.62978736617,3294.8423394256433,9876.259726946939,1236.8078056859254,5991.595324854733,0.02058047493403694,0.035038579431349755,0.3790220152413209,0.31885677790196393,0.006301631010379157,0.32708244793880153,0.32267981131075424,0.07538193159591901,0.017531816021545122,0.010253413377251235,0.00626526494637358,0.33616073795260565,0.01804939835338822,0.00497380813799672,0.42716493753969936,0.15699004842743866,0.34311644199129604,0.025715492660259794,0.01478977392774139,0.17201737656283111,0.33356302342838967,0.3549973558963511,0.02530375066032752,0.3897327335273882,0.004189203521052074,0.021015946773682542,0.004189203521052074,0.42716493753969936,0.4229757340186473,TSI,0.19048562769919322,False,0.035038579431349755,0.0016275104675969054,0.010253413377251235,0.0004495375856333814,0.34311644199129604,0.15332402844594703,0.42716493753969936,0.25268667092531333,0.33356302342838967,0.11623396999576517,0.002247687928166907,385.0,chr17:19215615-19336715,EPN2,1,19215615,19336715,121101,EPN2,EUR,TSI
ENSG00000118058.25,KMT2A,118436456,118526832,11,5805.59645403908,4869.267377833053,2656.9382052915253,1847.0927957804192,1779.7452960278601,2317.4457941268292,2752.9811040090403,1872.6852481037909,5963.129035349189,1645.1429807842012,1949.5090708602181,3303.3785788415057,5658.727566873706,1718.577972667909,3233.538038614494,2885.165725986062,2572.1863751577594,5439.181217690965,6456.373413648567,1371.6276134524192,988.5841181969677,2987.2392605706245,2203.5359938032875,2911.6768316683024,2023.0419261874704,5816.979713750607,0.017361477572559368,0.011309586724447733,0.029794665537679933,0.03273191761136835,0.012603262020758314,0.056151721206969825,0.0665712619918376,0.005814875508801607,0.01943285631303797,0.009350262976146204,0.019273654029945842,0.054074113343582676,0.019579902892125817,0.008995184930419599,0.05097395723057379,0.08360385290830717,0.05875172486997134,0.013729010455169501,0.021339530952884007,0.004503072684890867,0.004293437930668928,0.03781068217874141,0.007290015847860539,0.039322572109023554,0.01935518082511401,0.019167810750871265,0.004293437930668928,0.08360385290830717,0.07931041497763824,PEL,0.0,False,0.021339530952884007,0.0006293851347028379,0.01935518082511401,0.0013094481830559232,0.08360385290830717,0.012900873614871413,0.054074113343582676,0.008931668939619601,0.007290015847860539,6.464266090707814e-05,0.0003232133045353907,130.0,chr11:118401602-118531197,KMT2A,3,118401602,118531197,129596,ENSG00000285827;KMT2A;TTC36,AMR,PEL
ENSG00000166734.20,GOLM2,44288719,44415758,15,6875.864920165172,7603.061908842305,2804.924180929193,4382.950041537521,1646.807632144933,3832.8248203628414,4236.475119925573,2294.772850360781,7712.687247671202,1864.3091850868905,1627.8207197952195,2201.2285676624992,10407.660832040952,1988.8134927018546,2810.9954379163087,2629.634905330484,4740.338662214923,8343.455566380313,7475.489895209688,1442.4673316051446,990.02122331232,2211.2454511429696,2044.754978271496,2640.274293215405,1649.1746328843346,6160.56461233094,0.027704485488126648,0.03789240038050946,0.03487510584250635,0.1691415189738677,0.00974369836898962,0.13727156821079473,0.15010335506439815,0.011788338531479621,0.0401330728204045,0.014237900440949901,0.01125623871721355,0.017971690611249536,0.09605235381042854,0.014551034446266998,0.03647046368833368,0.07003352668830823,0.180660227152107,0.04694265497940649,0.03211493767166702,0.0050858232676414495,0.004346443337220397,0.014806980433632998,0.005916534601162177,0.03043133103995766,0.010711634319652137,0.023128102228324003,0.004346443337220397,0.180660227152107,0.1763137838148866,PEL,0.01908060453400504,False,0.09605235381042854,0.011235854177960929,0.014551034446266998,0.0008101930334338854,0.180660227152107,0.04980237011299646,0.03647046368833368,0.004723955351049899,0.011788338531479621,0.00016582895671102908,0.0008291447835551454,228.0,chr15:44288719-44663688,GOLM2,3,44288719,44663688,374970,GOLM2;EIF3J;SPG11,AMR,PEL
ENSG00000174842.17,GLMN,92246402,92298987,1,13120.495458234052,11368.786443269937,4015.7325607728285,1087.3552597329178,6728.982523020347,891.0671216377748,1103.6940352423771,6282.368179015118,11109.62640030984,5834.576486795597,6387.713332842894,4396.097306731624,9394.554110503863,6778.919936818396,4256.8236564103945,911.4871360163672,960.1382948857645,12263.739549178697,9245.530931283576,7039.638653450938,4597.534322208022,4048.5621731664446,8142.894520354436,3712.0022239017276,6413.770205953831,11681.197075663402,0.15889182058047494,0.11462847479124828,0.07625952582557155,0.007504390866996647,0.2348019487396738,0.004515512112197195,0.007049345417925478,0.15467568853412275,0.1112636637270951,0.19274292089465017,0.22363810130614845,0.0986587499337327,0.07362254591513616,0.22413884332504366,0.0912026254499259,0.0043637911766271084,0.004458125464388069,0.13581159573344598,0.057574477075850415,0.2466624284806103,0.21059048022898336,0.07287149656266526,0.2076069730586371,0.0673193966657846,0.216300774207233,0.1284718555285669,0.0043637911766271084,0.2466624284806103,0.24229863730398318,JPT,0.0,False,0.15889182058047494,0.029471711438739598,0.2348019487396738,0.08730538556619445,0.007504390866996647,0.0001885133385076036,0.0986587499337327,0.02361947162049494,0.2466624284806103,0.06432799065360213,0.0009425666925380181,245.0,chr1:92080305-92486925,GLMN,5,92080305,92486925,406621,BTBD8;C1orf146;GLMN;RPAP2;GFI1,EAS,JPT
ENSG00000163069.13,SGCB,52020706,52038299,4,4815.418326922305,5673.515520475978,6183.197806182559,4885.921633399524,6039.933721033137,5661.667307775144,6125.962134280099,4688.934464949721,2797.5039262439604,5882.045626085682,6671.463489649521,6680.406307335701,4105.628915045894,5590.164887749153,6533.474315648186,4922.041719091194,5818.316871774558,4971.625099884874,4921.934959128824,4826.649747453887,5798.302920178807,7205.651230220575,5542.177638662503,6688.4097623174375,4254.417944019639,3117.922335557407,0.010606860158311346,0.0171757742310538,0.17691574936494497,0.20362978338389484,0.1967803431476382,0.2553654908627284,0.2787406582922563,0.08484431992387799,0.0043829540053862805,0.19577113106306115,0.24126579590103006,0.20993479298096804,0.009869115473928648,0.15995555320387322,0.20262544992589457,0.20717364695865043,0.2557584120581679,0.010877600591403528,0.011567716036340587,0.12391396482305574,0.3074843634050673,0.22332099418297197,0.09704173269941892,0.20566287377613124,0.10791176158659455,0.004963565318407435,0.0043829540053862805,0.3074843634050673,0.303101409399681,ESN,0.0,False,0.0171757742310538,0.00041524951392949615,0.24126579590103006,0.09138767409363842,0.2787406582922563,0.10651572678206586,0.22332099418297197,0.08852361576862655,0.3074843634050673,0.09909014044562355,0.002076247569647481,366.0,chr4:51993652-52751586,SGCB,4,51993652,52751586,757935,LRRC66;SGCB;USP46;ERVMER34-1,AFR,ESN
ENSG00000115267.10,IFIH1,162267074,162318684,2,13625.994546771632,15421.700838281415,1501.0203682483775,2212.720258105914,1384.6130239010006,2212.265915508533,2802.290203060328,5016.951763735644,14995.719792168396,1289.2938905736994,1313.3493513044255,1386.7328781166757,10783.074405237247,1365.0330698155303,1466.20267569372,2413.042392997798,2247.0648612050504,12078.701199874717,15305.711504854127,5749.368646160157,6296.662408179711,1534.322616834644,5296.763335082829,1766.136503847903,1333.9182239253917,18031.1243601936,0.17403693931398417,0.24754254307155693,0.00550381033022862,0.04704880515195061,0.0056132175386570645,0.05152996175095623,0.06847935548841894,0.09790135856636888,0.24364999735966625,0.0045157520055251555,0.005468832961665074,0.005089328314690134,0.10518260502427697,0.004391766760146039,0.005610840567435952,0.05832579426321111,0.043254431589003293,0.12942232548315555,0.2263891823367843,0.17312990040262768,0.3467613696597053,0.005393971443680592,0.08547279450607502,0.009949722148716592,0.005461872945169159,0.37010243953955013,0.004391766760146039,0.37010243953955013,0.3657106727794041,IBS,0.0,False,0.37010243953955013,0.1489210460462513,0.0056132175386570645,0.00016310240451335528,0.06847935548841894,0.009092619503740372,0.009949722148716592,0.0005780540562732927,0.3467613696597053,0.12542033448975723,0.0008155120225667764,225.0,chr2:162170684-162371595,IFIH1,3,162170684,162371595,200912,FAP;IFIH1;GCA,EUR,IBS
ENSG00000156650.14,KAT6B,74824927,75032624,10,10962.127665580028,11321.914283946311,7599.082945460081,4368.182386514063,2018.0074827632789,4493.931764918055,4316.613186796443,4087.081125443704,11333.315709186645,1287.7868382058025,2032.7133881568548,6941.449505729855,11515.919251823665,2104.172459172891,6773.691743349745,4694.213603724544,3665.6611867408874,10313.900898266395,11367.07274083443,3504.3179891974833,3549.4298250304223,6336.750750032478,4146.613510563097,6577.776803868799,1654.8733482730145,10901.43684058522,0.09773087071240105,0.11330726138885953,0.2516405588484335,0.16813028899888233,0.018057614912094896,0.1781767955801105,0.15609264853977844,0.06116191785166781,0.11749485134921055,0.004462625511342506,0.021981522777954763,0.2247786672321476,0.1248680599535571,0.01809619556590296,0.2146940503917002,0.19253898142727902,0.11660121006262605,0.0833773365719717,0.10284174941897317,0.06378470014833651,0.13526979751934698,0.17932310946589106,0.04527205493924987,0.19973537973008731,0.010923745890338317,0.10661104657302778,0.004462625511342506,0.2516405588484335,0.247177933337091,FIN,0.0,False,0.1248680599535571,0.01857411096662458,0.021981522777954763,0.0016221037589212103,0.19253898142727902,0.055684240997642805,0.2516405588484335,0.10737794599690852,0.13526979751934698,0.019814331679229455,0.008110518794606052,807.0,chr10:74824927-75032624,KAT6B,1,74824927,75032624,207698,KAT6B,EUR,FIN
ENSG00000119523.10,ALG2,99216425,99221942,9,4335.156171747297,3383.2061390200242,3750.630806850512,1901.8521969045078,3791.7906750857733,1739.7628139198605,2062.173632931419,4334.567970225708,2861.930127497362,3378.2166449930623,3570.693546461114,3714.4047498641676,3403.4045031987575,3988.570310185322,3633.166458945819,1717.0112691659558,1935.4071195745428,4717.171597359699,4718.043620630585,4415.915946216523,5003.255870943959,3342.679305332675,3812.4979291159016,3608.0993997592223,3287.3980222049395,3230.734904157865,0.008865435356200527,0.005813338970510517,0.06498729889923793,0.03454148704028953,0.08515145096377887,0.03160858478538037,0.03673079980919065,0.07051858117037585,0.004488567354913661,0.0712957551931148,0.08065201231814803,0.06886497375815087,0.006122018154950391,0.08667125244721943,0.0662185051873809,0.028471076579213453,0.032109117928033115,0.00945189565952054,0.010511303612930487,0.10505403687221869,0.24398388635640836,0.0493918561607615,0.03724247226624406,0.06366763694098967,0.06601972637607381,0.0051747808638715805,0.004488567354913661,0.24398388635640836,0.2394953190014947,ESN,0.0,False,0.010511303612930487,0.00016207975580317206,0.08667125244721943,0.016319131738110837,0.03673079980919065,0.0030509862828958117,0.06886497375815087,0.013205593765528314,0.24398388635640836,0.06296583878734652,0.0008103987790158603,224.0,chr9:99216425-99230615,ALG2,2,99216425,99230615,14191,ALG2;SEC61B,AFR,ESN
ENSG00000178125.15,PPP1R42,66964099,67056604,8,7306.311849612711,7009.157569696016,2127.4852112116337,1077.1600773286734,1607.2328770703882,1103.2683261206907,993.2249459992508,1791.3165644085566,7914.264756120889,2089.1521796584493,1226.484246491622,1620.0529417058663,9112.567483248164,1471.837412250996,1651.7114628810082,1358.0302371012538,1135.0916421688846,8069.064811551501,9938.985264716217,1550.6514620649139,1949.4505714955917,2240.404513479607,2854.2406649183067,1940.2264842510974,1397.0076378821418,8181.534267217973,0.03224274406332454,0.03070499947151464,0.01529424216765453,0.007291500345947097,0.0086846007201864,0.010146621334466638,0.005194254518471405,0.00502193793941957,0.0433542799809896,0.020719332731233067,0.004513114580014866,0.007315909452367068,0.06887270424319189,0.0057145880734430395,0.007939868727503706,0.015645787877175243,0.007111771574142872,0.04250712852465942,0.07056834988379464,0.00641025641025641,0.03795187109085127,0.01565309360126917,0.015583729529846805,0.01275469700979095,0.0066815144766146995,0.04852677157038758,0.004513114580014866,0.07056834988379464,0.06605523530377977,GBR,0.0,False,0.07056834988379464,0.006224053549695165,0.020719332731233067,0.0014684593614294782,0.015645787877175243,0.0006834483749918059,0.01565309360126917,0.0012028874115003903,0.03795187109085127,0.0016406356886169435,0.0034172418749590294,506.0,chr8:66562175-67056604,PPP1R42,6,66562175,67056604,494430,MYBL1;C8orf44-SGK3;SGK3;MCMDC2;TCF24;PPP1R42,EAS,CHS
ENSG00000144029.14,MRPS5,95085369,95122006,2,3000.75116771327,3168.5197259679803,2332.533128234852,2830.5209392145175,2717.8040399333336,2314.521784378549,2549.6496366308415,2646.2735621189986,2873.4558907950254,2525.768782097761,2958.471231178142,2225.2240286852993,3442.319379748863,2278.443899044037,2566.9752500972972,2195.0511623413213,2687.2684064200807,3128.8444880063735,3219.0387623711417,2411.41446909304,2589.3510792623115,2686.0413813584096,2891.6616039045925,2660.8337844184193,2492.49109313598,2960.6760619911784,0.005013192612137203,0.005020610929077265,0.020162997459779848,0.07818404385544733,0.041198898538445244,0.05593922651933702,0.057030794508930935,0.018924776655917956,0.004541374029677351,0.03591351006747065,0.0544759477540618,0.018713884323808515,0.006385898247836183,0.0235462193766866,0.029959771331780648,0.04826778777074131,0.06437745462265153,0.004752349772943289,0.004753855905345447,0.02394575121847849,0.07240538534930563,0.028662083553675305,0.016798732171156894,0.031013495633765546,0.03361968395375968,0.004541134227479143,0.004541134227479143,0.07818404385544733,0.07364290962796818,YRI,0.060374474589224306,False,0.006385898247836183,6.238293304117758e-05,0.0544759477540618,0.007470231598508202,0.07818404385544733,0.01147073730478462,0.031013495633765546,0.0036346864172876257,0.07240538534930563,0.00581999024724105,0.0003119146652058879,124.0,chr2:95025677-96858016,MRPS5,12,95025677,96858016,1832340,MAL;MRPS5;ENSG00000289685;ZNF514;ZNF2;ZNF892;PROM2;STARD7;TMEM127;CIAO1;SNRNP200;ANKRD39,AFR,YRI
ENSG00000117614.10,SYF2,25222276,25232502,1,17519.844413457187,11913.184104767517,1369.6377521769448,989.9745581341308,1755.7311092278549,1316.5757462967683,1253.915606125509,2154.122141642676,16653.02892367817,1868.3320586175257,1835.322573627148,1437.4051191804133,15210.51138061961,2323.4088664101987,1492.1749160151644,1241.7726898178348,1051.756579209226,16792.792243494194,16453.305226484787,1823.0178571241413,1621.629772996128,1717.7154804133545,3329.960777069016,1514.392106330127,1861.7832897899202,16811.948939648744,0.3229551451187335,0.12826339710390022,0.004551227773073666,0.005322263026238757,0.012179622961237027,0.01668083297917552,0.01044151163407007,0.008880900777078819,0.31361884142155566,0.014503532911863145,0.015769353297228415,0.005407411334358268,0.25158328055731477,0.025133604952642996,0.005716705483802668,0.013251024426587196,0.005572656830485087,0.2971802724680537,0.27155081343756604,0.010648442466624285,0.02178522209265345,0.007509254362771021,0.025990491283676705,0.006509658639851813,0.014900837840704211,0.31634808321892494,0.004551227773073666,0.3229551451187335,0.31840391734565987,BEB,0.0,False,0.3229551451187335,0.11470298476750629,0.025133604952642996,0.002032405299415996,0.01668083297917552,0.000764673110934549,0.007509254362771021,0.00036670612978249357,0.025990491283676705,0.0007811213807518058,0.001833530648912468,343.0,chr1:25222276-25362361,SYF2,2,25222276,25362361,140086,SYF2;TMEM50A,SAS,BEB
ENSG00000175336.10,APOF,56360568,56362857,12,11959.47827999989,10601.87420025344,1570.864773374806,1324.6370959213082,1998.6328676038147,1287.3420961955205,1242.5826993847943,2350.397268519427,11691.634848402897,1911.2965596705137,1808.1487914389631,1528.4484660672206,10432.563968058977,1727.084574988626,1378.3443631740417,,1552.7726672298368,11795.86975529559,11019.065544339986,2119.2686452609864,1653.6522955135981,1542.2705676648372,3012.0240279465515,1484.3913515348122,1788.3847213819788,12106.289991591388,0.12321899736147757,0.09470457668322588,0.006773920406435224,0.013944329128745542,0.01779284049989409,0.015883977900552487,0.010123496051306514,0.012845588623989004,0.12758092622907535,0.015619189289698772,0.015079112243814379,0.006308646556751312,0.09684399408908592,0.009101010635483358,0.0046051238619521494,,0.018257085235113046,0.12044566480092934,0.09444327065286288,0.01727060817969909,0.023216368069543095,0.005446853516657853,0.019440042260961438,0.006245038369939137,0.013203945275214762,0.1406167493927553,0.0046051238619521494,0.1406167493927553,0.13601162553080318,ITU,0.0,False,0.1406167493927553,0.023320620210432838,0.01779284049989409,0.0011365279144629405,,,0.006773920406435224,0.0003104098889623296,0.023216368069543095,0.0006260789281915939,0.0015520494448116482,315.0,chr12:56158346-56362857,APOF,8,56158346,56362857,204512,MYL6;SMARCC2;ANKRD52;COQ10A;CNPY2;IL23A;STAT2;APOF,SAS,ITU
ENSG00000187944.5,C2orf66,196804417,196809355,2,9135.748519035385,6473.675150139673,3887.7650745560677,1046.6484497120955,3555.6102707535824,962.4360043194521,968.8097243538157,2997.7141151662267,9875.397922078557,3003.7876445745173,3130.8671800268658,4041.003804531005,8135.251085655651,3787.877640724098,4052.5571440290637,1024.516283601908,1073.83499371786,10024.944779925108,9142.103851725555,2630.944521453219,1471.6359380901142,3750.5269475060845,3991.08837013539,3919.110513577548,3639.9716801455843,9173.470491501499,0.058891820580474936,0.02415178099566642,0.07107324301439458,0.006173825110436958,0.07392501588646473,0.006693582660433489,0.0047702337414533315,0.02743563990061849,0.08158631250990125,0.055251553949954846,0.06159074015079112,0.08169432221809893,0.05029554570403209,0.0796338430604794,0.0827334321405886,0.007450375179607259,0.0058380214414605665,0.07751610518534165,0.055672934713712235,0.0304089849544395,0.015212551680271387,0.06224219989423586,0.041362916006339144,0.07552262503307754,0.07932972743663166,0.06616326961664379,0.0047702337414533315,0.0827334321405886,0.07796319839913528,CHS,0.0,False,0.08158631250990125,0.008218412039683046,0.0796338430604794,0.01415172756003822,0.007450375179607259,0.0001861410954923667,0.0827334321405886,0.017767419682078116,0.041362916006339144,0.001942139598957975,0.0009307054774618335,243.0,chr2:196763035-196927796,C2orf66,3,196763035,196927796,164762,GTF3C3;C2orf66;PGAP1,EAS,CHS
ENSG00000185813.11,PCYT2,81900958,81911432,17,8898.719568981242,7699.433776448693,2249.888402923975,2140.10272137884,2015.7502365699784,2165.8303791890266,2127.6336699379053,2184.9511398866316,9803.306358779553,2382.3325016531103,1798.864326054343,2309.7344577068952,7289.831099143674,2029.107042412255,2513.428945836627,2110.6719938291467,2082.550545208652,8765.211056498872,9734.561115249275,1993.3654052452507,1757.6460984908474,2476.6892192095415,1853.1927758269817,2540.552597727072,1912.8315847028425,9400.820074367184,0.05477572559366754,0.03905506817461157,0.018469517358171043,0.0440683378572569,0.018004660029654736,0.04903314917127072,0.03953993745693539,0.009198075804831634,0.07979088556793579,0.03102587260266695,0.01481363491557821,0.020834437788262737,0.03747097318978256,0.016191332874755278,0.02853059496082998,0.04422329838752594,0.03677953508120157,0.054071179638821416,0.06613141770547222,0.014303877940241577,0.028039860065726705,0.02321523003701745,0.004860010565240359,0.02688541942312781,0.016491674620850567,0.07038758052592671,0.004860010565240359,0.07979088556793579,0.07493087500269544,PUR,0.0,False,0.07979088556793579,0.007875403184701021,0.03102587260266695,0.0028968846482579722,0.04903314917127072,0.005062623818682104,0.02853059496082998,0.0031758365369199564,0.028039860065726705,0.000906419807157965,0.0045320990357898255,589.0,chr17:81887835-81927735,PCYT2,6,81887835,81927735,39901,ALYREF;ANAPC11;NPB;PCYT2;SIRT7;MAFG,AMR,PUR
ENSG00000163348.4,PYGO2,154957026,154963853,1,6932.540748290817,6968.156688696738,1901.9456761153433,1223.1171407435074,2251.1304377204333,1220.5409838798985,1282.2686880117726,2606.163600239747,7207.423265762534,2091.274078079875,2067.9270164715813,2031.2621466400783,5532.528410947569,2442.1391729885863,1996.7985192770125,1128.5850820867888,1259.763691398867,7817.659162520345,7464.075735608713,1945.1438632044722,1018.2895637650156,2219.241363060087,2390.4142358415183,2027.5945802656272,1946.9356084985884,6423.385134636131,0.028073878627968337,0.030229362646654687,0.01111346316680779,0.011496088136675714,0.02541834357127727,0.013493412664683383,0.011077542799597181,0.018184701591161388,0.03310978507683371,0.020772459225415714,0.02293724115960497,0.014419763558288713,0.018682710576314123,0.027726334726705118,0.014080033876773238,0.010111223458038422,0.010455365672433924,0.03875805259267082,0.031850834565814494,0.013138376774740411,0.004876497402735079,0.015177154944473824,0.009508716323296355,0.014448266737232072,0.017287093010923744,0.02534586545569754,0.004876497402735079,0.03875805259267082,0.03388155518993574,PEL,0.22788517867603983,False,0.03875805259267082,0.001974553964408409,0.027726334726705118,0.002397504114540005,0.013493412664683383,0.00052726376682182,0.015177154944473824,0.0011442950411081182,0.018184701591161388,0.00038786012604135126,0.0019393006302067563,353.0,chr1:154957026-154994315,PYGO2,5,154957026,154994315,37290,PYGO2;SHC1;CKS1B;FLAD1;LENEP,AMR,PEL
ENSG00000123144.11,TRIR,12730640,12734684,19,10396.050595805924,7229.63721250272,1444.6843100660428,1294.0279307437506,1671.7284209190682,1342.6366713807456,1375.00477764549,1991.172550028939,8747.383714195019,1634.9335279141596,1748.9403591058829,1348.2473939581753,11261.679438754576,1732.563537293453,1494.2300125347854,,1290.744374786164,6842.881325061254,10131.448238215511,1896.5799636872057,1539.8737603868065,1491.0245702138839,2491.56971921625,1602.621100166092,1617.4156577651358,9425.112630820626,0.08427440633245382,0.03345312334848325,0.005345046570702794,0.013412102826121666,0.010590976488032196,0.01737144071398215,0.014045688238723698,0.006660675582809114,0.05729524211860379,0.009137756999415608,0.013911011999575236,0.004877272968244712,0.11790162550137218,0.009259749193078998,0.005769637941986026,,0.011198386583165269,0.02656035484211638,0.07431861398690048,0.012290739563466836,0.018445881479910952,0.004970914859862507,0.010935023771790809,0.0074093675575549085,0.010287411178279774,0.07112683493505122,0.004877272968244712,0.11790162550137218,0.11302435253312747,GIH,0.0,False,0.11790162550137218,0.016639570164953797,0.013911011999575236,0.0007511307069716927,,,0.0074093675575549085,0.00035884986950853565,0.018445881479910952,0.00039885507007913026,0.0017942493475426782,339.0,chr19:12730640-12748323,TRIR,2,12730640,12748323,17684,TRIR;GET3,SAS,GIH
ENSG00000266086.3,ENSG00000266086,57989038,58007246,17,11668.950285374207,11632.499064114934,2978.8019368828436,1036.159368551728,3367.5786602679277,1266.5024998792424,1186.422089051081,3465.9496337121495,14172.445652526267,2916.5350931134544,2896.7800594130526,2411.896970487841,14608.568333325906,3576.362326915088,2414.2602172000875,967.4751318395345,1002.0790615133964,15141.00816417047,13664.994749197907,2084.637668240972,1203.9133016844437,2389.750564454564,4958.054252190424,2439.4152315852334,4060.1663201778924,14697.795076156819,0.11472295514511874,0.12123454180319206,0.039955546147332766,0.00590771195912502,0.06661724210972252,0.015405864853378666,0.008798431123125033,0.041074166093989534,0.21170195912763373,0.05153269935716942,0.05198046086864182,0.02364417112866458,0.22820350432763353,0.070109529604741,0.026254499258945584,0.005907083178117184,0.004882708841948837,0.2330763544196853,0.16897316712444538,0.01621106166560712,0.0073147461041026185,0.020042305658381807,0.07295298468040148,0.024080444562053452,0.09826068512037332,0.22922167071496463,0.004882708841948837,0.2330763544196853,0.22819364557773647,KHV,0.0,False,0.2330763544196853,0.0614047037571734,0.09826068512037332,0.020156516850874943,0.015405864853378666,0.0006651819257969138,0.039955546147332766,0.00547528320495666,0.07295298468040148,0.005906584426432858,0.003325909628984569,496.0,chr17:57971547-58007346,ENSG00000266086,3,57971547,58007346,35800,VEZF1;ENSG00000266086;SRSF1,EAS,KHV
ENSG00000127720.8,METTL25,82358528,82479239,12,8365.902013974337,5993.646271581264,1850.507903286139,1096.668785385732,2642.7841000142903,1130.1614256975151,1202.6199691289387,2381.297424330895,7796.0548575372095,1326.14117905383,2214.172464972969,1624.002288317933,7004.478119211701,2525.5862245157064,1771.6107037058173,1169.8813107512897,1211.158757508714,9470.601736524799,6529.359827478451,1857.1606637299856,1711.3880863395627,1688.848958168223,2445.602445869576,1629.3164068719602,2068.7791080300167,6804.4871445411745,0.0462269129287599,0.01971250396364021,0.010266723116003388,0.007770504018308585,0.039027748358398645,0.010996600084997876,0.009169449303015848,0.013427076174869166,0.041453239689496754,0.004993890453168995,0.027822023999150472,0.007421937125589779,0.033723875870804304,0.030477803058362875,0.009792504763921236,0.01138843063168538,0.00928776138414181,0.06611046573027775,0.021920557785759562,0.01144310235219326,0.02602565461677091,0.007086197778952935,0.01035393555203381,0.007779835935432654,0.020946017605260367,0.030256626887738936,0.004993890453168995,0.06611046573027775,0.06111657527710875,FIN,0.0,False,0.06611046573027775,0.005492596942340052,0.039027748358398645,0.004262040095289555,0.01138843063168538,0.0003916540425772548,0.010266723116003388,0.0006081305050200592,0.02602565461677091,0.0007831942722434498,0.001958270212886274,354.0,chr12:82358528-82479239,METTL25,1,82358528,82479239,120712,METTL25,EAS,CDX
ENSG00000140488.16,CELF6,72284727,72320157,15,20651.41766067827,19094.84939242888,1705.2157793966785,3027.5973958196973,1561.9849907111115,3008.6263492283197,4241.628149708889,3015.750757151308,16750.246762563733,1964.4641435118303,1887.181458976301,1880.470193272292,18761.27295361285,1419.8267653123971,2211.3241501210487,5828.119021115685,3483.3455494788195,19513.630992088223,21767.451794975295,3163.3268219382626,3600.0096860460026,2132.7894129576175,2959.8310702781987,1609.565960087716,1458.6770164993904,19096.895656370798,0.45261213720316623,0.39942923581016804,0.00825571549534293,0.08834956623556336,0.007996187248464308,0.08813217169570761,0.15036836805003445,0.02812285246074959,0.31805460210170566,0.017478616586091483,0.017202930869703727,0.011504002544664157,0.40115051720498207,0.005026720990528599,0.01910861740419225,0.2694907136395083,0.10582740685702155,0.41102545147322844,0.4879040777519544,0.050222504767959315,0.13924520301070709,0.013114754098360656,0.01827786582144744,0.007568139719502514,0.00790115600806024,0.41667546731439437,0.005026720990528599,0.4879040777519544,0.4828773567614258,IBS,0.0,False,0.4879040777519544,0.2528632913957463,0.017478616586091483,0.0011029568226317752,0.2694907136395083,0.10039689196836692,0.01910861740419225,0.001660831174334886,0.13924520301070709,0.02097189044821412,0.005514784113158876,670.0,chr15:72266746-72408367,CELF6,5,72266746,72408367,141622,ENSG00000273025;CELF6;ENSG00000260729;HEXA;TMEM202,EUR,IBS
ENSG00000165156.15,ZHX1,123248451,123275541,8,8010.866967593412,5304.762015852126,1415.6016283072915,1495.1622082698266,1688.0380922114848,1485.819744907602,1568.3831177740312,2056.97897901547,8913.811093584107,1604.469864908658,1628.0254788311709,1469.4838093630055,10815.17043499584,1589.481204382887,1665.861505414693,1500.833985451781,1505.045336316579,8430.457928311524,8729.260942187637,1611.4649494666114,1159.4728813233887,1564.5247214419219,2422.185601394117,1679.675085452715,1621.5006356092663,9590.144278814247,0.041688654353562005,0.01411055913751189,0.005027519051651143,0.019160146894459523,0.010908705782673162,0.021940076498087546,0.020405999893994806,0.007453613152191151,0.06030522258013413,0.008712745045954418,0.011309334182860785,0.005725494354026401,0.10581591724720286,0.007513625059526959,0.008151598560237137,0.020594965675057208,0.016877189258040548,0.0482627521385574,0.04848933023452356,0.007310870947234584,0.006519665005830595,0.005499735589635114,0.010036978341257264,0.008520772691188144,0.010340439070951321,0.07513993029886999,0.005027519051651143,0.10581591724720286,0.10078839819555171,BEB,0.0,False,0.10581591724720286,0.013525566746214811,0.011309334182860785,0.0005301499942781408,0.021940076498087546,0.0012362986581526863,0.008520772691188144,0.0004498586871958485,0.010036978341257264,0.00012098767241509424,0.0006049383620754712,183.0,chr8:123219967-123275541,ZHX1,3,123219967,123275541,55575,C8orf76;ZHX1-C8orf76;ZHX1,AMR,PEL
ENSG00000166803.14,PCLAF,64364304,64387687,15,12382.271917061267,14765.81779135183,8342.482532693846,1556.9454917802543,2776.8144118143296,1225.6120657790314,1773.57711913452,2140.427772341424,14385.765806526888,2529.652520958565,2745.6331907250838,8720.776760041123,14071.60443007964,3017.7569925255816,8963.847974552964,1383.4392187180454,1862.293597167534,14640.92054023183,17025.73274253327,2098.062238234184,1019.657132372214,10223.482179427956,3353.309175485448,8258.268798262134,2634.888037402379,14873.393227231201,0.1354617414248021,0.2231793679315083,0.29429508890770534,0.021448719995742188,0.04389959754289346,0.0138652783680408,0.02713732972915673,0.008563725749326003,0.22110154723557057,0.0359666365616533,0.04714877349474355,0.32683030270900704,0.2069875448596158,0.04852108577173395,0.3408320982426424,0.01639082539513597,0.029296253051693026,0.21554546414616116,0.2965877878723854,0.01658190294553931,0.005035513622389484,0.3974616604970915,0.026677231907025884,0.2946811325747552,0.039930003181673564,0.23661421480620973,0.005035513622389484,0.3974616604970915,0.392426146874702,PEL,0.0,False,0.2965877878723854,0.09743349778508065,0.04852108577173395,0.00614800817118524,0.029296253051693026,0.0020523885944211235,0.3974616604970915,0.22488576712137548,0.026677231907025884,0.0008220917621430466,0.004110458810715234,564.0,chr15:64364304-65185342,PCLAF,5,64364304,65185342,821039,PCLAF;TRIP4;UBAP1L;PDCD7;CLPX,AMR,PEL
ENSG00000203877.9,RIPPLY2,83853360,83857515,6,21414.199567245036,20210.155661683348,2988.5433131275036,4225.971999963185,1508.6953125374978,6527.8758631622495,6501.794099814895,5010.45777034995,21390.09739542348,2343.3775181844812,2185.7251128929956,1492.649414976604,19804.95698568205,1440.5675799731337,2802.2946837753993,4799.229973332597,4709.963084268405,21694.06808561401,21213.56206231903,7513.0939690180085,7980.424610642157,1580.0109968520185,5111.452641347955,1746.438214010434,1881.0313340546945,22121.679726704162,0.4846437994722955,0.4471514639044498,0.04037891617273497,0.15977433604768748,0.00704299936454141,0.31826391840203994,0.3057719828271585,0.09753132103399059,0.5149706922955062,0.029485204271370132,0.02681321015185303,0.005831522027249112,0.44379354021532613,0.005079633843060479,0.03609993648105018,0.1993507530200628,0.17880267487527862,0.49730700179533216,0.46529685189097825,0.27574698029243483,0.4836213293755963,0.005605499735589635,0.07886951928156366,0.009738025932786451,0.015590200445434299,0.5406061886154822,0.005079633843060479,0.5406061886154822,0.5355265547724217,IBS,0.0,False,0.5406061886154822,0.3077738514383946,0.029485204271370132,0.0026589412797445623,0.31826391840203994,0.13438977331349158,0.04037891617273497,0.005569416142744832,0.4836213293755963,0.24075061762299613,0.013294706398722812,1047.0,chr6:83853360-83967423,RIPPLY2,2,83853360,83967423,114064,RIPPLY2;CYB5R4,EUR,IBS
ENSG00000158793.14,NIT1,161118086,161125445,1,3553.015710734179,5363.438885903454,4388.974960441774,4788.869044276088,5153.0098157376215,4132.221718804262,4636.450408558835,3432.352060125707,4732.342124981678,3609.255424275524,5030.28036264864,4844.406437697946,3800.7059530561432,5012.904566883682,5455.777845978448,5291.74896851652,4259.858299233181,4795.675302961444,3852.5061872718284,4855.4179918072705,4090.9665497852025,5754.257540341106,5021.904619871123,4957.442557288719,5509.209307992842,3190.454586379316,0.006226912928759895,0.014480498890180741,0.09218882303132939,0.19612539251689817,0.14991527218809575,0.15512112197195072,0.17729368739068213,0.04012264101073109,0.011089401700374927,0.0810710301227222,0.14792396729319315,0.11949318772199544,0.008285834916613891,0.13212339277210433,0.1475756934152022,0.23005694215315842,0.15237235962212078,0.009821522864082796,0.006761039509824636,0.12571519389701208,0.17406975511502173,0.15161290322580645,0.07533016376122557,0.12193702037576078,0.16831053133948456,0.005121976977505545,0.005121976977505545,0.23005694215315842,0.22493496517565287,YRI,0.0,False,0.014480498890180741,0.0002994190917488968,0.16831053133948456,0.049857427233422,0.23005694215315842,0.07608018461647155,0.15161290322580645,0.04732047734325773,0.17406975511502173,0.0324836968181917,0.0014970954587444842,306.0,chr1:161070998-161178013,NIT1,8,161070998,161178013,107016,NECTIN4;KLHDC9;NIT1;DEDD;UFC1;USP21;PPOX;B4GALT3,AFR,YRI
ENSG00000165338.17,HECTD2,91409280,91514829,10,16931.30014072189,12625.953720919877,1782.957637974325,1487.164974472201,1822.5729284700633,1663.6953590350245,2060.512058176649,2349.377513676802,17117.191562397278,1775.289173834739,1720.7766339968655,1411.104970021206,17565.94604891561,1782.4179016270823,1419.6871719556223,1920.9691304610583,2283.480938221818,18526.87973143243,17587.126515767213,1705.8141009126846,1313.0614115290145,1733.197448373136,2789.4500409330744,1635.6224563767064,2203.994041278515,17529.982597465216,0.3005277044854881,0.148028749603636,0.009261219305673158,0.018894033743147586,0.013556449904681212,0.029271143221419466,0.03662479461493613,0.012792726119363535,0.3341078312298675,0.012112840673643946,0.01311458001486673,0.005195355987912845,0.3497994511294068,0.010476744801312238,0.005134448443785729,0.035921451758820715,0.04505891094363656,0.37131692892596896,0.31956475808155504,0.008953168044077135,0.010283048870984841,0.007773664727657325,0.014527205493924987,0.00804445620534533,0.024870081662954714,0.34702714119759215,0.005134448443785729,0.37131692892596896,0.3661824804821832,ITU,0.0,False,0.37131692892596896,0.1498587128428327,0.024870081662954714,0.0019966748815532587,0.04505891094363656,0.004365390798137599,0.009261219305673158,0.0005147577806820041,0.014527205493924987,0.00024975163744061216,0.0012487581872030608,282.0,chr10:91409280-91514829,HECTD2,1,91409280,91514829,105550,HECTD2,AMR,MXL
ENSG00000164687.11,FABP5,81280536,81284777,8,10717.458663320089,9256.402078136167,2051.9738031464617,1206.2949562893439,2834.8433651115934,1069.801736881247,1199.0448745178592,3290.0750218631706,10141.8082654492,3128.981613288872,2976.7221561112733,2054.381131525559,11369.231611630028,2996.6332607185605,2304.025784158366,1134.951897142327,1149.602927441329,11332.029578715361,10035.312417281035,1638.7530679578822,1591.6981062550822,1518.5715680294124,3575.4246848244993,1842.9600748176413,3094.7301563942583,9835.393257210073,0.09187335092348285,0.0658492759750555,0.014024132091447926,0.011017084464314226,0.04644143190002118,0.009349766255843604,0.00901044151163407,0.0361579531638209,0.08797592015630776,0.06104234181586357,0.054953806944886906,0.014843874251179558,0.12011821828161283,0.047621567278692,0.022231632437010374,0.010324091320312916,0.007536354951703641,0.10824796705037491,0.07273399535178533,0.007893621529985167,0.02083112477472702,0.0051824431517715494,0.03143159006867406,0.011696215930140249,0.05833068193869976,0.08126518111733023,0.0051824431517715494,0.12011821828161283,0.11493577512984128,PJL,0.0,False,0.12011821828161283,0.017244072410868182,0.06104234181586357,0.009047048035967243,0.011017084464314226,0.00036954194210919256,0.022231632437010374,0.002121517386969662,0.0361579531638209,0.0014920741387061192,0.0018477097105459627,344.0,chr8:81280536-81284777,FABP5,1,81280536,81284777,4242,FABP5,EAS,KHV
ENSG00000072041.18,SLC6A15,84859491,84913629,12,21045.00852269471,20514.6188868137,5097.69165438137,1067.5119269125912,7067.442630232957,1096.8768786812943,1005.2608190831684,7077.540841444203,22774.044216909042,5857.331746130392,6639.336851411125,6521.639913064006,21473.441469660753,7239.822349810655,5657.652379103996,1052.6273217596192,1029.020121072146,21025.45152564732,21693.50584285532,4720.730685804144,3516.985210987129,6552.635194508803,8669.28153886996,5716.3061527793125,7544.411199705708,20631.880825915618,0.4686543535620053,0.4598351125673819,0.12515876375952584,0.006812496673585609,0.25614276636305866,0.00993412664683383,0.005353262309853183,0.19268382935983508,0.571737867666473,0.1939648302608511,0.23919507274078794,0.20076339924720352,0.5120857082541693,0.250013228213133,0.15784459030277367,0.008355063594273855,0.005201146375119414,0.4719083324532686,0.48452355799704205,0.11872218690400509,0.1333616028834941,0.1891062929666843,0.23338615953512942,0.15956602275734322,0.284865839431541,0.47708311331714015,0.005201146375119414,0.571737867666473,0.5665367212913537,KHV,0.0,False,0.571737867666473,0.3426243176406118,0.284865839431541,0.12086200859738945,0.00993412664683383,0.00030823885491909565,0.20076339924720352,0.07451944284842421,0.23338615953512942,0.05771656460328148,0.0015411942745954784,313.0,chr12:84859491-84913629,SLC6A15,1,84859491,84913629,54139,SLC6A15,EAS,KHV
ENSG00000153936.18,HS2ST1,86914635,87109982,1,20320.46500505923,17375.61113154699,3645.7897448163126,1127.2043167414774,4184.388472999283,1222.2273232790722,998.6473202170594,3894.8867082801853,18313.50224507351,3646.333218606996,4791.005336673827,3692.8465147782654,22345.05521859073,3168.150911581264,3226.3362715603016,1236.7523126256765,1163.5416071620168,19078.038694591614,22036.48443196361,3601.629334695898,1742.490505119075,2784.659576428189,4586.603600029439,2430.26188250594,3314.5192096067412,21139.352696992613,0.4395250659630607,0.32766092379241096,0.061547417442845045,0.008888179253818724,0.10294429146367295,0.013599660008499787,0.005247257115598664,0.05555849236136808,0.3842741722553731,0.08340859586675875,0.13672082404162683,0.06791072469914648,0.5479206248680599,0.05391819672998571,0.050550497565106926,0.013091373529881326,0.008014011251459506,0.39370577674516843,0.49735896894147474,0.06823479550752277,0.027032757341248808,0.03183500793231095,0.060380348652931855,0.023868748346123313,0.06686817265881854,0.49836307952265285,0.005247257115598664,0.5479206248680599,0.5426733677524612,CHS,0.0,False,0.5479206248680599,0.31580137765447536,0.13672082404162683,0.035141139179174226,0.013599660008499787,0.0005345633988407501,0.06791072469914648,0.012910925943876135,0.06823479550752277,0.00518104947555487,0.0026728169942037503,429.0,chr1:86914635-87109982,HS2ST1,1,86914635,87109982,195348,HS2ST1,EAS,CHS
ENSG00000165832.6,TRUB1,114938195,114977676,10,22986.091879273896,21810.557480415,5550.104734604011,1330.019478306167,6967.791433300731,1386.9830895626383,1367.8306066236796,6974.837994197222,20704.056245775417,5517.032437569292,8244.639763265668,7146.104550765923,21792.111180686123,7691.367081444443,6290.984723583697,1223.529629829432,1031.9709599823855,21491.99334499037,21238.569408911015,5474.636120464923,1752.4965160489285,6003.828339852067,7731.405803711856,7545.978333939036,8035.701968786672,21278.453540740466,0.5446437994722955,0.5108867984356833,0.1460626587637595,0.014157219649795093,0.24894090235119679,0.018646408839779006,0.013462659670323845,0.18692181635565894,0.486191054549295,0.17478616586091483,0.3388552617606456,0.23675979430631394,0.5258602491028077,0.2766283930366686,0.19045098454372222,0.01266563780533234,0.00525421929731451,0.49012567324955114,0.4662476230720473,0.15707777071413434,0.027668822219866426,0.16456901110523534,0.1873217115689382,0.2537708388462556,0.31376604093753313,0.5041715070229169,0.00525421929731451,0.5446437994722955,0.539389580174981,KHV,0.0,False,0.5446437994722955,0.3121928748845555,0.3388552617606456,0.16185497024566856,0.018646408839779006,0.0009295729481633562,0.2537708388462556,0.10885188361689611,0.1873217115689382,0.03750825363755264,0.004647864740816781,603.0,chr10:114938195-114977676,TRUB1,1,114938195,114977676,39482,TRUB1,EAS,KHV
ENSG00000079102.18,RUNX1T1,91954972,92103385,8,11812.719755189299,8711.472541860272,2434.5725819133536,1231.5035635901643,3411.487026485683,1030.1674743166484,1229.706629810862,3510.0818822049796,13952.54086301011,2741.6498245154266,4349.7231797916165,2358.4593897032028,9306.511895291436,3746.694664655905,2051.533730983399,941.6573504864945,1201.4606242174941,14387.74210082914,10239.971279090467,3102.651966355071,1934.156227279817,2257.6418110939067,3608.176389784761,2750.661398890485,3692.0352874681457,11903.712076127495,0.11873350923482849,0.05506817461156326,0.02312658763759526,0.011655756027462877,0.06889430205464944,0.008074798130046749,0.009752477871415699,0.04244859121425173,0.20351692453926176,0.04446687563087712,0.11532335138579165,0.02258389439643747,0.07225036943213003,0.07783480607439547,0.015244547956807113,0.0052684795912937045,0.008863178006581042,0.20450945189565953,0.07637861821255018,0.0473087518542064,0.036679741333616026,0.016129032258064516,0.03254094030639197,0.03429478698068272,0.0817159826068512,0.13507234132432147,0.0052684795912937045,0.20450945189565953,0.19924097230436583,JPT,0.0,False,0.20450945189565953,0.047797880727234524,0.11532335138579165,0.026389457303311388,0.011655756027462877,0.00040791271605914754,0.03429478698068272,0.004276653033635422,0.0473087518542064,0.0025270836080438794,0.0020395635802957376,365.0,chr8:91954972-92103385,RUNX1T1,1,91954972,92103385,148414,RUNX1T1,EAS,JPT
ENSG00000167525.16,PROCA1,28703197,28711888,17,4298.577667514838,4242.2703265695945,3359.0557103732726,1431.8896707820907,2838.2671395013795,2927.5122742523736,2895.8328669291004,3004.6477607833995,4533.913649241269,2463.3010671746465,2439.6057669847532,3303.996405075862,4151.451923290176,2616.414288012609,2843.3268283432,2789.9439411561584,2206.0156779837444,3557.6899722238663,3940.8433610551215,2481.899111574684,1993.1648159974336,3726.516149583069,3035.774292340125,3057.4488325986445,3411.7403557306966,4171.39622345219,0.008654353562005277,0.008720008455765775,0.05191574936494496,0.017137686944488795,0.0465473416649015,0.08462600934976626,0.07340859702125405,0.027805677432996775,0.010086074879864815,0.0334696913350688,0.03695444409047467,0.05412712718019403,0.01013299556681444,0.034022964177998834,0.037634977768367564,0.07828215635144484,0.04144995223437002,0.005385996409335727,0.007077963236847665,0.02595888959525323,0.040178098166012935,0.06129032258064516,0.019862651875330165,0.04445620534532945,0.07036801357514053,0.008818249023128102,0.005385996409335727,0.08462600934976626,0.07924001294043054,LWK,0.0,False,0.01013299556681444,0.0001510881418013929,0.07036801357514053,0.011492314432884102,0.08462600934976626,0.013178649653788756,0.06129032258064516,0.010937418360588027,0.040178098166012935,0.0018345909131668502,0.0007554407090069645,211.0,chr17:28041737-28724359,PROCA1,8,28041737,28724359,682623,NLK;IFT20;ALDOC;SPAG5;ENSG00000258472;PROCA1;RAB34;RPL23A,AFR,LWK
ENSG00000181322.15,NME9,138261437,138329886,3,8857.152647283954,7866.876161710617,3859.188763489916,1964.0352000386783,3682.0461466830425,1631.9284015768485,1903.5069094695734,3673.490671866137,9065.417921448585,3114.150123883537,3055.0682559512575,3544.348993105786,9618.04374021083,3379.7549924815066,3467.139601251382,1724.2958099664484,1823.4239107251437,10045.07308031603,10249.390087898666,2132.1644273925926,1056.0431062892503,3916.192413545221,3972.27795175057,3204.0226790315173,3151.6272733546944,9613.9782622652,0.05408970976253298,0.04169749497938907,0.06969729043183742,0.036404279099473094,0.0791145943656005,0.028155546111347216,0.031536545290719246,0.048316329227678805,0.06368484976501029,0.06013919141475854,0.05813953488372093,0.06266235487462228,0.07826683554992611,0.06153764749457643,0.059284353165361,0.028683944441487946,0.027969429996815624,0.07778012461717182,0.0766955419395732,0.017747404111040473,0.005512562281352698,0.06747752511898467,0.04094030639197042,0.048901825879862394,0.06087602078693393,0.07561516527616433,0.005512562281352698,0.0791145943656005,0.0736020320842478,PEL,0.0,False,0.07826683554992611,0.007589729770872444,0.0791145943656005,0.013996795498033465,0.036404279099473094,0.003003599699421874,0.06969729043183742,0.013464676574839636,0.048316329227678805,0.002633663177391285,0.013168315886956425,1039.0,chr3:138261437-138329886,NME9,1,138261437,138329886,68450,NME9,AMR,PEL
ENSG00000204923.4,FBXO48,68459422,68467294,2,10936.270556003137,10791.384531417214,2365.2816255074968,1047.1682394220113,2510.1895001861703,1070.0237486964081,1372.971169333723,2546.6819314035406,9477.9528741969,2506.971282647165,2981.455286944125,2625.4252537719535,12950.093861632628,2739.3828544296834,2403.3023068341954,954.9799234832903,1194.9121289916693,11240.117589887128,11181.537372121391,2014.485471138408,1427.789318086021,2372.65455245445,2370.604458324807,2233.8951900873267,2717.4036963039252,10755.531703014933,0.09715039577836411,0.09935524785963429,0.021327265029635903,0.006227047740699345,0.03526795170514722,0.009402889927751807,0.013886680447341919,0.016651688957022785,0.07260917780007393,0.035116612654730914,0.05511309334182861,0.029687748502359116,0.16835549926113574,0.038361818085612995,0.026042769426212153,0.005587781384705444,0.008703959239995755,0.10566057661843911,0.09792943165011621,0.014621741894469168,0.013887416516484681,0.01935483870967742,0.00919175911251981,0.019264355649642764,0.043429844097995544,0.10280916675467315,0.005587781384705444,0.16835549926113574,0.1627677178764303,JPT,0.0,False,0.16835549926113574,0.03292633116875796,0.05511309334182861,0.00761784268421483,0.013886680447341919,0.0005544979964211381,0.029687748502359116,0.003386742722312875,0.016651688957022785,0.0003263635154370218,0.001631817577185109,321.0,chr2:68459422-68467294,FBXO48,1,68459422,68467294,7873,FBXO48,AMR,PUR
ENSG00000075218.19,GTSE1,46296870,46330810,22,25737.32699526741,21929.320703307978,1506.4639661506706,1139.4460833767248,4450.817108130173,1125.0306674037017,1191.8615705288669,4238.377628900105,29121.146441139204,2769.2924128144555,3182.1740322087244,1507.239862158706,30061.46884887032,3939.780865898006,1670.5702358275832,1092.6931352835168,1279.1586021626192,32660.00155386725,27389.874826511586,2684.2641828793994,1423.6011052727977,2276.52882866173,4643.137173657965,1981.190670355252,4315.282665229742,27190.06837455152,0.6496569920844327,0.5159074093647606,0.00560965283657917,0.009207515035393049,0.11613005719127303,0.010837229069273268,0.008851433720252292,0.06650103081884019,0.7871362940275651,0.0453168995377995,0.06355527237973876,0.006043577373694534,0.8055731475617479,0.08513677972379491,0.008363328392970569,0.00910010111223458,0.010879949049994692,0.839634597106347,0.7001373336150433,0.032316168679805045,0.013728400296830277,0.016975145425700687,0.06217643951399894,0.01338978565758137,0.11093435146887262,0.7276375541239836,0.00560965283657917,0.839634597106347,0.8340249442697678,BEB,0.0,False,0.839634597106347,0.7154282275092422,0.11613005719127303,0.02670083396569845,0.010879949049994692,0.0003615159949408128,0.016975145425700687,0.0013714297651345984,0.06650103081884019,0.004926149237550404,0.0018075799747040641,340.0,chr22:46244011-46330810,GTSE1,4,46244011,46330810,86800,CDPF1;PKDREJ;TTC38;GTSE1,EAS,CHS
ENSG00000155714.14,PDZD9,21983865,22001116,16,5194.279665039986,4212.493663568476,5321.305076434364,4221.221660032398,1967.5865235503404,4538.21191555027,4724.367123810503,2676.932239777425,5162.337617848159,1948.421775351092,1963.8900788642723,4710.274695998231,4565.573074860918,2529.231679538292,5385.818922906559,5216.484450700457,4984.520367124879,4286.511870225054,4929.584250127373,1512.0324240805867,2059.767154532363,4553.514602875734,2418.6112506412537,5171.993771074291,2776.4181683225956,4876.26592184301,0.012928759894459104,0.008402917239192474,0.13579593564775613,0.1596146681569003,0.01673374285109087,0.18120484487887803,0.18328298086606243,0.020034889253052808,0.013307282040449913,0.016522339690803804,0.01980460868641818,0.11371467953135768,0.01261346843994089,0.030583628763426636,0.14381748888418378,0.2254270661486882,0.19743127056575735,0.007656563523075298,0.011673357278681597,0.0056685738503920325,0.043040390119792216,0.09624537281861449,0.009931325937665082,0.132839375496163,0.04549793191218581,0.012461717182384624,0.0056685738503920325,0.2254270661486882,0.21975849229829617,MXL,0.0,False,0.013307282040449913,0.0002546700224711291,0.04549793191218581,0.005517216259601002,0.2254270661486882,0.07341646439577819,0.14381748888418378,0.0434484841583148,0.043040390119792216,0.002099536385548984,0.0012733501123556455,286.0,chr16:21639550-22001116,PDZD9,3,21639550,22001116,361567,IGSF6;UQCRC2;PDZD9,AFR,LWK
ENSG00000100442.11,FKBP3,45115599,45135319,14,8512.943694241874,8359.598021954278,2962.562845573066,1837.8335676524487,1546.8853935359912,1803.046105811428,1961.6841301414204,1977.351130564842,9894.189258685246,2048.349390054487,1438.7583406659426,2853.1057056289633,9698.985480490106,1686.3057724315142,2093.5807895296734,2505.7237194871545,1946.8552637984874,10588.19267620584,8614.623825573106,2117.375335485151,1350.9217088557261,2266.242312558833,2032.2666117717833,2363.7670098627536,2060.771016712041,8385.597157533191,0.0483377308707124,0.04946622978543495,0.03921464860287892,0.03257224972058119,0.007678457953823343,0.033999150021249466,0.0335506439815551,0.006502088068932706,0.08195595923324708,0.019816182330128034,0.007380269724965488,0.03716269946456025,0.08000844416297234,0.008677707815228319,0.016250264662290917,0.0631153211643872,0.0323744825390086,0.08918576407223572,0.047063173462919924,0.017164653528289893,0.011608184034771547,0.01660497091485986,0.005758055995773904,0.0224927229425774,0.020521794463888004,0.05243425916147428,0.005758055995773904,0.08918576407223572,0.08342770807646181,PUR,0.0,False,0.08918576407223572,0.00974744549614529,0.020521794463888004,0.0014449769480406472,0.0631153211643872,0.007881117318070858,0.03921464860287892,0.005312028693592675,0.017164653528289893,0.0003463623502643391,0.0017318117513216954,328.0,chr14:44897275-45135319,FKBP3,5,44897275,45135319,238045,C14orf28;KLHL28;TOGARAM1;PRPF39;FKBP3,AMR,PUR
ENSG00000106258.16,CYP3A5,99648194,99679996,7,15165.938278015728,13997.371046768374,4894.933057426578,3857.640418035521,1399.8598223386016,3525.2333993299967,3201.9746613001416,2715.607542400578,16043.119651723957,1463.9502136792987,1355.11064852211,3805.556353606522,14189.336829720796,1774.1455322206,4498.4193877225935,3362.0380985316297,3666.469293022185,15052.99353832506,15557.241263407273,3386.4598239557167,1513.7189332300238,5097.76884094002,4196.116967910595,5071.566970486481,1378.3793298807363,15929.630777894936,0.2283377308707124,0.19416552161505127,0.11605630821337849,0.1339613603704295,0.005772082185977547,0.11873140671483214,0.08941538135368633,0.021092139345562193,0.28605375719490944,0.007065823726292302,0.005999787618137411,0.07268196999416848,0.2118429385687144,0.01010635483358908,0.10131272496294728,0.10866904369112873,0.11670735590701624,0.22990812123772308,0.23594971476864568,0.05922865013774105,0.016537686844058094,0.11998942358540454,0.04696249339672477,0.12781159036782216,0.006204263442570792,0.2790157355581371,0.005772082185977547,0.28605375719490944,0.2802816750089319,CEU,0.0,False,0.28605375719490944,0.0909113719389787,0.01010635483358908,0.00043874127196361323,0.1339613603704295,0.029482197886182056,0.12781159036782216,0.0359008388355769,0.05922865013774105,0.003925692296554767,0.002193706359818066,377.0,chr7:99598267-100464260,CYP3A5,4,99598267,100464260,865994,TMEM225B;ZSCAN25;CYP3A5;SPACDR,EUR,CEU
ENSG00000104738.19,MCM4,47960185,47978160,8,9600.984714472466,6885.2103607262225,2838.4667648441086,2830.9469477290318,1472.1946080473137,1781.5166568101008,1807.0930271411569,2032.444002939749,9030.948624817986,1467.1815006358484,1336.693933957729,4048.361896921942,9531.390829893675,1614.4527044744152,2705.6831666440526,1700.5137576345871,2379.2882447078305,7966.115022354887,10682.839563725192,2716.4282876143343,2116.3727734696145,2881.776899963899,3001.1220618648554,2995.4725910456505,1571.4980468691824,8229.936195996259,0.06854881266490766,0.029119543388648136,0.035933530906011854,0.07823726648570972,0.0065134505401398006,0.03330854228644284,0.02830338686595643,0.007136438124438336,0.06299836299308233,0.0071189502204749506,0.005787405755548476,0.08201240523776705,0.07605024276968546,0.007778189322186359,0.033717975862799066,0.02777925602682135,0.04898630718607366,0.040870208047312284,0.08662581871962814,0.03353464717101081,0.04622071451288031,0.034584875727128504,0.0190702588483888,0.04218047102408044,0.009651076466221232,0.04974126095680642,0.005787405755548476,0.08662581871962814,0.08083841296407966,GBR,0.0,False,0.08662581871962814,0.009218460385602015,0.009651076466221232,0.0004059959001099116,0.07823726648570972,0.011484429489935277,0.08201240523776705,0.017517672960449728,0.04622071451288031,0.002414416036681132,0.002029979500549558,362.0,chr8:47773111-48921740,MCM4,3,47773111,48921740,1148630,PRKDC;MCM4;SNAI2,EUR,GBR
ENSG00000182700.5,IGIP,140125937,140129392,5,4217.387049992391,3983.3801907974744,2964.2943196595606,1326.7319143665316,2725.4674570413326,1224.782211985867,1288.9501142152203,3114.661915373624,4352.858287671862,2157.4484987734268,2609.1560085748283,3022.5385749142224,3237.5011729575317,2303.5075975872405,2951.4309472641403,,1343.1456247951596,3834.002524759737,4203.1890419338615,2883.4871537186305,,3229.0003305053283,2621.5295781565633,3248.723137822508,2569.739029188831,3995.57414682935,0.008390501319261215,0.007557340661663672,0.03937341236240474,0.01399755175900793,0.041304808303325564,0.013759031024224395,0.011236550590978958,0.030871702701273988,0.009188361408882083,0.02337565744036551,0.04274184984602315,0.0437894290409797,0.005858138062064598,0.024604476427324197,0.04102265509210248,,0.012472136715847574,0.006230858591192312,0.008504120008451299,0.03930917567281204,,0.04553146483342147,0.011885895404120444,0.050542471553320985,0.037278608548096295,0.007920582954905482,0.005858138062064598,0.050542471553320985,0.04468433349125639,GWD,0.0,False,0.009188361408882083,0.00012525810527426812,0.04274184984602315,0.004966525271638138,,,0.050542471553320985,0.008007446776744146,,,0.0006262905263713406,187.0,chr5:139273752-140129392,IGIP,8,139273752,140129392,855641,MATR3;MZB1;PROB1;SPATA24;ENSG00000279686;ECSCR;PURA;IGIP,AFR,GWD
ENSG00000277399.6,GPR179,38324571,38343956,17,19627.82088289016,16907.87317114715,2724.066212058859,1654.1922815075045,2985.111195621427,2404.845178852712,2385.88144015061,3781.010530682417,20046.549062016944,3094.8946681892744,2768.662626738144,3095.5070050797403,22919.252374431373,4447.067922337648,2073.390672095894,2578.6190690855683,1963.949618928363,18876.784072608905,20530.5962264089,2108.2219437172353,1107.7258432553224,2098.9993984108182,5369.4514842961935,2365.5923496173377,3356.8035478242373,20499.41494514505,0.4095514511873351,0.30720854032343303,0.03191151566469094,0.02623875671935707,0.05231942385087905,0.05949851253718657,0.05051147506227805,0.051699529523708834,0.4563552833078101,0.059342294002018806,0.04815758734204099,0.0461750516884907,0.5697698965590036,0.10683104926186571,0.01561507516409062,0.06726624447873983,0.03327672221632523,0.3869996831766818,0.4383583350940207,0.016793812248357704,0.005936605533764444,0.012533051295610787,0.08890649762282092,0.022545646996559938,0.06840598154629335,0.4716443130214384,0.005936605533764444,0.5697698965590036,0.5638332910252392,PEL,0.0,False,0.5697698965590036,0.34036839928633766,0.10683104926186571,0.02320221911934118,0.06726624447873983,0.008812133572808913,0.0461750516884907,0.006918606781694058,0.08890649762282092,0.008703599461497267,0.034593033908470294,1791.0,chr17:38324571-38343956,GPR179,1,38324571,38343956,19386,GPR179,SAS,PJL
ENSG00000132463.15,GRSF1,70815783,70839897,4,18406.157294636152,15978.17603414772,3513.119413810829,2803.935532006249,2306.9039291327185,3060.1326969835354,3052.989919927172,3252.040107575588,19819.353868308484,1775.40538218321,1342.4224322994237,2716.2150732162077,24177.43048634526,1696.591765731746,3014.8887204317853,3638.2983786424456,2906.3710019569407,20076.801129358693,20372.55250735206,3690.951613640715,1646.6290356655365,2539.1389675545993,3410.067701344655,3148.729941070609,1952.5261359905169,23269.280478414355,0.36026385224274404,0.2685234119014903,0.056731583403895,0.07690670072915004,0.02753653886888371,0.09100084997875053,0.08167700217310649,0.034677803034307765,0.4473253419232191,0.012165967167826594,0.0059466921524901776,0.032550495679372314,0.6212265146717332,0.0087306206677602,0.04329875079398687,0.1264435101910489,0.07467360152850015,0.43410074981518637,0.4324952461440947,0.07178427632973088,0.02300434644333722,0.024801692226335274,0.027522451135763338,0.047208256152421274,0.017499204581609928,0.588129686344915,0.0059466921524901776,0.6212265146717332,0.615279822519243,GBR,0.0,False,0.6212265146717332,0.4016904467470889,0.02753653886888371,0.0023699517175363597,0.1264435101910489,0.026643319604067933,0.056731583403895,0.009652253869354954,0.07178427632973088,0.00572253006318588,0.011849758587681797,987.0,chr4:70704204-70839897,GRSF1,2,70704204,70839897,135694,RUFY3;GRSF1,EUR,GBR
ENSG00000166902.5,MRPL16,59806140,59810778,11,7355.809553835164,10835.180787923658,2242.037313801867,1891.894071998563,2331.7593737799257,1466.9501322516412,1512.8652426514502,2432.027097461145,9223.45697358269,2395.6259042353654,2143.0543264369207,2364.9357453929874,12593.298916236874,1943.8287804867014,2431.375328468379,1956.985504313941,1949.269918484449,13609.181818147796,10367.929176628859,2596.4133194780934,3093.1152279993325,2168.450926582729,3121.5826189932354,1912.9107464240283,1366.0539671991976,6745.018127841036,0.03282321899736148,0.10057076418983193,0.01804614733276884,0.03422215125871521,0.02848972675280661,0.021461963450913727,0.018285896008904436,0.014695776285880424,0.0674341236732323,0.03150401105031079,0.025379632579377722,0.02268992206966018,0.1569558792484695,0.013651515953225038,0.026572094008045735,0.03714544196689905,0.032799065916569364,0.17757946984898088,0.07991759983097402,0.028925619834710745,0.102671472490194,0.013855103120042307,0.021394611727416798,0.01243715268589574,0.005992151871884612,0.02946456859224839,0.005992151871884612,0.17757946984898088,0.17158731797709625,TSI,0.0,False,0.17757946984898088,0.036469145830523346,0.03150401105031079,0.002972404057905312,0.03714544196689905,0.003111620192904669,0.026572094008045735,0.002830801590254688,0.102671472490194,0.011540997807274307,0.01415400795127344,1089.0,chr11:59636716-59845499,MRPL16,3,59636716,59845499,208784,PATL1;MRPL16;CBLIF,SAS,STU
ENSG00000112033.14,PPARD,35342558,35428191,6,22374.09460729518,20197.843595794846,3258.497065759273,4694.691882637548,2622.9780469500165,4832.36177934663,4305.108989431455,3141.3873292854737,22593.71474002382,1387.1936082255306,2020.537004754641,2324.242787576817,22831.12320892261,4240.016325401278,2442.7344035868246,4033.71005829592,4898.887632094297,22911.867517265146,22673.90492151509,2445.293719423582,3109.5992953580276,3029.592949306099,5947.307474209174,2887.7958159633095,2908.473289778707,23478.234628205155,0.5223746701846965,0.4466758270795899,0.048422946655376796,0.18915322795252543,0.03828638000423639,0.20006374840628985,0.1552446069857423,0.03161177776603055,0.5643977398743201,0.006056420336821973,0.021556759052776892,0.021364576154376293,0.5661283512771796,0.09820625429916927,0.02694262121532924,0.1515619179394391,0.1914340303577115,0.5434575984792481,0.5226600464821466,0.024846365755456665,0.1038375914343263,0.03907985193019566,0.11220285261489699,0.03831701508335539,0.051012832750026514,0.5953110148906959,0.006056420336821973,0.5953110148906959,0.589254594553874,FIN,0.0,False,0.5953110148906959,0.37019971322982875,0.09820625429916927,0.02013773142628248,0.20006374840628985,0.059555236946745006,0.048422946655376796,0.007471448069807686,0.11220285261489699,0.013734635586101036,0.03735724034903843,1865.0,chr6:35342558-35428191,PPARD,1,35342558,35428191,85634,PPARD,SAS,GIH
ENSG00000184678.11,H2BC21,149884459,149886682,1,6521.4590049073195,6938.224782375529,1602.184296682795,,2913.4756989248754,,1297.3508870352669,2844.3975071469777,6533.755203672401,2614.4073516079793,2600.020277894661,1560.8531021213291,4896.362805647062,2353.827821486417,1517.6055459613706,1379.771038907145,,9259.053277883897,6942.663625914715,2280.2887200303903,1581.7402631413183,1661.9916204863387,2175.935770419836,1592.9229071467923,2177.711689082859,7107.664877204694,0.023693931398416888,0.029700877285699187,0.00714436917866215,,0.04930099555178988,,0.011554566173742514,0.023946714595337527,0.02518878386228019,0.03936673218934283,0.04221089518955081,0.006520701903196735,0.014302301034409964,0.025874384888089318,0.006087232691086174,0.016284391463998724,,0.06267821311648537,0.025882104373547432,0.020449247721974994,0.02030107070921234,0.00671602326811211,0.007184363444268357,0.007250595395607303,0.02412769116555308,0.033636075615165274,0.006087232691086174,0.06267821311648537,0.0565909804253992,ITU,0.0,False,0.06267821311648537,0.004959274662797895,0.04930099555178988,0.006315210920106918,,,0.007250595395607303,0.00034649630284643257,0.023946714595337527,0.0006652686123229573,0.0017324815142321628,329.0,chr1:149884459-150145329,H2BC21,3,149884459,150145329,260871,H2BC21;BOLA1;VPS45,SAS,ITU
ENSG00000248483.7,POU5F2,93733220,93741600,5,6291.750310286653,5140.775649501411,2657.1350152612104,2067.0888983518366,3669.396277577258,2676.087445964625,2543.8331290697524,2815.9652491058314,6281.839008005383,2424.5582052694485,3685.291958968377,1520.746991339522,6229.054714517999,3781.462676437769,2077.0388132933613,2499.5435496727378,2303.5836211381634,6147.644755285616,5840.1783101565,2838.9496228301605,1326.6596586680405,2390.6681236853647,3489.7992877727966,2185.0657668131676,4221.660024095487,6020.394802161063,0.021372031662269128,0.013000739879505337,0.029847586790855207,0.04103464793230081,0.0785850455411989,0.07283255418614534,0.05676578152329464,0.023312364539831897,0.022812483497914135,0.032566540933963765,0.08553679515769354,0.006149605046917245,0.02522693687988178,0.07936927879781999,0.015720940080457338,0.0629024533021127,0.04569578600997771,0.019326222409969375,0.017008240016902598,0.037719855901674086,0.010707092123396586,0.02009518773135907,0.029001584786053882,0.01820587456999206,0.10568459009438964,0.021121554546414616,0.006149605046917245,0.10568459009438964,0.0995349850474724,GIH,0.0,False,0.02522693687988178,0.0008672854654641435,0.10568459009438964,0.022784756686353085,0.07283255418614534,0.010130028822871694,0.029847586790855207,0.00341628080475869,0.037719855901674086,0.0016210328380978384,0.004336427327320718,578.0,chr5:93733220-93741600,POU5F2,1,93733220,93741600,8381,POU5F2,AFR,ASW
ENSG00000136929.13,HEMGN,97926791,97944856,9,5597.666239884807,4309.48682470712,6539.994757158746,4807.25652145759,9186.004934703316,3571.360368368098,4943.965859741405,7914.675098283187,3983.9575791992133,9161.312741421205,8570.200811901035,6823.855288409741,3611.7154565934816,9891.118300950584,4147.743314486016,3104.0583975980894,3807.865909229372,4563.1928216708075,4554.953889271651,7704.92830705421,6551.837738378008,6069.410619472903,9763.57744975959,6114.891853548028,9543.035915740933,3504.2326850444724,0.015778364116094987,0.008984251136243526,0.1945385266723116,0.19804140720634414,0.391124761703029,0.12170633234169145,0.19732866910478614,0.23455093302320665,0.00786819453978983,0.401423790044095,0.3613146437294255,0.218576048348619,0.007494194637956512,0.42044552621831843,0.08612110946432353,0.09430046298760045,0.12456214839189046,0.008659837364029992,0.009930276780054934,0.28819665183301546,0.36934167285063074,0.1678476996298255,0.29334389857369253,0.17883037840698598,0.4134584791600382,0.006178054704826275,0.006178054704826275,0.42044552621831843,0.41426747151349214,YRI,0.0,False,0.015778364116094987,0.0003529397501020899,0.42044552621831843,0.2326983077488397,0.19804140720634414,0.05850390361984233,0.218576048348619,0.08550177338252543,0.36934167285063074,0.1419295248931738,0.0017646987505104495,334.0,chr9:97926791-97944856,HEMGN,1,97926791,97944856,18066,HEMGN,AFR,YRI
ENSG00000137434.12,C6orf52,10671418,10694797,6,23517.936036628445,18835.46498971423,3349.2109188123486,2655.070955494408,1624.6163241505676,1940.5007859701598,2027.963119593818,1937.2184091930988,22788.41246963032,1474.2451893511127,1578.8389889432383,1887.727211998363,22728.94769311927,1844.6557616540626,2351.919562029391,1427.5881716575568,1716.5815765423413,21325.403313108553,20154.740545326425,1821.9150561430406,1935.7987842181901,2485.459455989725,3165.6271657784464,2843.509954908449,1750.1836754163664,23605.56396178891,0.5653298153034301,0.3881724976218159,0.05159822184589331,0.06918941934110384,0.009055284897267528,0.04005524861878453,0.03572375046377273,0.006184913041179891,0.5723715477636373,0.007437709185570844,0.010406711266857811,0.01171605789110958,0.5626451340510872,0.011799566114609238,0.023819606182511117,0.01788090043105742,0.024148179598768707,0.48262752138557397,0.4245721529685189,0.010595465140919686,0.03694476836637337,0.023426758328926493,0.02260961436872689,0.03715268589573961,0.012249443207126948,0.6002745802091034,0.006184913041179891,0.6002745802091034,0.5940896671679236,CLM,0.0,False,0.6002745802091034,0.37613592230491877,0.012249443207126948,0.0006063952227020209,0.06918941934110384,0.009258543614958105,0.05159822184589331,0.008279690690680042,0.03694476836637337,0.0015563831977184577,0.0030319761135101046,465.0,chr6:10671418-10709782,C6orf52,2,10671418,10709782,38365,C6orf52;PAK1IP1,EUR,FIN
ENSG00000163497.3,FEV,218981087,218985184,2,11031.94152410709,8335.724081846034,4862.271523230064,4987.108170105161,1789.0441886421336,4267.067364795697,4480.2716235553635,3083.462704189938,10730.706314684501,1404.6171055473562,1933.2141581422927,3932.353250009976,13016.99814978431,2038.680778752342,4614.8634699695085,3419.721550700904,4363.828638442545,11142.951879604248,10287.910321745854,2472.8873684000064,2201.0379038168808,3939.5994131300376,3234.220512071888,4464.2700322312,1575.4428143945881,12519.589505700022,0.09963060686015832,0.04914913856886164,0.11441574936494496,0.21033583479695567,0.012762126668078798,0.1642583935401615,0.16823024328192082,0.030290215150393825,0.10175846226963088,0.006268926313552569,0.018742699373473504,0.07702910459629964,0.17088874815283936,0.016402984284882797,0.10655303832309973,0.11266031610877547,0.15810423521919117,0.1036012250501637,0.07769913374181281,0.025694002966730238,0.05067316866320365,0.06874669487043893,0.02387744321183307,0.1000793860809738,0.009704104358892778,0.15265603548421164,0.006268926313552569,0.21033583479695567,0.2040669084834031,FIN,0.0,False,0.17088874815283936,0.03388207952187362,0.018742699373473504,0.0012404760824154552,0.21033583479695567,0.06501889576925228,0.11441574936494496,0.030015132249053535,0.05067316866320365,0.0028913806800407653,0.006202380412077276,710.0,chr2:218981087-218993422,FEV,2,218981087,218993422,12336,FEV;CRYBA2,EUR,FIN
ENSG00000146802.13,TMEM168,112762377,112790423,7,16116.46361873235,15585.776345509892,4864.547631177264,1581.5889182277197,3993.7175795854114,1192.6168102606864,1649.0479842993796,5420.228433281533,14322.544348849344,4146.7055349585935,4565.494517528583,6486.131448687459,16379.000869964511,3598.736624260691,5295.6614012008295,1105.98799887344,1105.4653902917062,14537.580554415255,16390.393332710657,3844.9346018919764,1694.7750311448583,5850.295642574727,6553.593270092609,6596.146852559208,6270.008011217239,13761.37165447918,0.26770448548812664,0.2536201247225452,0.11457451312447078,0.022938953643089042,0.09420673586104639,0.012802804929876753,0.02279111676472147,0.11529312258814822,0.21835560014785868,0.10731551824895075,0.12588934904959118,0.1991199703122515,0.29844838505383153,0.07132652521297424,0.13952995977133179,0.009472619871214944,0.0063156777412164316,0.21174358432780652,0.26906824424255227,0.07819453273998729,0.02507155729884448,0.1565309360126917,0.13666138404648706,0.2010584810796507,0.20824053452115812,0.19489914457704088,0.0063156777412164316,0.29844838505383153,0.2921327073126151,KHV,0.0,False,0.29844838505383153,0.09860791291017583,0.20824053452115812,0.07133585346785103,0.022938953643089042,0.0013366547678846563,0.2010584810796507,0.07469665783460934,0.13666138404648706,0.020215871598335607,0.006683273839423282,736.0,chr7:112762377-112790423,TMEM168,1,112762377,112790423,28047,TMEM168,EAS,KHV
ENSG00000138756.19,BMP2K,78776342,78916365,4,14481.638347825778,15373.772103685495,2577.1804700564185,4296.423344403362,1468.1531744603114,3608.369425007462,3342.045753429793,2115.1244930392972,17157.32959329003,1721.1651406916105,1667.3249830638601,3390.860878082927,13443.110099120722,1648.087459949827,2759.6617624213695,3869.003770281559,3394.2758541623384,15500.42863649504,11607.68722592349,1715.6629046544138,1972.9007885860524,2304.4087076903324,3011.2894251349917,2590.5565606290465,1842.9425634972429,18322.332669485288,0.20448548812664907,0.24590423845259488,0.027571972904318374,0.16403214646867847,0.006407540775259479,0.12430939226519337,0.09710075793713892,0.008299413226198657,0.3359560648465966,0.010837804813260373,0.012052670701922057,0.05709590203042994,0.1856132573358666,0.008042753584845758,0.03525301715011645,0.14001383641104784,0.10158157308141386,0.2481254620340057,0.11028945700401437,0.009059122695486331,0.03917099544153504,0.017451084082496033,0.019387216059165345,0.028737761312516538,0.01458267048467494,0.38245854894920267,0.006407540775259479,0.38245854894920267,0.3760510081739432,CEU,0.028680797577558134,False,0.38245854894920267,0.1585919694419115,0.01458267048467494,0.0008131593769661776,0.16403214646867847,0.04204736099815334,0.05709590203042994,0.009752697032489807,0.03917099544153504,0.001745534687290618,0.004065796884830888,556.0,chr4:78776342-78916365,BMP2K,1,78776342,78916365,140024,BMP2K,EUR,CEU
ENSG00000144792.9,ZNF660,44578223,44599694,3,13929.4710634076,13847.326191468886,2424.8386797033436,1372.3723888417226,7349.016693293171,961.785211584251,1058.4660119166583,7068.40154926359,14209.29980921769,7240.021980271578,7467.598996778024,3336.6742372691147,15676.591815886179,8081.714973720968,2317.2744600959627,1088.2035093786558,1512.4346482255523,13520.53896433776,15966.345894910464,5208.664809217443,3043.568862827422,3339.6964150651693,7730.301558441704,2631.2463053449583,8877.46283564138,14306.278232497303,0.18390501319261213,0.18909206214987845,0.022914902624894158,0.014955559103730906,0.2751006142766363,0.006640458988525287,0.006413314252398368,0.1921023418089549,0.21339177272007182,0.278860967964724,0.2905914834873102,0.05518740391242114,0.27089930335655477,0.3022382136620985,0.022813889477027314,0.00894045021552871,0.017036408024625836,0.17435843278065266,0.2519543629833087,0.14293282475100658,0.09991519134951765,0.04928609201480698,0.187216059165346,0.030060862662079916,0.3702407466327288,0.21580948357799135,0.006413314252398368,0.3702407466327288,0.36382743238033044,CHS,0.06245342771982116,False,0.27089930335655477,0.08190816964630719,0.3702407466327288,0.187871905782285,0.017036408024625836,0.0007934767272966871,0.05518740391242114,0.009230944573539615,0.1921023418089549,0.03940763216655936,0.003967383636483435,550.0,chr3:44555193-44648471,ZNF660,3,44555193,44648471,93279,ZKSCAN7;ZNF660;ZNF197,EAS,CHS
ENSG00000136939.1,OR1L4,122723990,122724925,9,8641.223928853125,5477.521229251489,1607.5836871445108,2152.5482693576396,1989.6730254643874,2171.3019960063793,2486.134221855661,2358.0548160182957,8613.215147181283,,1912.4655863282776,1784.8208257228766,13320.61742056231,1970.5484616339686,1893.3955575371483,2314.983137804166,2126.189639321884,9692.186389746494,12559.667990725296,1922.1713330615312,1821.33077464746,1644.1156450904157,2550.906441464961,2353.7663529074985,1644.1458333498717,10803.501049679167,0.050343007915567284,0.015643166684282846,0.007250211685012701,0.04470700942040556,0.0173692014403728,0.04940501487462813,0.054380664652567974,0.012951313633239942,0.05407403495801869,,0.017999362854412233,0.010072628956157558,0.18154950390542537,0.014233557331075718,0.012015668007622275,0.054334521845564365,0.038212503980469166,0.07070440384412292,0.13559053454468625,0.012661580843399025,0.030743135799851586,0.0064516129032258064,0.011463285789751717,0.022281026726647262,0.010552550641637501,0.10412926391382406,0.0064516129032258064,0.18154950390542537,0.17509789100219958,PJL,0.0,False,0.18154950390542537,0.038047180671574386,,,0.054380664652567974,0.0060699219593092265,0.022281026726647262,0.002129145648764135,0.030743135799851586,0.0010856332920152448,0.0054281664600762235,669.0,chr9:122723990-122750783,OR1L4,2,122723990,122750783,26794,OR1L4;OR1L6,AMR,PUR
ENSG00000214510.10,SPINK13,148268180,148286255,5,33202.29209216896,26457.284565135407,2490.116656702877,6839.9287870254075,1513.2714590317532,10115.20746791687,8312.156683400462,3271.3998559665656,32646.299862659256,1743.5657124537117,1539.6438018551053,1838.8758882153356,31364.501253563078,1569.9233014608349,1829.6487563109388,9180.888266753456,5592.633130191978,32668.593487231832,32222.751982538164,3226.589229059453,2023.040034427606,1852.4922498227745,3539.7866235411884,2082.9667917541774,1390.299317769686,32010.257060975066,0.8488126649076517,0.6847584821900433,0.02497883149872989,0.33897493214114643,0.007095954246981571,0.5673608159796005,0.4355753431918164,0.03541787809906433,0.8629666789882241,0.011315943260904213,0.009344801953913136,0.010708794995493823,0.8349693899092252,0.00709032223927192,0.010957018843955113,0.5107764355276462,0.23845663942256662,0.8397402048790791,0.8260616944855271,0.052553507098961644,0.04166224954945404,0.009307244843997885,0.030427892234548337,0.015612595924847844,0.006522430798600064,0.8490336888795015,0.006522430798600064,0.8629666789882241,0.8564442481896241,TSI,0.0,False,0.8629666789882241,0.7540013980785264,0.011315943260904213,0.0005306714432345883,0.5673608159796005,0.3702588687868197,0.02497883149872989,0.0025614180332558982,0.052553507098961644,0.0031054374409952975,0.0026533572161729414,424.0,chr5:148268180-148286255,SPINK13,1,148268180,148286255,18076,SPINK13,EUR,TSI
ENSG00000011465.18,DCN,91140484,91183217,12,12407.360470804764,11514.239003486744,1628.401119428402,2556.832810783564,2093.8465662990843,2444.860626085983,2782.63183783259,2311.7704176163506,14044.019880486776,1423.5294917068377,1978.132659152711,2084.05964411934,12270.107099062965,2791.821465351685,1837.3103262488453,2647.9871756321572,2239.352445620532,14162.901124222137,13390.825028979056,2740.6581759762894,2439.4428253338033,2167.485836365499,2641.4891035332907,1698.547707370014,2049.891821239674,14450.997728116938,0.13614775725593667,0.11816932670965015,0.007461896697713802,0.06408004683591463,0.02044058462190214,0.06130471738206545,0.06747230614300101,0.01194692604535603,0.20668532502508316,0.006534558784465813,0.020070086014654348,0.015374012617293114,0.14772007599746675,0.03994920366156939,0.011115816218505187,0.0708849981374062,0.0430421399002229,0.19722251557714648,0.1594654553137545,0.03427632973087519,0.06312943920279869,0.013802221047065045,0.012097200211304808,0.008891241069065891,0.0200445434298441,0.22114267610096103,0.006534558784465813,0.22114267610096103,0.2146081173164952,FIN,0.0,False,0.22114267610096103,0.05552267640437499,0.03994920366156939,0.004432734268748161,0.0708849981374062,0.009659958863089901,0.015374012617293114,0.0011683945484523527,0.06312943920279869,0.004448504144371747,0.005841972742261763,685.0,chr12:91140484-91183217,DCN,1,91140484,91183217,42734,DCN,SAS,BEB
ENSG00000227268.5,KLLN,87859158,87863533,10,3650.6328937414914,4200.789748319861,2748.35255624774,4264.277681982992,3769.260520132964,3752.662892110384,4149.541422165025,3765.917914335521,4443.658978534822,3184.3422773380457,4016.3356490584843,2941.937966020731,4042.0375080025374,3430.1187412631557,2497.046039565994,4585.595699331977,4359.53657444866,4797.020587370751,4091.780108905322,3339.807365702909,3481.4630950404917,2963.652097190097,3934.26998931502,3708.4482602684275,2987.1179319747803,4316.457827587144,0.00654353562005277,0.008191523094810273,0.03265241320914479,0.16243546756080685,0.08398644355009532,0.13286230344241393,0.1448560979487995,0.051012316963577733,0.009558008132227914,0.06322052807735218,0.10029733460762451,0.04135079255685734,0.00939413130673422,0.06381290015344727,0.028160067753546476,0.18594007769676973,0.1578388706082157,0.009874326750448833,0.00776463131206423,0.057003602458147916,0.13076433796247217,0.03675304071919619,0.039989434759640785,0.06721354855781952,0.05461872945169159,0.009557503432252614,0.00654353562005277,0.18594007769676973,0.17939654207671696,ACB,0.0,False,0.009874326750448833,0.00014378525304622542,0.10029733460762451,0.020864511667685694,0.18594007769676973,0.052381912027024614,0.06721354855781952,0.01269724905932236,0.13076433796247217,0.018541373316066333,0.0007189262652311271,203.0,chr10:87859158-87863533,KLLN,1,87859158,87863533,4376,KLLN,AFR,ACB
ENSG00000124766.7,SOX4,21593751,21598619,6,5107.606448866659,5262.314234517731,2294.800663126649,2470.971362965017,1958.1599935615718,2512.590607004175,2637.7777300059242,2588.616382978321,5988.640307628591,1828.694379453268,1663.9871784815523,1653.7277029624126,4882.942865721624,2150.6628118622552,1770.7090231665054,2108.4844650722853,2439.3675035505908,6595.433656121753,7426.045508544811,2648.280736847787,2656.3006634832095,2169.2650387997337,2131.1195468025808,1952.9787690445037,1924.8006096765666,5743.358618954007,0.012401055408970976,0.01374061938484304,0.01947502116850127,0.060088349566235565,0.016416013556449904,0.06443901402464938,0.061271002279111676,0.017867526563408575,0.01964408301209273,0.013281623545662221,0.011946479770627589,0.008217144674760113,0.014143972978678488,0.019471929731731837,0.009739572305737878,0.04401043052525145,0.052170682517779426,0.023761748864716443,0.03126980773293894,0.031150667514303877,0.0757977313685996,0.013907985193019567,0.006603275224511358,0.013019317279703626,0.01670378619153675,0.018375752455380714,0.006603275224511358,0.0757977313685996,0.06919445614408824,PUR,0.0,False,0.03126980773293894,0.0013086951230671042,0.019471929731731837,0.0013227668046736257,0.06443901402464938,0.008173157292634143,0.01947502116850127,0.0017126381713018536,0.0757977313685996,0.006366511195952744,0.00654347561533552,726.0,chr6:21593751-21598619,SOX4,1,21593751,21598619,4869,SOX4,AFR,ACB
ENSG00000163399.16,ATP1A1,116372668,116410261,1,21093.027939422915,22116.046262631593,1948.6970082391965,1826.1692093577235,1934.121515920061,2180.536577871891,2592.8728242948414,2529.6484650839266,20633.109802680738,1883.4490441493144,1813.2785366913886,1691.3449963406626,20583.855263482208,1944.6125109934032,2227.4615576643646,2272.884100355708,1957.046018046193,21289.567844955043,22593.669281219474,2656.883941138951,2436.3692971979212,1656.439003254172,3629.695111366884,2127.679991222239,1662.6703987956444,21357.03547627922,0.47087071240105544,0.5234119014903287,0.012066045723962743,0.03214646867848209,0.015727600084727813,0.04977688057798555,0.05920390099114857,0.01638737643389544,0.48286423403918255,0.014928544865324337,0.015132207709461613,0.009012352223930447,0.47551192738019843,0.013704428805756919,0.019849671818759265,0.052046192326113565,0.03306443052754485,0.4809377970218608,0.5199661948024509,0.03146853146853147,0.06270539595038693,0.006610259122157589,0.03312202852614897,0.01682984916644615,0.010976773783009864,0.5074981518639772,0.006610259122157589,0.5234119014903287,0.516801642368171,PJL,0.0,False,0.5234119014903287,0.28929284290663776,0.015727600084727813,0.000923449150382703,0.05920390099114857,0.007044991742337396,0.019849671818759265,0.0017662369328590517,0.06270539595038693,0.004390120688099149,0.004617245751913515,600.0,chr1:116372668-116410261,ATP1A1,1,116372668,116410261,37594,ATP1A1,EUR,TSI
ENSG00000214654.9,B3GALT9,120792403,120801787,9,6602.715052060276,6114.43327946934,1568.8715033600656,2463.5773198700645,3733.420202029207,2802.7318917590565,2769.0463452513027,3864.261674679345,6819.0633364825435,3969.5777633900957,3412.191312711386,1915.1793795502888,7105.71151689058,3258.116085805749,1709.7922363962746,3136.574598388643,2420.856155462306,6887.410305810385,8535.42450313053,3798.4713268231517,1938.7722566007467,2388.7908872605376,4253.309698717598,2403.396658243919,3469.8685004614795,6594.942568345267,0.02496042216358839,0.02082232322164676,0.006615156646909399,0.059822236414923624,0.08192120313492904,0.07910114747131322,0.0671012879631102,0.054554104773484165,0.02830437767333791,0.09929341762737078,0.07284697886800467,0.012352223930445846,0.034884948279501796,0.05682840361923911,0.008998517891170866,0.09573732105795328,0.0511622969960726,0.026929982046678635,0.04537291358546376,0.07618139436321254,0.037103784586027776,0.019989423585404547,0.04902271526677232,0.023233659698332892,0.07227701771131616,0.027563628683071075,0.006615156646909399,0.09929341762737078,0.09267826098046138,BEB,0.0,False,0.04537291358546376,0.0026704337653315198,0.09929341762737078,0.020514283486821074,0.09573732105795328,0.01636041353226857,0.023233659698332892,0.0022782995179003772,0.07618139436321254,0.00642983248473516,0.011391497589501885,970.0,chr9:120792403-120801787,B3GALT9,1,120792403,120801787,9385,B3GALT9,SAS,BEB
ENSG00000258890.8,CEP95,64506865,64542461,17,14272.813873231085,13067.648386311328,1780.2513630535684,1146.7545686290694,1971.434990528148,1219.2614657459926,1243.6289928293618,5255.0492280677145,14942.398759982936,2137.1092682330445,2014.2683589291516,1991.4215949064087,15389.062084174959,1857.796452845264,1809.8045197776712,1317.5974180488918,1369.5333874422245,13963.180923579668,14087.193990922342,3664.160092254881,3073.920333975232,1930.015718474002,3624.514826081681,1550.8676467174982,1945.7276546882965,13897.695448818902,0.19635883905013193,0.16213930874114788,0.009155376799322608,0.009473628186704986,0.01678669773353103,0.013440288992775181,0.010229501245561032,0.10805095945445896,0.24148492369435495,0.02247250703926048,0.02123818625889349,0.01362455600911838,0.2588663711209626,0.012011217524736759,0.010586491636671608,0.014581448565802778,0.013162084704383823,0.18982997148590136,0.1839742235368688,0.0707777071413435,0.10145234813951023,0.010312004230565839,0.0329635499207607,0.006774278909764488,0.0172340651182522,0.2001795332136445,0.006774278909764488,0.2588663711209626,0.2520920922111981,STU,0.0,False,0.2588663711209626,0.07507970660420499,0.02247250703926048,0.0016835368394642666,0.014581448565802778,0.0006040436800080512,0.01362455600911838,0.0009610388209510154,0.10805095945445896,0.01275611208094149,0.003020218400040256,463.0,chr17:63600882-65056740,CEP95,4,63600882,65056740,1455859,TACO1;CEP95;SMURF2;GNA13,EAS,CDX
ENSG00000242265.6,PEG10,94656325,94669695,7,4347.795157099105,4217.8204098180795,7064.692877471282,6069.1304872572255,4788.023536500565,7357.491384496219,7539.826101856866,4843.333469866644,3632.981709751257,5864.026230795504,5081.347819747609,6925.12685535056,3869.3849562710307,4742.7108740338745,7370.839558058455,7750.46786169547,6895.639564479145,4320.278432464041,3968.301170714372,6334.142119498409,6292.233114528324,6168.1980278963,6302.2123688221445,7174.209769457167,5322.176608174119,3850.593687011079,0.00891820580474934,0.008455765775288025,0.22237510584250636,0.28543296609718455,0.13011014615547553,0.3793561410964726,0.38188371230190277,0.0913464079928107,0.006812061044516027,0.19444296870849492,0.15084421790379102,0.22377140433653184,0.008496938990922525,0.1187364410815387,0.24904721575269956,0.40902559736043853,0.33234263878569154,0.007867779068539445,0.00713078385801817,0.2057109557109557,0.346390331813845,0.17228979375991538,0.12678288431061807,0.23249536914527652,0.15977304061936579,0.007498151863977189,0.006812061044516027,0.40902559736043853,0.4022135363159225,ESN,0.0,False,0.00891820580474934,0.00011829732031527357,0.19444296870849492,0.06356337636256841,0.40902559736043853,0.20863295502542625,0.24904721575269956,0.10559398612545894,0.346390331813845,0.1251574089380424,0.0005914866015763678,180.0,chr7:94656325-94669695,PEG10,1,94656325,94669695,13371,PEG10,AFR,ESN
ENSG00000184022.4,OR2T10,248590487,248597700,1,21925.271832584116,19302.134625954146,2584.0266063563436,3805.6921409167758,1489.176889584151,3999.274436651303,3992.1935994231667,2482.574462250381,24167.741511408607,2086.742847148855,2302.71484660926,3055.206994285344,14685.629527372288,1747.5484849343125,2673.6787350628124,4292.384964860163,3640.2596141389486,24792.624288938943,24630.100535787846,2251.2694310483585,2609.0192587295405,2782.398094713433,2471.8717033831695,2563.705648685427,2006.8090544696024,25088.90187409347,0.5045910290237468,0.4091005179156537,0.027889500423370024,0.1306083346638991,0.006831179834780767,0.14757756056098598,0.13520962527163832,0.015488713855262463,0.6259175159740191,0.020666206237050417,0.03153870659445683,0.044796691936595454,0.231686721553726,0.00963013916080216,0.03276519161549862,0.166409451333085,0.11500902239677317,0.618544724891752,0.5991971265582083,0.01997245179063361,0.07351849888688647,0.03178212585933369,0.010670892762810354,0.027785128340830908,0.01882490189839856,0.657408385257155,0.006831179834780767,0.657408385257155,0.6505772054223742,CEU,0.0,False,0.657408385257155,0.4477070522251524,0.03153870659445683,0.0029779146910255227,0.166409451333085,0.04312146722802191,0.044796691936595454,0.006587693072028722,0.07351849888688647,0.005996669012528096,0.014889573455127614,1121.0,chr1:248590487-248597700,OR2T10,1,248590487,248597700,7214,OR2T10,EUR,CEU
ENSG00000179168.15,GGN,38384267,38388082,19,5374.8270258500115,5414.425085053834,6857.555096509298,10310.28823267948,3363.087883423467,7760.793875655078,9293.05564065462,5083.813518576206,4747.009906592081,4242.231819103046,4059.1044784376186,5977.963157468319,3512.552196644599,3618.1547425629833,5720.343130468735,9902.528342503805,9287.198775591889,6606.42670976179,5926.46497854515,5077.038594970913,7739.87425328203,6600.517750446154,4822.277866727785,4894.824861687479,3630.157547427224,4079.1825424410745,0.014036939313984169,0.015220378395518444,0.211155800169348,0.5769333120442812,0.06629951281508155,0.4071929451763706,0.5052737584141623,0.10080879632076968,0.011142208375138617,0.11161876427774531,0.10252734416480833,0.17218894131368287,0.00686088241503061,0.07243769511614372,0.16049121321194157,0.556436591985525,0.4963379683685384,0.023867356637448517,0.017536446228607647,0.13599279508370418,0.46501643167603096,0.19132734003172924,0.06825145272054939,0.11971421010849431,0.07874642061724467,0.00839581793219981,0.00686088241503061,0.5769333120442812,0.5700724296292506,GWD,0.0,False,0.023867356637448517,0.0007799478839378769,0.11161876427774531,0.024978642116187822,0.5769333120442812,0.3812795809829285,0.211155800169348,0.08085691323283796,0.46501643167603096,0.2229313699927209,0.0038997394196893845,545.0,chr19:38374563-38399587,GGN,3,38374563,38399587,25025,PSMD8;GGN;SPRED3,AFR,GWD
ENSG00000112208.11,BAG2,57172326,57189833,6,6993.018815896284,6369.982768063059,1860.23660070286,2341.529130652247,2669.3095863679764,1408.75346302253,1476.725652512409,3036.914133145899,7833.103472744701,3867.6989351584043,3060.103978583351,1773.5219483920903,7263.433389683406,3880.717215353827,1609.4798288917868,1299.6743394227565,1814.3866904485221,7952.898170466533,7641.578216329214,2188.0647764059404,1780.7664267457567,1817.7826113088877,2662.9541868955876,1558.6385038998924,2457.802469299563,7185.800240140683,0.028601583113456463,0.023411901490328717,0.010584250635055038,0.053488743413699504,0.03987502647744122,0.019230769230769232,0.017013833677850216,0.02875720251625522,0.04213972646142473,0.09360888274982734,0.05851120314325157,0.009966601282934846,0.037101541059742456,0.08323191703264723,0.0072517467711200505,0.013996061944547921,0.02765099246364505,0.04065899250184814,0.034016480033805196,0.01880695062513244,0.028993957383653134,0.00893707033315706,0.01225567881669308,0.006880127017729558,0.032240958744299504,0.03432252613792375,0.006880127017729558,0.09360888274982734,0.08672875573209779,STU,0.0,False,0.04213972646142473,0.0023177816757867886,0.09360888274982734,0.018576844299987978,0.053488743413699504,0.005896476441634217,0.010584250635055038,0.0006388371218243675,0.028993957383653134,0.0009678640159789769,0.0031941856091218376,482.0,chr6:56955107-57222307,BAG2,3,56955107,57222307,267201,BEND6;BAG2;RAB23,SAS,STU
ENSG00000107362.14,ABHD17B,71862452,71911193,9,7599.777309914275,6394.235670114159,1672.0389086048874,1693.3973884518,2754.1859489245385,1381.407502628188,1491.4201594011745,3049.577003699465,6918.840789787628,2958.2436921459453,2596.2055935751387,2148.2290421307675,6968.04078892347,2414.1912529621864,1578.8614002806557,1385.7801810449316,1455.5698032836353,10599.918607715203,11226.175006751762,2118.199852558634,1650.4831013115702,1797.8260846045473,2628.0358064835823,1759.965826811187,2147.0332635252994,6060.539702273358,0.03577836411609499,0.023623295634710918,0.007779424216765453,0.02751609984565437,0.04268163524676975,0.0185401614959626,0.01749085705199555,0.02928582756250991,0.029782964566721234,0.05328587366519683,0.041998513326961875,0.017017441552245136,0.033407219759341356,0.026932641938726916,0.006881219563836544,0.016656910222979087,0.015391147436577858,0.08955539127679797,0.09940840904289035,0.01721763085399449,0.023057351849888687,0.00830248545742993,0.011938721605916535,0.009896798094734057,0.02280199384876445,0.02170239729644102,0.006881219563836544,0.09940840904289035,0.0925271894790538,ITU,0.0,False,0.09940840904289035,0.012000011924483855,0.05328587366519683,0.007197668380285257,0.02751609984565437,0.0018387924568718022,0.017017441552245136,0.0013769603414331153,0.02928582756250991,0.0009870547095928957,0.004935273547964479,627.0,chr9:71862452-71911193,ABHD17B,1,71862452,71911193,48742,ABHD17B,AMR,PUR
ENSG00000123405.14,NFE2,54292111,54301015,12,5414.302148791735,5111.386812751174,2773.8676163022847,1980.0065520444896,4484.263631083988,1739.0752007133387,2039.924650967314,5066.327223435273,4367.369460174139,3929.434523693898,3953.4521468467283,3243.6764369124444,4865.210320997081,4207.747130847744,2892.3369435374343,2338.1634342705797,2001.4908636446762,3968.256727380837,4730.37521043719,4789.854502279938,3269.157042804214,3535.7103853833396,4682.373875055704,2904.665064858986,3363.852711370719,4505.375839828289,0.014406332453825858,0.012789345735123137,0.03334038950042337,0.03709617329288414,0.11734801948739673,0.031502337441563964,0.03604176604653628,0.0999101337421367,0.009241168083645774,0.09684959889496893,0.09764256132526282,0.05205958755235116,0.014038420941524172,0.09693634583840414,0.0392229515138683,0.05539886115693683,0.034391253582422246,0.006917309113950787,0.010616944855271497,0.12200678109769018,0.1148627159970317,0.0550502379693284,0.0635499207606973,0.03884625562318073,0.06872414890232262,0.010719188932305418,0.006917309113950787,0.12200678109769018,0.1150894719837394,LWK,0.0,False,0.014406332453825858,0.0002964878475114935,0.11734801948739673,0.027173753276644782,0.05539886115693683,0.006270557750012071,0.0550502379693284,0.0091938683835179,0.12200678109769018,0.016185621307438863,0.0014824392375574675,304.0,chr12:53500921-54301015,NFE2,2,53500921,54301015,800095,TARBP2;NFE2,AFR,LWK
ENSG00000149016.16,TUT1,62575045,62591637,11,4075.6629792553226,4829.934427808837,1827.2984841405232,1406.3395112355495,3971.368111707424,1874.8940554448911,1768.6965855673056,3216.546847639704,3727.9346840449416,2730.7799466170445,3611.456570723286,2205.794157544686,4194.398455371434,3861.5679839512127,2392.2695549894192,1666.1504353681162,1583.0894429059188,5906.776222192926,3894.5624416811424,2455.9817687422865,1751.177058219043,2737.537112412984,4076.9786036674586,1924.368807034289,4081.9000749042834,4493.947993517623,0.007810026385224275,0.011151041116161083,0.00979043183742591,0.016499015381340146,0.09298877356492269,0.0370803229919252,0.026872316743520433,0.03372627795104932,0.007181707767861858,0.043988737183233276,0.08277583094403738,0.018342787467529025,0.010396875659700232,0.08243822424466903,0.025248782553461784,0.0262891809908999,0.01963698121218554,0.017002851409863767,0.006919501373336151,0.025376139012502647,0.027509806000212023,0.03051295610787943,0.04384574749075541,0.012543000793860809,0.09895004772510341,0.010666385045939381,0.006919501373336151,0.09895004772510341,0.09203054635176726,MSL,0.0,False,0.017002851409863767,0.00040727679916256423,0.09895004772510341,0.02039504745988553,0.0370803229919252,0.003102063805722324,0.03051295610787943,0.003540289572858895,0.04384574749075541,0.002177236103849678,0.002036383995812821,364.0,chr11:62559603-62591637,TUT1,2,62559603,62591637,32035,ENSG00000255508;TUT1,AFR,MSL
ENSG00000119335.18,SET,128683424,128696400,9,13946.673819480697,9621.61285911529,4665.951299815184,4130.29514157013,2240.144371580187,5634.047351365445,4706.42459536419,2020.1972075740537,13017.778734774323,2138.966239259391,2305.1627043544377,4473.448344383357,10136.680266598261,2616.0180847487222,3635.3526914137606,5173.209897251489,4603.805156148717,11955.974257375403,11910.062126470453,2473.6402764033455,1805.712869268742,4482.300616273629,2914.0759945565383,4625.435881925326,2107.0806943852203,12901.581450648358,0.18469656992084432,0.07287813127576366,0.10526037256562236,0.15328117515567619,0.025153569159076468,0.25371865703357416,0.1819049133407537,0.006924988105936459,0.1675027723504251,0.022578760027625776,0.031751088457045766,0.10258177384297301,0.08919147139539793,0.03391713847293507,0.06632437010374762,0.22303230269810015,0.1713724657679652,0.12567324955116696,0.11726177899852103,0.02574698029243484,0.030160076327785435,0.09264939185616076,0.01722134178552562,0.10722413336861604,0.021847491780676635,0.16522336043932834,0.006924988105936459,0.25371865703357416,0.2467936689276377,CLM,0.13508515065115204,False,0.18469656992084432,0.039320783771056585,0.03391713847293507,0.0033654721032111597,0.25371865703357416,0.09032452460386348,0.10722413336861604,0.027023700961964197,0.030160076327785435,0.0010456411357469147,0.005228205678734573,650.0,chr9:128683424-128696400,SET,1,128683424,128696400,12977,SET,AMR,CLM
ENSG00000166947.15,EPB42,43197227,43221018,15,10359.572376573798,10638.795636250237,2482.8766657622546,3985.6542853857422,1988.3821665864748,3895.468106479107,3749.554813938254,2583.8452514292485,9047.556930580335,1460.5185834540257,2015.7309445148744,2568.0393062352427,7823.831266967545,1991.3965388943045,2335.0486174284956,3897.665338397589,4320.88763773277,8972.586052209443,11856.091478005761,2547.349989277896,1807.4445114106013,2806.766782965994,2244.4786054391684,1927.9441589990004,1971.8707800413677,9559.183358662374,0.08358839050131926,0.09544445618856358,0.02487298899237934,0.14268987173346107,0.01726329167549248,0.14067148321291967,0.12238299676684157,0.01760321404028123,0.06320958969213708,0.006959570737927004,0.021291281724540725,0.02841541642368658,0.04422630356765886,0.014709773003862638,0.02339614651704425,0.1424085998616359,0.15598131833138731,0.057609040025345865,0.11620536657511092,0.027442254714981986,0.03026608714088837,0.0325753569539926,0.007871104067617539,0.012595924847843346,0.017764344044967652,0.07418946034428134,0.006959570737927004,0.15598131833138731,0.14902174759346032,FIN,0.0,False,0.11620536657511092,0.016183941423088925,0.021291281724540725,0.0015373131431036964,0.15598131833138731,0.03849671070771782,0.0325753569539926,0.003935287677072524,0.03026608714088837,0.0010528577438422074,0.005264288719211037,653.0,chr15:43197227-43221018,EPB42,1,43197227,43221018,23792,EPB42,AMR,PUR
ENSG00000235173.7,HGH1,144137774,144140851,8,17895.659646850745,14067.165624920888,1881.3812256052768,1520.2396362261695,1781.986041971581,1474.2525185170978,1672.5853015133769,2390.2628968382987,20111.09336234783,1886.0122611640134,1738.3712544137782,2053.856388569434,17878.136760699002,1940.2603661170892,2229.607975516051,1573.6169584017175,1666.0123259653133,18355.73745312968,18038.99064846754,2064.9607804425464,1657.5065212251993,1687.496955105961,2309.800346634235,2024.1937775464885,1885.1728150877816,20590.980705469494,0.3387862796833773,0.1966494028115421,0.010795935647756138,0.020064931608920113,0.012656216903198476,0.021568210794730133,0.023745163513012136,0.013849976211872918,0.4597349104926863,0.014981671359506987,0.013433152808750133,0.014737846577956846,0.3632045598480051,0.013598603100693158,0.01995553673512598,0.022670427332233515,0.022290627321940346,0.36339634597106346,0.33784069300654973,0.01589319771137953,0.023428389695748966,0.0069804336329984135,0.008505018489170629,0.014395342683249537,0.015749284123448934,0.4757102122716232,0.0069804336329984135,0.4757102122716232,0.46872977863862475,PJL,0.0,False,0.4757102122716232,0.24089427038089228,0.015749284123448934,0.00092559262134853,0.023745163513012136,0.0014200956412149803,0.01995553673512598,0.001781496332787502,0.023428389695748966,0.0006373357355126568,0.003186678677563284,481.0,chr8:144078642-144140851,HGH1,4,144078642,144140851,62210,ENSG00000290230;EXOSC4;GPAA1;HGH1,AMR,PUR
ENSG00000162980.17,ARL5A,151788984,151828492,2,17533.971860968555,16087.279532534625,6451.688349648711,9150.66461524171,3742.4690028841896,8425.238810547411,9293.960576943973,2520.6769955289433,16603.74797320143,2701.7484480188236,2742.1487265138508,4860.4433744139615,16710.951790393585,3345.6558057526495,6163.883715509252,8751.569744301712,8839.03127999843,17765.105782354804,15872.61082058244,2793.3439187508575,1190.0521966463095,5124.431735685238,3511.4026660010854,5597.372559917123,2658.0013412435633,17475.28905182664,0.32348284960422163,0.2730155374696121,0.19067527519051652,0.5035393049124488,0.08229188731201016,0.4535699107522312,0.5054327662055441,0.016123063910768093,0.31108412103289856,0.04297933379376295,0.046989487097801846,0.1206064782908339,0.3122757019210471,0.060267739033811316,0.18309337285623545,0.48203927412058967,0.4673601528500159,0.33937057767451684,0.2478343545320093,0.03613053613053613,0.007049719071345277,0.12136435748281332,0.029582673005810883,0.15279174384757874,0.04104358892777601,0.3450733974020488,0.007049719071345277,0.5054327662055441,0.49838304713419884,PEL,0.11506239084765496,False,0.3450733974020488,0.13022465934502456,0.08229188731201016,0.014955624100381839,0.5054327662055441,0.3023499827243712,0.19067527519051652,0.0685581693524342,0.03613053613053613,0.0014898572219018491,0.007449286109509246,775.0,chr2:151788984-151828492,ARL5A,1,151788984,151828492,39509,ARL5A,AMR,PEL
ENSG00000114439.19,BBX,107522936,107811339,3,13077.742342261929,14924.533443063228,6086.075163348791,1336.5166689864332,11236.96890347175,1050.6220019071598,1108.7251817040874,10859.820191322908,12690.585437633932,10142.90214718442,11567.167763284739,7006.968841170134,14024.806683214134,11239.963299198389,7332.826687190086,2108.5942215151586,1714.7726552649328,11717.48453817565,13318.924790970357,10027.53661724576,6954.065305839964,7583.469720166484,12312.911497444251,7585.643675932277,10629.633299157216,11715.539042544056,0.15725593667546175,0.2301553746961209,0.1729995766299746,0.014316887540582256,0.5234590129209913,0.008659158521036974,0.007155350612179997,0.40730559813923983,0.15762792416961505,0.4642724326621686,0.5476266326855687,0.22838360812171976,0.20503483217226093,0.5046827874490714,0.2472475121744654,0.044063647490820076,0.02409510667657361,0.11812229380082374,0.15687724487639976,0.4369040050858233,0.40305311141736455,0.24500264410364886,0.4386687797147385,0.25546440857369673,0.4797963728921413,0.1297391488013518,0.007155350612179997,0.5476266326855687,0.5404712820733887,CHS,0.0,False,0.2301553746961209,0.05993881817455184,0.5476266326855687,0.3630211128592901,0.044063647490820076,0.004197765793845188,0.25546440857369673,0.110029126620304,0.4386687797147385,0.1988457086307998,0.020988828969225944,1358.0,chr3:107522936-107811339,BBX,1,107522936,107811339,288404,BBX,EAS,CHS
ENSG00000142731.11,PLK4,127880893,127899224,4,4910.646158443568,4509.991515135625,3187.23773312848,5045.359334844549,2924.4856164940484,5839.868629645171,5973.819830748951,3867.0041326686787,5153.357321343239,3522.7673988771653,2963.493743438008,3121.9776760640652,4230.772191713568,2777.775293413342,2323.504063861863,5951.483673206155,4938.555405621435,4091.0978823360874,5822.392844285177,4432.720777032162,2606.075171026123,2162.987856060793,3501.9259821687306,2563.7173795772514,2592.9008289442136,5158.686501120683,0.011029023746701847,0.009724130641581228,0.04625317527519052,0.21390175102453562,0.049671679728871,0.26811517212069697,0.2679811310754227,0.05460696727810964,0.013254475365686223,0.07708654305902353,0.05474142508229797,0.04728834225732916,0.010607979734008866,0.039472987988782474,0.022972686851577388,0.27747325847480175,0.19376923893429573,0.0072341324321470064,0.016796957532220578,0.10648442466624285,0.07320046644757765,0.013590692755156002,0.02942419440042261,0.027838052394813444,0.03844522218687029,0.013940226000633646,0.0072341324321470064,0.27747325847480175,0.27023912604265476,LWK,0.0,False,0.016796957532220578,0.0003978803428870238,0.07708654305902353,0.01339832083641605,0.27747325847480175,0.10566815876487634,0.04728834225732916,0.00719037933972197,0.10648442466624285,0.012396117337149442,0.001989401714435119,358.0,chr4:127880893-127899224,PLK4,1,127880893,127899224,18332,PLK4,AFR,LWK
ENSG00000094804.12,CDC6,40287879,40304657,17,6033.329375534806,5572.594475555431,1758.27171874248,3274.744524533396,1996.3926472955063,2669.0120664838055,3396.491965176288,2769.880312825625,6771.936490125628,1863.0827444213862,2230.6643168506407,1619.4893564893105,6010.178935600847,2220.4988335959383,1848.1825681393361,3226.226210805809,3359.0209405806445,6163.339305631743,6316.563347012311,2036.2223211469595,1842.947820167199,2429.7407190310355,2349.8069064508086,1785.018897309539,1861.4018546959032,6305.440302925039,0.01920844327176781,0.016330197653524996,0.008837849280270958,0.10213422747352174,0.01768693073501377,0.07256693582660434,0.09964488259924736,0.022149389438071578,0.027987537624755768,0.014184773946767253,0.028299883189975575,0.007262895615755712,0.023168672155372598,0.02201174665326208,0.011221681134871904,0.09999467830344314,0.0997240208045855,0.01953743795543352,0.020230297908303402,0.015151515151515152,0.03153821689812361,0.02152300370174511,0.00913893291072372,0.010373114580576872,0.014847809948032665,0.02423698384201077,0.007262895615755712,0.10213422747352174,0.09487133185776603,GIH,0.0,False,0.027987537624755768,0.001058202155435873,0.028299883189975575,0.002481548577293251,0.10213422747352174,0.018324715815472282,0.02152300370174511,0.0020132347511839593,0.03153821689812361,0.0011413524147966714,0.005291010777179365,655.0,chr17:40287879-40417896,CDC6,2,40287879,40417896,130018,CDC6;TOP2A,AFR,ASW
ENSG00000188070.9,ZFTA,63759892,63768775,11,6571.485248363876,8200.156955984188,4213.230855721844,1203.8577918945832,3625.070436813943,1331.3979629578762,1462.2067850162857,2660.5166336247366,5813.901688860791,2630.5550343662985,3836.077447641477,3235.3776412644997,8556.147708067081,2941.801029464493,3471.729845421236,1241.3234242194649,1363.0865659888098,6672.4480840135675,9198.779881513343,1988.9114349835288,1203.9504026855136,3560.1671475957146,3196.367090833322,4364.406782803164,2984.6367599140585,6955.04720143883,0.02453825857519789,0.047140894197230734,0.08409187129551228,0.010857416573527064,0.07720821859775472,0.016999575010624733,0.01643080510945036,0.019559126711423586,0.018112689443945715,0.039897997131169316,0.09196134650100882,0.05158246302284896,0.05742030821194849,0.04529340176728928,0.05954901545627779,0.013197807461018573,0.013002865937798536,0.024817826592037174,0.056729347137122334,0.014091968637423184,0.007367751510654086,0.05568482284505553,0.02334918119387216,0.0956866896004234,0.05445964577367696,0.03226317456964833,0.007367751510654086,0.0956866896004234,0.08831893808976932,PEL,0.0,False,0.05742030821194849,0.004192922099366021,0.09196134650100882,0.018029966567810984,0.016999575010624733,0.0007904718163327052,0.0956866896004234,0.02247949546998285,0.02334918119387216,0.0006331188423508889,0.0031655942117544446,480.0,chr11:63759892-63768775,ZFTA,1,63759892,63768775,8884,ZFTA,AMR,PEL
ENSG00000107831.14,FGF8,101770109,101780371,10,3964.044435143617,4448.042342633503,3037.751538290004,2362.9391348942195,3130.286949657663,2174.166429450161,2459.206171756905,3072.805155171865,4595.569662056857,3228.623872941389,2976.526155682662,2874.553260534648,3730.43377936645,3293.503363517967,2561.4845708088487,2493.670205071153,2563.5388231784095,4994.118000326428,4037.573976242721,2934.1214254672495,2356.3956711487735,2711.1011438564033,3474.3645251646576,2562.609124685327,3278.520578502635,4443.947735055764,0.007546174142480211,0.009459887961103478,0.04212531752751905,0.05503219969130874,0.057509002330014825,0.04956438589035274,0.05326761011289553,0.03002590262726648,0.010402914928446956,0.06523933485629284,0.054900711479239674,0.03811694852356465,0.008127506860882415,0.05825705063759987,0.029589244124497142,0.06247671757756373,0.0579556310370449,0.01114162002323371,0.007394886963870695,0.04121635939817758,0.059048022898335634,0.029666842940243257,0.02879027997886952,0.02773220428684837,0.065648531127373,0.01024395395501109,0.007394886963870695,0.065648531127373,0.0582536441635023,MSL,0.0,False,0.01114162002323371,0.00018121109691514244,0.065648531127373,0.010225199076447224,0.06247671757756373,0.007741860257357616,0.04212531752751905,0.005964148375606049,0.059048022898335634,0.00390225908538372,0.0009060554845757122,240.0,chr10:101770109-101780371,FGF8,1,101770109,101780371,10263,FGF8,AFR,MSL
ENSG00000259494.2,MRPL46,88459477,88467390,15,19390.056188239454,14766.544358380883,3050.7229387744196,1333.7593306590338,1767.7368885583887,1567.2559731984002,1825.878976234246,2054.419060698298,23655.048094083584,1736.7433206538844,1564.0596523732509,2588.5900352870976,22201.004092634765,1857.8585436931644,2922.832452272597,1434.9203773164418,2123.554593713414,21569.588391943864,26217.612017199055,1886.415079460389,1626.2297073169389,2381.714875153187,3187.9437362278186,2477.6583693748507,1801.8837119555033,22550.940520398173,0.40015831134564644,0.22323221646760386,0.042442845046570706,0.014263664910319869,0.012338487608557509,0.02496812579685508,0.02909842582286532,0.007400750647565682,0.6073295664572002,0.011262816766721565,0.010035043007327174,0.028839527116577425,0.541956934768841,0.01206413037726864,0.040334533135718824,0.01820020222446916,0.038053285213883875,0.4930826908860492,0.6615254595394042,0.011972875609239245,0.02205024912541079,0.019830777366472766,0.023137876386687798,0.025033077533739085,0.013469084738572489,0.5585595099799345,0.007400750647565682,0.6615254595394042,0.6541247088918385,CLM,0.0,False,0.6615254595394042,0.45309420775319087,0.013469084738572489,0.0007114135345189597,0.038053285213883875,0.0032461610372844524,0.042442845046570706,0.006037022068250987,0.023137876386687798,0.0006219365150113655,0.0031096825750568276,476.0,chr15:88459477-88480776,MRPL46,2,88459477,88480776,21300,MRPL46;MRPS11,AMR,CLM
ENSG00000196860.8,TOMM20L,58395928,58408702,14,5103.690796618237,5387.002241823798,2601.783970495902,2194.577660079819,2114.1630652874496,1931.8482014465803,2539.6830907911744,2662.9160749860944,5402.458677617869,1845.2320499072493,2113.868980409962,2493.442148135115,4749.93663496202,2179.0463887653473,2562.9666203072284,2256.615268930576,2284.1917298086023,4252.7715040225885,5324.142008313965,1729.9684658987776,1544.5497388089059,2630.9702932879163,2425.136655980598,2482.4219581442103,2272.252278134052,4927.1612817893165,0.012295514511873351,0.014744741570658493,0.02825994919559695,0.04641013358880196,0.02097013344630375,0.039895877603059925,0.05650076853765835,0.019611989216049057,0.014733062259069547,0.013706635499123413,0.02437081873208028,0.025976779939564227,0.013405108718598268,0.02047727392983756,0.029695109040863858,0.05124793784258422,0.04516505678802675,0.007498151863977189,0.013680540883160786,0.009324009324009324,0.01876391391921976,0.027445795875198308,0.010089804543053355,0.02519184969568669,0.026832113691801888,0.012831344386946879,0.007498151863977189,0.05650076853765835,0.04900261667368116,LWK,0.0,False,0.014744741570658493,0.00030997461679895205,0.026832113691801888,0.0022688245630041455,0.05650076853765835,0.0064908389748692735,0.029695109040863858,0.003388100797317418,0.019611989216049057,0.00044977988601252705,0.0015498730839947602,314.0,chr14:58395928-58408702,TOMM20L,1,58395928,58408702,12775,TOMM20L,AFR,LWK
ENSG00000164163.11,ABCE1,145098288,145129524,4,4409.542105129119,3947.5405584675773,2729.0935984869193,1456.1634189221954,3612.3607283856077,2193.748867184247,2147.2304615703256,3619.3574294350733,4256.788844534549,3217.910727513858,3400.612056756827,3353.521948144533,4512.255379970291,3663.4397781280554,2672.65874139426,1841.7873834781274,1764.324762474867,5042.270247609204,4577.844939156433,2911.924589961062,2486.9623516813363,3002.749426894431,3569.2858161820627,2998.4628199094263,3696.442290318915,4555.433795616907,0.009129287598944592,0.007504492125568122,0.03212320067739204,0.017989249028686996,0.07662571489091294,0.050786230344241394,0.04059998939948058,0.046466141565787385,0.008765908010772561,0.0645486904319184,0.07226292874588511,0.05577055611514605,0.012244036309900782,0.07428964495475951,0.032712259157315265,0.03310095258368368,0.025793440186816684,0.011405639455063893,0.010088738643566448,0.040368722186904,0.06599173115657797,0.03823373876255949,0.0312202852614897,0.04239216724001058,0.08198112207020893,0.011088816136867673,0.007504492125568122,0.08198112207020893,0.0744766299446408,ASW,0.051253321381694784,False,0.012244036309900782,0.00021711531142791838,0.08198112207020893,0.014860707525704633,0.050786230344241394,0.00538419001230856,0.05577055611514605,0.009389206405872314,0.06599173115657797,0.004852468641306365,0.0010855765571395918,265.0,chr4:145098288-145129524,ABCE1,1,145098288,145129524,31237,ABCE1,AFR,ASW
ENSG00000029363.17,BCLAF1,136256627,136289851,6,6870.8008969829125,6933.061094165682,2344.774890155366,3338.500032033683,1718.3282427234574,2056.373914897627,2670.93083468813,2307.126579413176,8116.536926273464,2123.8035061239207,1600.4210895298695,2356.9250928387173,7794.762701138269,2286.2543942973593,2205.233980952548,3261.137551751954,2182.619263629199,8889.538311304566,9267.133651633081,1620.6819023790224,1642.5314971961423,2648.8017374854303,3238.087711111005,2182.104754150168,2159.302611910299,8930.056335224204,0.027651715039577838,0.029542331677412537,0.0204805249788315,0.10580658896162648,0.011438254607074773,0.04504887377815554,0.06280807759580219,0.01189406354073056,0.04625864709299255,0.02188811560325134,0.010725284060741212,0.022530880559826116,0.043856871437618745,0.023969522196941637,0.019002752487825535,0.10222979085732531,0.040282347946077914,0.05618333509346288,0.057891400802873444,0.007575757575757576,0.022686314004028412,0.027815970386039134,0.023983095615425252,0.01810002646202699,0.023173189097465265,0.060935684866406166,0.007575757575757576,0.10580658896162648,0.09823083138586891,MXL,0.16,False,0.060935684866406166,0.004698490650931819,0.023969522196941637,0.0018765198351424414,0.10580658896162648,0.019495364160808944,0.027815970386039134,0.0030481867524927504,0.023983095615425252,0.0006672512489190907,0.003336256244595454,498.0,chr6:136231024-136289851,BCLAF1,2,136231024,136289851,58828,MTFR2;BCLAF1,AMR,MXL
ENSG00000117620.15,SLC35A3,99969351,100035634,1,13295.21469847044,7830.981751242749,2648.581318726982,1972.88836583616,3429.340635118738,1656.7066204255425,1574.4015388185205,2362.1765064211436,17140.312081131982,2726.978992108254,3153.194460245153,2333.876132674849,15458.392665869369,2123.6815418321266,1821.0926663489236,1857.8067976770249,1692.101778576206,13296.815587851575,14859.574029633168,1767.2173271000615,1218.7166218280504,2158.8055448741356,4271.573619634903,2433.0232566161762,2656.7677122600917,16752.16428875326,0.1649604221635884,0.04122185815452912,0.02937129551227773,0.036723614881047424,0.06979453505613217,0.029058648533786657,0.020618010282503842,0.013004176137865413,0.33511115805037756,0.04382935770068533,0.06254645853244133,0.02162964533743307,0.2617162761241292,0.018625324091221758,0.01079822146940504,0.03352668830823267,0.023139794077061883,0.16722990812123772,0.20927530107754067,0.009429963975418522,0.007685783949962896,0.013379164463246959,0.0497094558901215,0.023974596454088382,0.04099056103510446,0.31455275108247965,0.007685783949962896,0.33511115805037756,0.32742537410041467,PEL,0.0,False,0.33511115805037756,0.1231170654164324,0.06979453505613217,0.01133514758972217,0.036723614881047424,0.0030499401370321744,0.02937129551227773,0.0033285515482816513,0.0497094558901215,0.0027845758947394055,0.013922879473697027,1080.0,chr1:99969351-100083321,SLC35A3,2,99969351,100083321,113971,SLC35A3;ENSG00000283761,AMR,PEL
ENSG00000116754.14,SRSF11,70205682,70253052,1,4649.675063354706,3991.4917657437286,7141.627492508516,6014.507336632596,3302.320392277799,5991.803290154658,5188.792373398484,4230.774888129318,4962.468465028203,2319.1458786086864,3217.172708970503,6738.608795043218,5284.298906794233,3371.7814314161415,6534.2002580700855,5199.299919944646,5517.560163593859,6930.338673376433,5022.905761934014,4123.44972717712,4705.893460910045,5154.495551804497,4146.619455641889,6203.273329142309,3045.2800395920463,5838.86913053061,0.00992084432717678,0.0077158862699503224,0.22682049110922947,0.2817073819788174,0.06359881381063334,0.27879303017424567,0.21381247681136376,0.06613099328646191,0.012356761894703491,0.0286883068586304,0.06488265902091961,0.2129565816678153,0.01688832594469073,0.06106143182178951,0.20278424730044464,0.22462881166515886,0.2328839825920815,0.02766923645580315,0.012043101626875132,0.09053824962915873,0.21944238312307857,0.1227392913802221,0.04532488114104596,0.18189997353797302,0.05679287305122494,0.019590241841799555,0.0077158862699503224,0.2817073819788174,0.27399149570886705,ASW,0.04327542167148678,False,0.02766923645580315,0.0010352648559081791,0.06488265902091961,0.010025263378629037,0.2817073819788174,0.10851107112228497,0.22682049110922947,0.0907778670123901,0.21944238312307857,0.051151234375284224,0.005176324279540895,645.0,chr1:70144805-70253052,SRSF11,2,70144805,70253052,108248,LRRC40;SRSF11,AFR,ASW
ENSG00000106635.8,BCL7B,73536356,73557690,7,4555.176504951908,4528.03737841755,2243.0774289247743,2436.876775063641,3041.8760310226166,2107.293223305772,2576.8072117237316,2865.567509891557,4217.896954437313,2849.4913445805996,3786.541032268651,2644.111496861084,4236.201491854572,3305.4056210314075,2048.933961269914,2197.6803127711537,2366.659441344736,4314.5008457408585,5659.787359872607,2950.855326230346,2083.3290565172742,2961.0348655285375,2685.8546085376006,1956.1817702147362,3110.2744869484995,4322.043626882241,0.009551451187335093,0.009882676249867878,0.018204911092294666,0.05838522539783916,0.054649438678246134,0.04680195495112622,0.05846186463136694,0.02442247713696675,0.008713101336008871,0.04877012165967168,0.0898906233407667,0.030376928378306738,0.010713531771163184,0.058944917720514314,0.015138683040440398,0.04837422170187856,0.04824328627534232,0.007814975182173408,0.015476442002957955,0.04227590591226955,0.044948584755645074,0.03654151242728715,0.012519809825673535,0.01307224133368616,0.058913988758086754,0.009715915091350724,0.007814975182173408,0.0898906233407667,0.08207564815859329,LWK,0.0,False,0.015476442002957955,0.00034011415113499994,0.0898906233407667,0.017352052212449808,0.05846186463136694,0.006890931420712902,0.03654151242728715,0.004738847515956389,0.044948584755645074,0.002285878992780487,0.0017005707556749998,325.0,chr7:73536356-73557690,BCL7B,1,73536356,73557690,21335,BCL7B,AFR,LWK
ENSG00000157653.12,C9orf43,113410054,113429690,9,4902.598387572952,4081.95724206815,4898.498958691379,2174.028446307692,4844.131435592982,1766.522693498402,1998.8385210823637,4445.750604377688,4582.920784494689,4493.247833033756,4660.828202607465,4360.899566719457,5483.575700956659,5385.1481132086965,3710.7391820310227,1940.5825727939691,2025.4650340454787,4813.2105967207945,5144.370754607461,2679.9643420040015,1789.4339293489074,4966.254579898808,5315.709637713761,4542.423049063141,5756.904479137639,4918.230852742384,0.010976253298153034,0.007821583342141423,0.11616215071972905,0.04550534887434137,0.13392289769116714,0.03277730556736082,0.03492871150686384,0.07416609398953322,0.010350108253683266,0.12346597248047601,0.12949984071360307,0.0967502518157239,0.01841883048342833,0.15011376263294354,0.06939445267838239,0.03656005534564419,0.03539963910412907,0.010032738409546943,0.012888231565603212,0.03215723670269125,0.029311989822961942,0.11353781068217875,0.08600105652403592,0.10330775337390845,0.1807720861172977,0.012725736614214805,0.007821583342141423,0.1807720861172977,0.17295050277515628,ASW,0.0,False,0.01841883048342833,0.0004747313875691687,0.1807720861172977,0.056224973429660874,0.04550534887434137,0.004441495461693001,0.11616215071972905,0.030759541210505798,0.08600105652403592,0.008154808386149709,0.0023736569378458435,396.0,chr9:113410054-113429690,C9orf43,1,113410054,113429690,19637,C9orf43,AFR,ASW
ENSG00000114120.14,SLC25A36,140941830,140980995,3,16121.907955644685,15184.95224511382,1681.6114475793393,4620.486408458341,2424.050482000549,3054.9114101987384,2924.72081338334,3995.236149513531,16023.765430811796,4090.386520202511,2709.800151137852,1652.7533721643686,16834.035252675276,2792.687944834221,1792.4471722553312,3877.62875125593,4132.829303575908,16705.211154971217,17797.198393689552,3207.275095121902,1536.9917146007,2270.5630427705387,4154.670254180669,2035.9104902916265,2568.492220757384,16361.738789309424,0.26786279683377306,0.2395095655850333,0.007938187976291278,0.18420352333812337,0.032037703876297396,0.09073523161920952,0.074627656755181,0.05825448009726701,0.2850504303743993,0.10418105509217447,0.04608686418179887,0.008164130838148757,0.3168672155372599,0.040107942219165034,0.0102159644293881,0.14065243999787133,0.144199129604076,0.2945400781497518,0.3277519543629833,0.05165289256198347,0.01818085444715361,0.016657852987837122,0.04548335974643423,0.014607038899179678,0.037172552762753205,0.2990284084908649,0.007938187976291278,0.3277519543629833,0.31981376638669207,BEB,0.0,False,0.3277519543629833,0.11798920225046297,0.10418105509217447,0.022241942407683225,0.18420352333812337,0.051527322419402055,0.016657852987837122,0.0013302126883147033,0.05825448009726701,0.003800125182152243,0.006651063441573516,735.0,chr3:140941830-140980995,SLC25A36,1,140941830,140980995,39166,SLC25A36,SAS,BEB
ENSG00000122986.14,HVCN1,110627841,110704950,12,9029.576324501228,8056.0423710416735,3090.05468863365,1740.9319517676313,3467.02607961079,1145.5577671445533,1145.673422828866,3023.7283568051935,9698.264642806984,2905.9257546134363,3576.179027041427,2698.8087093657246,9143.752215251885,4053.4854621028157,3187.1564224065896,1139.1737586393895,1318.9564480741888,9929.400283466028,8519.091997944886,3330.058140656624,1568.450427959349,2807.7216541046014,3941.8267469590237,3659.995519321504,3686.7149454686187,8617.653668367799,0.05704485488126649,0.04481555860902653,0.04371295512277731,0.029166001383788387,0.07117136199957635,0.011262218444538886,0.008162399957597922,0.028440027488502405,0.07709774515498759,0.05105456090952558,0.08118296697462037,0.031967343476647404,0.06945324044754064,0.08989893645166411,0.049121321194156256,0.010483742217018786,0.011941407493896614,0.07572077304889639,0.045161631100781745,0.056632761178215724,0.01971801123714619,0.03262823902696986,0.04041204437400951,0.06541413072241334,0.08155689892883657,0.055813707888900624,0.008162399957597922,0.08989893645166411,0.08173653649406619,CHS,0.0,False,0.07709774515498759,0.007374013433836317,0.08989893645166411,0.017354752663500537,0.029166001383788387,0.002036418964685155,0.06541413072241334,0.012152062477717138,0.056632761178215724,0.003595528370636948,0.010182094823425775,923.0,chr12:110491083-110704950,HVCN1,3,110491083,110704950,213868,VPS29;TCTN1;HVCN1,EAS,CHS
ENSG00000154611.15,PSMA8,26133852,26193355,18,21143.430956380347,19475.88380429043,3187.5883423999067,5521.159091830405,2210.9781086689,4283.95129224344,4497.227051683009,3546.38192904627,23597.332851362145,2946.0528222955377,2271.0539735413713,1857.147770345349,17858.830228387793,2062.899210174358,1667.8579492697954,4207.559468800482,6243.631758078181,23341.530404233305,22701.14893887214,5698.185031006251,5284.065415731915,2073.883090285668,4411.623224198066,2196.8050845526523,2010.8763429074993,21042.854059968504,0.47277044854881267,0.41782052637141953,0.046306096528365794,0.2465804460056416,0.024094471510273247,0.16574585635359115,0.16960831080722955,0.04355870381138658,0.6042667793209061,0.05302024119428359,0.029839651693745355,0.011132905688384669,0.3623601435507705,0.017196677072861,0.008204531018420495,0.16103453781065405,0.28643456108693344,0.5619917625937269,0.5240333826325798,0.16931553295189658,0.265451076009753,0.012162876784769964,0.05451664025356577,0.018523418893887273,0.019037013469084738,0.4946668074770303,0.008204531018420495,0.6042667793209061,0.5960622483024857,ITU,0.0578112395805324,False,0.6042667793209061,0.38094316542218953,0.05302024119428359,0.007137392526110408,0.28643456108693344,0.11172326229415637,0.046306096528365794,0.006950389223407439,0.265451076009753,0.07428379689394089,0.03475194611703719,1797.0,chr18:26133852-26193355,PSMA8,1,26133852,26193355,59504,PSMA8,SAS,ITU
ENSG00000182898.4,TCHHL1,152084141,152089064,1,4808.706602262067,4200.868276671454,2300.806578835906,4380.209520382932,3289.2468690647506,2185.54161541702,2626.843261404247,2818.988041947849,4318.243328294715,3089.151958739673,3191.865956408265,2107.7718120358804,3875.410531112713,2973.6164510683648,2078.7071195354956,2056.9917934808586,4438.497547636782,4955.526506092607,4334.040665462834,2834.8707019201397,2191.872917814703,2293.9757993490184,3334.032790438227,2272.5750483259467,2981.46264582039,4172.2952032503945,0.010501319261213721,0.008244371630905824,0.019633784928027094,0.16882218319229336,0.06312221986867189,0.05030811729706757,0.060899984099220865,0.023418089549082834,0.009029941384591011,0.05918291451947086,0.06398003610491663,0.016222234003074803,0.008549715009499683,0.04651039737552252,0.015826804996824054,0.041775317971369276,0.16229699607260376,0.010719188932305418,0.009032326220156348,0.03745496927315109,0.0504081416304463,0.01718667371760973,0.026096143687268886,0.019899444297433184,0.054300562095662315,0.008871052909494139,0.008244371630905824,0.16882218319229336,0.16057781156138753,ASW,0.0,False,0.010719188932305418,0.00016827670731876074,0.06398003610491663,0.009791688803411927,0.16882218319229336,0.04422345843515868,0.019899444297433184,0.0017734049121447847,0.0504081416304463,0.002861812408744249,0.0008413835365938037,232.0,chr1:152084141-152089064,TCHHL1,1,152084141,152089064,4924,TCHHL1,AFR,ASW
ENSG00000109685.19,NSD2,1871393,1982207,4,8123.413569005468,7795.853347897515,1950.7409984241267,1459.4624721730631,1953.5496082584923,1438.384551844917,1589.3529267404383,2115.624388693326,9811.904979299728,1984.472718546225,1813.7181709520062,1964.1508796424457,6541.2985393417775,2112.6703390436664,1948.4585995613,1730.195443480085,1415.9785492734325,8231.31099966942,9947.425989098907,2006.415463538323,2069.3503052907986,2128.2872238854084,2858.438989632578,1703.296194692366,1966.9023920606442,8210.118379834727,0.04300791556728232,0.040746221329669166,0.012171888230313293,0.018202139549736547,0.016310103791569584,0.020240118997025075,0.021148036253776436,0.008352275730824126,0.07994930559222686,0.01800988152791797,0.015185303175108847,0.013253459152838891,0.02855182605024277,0.01841367268109424,0.012703789964005929,0.028950029269331063,0.014382761914871032,0.045094518956595206,0.07072681174730615,0.014462809917355372,0.043729460404961305,0.013061872025383395,0.015689381933438985,0.00910293728499603,0.017711316152296108,0.04937163375224417,0.008352275730824126,0.07994930559222686,0.07159702986140273,CLM,0.0,False,0.07994930559222686,0.007905387411785194,0.01841367268109424,0.0012040515026664055,0.028950029269331063,0.0020100576806364105,0.013253459152838891,0.0009190626532809914,0.043729460404961305,0.0021659314655334445,0.004595313266404957,596.0,chr4:1871393-1982207,NSD2,1,1871393,1982207,110815,NSD2,SAS,STU
ENSG00000178700.9,DHFR2,94047836,94063389,3,5102.750386142457,5850.016449381715,4131.471718096458,3630.074666560921,4133.8086025667135,3644.6273548351837,3741.966471622562,4938.929187356073,4420.181421365553,4043.89521308229,4164.523640267871,3289.8026585089756,4276.6989184306185,4624.135476025478,4172.5563900113775,3293.171614349379,3388.663569417642,4776.773992558327,4180.827751289653,4057.4657808316883,3119.514703495692,3920.5734338058614,4519.343746312421,4084.986700427397,3631.7281741637325,4272.252434709588,0.012242744063324538,0.018285593489060354,0.08086367485182049,0.12108148384693171,0.10045541198898539,0.12616872078198044,0.1214289500185509,0.0949410583073426,0.009346781433173154,0.1024810072783297,0.10741212700435383,0.053437947304246405,0.010977411864048976,0.1139742843536695,0.08717975862799068,0.10430525251450162,0.10136928139263347,0.009663111204984687,0.008398478766110289,0.08730663276117821,0.10457966712604685,0.06779481755684823,0.058795562599049125,0.08293199259063244,0.0789055042952593,0.009187876227690357,0.008398478766110289,0.12616872078198044,0.11777024201587015,MSL,0.22084351292272084,False,0.018285593489060354,0.0004681738921869727,0.1139742843536695,0.02587205386756661,0.12616872078198044,0.026541898546039302,0.08717975862799068,0.01933712160039703,0.10457966712604685,0.011965200837619051,0.0023408694609348634,392.0,chr3:94047836-94063389,DHFR2,1,94047836,94063389,15554,DHFR2,AFR,MSL
ENSG00000180872.7,DEFB112,50042099,50049929,6,20898.51829062235,21057.257586597083,3323.585286977247,1406.3810771682333,3186.08032760672,1168.1736692561526,1368.2562543033469,3392.9378301786264,24608.76920659905,3576.6153566836633,3732.5428665837185,4003.6578590267222,25602.460184332816,3819.793374051675,6236.725226078099,1060.5420680803613,1449.9057825222847,16512.668579864265,23673.82898253782,2129.612070781615,1572.833843549349,3950.1671716677274,5508.246075112291,3599.956298793912,2423.7920112022953,24024.488141453694,0.4632189973614776,0.4797590106754043,0.05064563928873836,0.016552238011602532,0.05968015251006143,0.01179345516362091,0.013568664864578365,0.039065390918221705,0.6435021386703279,0.07963661477979068,0.08766061378358288,0.07999787944653555,0.6719442685243825,0.08053336155352135,0.18711623967817065,0.008408280559842479,0.01523192866999257,0.28762276903580103,0.563701669131629,0.017694426785335875,0.019771016643697657,0.06938127974616605,0.09529846804014791,0.06329716856311193,0.030862233534839325,0.6157989228007181,0.008408280559842479,0.6719442685243825,0.66353598796454,JPT,0.0,False,0.6719442685243825,0.4668646640662154,0.08766061378358288,0.016633824363497585,0.016552238011602532,0.0007543689947331852,0.18711623967817065,0.06650058288658951,0.09529846804014791,0.009972491637155169,0.003771844973665926,533.0,chr6:50042099-50049929,DEFB112,1,50042099,50049929,7831,DEFB112,EAS,JPT
ENSG00000023734.11,STRAP,15882387,15903478,12,19086.199485966477,13260.536524299852,2961.023144904742,2622.2149617332043,2407.6467926468176,2935.250652090626,2954.164165063332,4107.14506775507,17783.658718572224,2565.0924739070806,2712.8230434857646,2085.5760751802704,14723.440080523227,2738.6741248125522,1671.3640300293334,3440.0435866116777,3890.617151440501,19398.876617108883,20727.884257494436,4427.561389825027,4225.27059719085,1997.3283621447642,6023.6021088393845,1682.6458617380842,2693.1113207481308,17851.18183715369,0.38765171503957785,0.16863967868090055,0.039108806096528365,0.0676459630634946,0.03150815505189578,0.08494475138121547,0.07600572428048974,0.061479092879420626,0.36209536885462323,0.03771981086968071,0.046193055113093344,0.01542702645390447,0.23374498627823517,0.038255992380549234,0.008416260851153927,0.1143100420414028,0.1292325655450589,0.4064843172457493,0.44633424889076695,0.10584869675778767,0.18392876073359482,0.010999471179270227,0.11531959852086635,0.00857369674517068,0.04242231413723618,0.3623402682437427,0.008416260851153927,0.44633424889076695,0.437917988039613,ITU,0.0,False,0.44633424889076695,0.21320164064307676,0.046193055113093344,0.005659799450207883,0.1292325655450589,0.027682106354027437,0.039108806096528365,0.005288860821022801,0.18392876073359482,0.03618810534735566,0.026444304105114006,1541.0,chr12:15620134-15903478,STRAP,2,15620134,15903478,283345,EPS8;STRAP,SAS,ITU
ENSG00000106809.11,OGN,92383268,92404696,9,6506.731860220403,6944.148670261311,8274.633749968203,2886.251572686448,7700.245459005989,3223.166642855228,2597.012711519189,9142.62172507658,5301.768179087711,6525.961773182263,6737.1205713100235,8070.374809768319,3864.420811190625,7793.650253760645,9151.593736854551,5122.755853714132,2562.4696535186413,5869.874805586401,5003.348361411943,4451.582007132945,3723.2383141186315,8360.961615741957,8647.697687678794,10626.314581057357,6547.167702756485,5472.97302912375,0.02358839050131926,0.029912271430081388,0.29059060118543606,0.08121773378040342,0.2962296123702605,0.0993943901402465,0.059415911379657606,0.3039065390918222,0.014204995511432644,0.23402220687456834,0.245566528618456,0.2903567831203944,0.008444162972345366,0.28313667389808983,0.35210671183569764,0.21951998297057101,0.0579025581148498,0.016686028091667547,0.011831819142193112,0.10754397118033482,0.14783207887204494,0.28947646747752515,0.2323296354992076,0.43318338184704946,0.22457312546399405,0.015893969796177,0.008444162972345366,0.43318338184704946,0.4247392188747041,GWD,0.0,False,0.029912271430081388,0.0012020106188247847,0.2962296123702605,0.1290852809919423,0.21951998297057101,0.07007730735515172,0.43318338184704946,0.25846933480548445,0.3039065390918222,0.09684267190243481,0.0060100530941239235,694.0,chr9:92383268-92404696,OGN,1,92383268,92404696,21429,OGN,AFR,GWD
ENSG00000058272.19,PPP1R12A,79773563,79935460,12,14180.680766288262,13230.108738339426,6380.14899541389,8849.641450593002,2043.6286982398783,7929.851458754868,8847.757627417965,2582.5379503642903,13430.100413963472,1921.9799111267362,1500.5384173619811,4259.523685040568,11517.709576682486,1988.1931097685535,5778.830851986333,8566.619841904721,8778.273670282537,14788.335331473914,11453.349991271692,4278.363837416436,3965.554224243205,6235.494829760487,3624.3660598027113,7399.572874009841,2052.2740393889694,13960.682654683282,0.1933509234828496,0.16737131381460735,0.18681202370872144,0.4829953696311672,0.01890489303113747,0.4187207819804505,0.47490327026024276,0.01749748903103029,0.18318635475524106,0.015884821760612018,0.008495274503557396,0.09203202035731325,0.12497361199071141,0.014445208741203239,0.1630849036629261,0.46809642914161037,0.463008173230018,0.22082585278276481,0.10527149799281639,0.09753125662216572,0.16505883600127214,0.17540983606557378,0.032910723718964606,0.24461497750727706,0.02025665500053028,0.20287253141831238,0.008495274503557396,0.4829953696311672,0.47450009512760977,GBR,0.0,False,0.22082585278276481,0.05537037688215388,0.02025665500053028,0.0014137003037130412,0.4829953696311672,0.2792153207905272,0.24461497750727706,0.10257153580504255,0.16505883600127214,0.029269487660553626,0.007068501518565206,756.0,chr12:79773563-79935460,PPP1R12A,1,79773563,79935460,161898,PPP1R12A,EUR,GBR
ENSG00000172780.17,RAB43,129087569,129122801,3,15071.411596730228,12883.765548930074,3545.0267788610618,3545.4713137547906,1855.4142531690325,3603.183647571663,3638.884345119099,2674.786871814012,14203.087451989533,1593.8845949873644,1741.3451745257855,3113.2502140156794,10669.309149032963,2065.4372415491366,3117.4576432322206,2872.0295662788585,4185.347024841348,15161.800533677111,14213.423470855576,3218.9794818756077,3001.5346835268037,4056.765263159024,5284.692837552326,2897.4993471011767,1787.2446639762338,14301.213243144359,0.22548812664907653,0.15674875805940175,0.058160457239627435,0.11698334131672787,0.014350773141283626,0.12399065023374416,0.11464461758626172,0.01992916424380187,0.21312773934625337,0.00860649205758912,0.013592439205691835,0.04681121772782696,0.10222714798395609,0.017302502777924757,0.04663349565953843,0.08307168325262093,0.1481795987687082,0.2336571971697117,0.18788294950348616,0.05218266581902946,0.0971589102088413,0.07345319936541513,0.08515583729529846,0.038581635353268064,0.013097889489871672,0.21549266025979513,0.00860649205758912,0.2336571971697117,0.22505070511212258,FIN,0.10714387080294042,False,0.2336571971697117,0.061698215790660635,0.017302502777924757,0.0010843201061761245,0.1481795987687082,0.035185082111596815,0.07345319936541513,0.014657528701886071,0.0971589102088413,0.01035769044086995,0.005421600530880623,668.0,chr3:129060779-129122801,RAB43,2,129060779,129122801,62023,GP9;RAB43,EUR,FIN
ENSG00000197822.12,OCLN,69492292,69558104,5,9160.239776360955,8371.974462791048,2349.179603044459,2540.493102630004,2602.6408076599987,1972.235339336984,2005.3559701083498,4991.877515359844,8735.340965892408,2896.985703838272,2697.86554289125,2156.3829486275226,8185.650776373848,3302.637802712315,1784.374161778618,2616.043298552511,2482.7635281982098,9983.601939743472,10350.566005303386,4584.628434254568,3558.46230060362,1803.488714180383,4908.800993347314,2293.59049397276,3331.8257352398846,8229.418466275896,0.05947229551451187,0.049677623929817144,0.02058636748518205,0.06322848475171643,0.03765092141495446,0.04191457713557161,0.03508771929824561,0.09700269598773589,0.05692559539525796,0.050842054932794985,0.04587448231920994,0.017176483062079202,0.05119273801984378,0.05878617916291867,0.010004234596654669,0.06923527220477889,0.05413438063899798,0.07682965466258317,0.07944221424043947,0.11331849968213605,0.13617088943072195,0.008619777895293496,0.07115689381933439,0.020640381053188675,0.06771661894156326,0.04968845707044038,0.008619777895293496,0.13617088943072195,0.12755111153542845,PJL,0.367936425934086,False,0.07944221424043947,0.007809601910751976,0.06771661894156326,0.010773057919402074,0.06923527220477889,0.00926930256112269,0.020640381053188675,0.001881414694452193,0.13617088943072195,0.02007388989870582,0.009407073472260965,881.0,chr5:69492292-69558104,OCLN,1,69492292,69558104,65813,OCLN,SAS,PJL
ENSG00000177943.14,MAMDC4,136850943,136860799,9,4768.810677349687,5177.418748839581,4630.655478059792,3802.5426811427137,5664.755847710101,3171.648630462154,4068.8836231078835,7475.547389618416,4498.570058185756,5354.0427279941205,5644.792950127639,5072.1626689888135,3892.663111847245,5041.259250140079,5464.7900095136165,3008.8573099539058,3924.5056238203847,7272.167227687833,8760.43580605832,7578.11600337808,7001.273718029897,4354.967346035654,6603.115380391005,5426.3012654000895,4714.448251152632,5056.554086059875,0.010343007915567283,0.013159285487791989,0.10351397121083827,0.13050188940337432,0.17665748782037705,0.09663195920101997,0.14008586420734617,0.21176719352962944,0.009822041506046365,0.16623280029750837,0.18068386959753638,0.13062609341038012,0.008655267046654,0.1338166040531245,0.1482108829134025,0.0891916342930126,0.13124933658847257,0.03231597845601436,0.04901753644622861,0.27993218902309813,0.40618043040390117,0.08593336858804865,0.13861595351294242,0.14495898385816353,0.12875172340651184,0.013359383250607244,0.008655267046654,0.40618043040390117,0.3975251633572472,GWD,0.0,False,0.04901753644622861,0.0030964840643753658,0.18068386959753638,0.05617881000496755,0.14008586420734617,0.03188560957143703,0.1482108829134025,0.04561518399775658,0.40618043040390117,0.17100577166960193,0.01548242032187683,1150.0,chr9:136850943-136860799,MAMDC4,1,136850943,136860799,9857,MAMDC4,AFR,GWD
ENSG00000172936.18,MYD88,38138552,38143024,3,6447.8932042955375,7890.818450718248,2139.8553833733486,2882.5398094667844,2855.802983533283,2935.128836890874,2848.489096009079,3491.0972749797065,8383.682819303389,3101.157304999409,2295.4185132191155,1748.056095245835,6717.467851167958,3040.886153257554,1860.6548069196508,2467.9531648785164,2722.166981233143,7489.066834520197,5821.813742999525,2580.0630013441073,3040.133565995512,1834.7398765160192,2687.667489116745,2133.7762324603177,3243.8863225564323,7479.942711975235,0.023060686015831135,0.04227882887644012,0.01561176968670618,0.08100484325935388,0.04734166490150392,0.08489162770930726,0.07075846716489108,0.0418142411587461,0.05037756772456038,0.0596610529671147,0.03122013380057343,0.009542490590044002,0.030398986700443317,0.049367691412244036,0.011486343425788694,0.06082699164493641,0.0660757881328946,0.034533741683387895,0.016744136911050075,0.028554778554778556,0.09954415350365738,0.009042834479111582,0.012572636027469625,0.01704154538237629,0.06421677802524128,0.03780758263808216,0.009042834479111582,0.09954415350365738,0.09050131902454579,PJL,0.0,False,0.05037756772456038,0.0032631757808901183,0.06421677802524128,0.009852735040072702,0.08489162770930726,0.013251248527742045,0.01704154538237629,0.0013801159199321425,0.09954415350365738,0.010862004049289069,0.006900579599660712,743.0,chr3:38138552-38143024,MYD88,1,38138552,38143024,4473,MYD88,SAS,PJL
ENSG00000138780.15,GSTCD,105708778,105847725,4,11608.168340279903,11424.745545254968,2706.173595640379,1268.7946025015742,3600.0284986557167,1587.07336190982,1453.0745397846185,4333.746086956665,10790.933919790143,2431.30900020172,2281.853621122673,2264.2567034606827,8407.491935467577,5442.739659339656,2302.350587975303,1375.467978700249,1207.8349043804396,10911.423339205983,11601.513232185227,3593.2275766264866,3046.6549420709725,2412.923298105498,8097.960727287836,2052.469071728991,7608.62091519874,11927.199717329908,0.11319261213720316,0.11589683965754148,0.03154106689246401,0.012720208632710629,0.07609616606651133,0.025658733531661707,0.016112789526686808,0.07030713115187398,0.10365950256112373,0.03261966742814642,0.030370606350217693,0.019403064199756136,0.05462317922735909,0.1528652309646013,0.022125767520643658,0.016177957532861477,0.009128542617556523,0.09742317034533741,0.10997253327699134,0.06812884085611358,0.10002120216262059,0.020729772607086198,0.20538827258320128,0.015083355385022493,0.2887368755965638,0.13581159573344598,0.009128542617556523,0.2887368755965638,0.2796083329790073,KHV,0.0,False,0.13581159573344598,0.021817746972356705,0.2887368755965638,0.12363856439886207,0.025658733531661707,0.0016267657732402492,0.03154106689246401,0.0037352041152399294,0.20538827258320128,0.04492730953196247,0.008133828866201245,809.0,chr4:105708778-105847725,GSTCD,1,105708778,105847725,138948,GSTCD,EAS,KHV
ENSG00000176177.10,ENTHD1,39743044,39893864,22,5407.049503973059,5045.915230717685,4102.841144710556,2287.4993207348607,3682.817686505763,2220.589192400965,2219.211381819639,2962.8653819373744,4570.427960912555,4941.598453967636,2996.467001985339,4179.805319208683,6951.130014969092,3537.177041829549,3869.626667686969,2351.203120647747,2497.6302050874187,5991.617620434233,7269.067013234498,1984.02494645337,2026.0778270390279,3335.9190876912776,3876.076583785321,3630.012177552336,3602.8478598419238,4243.863974816364,0.014300791556728231,0.012366557446358737,0.07954064352243861,0.0505082761190058,0.07922050413048083,0.05190182745431364,0.04378014522711613,0.02685415234973833,0.010297301578919575,0.1463634914731977,0.055644047998300944,0.0880559826114616,0.03319611568503272,0.06846923117625271,0.07590514503493542,0.055931030812623066,0.05471818278314404,0.017742105818988278,0.029421085991971265,0.013933036660309388,0.041874271175659915,0.04907456372289794,0.03856312731114633,0.06435564964276264,0.07752677908579914,0.009135072341324322,0.009135072341324322,0.1463634914731977,0.13722841913187336,YRI,0.006716571299752687,False,0.03319611568503272,0.0014675020180680003,0.1463634914731977,0.039411445961003974,0.055931030812623066,0.006376535357145227,0.0880559826114616,0.019652411917021002,0.041874271175659915,0.0019894832865103625,0.007337510090340001,771.0,chr22:39743044-39893864,ENTHD1,1,39743044,39893864,150821,ENTHD1,AFR,YRI
ENSG00000178295.15,GEN1,17753858,17788946,2,21408.43485981234,19555.916765551392,5024.317893522356,1145.258631230999,9274.456448339157,1930.4202235450716,2233.496978481001,10595.544204690721,21358.569989120995,9132.305811207034,9813.945009886867,6070.024042305124,18264.145933479806,8889.022859433268,6231.104827797176,2150.0442098387416,1672.9503429147069,21582.350851430136,22167.726066392104,5208.532279036936,1783.6866416729094,7515.526095462457,10983.104496142492,5102.725318750994,9861.3831969164,20716.30120799929,0.4843271767810026,0.4205158017122926,0.12208933107535987,0.009367182926180212,0.39705570853632705,0.03973650658733532,0.044310171198388724,0.3901781466405878,0.5132280720283043,0.39961748924188495,0.4405330784750982,0.1777553941578752,0.3800928857926958,0.35345785491295834,0.18669278001270379,0.046511627906976744,0.022555991932915825,0.4935579258633435,0.5025882104373548,0.14287984742530196,0.029152973603307538,0.24093072448439978,0.3636027469624934,0.1291876157713681,0.434351468872627,0.4809377970218608,0.009367182926180212,0.5132280720283043,0.5038608891021241,CDX,0.0,False,0.5132280720283043,0.27860512995211084,0.4405330784750982,0.2517101693756542,0.046511627906976744,0.004615104238151567,0.24093072448439978,0.10008472984469752,0.3901781466405878,0.15804960051384817,0.023075521190757835,1435.0,chr2:17510579-17788946,GEN1,2,17510579,17788946,278368,RAD51AP2;GEN1,EAS,CDX
ENSG00000105131.8,EPHX3,15226919,15233435,19,5359.907071077099,4425.843943013499,4820.454295789104,3951.0553195864336,4119.228827861915,3829.883585435528,3751.213173026177,4137.913530081401,5117.3794085440795,4160.940201436638,4003.194198158041,5140.076694593352,4380.225314369675,4257.38990225402,4955.63049765629,3702.5299850499523,3931.5259976836905,4773.964156104841,5522.930800970294,3602.625326267553,3094.7081522241365,4488.097996812331,4375.809148916305,4670.4786869448235,4530.157460206888,5458.867959619249,0.013931398416886544,0.009407039425007927,0.11251058425063505,0.140348076001916,0.09987290828214361,0.13716532086697833,0.12254200455822335,0.06280065549505735,0.013148862016158842,0.10811241566169048,0.09992566634809387,0.13412500662672958,0.011399620012666244,0.0989470342346156,0.12322676265085751,0.1298493959874408,0.1318862116548137,0.00961030731861865,0.0148954151700824,0.06834075015893197,0.1028304887098484,0.09291380222104706,0.05356576862123613,0.1094469436358825,0.12010817690104995,0.015788362023444927,0.009407039425007927,0.140348076001916,0.1309410365769081,ASW,0.0,False,0.015788362023444927,0.0003533683403780547,0.12010817690104995,0.02825791746383659,0.140348076001916,0.03199031048868108,0.13412500662672958,0.03881226072180269,0.1028304887098484,0.011576061552103554,0.0017668417018902734,335.0,chr19:15226919-15233435,EPHX3,1,15226919,15233435,6517,EPHX3,AFR,ASW
ENSG00000116212.16,LRRC42,53946077,53968168,1,14582.259122701058,14210.691287241394,2030.895321523987,2457.72101262258,3852.2037189847338,2338.970679168313,2690.8643745035156,3124.4276629479464,15712.986544488882,3615.958099087064,3851.96229604425,2740.9264378639123,15557.750653976032,3581.668629488827,1753.3029660240297,2765.636787341079,2549.744061604183,14699.981437395989,16516.20474759779,2315.1172157038623,1442.612848953929,2378.5991488066143,4299.83869985534,2175.204396388668,3587.0818611973946,15675.099916908372,0.20812664907651715,0.20177571081281048,0.013547840812870448,0.05944967800308691,0.08806396949798771,0.05684232894177645,0.06360311655271109,0.03124174023365227,0.27364418862544226,0.08160229506454869,0.09254539662312838,0.03329268939193129,0.26609668566603334,0.0703211810148685,0.009474910014821088,0.07695173221222926,0.05700031843753317,0.21755201182807055,0.2744559476019438,0.02161474888747616,0.014417470581999364,0.01961924907456372,0.050501848917062865,0.017941254300079385,0.07673136069572595,0.2679797233076354,0.009474910014821088,0.2744559476019438,0.2649810375871227,ITU,0.0,False,0.2744559476019438,0.0839808422682616,0.09254539662312838,0.01822307544759716,0.07695173221222926,0.011155674402664194,0.03329268939193129,0.0040763844608032165,0.050501848917062865,0.0028722500354866442,0.014361250177433222,1095.0,chr1:53946077-53968168,LRRC42,1,53946077,53968168,22092,LRRC42,SAS,ITU
ENSG00000179151.13,EDC3,74630558,74696292,15,7865.105636181001,6609.91713192681,3877.1274968343537,4365.338521760258,1647.775758709742,4481.68067797111,4740.849642140903,3422.4433892842153,8106.845960630422,1756.6537742967173,1638.499460251773,3425.252420830155,8242.341078712378,2034.9721300633748,3847.675406688251,4510.547924362191,5245.752108272156,7470.837570879233,9078.178094297982,3426.9781415859743,1579.8640440362508,3669.169951587338,3317.8680014879214,3651.9422047491985,1711.4084716178215,6641.821151082297,0.03889182058047493,0.026001479759010675,0.07054403048264182,0.167810953217308,0.009849608133869942,0.17737994050148748,0.1845020405999894,0.03985832848760374,0.046153033743465174,0.011687828720182755,0.01141552511415525,0.058368234109102475,0.05203715431707832,0.01629715857981904,0.07495236078763498,0.18141663562343674,0.2156352828786753,0.03437533002428979,0.05477498415381365,0.06055308328035601,0.020142054489557935,0.059598096245372816,0.02577918647649234,0.06488489018258799,0.011400996924382225,0.028197275319463512,0.009849608133869942,0.2156352828786753,0.20578567474480536,CEU,0.0,False,0.05477498415381365,0.0038306573001766547,0.01629715857981904,0.0009804166969589593,0.2156352828786753,0.06791784764722288,0.07495236078763498,0.01514437783801635,0.06055308328035601,0.004099612968730048,0.004902083484794796,625.0,chr15:74630558-74696292,EDC3,1,74630558,74696292,65735,EDC3,EUR,CEU
ENSG00000135407.11,AVIL,57797376,57818734,12,5460.872786550218,7534.065911051373,7064.643351685343,4830.6465279920385,6749.1839401024,5235.253351605727,5484.094799833477,6099.459885644994,5668.375777818154,6247.329601678468,6261.277964418199,9247.818650635842,4107.861350882587,5468.913660380349,6886.097183724433,3407.0730222506827,5768.912532465457,5946.394194672023,5667.777534732685,6696.660576016324,5143.098067650767,7042.071383284974,5654.376096163506,5743.5437191163355,5193.906396612283,5735.630447902354,0.014828496042216359,0.03699397526688511,0.2222692633361558,0.20054287082867636,0.23607286591823767,0.22763493412664684,0.23432448189961308,0.14664058783105144,0.01700374927390822,0.21627795781756362,0.21625783158118297,0.35688914806764566,0.009921891492505806,0.1541880522778983,0.22120474274825322,0.11143632590069714,0.2518310158157308,0.01737247861442602,0.015687724487639974,0.2269018859927951,0.254584967666702,0.21433104177683765,0.10179609086106708,0.1609420481608891,0.15282638667939336,0.018217340796282608,0.009921891492505806,0.35688914806764566,0.3469672565751398,GWD,0.0,False,0.03699397526688511,0.001805963281235109,0.23607286591823767,0.08810205920867475,0.2518310158157308,0.08914977412587766,0.35688914806764566,0.18894547266036063,0.254584967666702,0.0684404814854416,0.009029816406175546,859.0,chr12:57797376-57818734,AVIL,1,57797376,57818734,21359,AVIL,AFR,GWD
ENSG00000130733.11,YIPF2,10922185,10928681,19,6570.29629023659,6102.308212233877,6842.641268971494,8781.249512884957,5576.082634790373,10004.833812792585,10642.385865388615,6480.117381668115,6467.075830872226,5895.996403534029,5703.55937670211,7422.823348134912,4125.362140886038,6048.257062046758,7192.118666077736,9345.02924956613,10041.661858329326,7105.2217027677325,5824.960600947112,5167.581316031094,4363.441537378314,6332.080935006735,6617.839257643745,5999.736452804129,6364.736391889893,5817.799752499063,0.02437994722955145,0.02071662614945566,0.21062658763759526,0.47841822342860185,0.17199745816564288,0.5600828729281768,0.5890178618752319,0.16323941428344874,0.0246079104398796,0.19624926951070498,0.18328554741425082,0.25133859937443676,0.009974667511082964,0.1840838139584105,0.23930764344696168,0.5208876589856847,0.546438806920709,0.03036223466047101,0.016849778153391084,0.14049586776859505,0.19505989610940316,0.17916446324695928,0.13914421553090334,0.1739084413866102,0.21343726800296955,0.0192206146372373,0.009974667511082964,0.5890178618752319,0.5790431943641489,GWD,0.0,False,0.03036223466047101,0.0012368912840522303,0.21343726800296955,0.07435698908097424,0.5890178618752319,0.3953902048557465,0.25133859937443676,0.10716964170589277,0.19505989610940316,0.04060569208789216,0.006184456420261151,709.0,chr19:10922185-10928681,YIPF2,1,10922185,10928681,6497,YIPF2,AFR,GWD
