pop,max_h12,max_h12_pos,n_haps,n_snps
IBS,0.6459896953223253,41150476,314,22915
FIN,0.6903887358432813,41150476,198,22915
GBR,0.7007003985025961,41150476,182,22915
CEU,0.6097812178146749,41150476,358,22915
TSI,0.5833260546772643,41155516,214,22915
JPT,0.7263775887573964,41155516,208,22915
CHB,0.6534074842115184,41214879,206,22915
YRI,0.1834364347935867,41100601,356,22915
