rsid,chrom,center_pos,window_half_bp,akbari_X,akbari_S,akbari_posterior,geom_mean_tmrca,arith_mean_tmrca,min_tmrca,n_pairs,n_sites
rs603424,10,100315722,25000,6.278590988387099,0.0073848426770744,0.9901,12226.59,20077.39,3.97,26796,493
rs199792565,10,113111796,25000,6.020693398344033,0.0183742092127763,0.9901,11266.50,14656.49,3.08,26796,432
rs72843998,10,103095504,25000,5.964096670251455,0.0104070951902063,0.9901,4774.49,11206.16,3.03,26796,292
rs2388486,10,8057058,25000,5.857881870928175,0.0059132165635586,0.9901,19987.45,25122.51,3.16,26796,628
rs151323183,10,103533064,25000,5.708886867076654,0.0109356041355069,0.9901,12645.32,18498.73,3.02,26796,422
rs61828723,10,3844712,25000,5.608416959532788,0.011903405447946,0.9901,16579.48,20822.07,3.48,26796,577
rs386457469,10,31164963,25000,-5.559031455655116,-0.0055993032732473,0.9901,16763.74,24676.95,3.15,26796,589
