rsid,chrom,center_pos,window_half_bp,akbari_X,akbari_S,akbari_posterior,geom_mean_tmrca,arith_mean_tmrca,min_tmrca,n_pairs,n_sites
rs603424,10,102075479,25000,6.278590988387099,0.0073848426770744,0.9901,4762.30,8018.41,3.06,26796,340
rs199792565,10,114871555,25000,6.020693398344033,0.0183742092127763,0.9901,13221.04,20282.96,3.24,26796,489
rs72843998,10,104855261,25000,5.964096670251455,0.0104070951902063,0.9901,11189.86,17509.85,3.05,26796,504
rs2388486,10,8099021,25000,5.857881870928175,0.0059132165635586,0.9901,22752.68,28349.49,3.19,26796,697
rs151323183,10,105292821,25000,5.708886867076654,0.0109356041355069,0.9901,10216.25,19369.72,3.02,26796,433
rs61828723,10,3886904,25000,5.608416959532788,0.011903405447946,0.9901,21134.12,29390.35,3.25,26796,695
rs386457469,10,31453892,25000,-5.559031455655116,-0.0055993032732473,0.9901,14102.14,20302.94,3.08,26796,611
