rsid,chrom,center_pos,window_half_bp,akbari_X,akbari_S,akbari_posterior,geom_mean_tmrca,arith_mean_tmrca,min_tmrca,n_pairs,n_sites
rs603424,10,102075479,25000,6.278590988387099,0.0073848426770744,0.9901,5935.73,9010.03,3.12,10878,289
rs199792565,10,114871555,25000,6.020693398344033,0.0183742092127763,0.9901,10839.89,18729.15,4.90,10878,440
rs72843998,10,104855261,25000,5.964096670251455,0.0104070951902063,0.9901,11876.49,18555.95,3.22,10878,430
rs2388486,10,8099021,25000,5.857881870928175,0.0059132165635586,0.9901,21189.53,27649.44,7.59,10878,599
rs151323183,10,105292821,25000,5.708886867076654,0.0109356041355069,0.9901,11263.23,20645.02,3.11,10878,390
rs61828723,10,3886904,25000,5.608416959532788,0.011903405447946,0.9901,20996.46,29582.49,4.15,10878,657
rs386457469,10,31453892,25000,-5.559031455655116,-0.0055993032732473,0.9901,13188.39,19824.39,3.91,10878,546
