rsid,chrom,center_pos,window_half_bp,akbari_X,akbari_S,akbari_posterior,geom_mean_tmrca,arith_mean_tmrca,min_tmrca,n_pairs,n_sites
rs603424,10,100315722,25000,6.278590988387099,0.0073848426770744,0.9901,12386.87,20279.20,6.17,10878,453
rs199792565,10,113111796,25000,6.020693398344033,0.0183742092127763,0.9901,11655.72,15003.01,5.65,10878,371
rs72843998,10,103095504,25000,5.964096670251455,0.0104070951902063,0.9901,5545.04,11876.85,3.12,10878,290
rs2388486,10,8057058,25000,5.857881870928175,0.0059132165635586,0.9901,17263.97,23798.21,7.65,10878,507
rs151323183,10,103533064,25000,5.708886867076654,0.0109356041355069,0.9901,12500.78,18269.68,3.20,10878,405
rs61828723,10,3844712,25000,5.608416959532788,0.011903405447946,0.9901,16167.91,21186.98,4.16,10878,503
rs386457469,10,31164963,25000,-5.559031455655116,-0.0055993032732473,0.9901,16893.04,24998.77,3.73,10878,526
