rsid,chrom,center_pos,window_half_bp,akbari_X,akbari_S,akbari_posterior,geom_mean_tmrca,arith_mean_tmrca,min_tmrca,n_pairs,n_sites
rs603424,10,100315722,25000,6.278590988387099,0.0073848426770744,0.9901,9285.04,17787.42,4.32,34191,312
rs199792565,10,113111796,25000,6.020693398344033,0.0183742092127763,0.9901,9292.72,14157.76,4.33,34191,279
rs72843998,10,103095504,25000,5.964096670251455,0.0104070951902063,0.9901,7838.39,15877.77,5.12,34191,267
rs2388486,10,8057058,25000,5.857881870928175,0.0059132165635586,0.9901,9983.68,18967.66,5.12,34191,441
rs151323183,10,103533064,25000,5.708886867076654,0.0109356041355069,0.9901,9554.06,18652.04,4.34,34191,268
rs61828723,10,3844712,25000,5.608416959532788,0.011903405447946,0.9901,13815.73,20664.08,5.45,34191,420
rs386457469,10,31164963,25000,-5.559031455655116,-0.0055993032732473,0.9901,12675.15,25994.47,4.75,34191,375
