rsid,chrom,center_pos,window_half_bp,akbari_X,akbari_S,akbari_posterior,geom_mean_tmrca,arith_mean_tmrca,min_tmrca,n_pairs,n_sites
rs603424,10,102075479,25000,6.278590988387099,0.0073848426770744,0.9901,5977.99,10148.21,4.42,34191,258
rs199792565,10,114871555,25000,6.020693398344033,0.0183742092127763,0.9901,7354.01,19980.54,4.33,34191,322
rs72843998,10,104855261,25000,5.964096670251455,0.0104070951902063,0.9901,10607.77,22567.33,4.32,34191,380
rs2388486,10,8099021,25000,5.857881870928175,0.0059132165635586,0.9901,14874.59,25410.26,5.18,34191,484
rs151323183,10,105292821,25000,5.708886867076654,0.0109356041355069,0.9901,7371.38,20178.48,4.32,34191,283
rs61828723,10,3886904,25000,5.608416959532788,0.011903405447946,0.9901,13865.66,28308.67,5.51,34191,513
rs386457469,10,31453892,25000,-5.559031455655116,-0.0055993032732473,0.9901,2704.83,7614.52,4.43,34191,292
