rsid,chrom,center_pos,window_half_bp,akbari_X,akbari_S,akbari_posterior,geom_mean_tmrca,arith_mean_tmrca,min_tmrca,n_pairs,n_sites
rs603424,10,100315722,25000,6.278590988387099,0.0073848426770744,0.9901,7802.30,17274.91,9.62,17205,222
rs199792565,10,113111796,25000,6.020693398344033,0.0183742092127763,0.9901,5058.24,9882.51,18.42,17205,172
rs72843998,10,103095504,25000,5.964096670251455,0.0104070951902063,0.9901,9540.49,18982.75,22.44,17205,204
rs2388486,10,8057058,25000,5.857881870928175,0.0059132165635586,0.9901,8973.50,18623.90,30.21,17205,310
rs151323183,10,103533064,25000,5.708886867076654,0.0109356041355069,0.9901,10218.22,20250.12,12.14,17205,186
rs61828723,10,3844712,25000,5.608416959532788,0.011903405447946,0.9901,14069.47,21504.91,47.20,17205,302
rs386457469,10,31164963,25000,-5.559031455655116,-0.0055993032732473,0.9901,14665.62,32639.83,24.79,17205,340
