rsid,chrom,center_pos,window_half_bp,akbari_X,akbari_S,akbari_posterior,geom_mean_tmrca,arith_mean_tmrca,min_tmrca,n_pairs,n_sites
rs603424,10,102075479,25000,6.278590988387099,0.0073848426770744,0.9901,6414.96,11382.61,8.07,17205,175
rs199792565,10,114871555,25000,6.020693398344033,0.0183742092127763,0.9901,2881.56,11507.06,17.94,17205,255
rs72843998,10,104855261,25000,5.964096670251455,0.0104070951902063,0.9901,3594.33,14778.83,4.37,17205,268
rs2388486,10,8099021,25000,5.857881870928175,0.0059132165635586,0.9901,13439.96,25629.84,14.47,17205,354
rs151323183,10,105292821,25000,5.708886867076654,0.0109356041355069,0.9901,2116.80,7391.12,4.68,17205,247
rs61828723,10,3886904,25000,5.608416959532788,0.011903405447946,0.9901,15055.92,30597.02,49.95,17205,386
rs386457469,10,31453892,25000,-5.559031455655116,-0.0055993032732473,0.9901,2976.71,7684.94,8.50,17205,211
