rsid,chrom,center_pos,window_half_bp,akbari_X,akbari_S,akbari_posterior,geom_mean_tmrca,arith_mean_tmrca,min_tmrca,n_pairs,n_sites
rs603424,10,100315722,25000,6.278590988387099,0.0073848426770744,0.9901,7055.66,14838.80,4.35,63903,276
rs199792565,10,113111796,25000,6.020693398344033,0.0183742092127763,0.9901,10814.69,16195.70,4.35,63903,247
rs72843998,10,103095504,25000,5.964096670251455,0.0104070951902063,0.9901,6292.26,14815.57,4.35,63903,231
rs2388486,10,8057058,25000,5.857881870928175,0.0059132165635586,0.9901,12902.79,22497.53,5.04,63903,373
rs151323183,10,103533064,25000,5.708886867076654,0.0109356041355069,0.9901,9401.76,18711.85,4.35,63903,265
rs61828723,10,3844712,25000,5.608416959532788,0.011903405447946,0.9901,14151.67,22286.04,5.37,63903,356
rs386457469,10,31164963,25000,-5.559031455655116,-0.0055993032732473,0.9901,8902.76,19091.91,4.45,63903,373
