rsid,chrom,center_pos,window_half_bp,akbari_X,akbari_S,akbari_posterior,geom_mean_tmrca,arith_mean_tmrca,min_tmrca,n_pairs,n_sites
rs603424,10,102075479,25000,6.278590988387099,0.0073848426770744,0.9901,6636.85,10966.99,4.35,63903,230
rs199792565,10,114871555,25000,6.020693398344033,0.0183742092127763,0.9901,9028.61,22229.22,4.35,63903,297
rs72843998,10,104855261,25000,5.964096670251455,0.0104070951902063,0.9901,7978.66,18486.94,4.35,63903,363
rs2388486,10,8099021,25000,5.857881870928175,0.0059132165635586,0.9901,16731.99,27369.13,5.04,63903,448
rs151323183,10,105292821,25000,5.708886867076654,0.0109356041355069,0.9901,4287.73,14057.42,4.35,63903,282
rs61828723,10,3886904,25000,5.608416959532788,0.011903405447946,0.9901,15768.81,30722.74,5.36,63903,432
rs386457469,10,31453892,25000,-5.559031455655116,-0.0055993032732473,0.9901,1771.51,4781.48,4.46,63903,244
