rsid,chrom,center_pos,window_half_bp,akbari_X,akbari_S,akbari_posterior,geom_mean_tmrca,arith_mean_tmrca,min_tmrca,n_pairs,n_sites
rs603424,10,100315722,25000,6.278590988387099,0.0073848426770744,0.9901,6930.23,15781.73,8.25,21115,245
rs199792565,10,113111796,25000,6.020693398344033,0.0183742092127763,0.9901,5877.08,10377.72,115.43,21115,204
rs72843998,10,103095504,25000,5.964096670251455,0.0104070951902063,0.9901,9303.67,18007.89,17.75,21115,221
rs2388486,10,8057058,25000,5.857881870928175,0.0059132165635586,0.9901,8881.57,18339.25,113.29,21115,314
rs151323183,10,103533064,25000,5.708886867076654,0.0109356041355069,0.9901,8375.73,18345.26,8.59,21115,194
rs61828723,10,3844712,25000,5.608416959532788,0.011903405447946,0.9901,14388.71,21682.46,75.62,21115,308
rs386457469,10,31164963,25000,-5.559031455655116,-0.0055993032732473,0.9901,12841.47,28090.64,25.32,21115,416
