rsid,chrom,center_pos,window_half_bp,akbari_X,akbari_S,akbari_posterior,geom_mean_tmrca,arith_mean_tmrca,min_tmrca,n_pairs,n_sites
rs603424,10,102075479,25000,6.278590988387099,0.0073848426770744,0.9901,5541.05,10314.12,13.28,21115,186
rs199792565,10,114871555,25000,6.020693398344033,0.0183742092127763,0.9901,4193.72,15316.58,34.85,21115,242
rs72843998,10,104855261,25000,5.964096670251455,0.0104070951902063,0.9901,2408.94,11947.47,36.91,21115,238
rs2388486,10,8099021,25000,5.857881870928175,0.0059132165635586,0.9901,12285.42,24434.77,191.84,21115,359
rs151323183,10,105292821,25000,5.708886867076654,0.0109356041355069,0.9901,1709.29,4891.01,4.62,21115,251
rs61828723,10,3886904,25000,5.608416959532788,0.011903405447946,0.9901,19201.51,33292.62,73.63,21115,411
rs386457469,10,31453892,25000,-5.559031455655116,-0.0055993032732473,0.9901,4258.17,11539.66,17.89,21115,196
