rsid,chrom,center_pos,window_half_bp,akbari_X,akbari_S,akbari_posterior,geom_mean_tmrca,arith_mean_tmrca,min_tmrca,n_pairs,n_sites
rs603424,10,100315722,25000,6.278590988387099,0.0073848426770744,0.9901,7022.95,16077.76,4.38,52975,254
rs199792565,10,113111796,25000,6.020693398344033,0.0183742092127763,0.9901,5213.50,9600.89,4.37,52975,220
rs72843998,10,103095504,25000,5.964096670251455,0.0104070951902063,0.9901,10163.37,18860.00,4.37,52975,235
rs2388486,10,8057058,25000,5.857881870928175,0.0059132165635586,0.9901,7899.35,17592.51,5.13,52975,337
rs151323183,10,103533064,25000,5.708886867076654,0.0109356041355069,0.9901,7684.75,17018.18,4.37,52975,208
rs61828723,10,3844712,25000,5.608416959532788,0.011903405447946,0.9901,14604.97,21858.98,5.44,52975,328
rs386457469,10,31164963,25000,-5.559031455655116,-0.0055993032732473,0.9901,14289.93,31172.70,4.48,52975,423
