rsid,chrom,center_pos,window_half_bp,akbari_X,akbari_S,akbari_posterior,geom_mean_tmrca,arith_mean_tmrca,min_tmrca,n_pairs,n_sites
rs603424,10,102075479,25000,6.278590988387099,0.0073848426770744,0.9901,5766.25,10456.74,4.37,52975,208
rs199792565,10,114871555,25000,6.020693398344033,0.0183742092127763,0.9901,3567.15,13251.15,4.37,52975,287
rs72843998,10,104855261,25000,5.964096670251455,0.0104070951902063,0.9901,3704.33,14313.59,4.37,52975,295
rs2388486,10,8099021,25000,5.857881870928175,0.0059132165635586,0.9901,12318.82,24263.16,5.18,52975,379
rs151323183,10,105292821,25000,5.708886867076654,0.0109356041355069,0.9901,1629.32,4666.14,4.37,52975,259
rs61828723,10,3886904,25000,5.608416959532788,0.011903405447946,0.9901,20451.05,33508.78,5.42,52975,428
rs386457469,10,31453892,25000,-5.559031455655116,-0.0055993032732473,0.9901,3580.65,9803.74,4.48,52975,236
