rsid,chrom,center_pos,window_half_bp,akbari_X,akbari_S,akbari_posterior,geom_mean_tmrca,arith_mean_tmrca,min_tmrca,n_pairs,n_sites
rs603424,10,102075479,25000,6.278590988387099,0.0073848426770744,0.9901,6161.39,10289.08,4.32,34716,291
rs199792565,10,114871555,25000,6.020693398344033,0.0183742092127763,0.9901,9899.06,21513.06,4.33,34716,345
rs72843998,10,104855261,25000,5.964096670251455,0.0104070951902063,0.9901,7125.54,17204.45,4.32,34716,368
rs2388486,10,8099021,25000,5.857881870928175,0.0059132165635586,0.9901,17679.39,27873.03,4.97,34716,514
rs151323183,10,105292821,25000,5.708886867076654,0.0109356041355069,0.9901,4723.31,14853.58,4.32,34716,337
rs61828723,10,3886904,25000,5.608416959532788,0.011903405447946,0.9901,18302.46,31000.37,5.27,34716,500
rs386457469,10,31453892,25000,-5.559031455655116,-0.0055993032732473,0.9901,2085.30,6900.13,4.42,34716,325
