rsid,chrom,center_pos,window_half_bp,akbari_X,akbari_S,akbari_posterior,geom_mean_tmrca,arith_mean_tmrca,min_tmrca,n_pairs,n_sites
rs603424,10,100315722,25000,6.278590988387099,0.0073848426770744,0.9901,8328.52,17061.10,4.32,34716,376
rs199792565,10,113111796,25000,6.020693398344033,0.0183742092127763,0.9901,10566.73,15599.86,4.32,34716,288
rs72843998,10,103095504,25000,5.964096670251455,0.0104070951902063,0.9901,5782.33,13068.92,4.32,34716,227
rs2388486,10,8057058,25000,5.857881870928175,0.0059132165635586,0.9901,13015.73,21767.28,4.96,34716,460
rs151323183,10,103533064,25000,5.708886867076654,0.0109356041355069,0.9901,10140.51,18569.62,4.32,34716,336
rs61828723,10,3844712,25000,5.608416959532788,0.011903405447946,0.9901,15760.77,22589.69,5.28,34716,404
rs386457469,10,31164963,25000,-5.559031455655116,-0.0055993032732473,0.9901,9106.70,18544.72,4.42,34716,491
