rsid,chrom,center_pos,window_half_bp,akbari_X,akbari_S,akbari_posterior,geom_mean_tmrca,arith_mean_tmrca,min_tmrca,n_pairs,n_sites
rs603424,10,102075479,25000,6.278590988387099,0.0073848426770744,0.9901,4457.33,8029.65,3.03,44253,328
rs199792565,10,114871555,25000,6.020693398344033,0.0183742092127763,0.9901,13445.70,20374.62,3.03,44253,475
rs72843998,10,104855261,25000,5.964096670251455,0.0104070951902063,0.9901,11033.24,17495.00,3.03,44253,441
rs2388486,10,8099021,25000,5.857881870928175,0.0059132165635586,0.9901,21037.14,27636.84,3.26,44253,643
rs151323183,10,105292821,25000,5.708886867076654,0.0109356041355069,0.9901,10242.08,20074.74,3.03,44253,429
rs61828723,10,3886904,25000,5.608416959532788,0.011903405447946,0.9901,20115.72,28985.70,3.43,44253,662
rs386457469,10,31453892,25000,-5.559031455655116,-0.0055993032732473,0.9901,15872.10,21960.17,3.03,44253,631
