rsid,chrom,center_pos,window_half_bp,akbari_X,akbari_S,akbari_posterior,geom_mean_tmrca,arith_mean_tmrca,min_tmrca,n_pairs,n_sites
rs603424,10,100315722,25000,6.278590988387099,0.0073848426770744,0.9901,6937.95,15552.91,4.50,19503,217
rs199792565,10,113111796,25000,6.020693398344033,0.0183742092127763,0.9901,11307.10,16713.20,8.81,19503,231
rs72843998,10,103095504,25000,5.964096670251455,0.0104070951902063,0.9901,5573.49,14540.81,9.80,19503,213
rs2388486,10,8057058,25000,5.857881870928175,0.0059132165635586,0.9901,14364.98,24136.23,13.19,19503,352
rs151323183,10,103533064,25000,5.708886867076654,0.0109356041355069,0.9901,8479.50,17347.57,8.27,19503,215
rs61828723,10,3844712,25000,5.608416959532788,0.011903405447946,0.9901,14973.26,22980.30,73.07,19503,302
rs386457469,10,31164963,25000,-5.559031455655116,-0.0055993032732473,0.9901,8686.49,20065.52,4.73,19503,339
