rsid,chrom,center_pos,window_half_bp,akbari_X,akbari_S,akbari_posterior,geom_mean_tmrca,arith_mean_tmrca,min_tmrca,n_pairs,n_sites
rs603424,10,102075479,25000,6.278590988387099,0.0073848426770744,0.9901,7022.43,11779.39,8.24,19503,219
rs199792565,10,114871555,25000,6.020693398344033,0.0183742092127763,0.9901,8131.68,21185.51,4.65,19503,290
rs72843998,10,104855261,25000,5.964096670251455,0.0104070951902063,0.9901,6624.37,17203.49,8.71,19503,309
rs2388486,10,8099021,25000,5.857881870928175,0.0059132165635586,0.9901,17796.73,28514.11,9.62,19503,388
rs151323183,10,105292821,25000,5.708886867076654,0.0109356041355069,0.9901,3917.63,13035.31,4.56,19503,271
rs61828723,10,3886904,25000,5.608416959532788,0.011903405447946,0.9901,19060.04,33251.09,47.67,19503,391
rs386457469,10,31453892,25000,-5.559031455655116,-0.0055993032732473,0.9901,2012.53,5781.40,4.73,19503,208
