rsid,chrom,center_pos,window_half_bp,akbari_X,akbari_S,akbari_posterior,geom_mean_tmrca,arith_mean_tmrca,min_tmrca,n_pairs,n_sites
rs603424,10,102075479,25000,6.278590988387099,0.0073848426770744,0.9901,7363.18,11794.30,13.96,16471,203
rs199792565,10,114871555,25000,6.020693398344033,0.0183742092127763,0.9901,9032.76,21993.57,14.53,16471,268
rs72843998,10,104855261,25000,5.964096670251455,0.0104070951902063,0.9901,8698.80,19621.21,12.79,16471,295
rs2388486,10,8099021,25000,5.857881870928175,0.0059132165635586,0.9901,17297.67,28016.32,16.16,16471,389
rs151323183,10,105292821,25000,5.708886867076654,0.0109356041355069,0.9901,4269.33,15163.10,6.57,16471,253
rs61828723,10,3886904,25000,5.608416959532788,0.011903405447946,0.9901,15643.90,30187.25,62.87,16471,416
rs386457469,10,31453892,25000,-5.559031455655116,-0.0055993032732473,0.9901,1813.05,5084.20,5.11,16471,221
