rsid,chrom,center_pos,window_half_bp,akbari_X,akbari_S,akbari_posterior,geom_mean_tmrca,arith_mean_tmrca,min_tmrca,n_pairs,n_sites
rs603424,10,102075479,25000,6.278590988387099,0.0073848426770744,0.9901,4869.52,9280.21,12.64,21115,241
rs199792565,10,114871555,25000,6.020693398344033,0.0183742092127763,0.9901,8806.55,21837.39,25.89,21115,330
rs72843998,10,104855261,25000,5.964096670251455,0.0104070951902063,0.9901,11330.71,23703.06,4.50,21115,346
rs2388486,10,8099021,25000,5.857881870928175,0.0059132165635586,0.9901,17407.07,27711.32,12.69,21115,445
rs151323183,10,105292821,25000,5.708886867076654,0.0109356041355069,0.9901,8375.84,21923.15,4.66,21115,277
rs61828723,10,3886904,25000,5.608416959532788,0.011903405447946,0.9901,12594.10,26574.93,38.67,21115,446
rs386457469,10,31453892,25000,-5.559031455655116,-0.0055993032732473,0.9901,3354.13,9685.99,4.49,21115,260
