rsid,chrom,center_pos,window_half_bp,akbari_X,akbari_S,akbari_posterior,geom_mean_tmrca,arith_mean_tmrca,min_tmrca,n_pairs,n_sites
rs603424,10,100315722,25000,6.278590988387099,0.0073848426770744,0.9901,9475.47,17800.26,13.64,21115,297
rs199792565,10,113111796,25000,6.020693398344033,0.0183742092127763,0.9901,10237.14,15289.86,39.42,21115,258
rs72843998,10,103095504,25000,5.964096670251455,0.0104070951902063,0.9901,8218.38,16608.93,15.31,21115,251
rs2388486,10,8057058,25000,5.857881870928175,0.0059132165635586,0.9901,12972.11,22773.55,11.39,21115,416
rs151323183,10,103533064,25000,5.708886867076654,0.0109356041355069,0.9901,9667.45,18410.08,17.16,21115,256
rs61828723,10,3844712,25000,5.608416959532788,0.011903405447946,0.9901,12382.23,19553.35,21.01,21115,381
rs386457469,10,31164963,25000,-5.559031455655116,-0.0055993032732473,0.9901,13030.87,26724.02,10.77,21115,337
