rsid,chrom,center_pos,window_half_bp,akbari_X,akbari_S,akbari_posterior,geom_mean_tmrca,arith_mean_tmrca,min_tmrca,n_pairs,n_sites
rs603424,10,100315722,25000,6.278590988387099,0.0073848426770744,0.9901,13409.03,21008.62,3.13,63190,476
rs199792565,10,113111796,25000,6.020693398344033,0.0183742092127763,0.9901,11122.78,14467.69,3.18,63190,430
rs72843998,10,103095504,25000,5.964096670251455,0.0104070951902063,0.9901,4417.90,11095.92,3.12,63190,310
rs2388486,10,8057058,25000,5.857881870928175,0.0059132165635586,0.9901,18625.63,24575.13,4.42,63190,617
rs151323183,10,103533064,25000,5.708886867076654,0.0109356041355069,0.9901,10469.92,16475.02,3.11,63190,400
rs61828723,10,3844712,25000,5.608416959532788,0.011903405447946,0.9901,15466.70,20610.83,4.32,63190,541
rs386457469,10,31164963,25000,-5.559031455655116,-0.0055993032732473,0.9901,17033.86,25583.91,3.79,63190,588
