rsid,chrom,center_pos,window_half_bp,akbari_X,akbari_S,akbari_posterior,geom_mean_tmrca,arith_mean_tmrca,min_tmrca,n_pairs,n_sites
rs603424,10,102075479,25000,6.278590988387099,0.0073848426770744,0.9901,4404.76,7735.09,3.12,63190,324
rs199792565,10,114871555,25000,6.020693398344033,0.0183742092127763,0.9901,12652.43,19986.30,3.11,63190,510
rs72843998,10,104855261,25000,5.964096670251455,0.0104070951902063,0.9901,10012.74,16545.35,3.11,63190,466
rs2388486,10,8099021,25000,5.857881870928175,0.0059132165635586,0.9901,20128.20,26861.81,4.60,63190,663
rs151323183,10,105292821,25000,5.708886867076654,0.0109356041355069,0.9901,10338.30,20571.34,3.11,63190,418
rs61828723,10,3886904,25000,5.608416959532788,0.011903405447946,0.9901,21530.07,30281.63,4.36,63190,671
rs386457469,10,31453892,25000,-5.559031455655116,-0.0055993032732473,0.9901,14981.29,20879.97,3.57,63190,599
