rsid,chrom,center_pos,window_half_bp,akbari_X,akbari_S,akbari_posterior,geom_mean_tmrca,arith_mean_tmrca,min_tmrca,n_pairs,n_sites
rs603424,10,102075479,25000,6.278590988387099,0.0073848426770744,0.9901,6766.49,11076.68,4.34,49141,250
rs199792565,10,114871555,25000,6.020693398344033,0.0183742092127763,0.9901,8126.27,20860.58,4.35,49141,335
rs72843998,10,104855261,25000,5.964096670251455,0.0104070951902063,0.9901,8264.25,18777.10,4.34,49141,395
rs2388486,10,8099021,25000,5.857881870928175,0.0059132165635586,0.9901,17265.69,27425.10,5.15,49141,473
rs151323183,10,105292821,25000,5.708886867076654,0.0109356041355069,0.9901,4826.34,15211.03,4.34,49141,317
rs61828723,10,3886904,25000,5.608416959532788,0.011903405447946,0.9901,17631.61,31079.78,5.59,49141,488
rs386457469,10,31453892,25000,-5.559031455655116,-0.0055993032732473,0.9901,1885.45,5383.83,4.45,49141,268
