rsid,chrom,center_pos,window_half_bp,akbari_X,akbari_S,akbari_posterior,geom_mean_tmrca,arith_mean_tmrca,min_tmrca,n_pairs,n_sites
rs603424,10,102075479,25000,6.278590988387099,0.0073848426770744,0.9901,4906.37,9276.08,4.34,22791,235
rs199792565,10,114871555,25000,6.020693398344033,0.0183742092127763,0.9901,8314.24,21335.45,4.56,22791,300
rs72843998,10,104855261,25000,5.964096670251455,0.0104070951902063,0.9901,10657.22,22637.62,8.00,22791,337
rs2388486,10,8099021,25000,5.857881870928175,0.0059132165635586,0.9901,13515.41,23926.47,5.50,22791,454
rs151323183,10,105292821,25000,5.708886867076654,0.0109356041355069,0.9901,7427.27,20900.80,4.34,22791,287
rs61828723,10,3886904,25000,5.608416959532788,0.011903405447946,0.9901,14503.49,28526.05,25.63,22791,484
rs386457469,10,31453892,25000,-5.559031455655116,-0.0055993032732473,0.9901,3577.50,9851.32,5.60,22791,267
