rsid,chrom,center_pos,window_half_bp,akbari_X,akbari_S,akbari_posterior,geom_mean_tmrca,arith_mean_tmrca,min_tmrca,n_pairs,n_sites
rs603424,10,100315722,25000,6.278590988387099,0.0073848426770744,0.9901,9453.08,17625.79,14.13,22791,298
rs199792565,10,113111796,25000,6.020693398344033,0.0183742092127763,0.9901,10305.79,15107.67,12.99,22791,267
rs72843998,10,103095504,25000,5.964096670251455,0.0104070951902063,0.9901,7155.96,15536.47,9.23,22791,239
rs2388486,10,8057058,25000,5.857881870928175,0.0059132165635586,0.9901,9785.80,18867.16,14.59,22791,415
rs151323183,10,103533064,25000,5.708886867076654,0.0109356041355069,0.9901,9677.53,18686.64,4.72,22791,254
rs61828723,10,3844712,25000,5.608416959532788,0.011903405447946,0.9901,14980.19,21760.09,26.27,22791,400
rs386457469,10,31164963,25000,-5.559031455655116,-0.0055993032732473,0.9901,13020.87,26234.34,8.10,22791,365
