rsid,chrom,center_pos,window_half_bp,akbari_X,akbari_S,akbari_posterior,geom_mean_tmrca,arith_mean_tmrca,min_tmrca,n_pairs,n_sites
rs603424,10,100315722,25000,6.278590988387099,0.0073848426770744,0.9901,6449.49,15631.45,12.33,21528,222
rs199792565,10,113111796,25000,6.020693398344033,0.0183742092127763,0.9901,6624.79,11715.50,57.42,21528,211
rs72843998,10,103095504,25000,5.964096670251455,0.0104070951902063,0.9901,6609.51,14988.04,19.06,21528,207
rs2388486,10,8057058,25000,5.857881870928175,0.0059132165635586,0.9901,8998.32,19444.09,53.88,21528,282
rs151323183,10,103533064,25000,5.708886867076654,0.0109356041355069,0.9901,7383.62,16610.82,13.46,21528,180
rs61828723,10,3844712,25000,5.608416959532788,0.011903405447946,0.9901,14776.89,21941.65,122.32,21528,298
rs386457469,10,31164963,25000,-5.559031455655116,-0.0055993032732473,0.9901,11179.21,25516.01,23.72,21528,405
