rsid,chrom,center_pos,window_half_bp,akbari_X,akbari_S,akbari_posterior,geom_mean_tmrca,arith_mean_tmrca,min_tmrca,n_pairs,n_sites
rs603424,10,102075479,25000,6.278590988387099,0.0073848426770744,0.9901,5149.45,9968.62,21.21,21528,180
rs199792565,10,114871555,25000,6.020693398344033,0.0183742092127763,0.9901,4259.13,14424.93,13.05,21528,238
rs72843998,10,104855261,25000,5.964096670251455,0.0104070951902063,0.9901,3471.00,15033.92,15.58,21528,257
rs2388486,10,8099021,25000,5.857881870928175,0.0059132165635586,0.9901,13891.94,26438.05,104.01,21528,353
rs151323183,10,105292821,25000,5.708886867076654,0.0109356041355069,0.9901,2259.29,7465.59,4.68,21528,185
rs61828723,10,3886904,25000,5.608416959532788,0.011903405447946,0.9901,17638.65,32199.06,61.43,21528,390
rs386457469,10,31453892,25000,-5.559031455655116,-0.0055993032732473,0.9901,3200.64,8730.21,4.98,21528,190
