rsid,chrom,center_pos,window_half_bp,akbari_X,akbari_S,akbari_posterior,geom_mean_tmrca,arith_mean_tmrca,min_tmrca,n_pairs,n_sites
rs603424,10,100315722,25000,6.278590988387099,0.0073848426770744,0.9901,7358.34,16101.43,4.37,29646,248
rs199792565,10,113111796,25000,6.020693398344033,0.0183742092127763,0.9901,5799.48,10317.28,4.62,29646,202
rs72843998,10,103095504,25000,5.964096670251455,0.0104070951902063,0.9901,9302.98,18654.08,4.40,29646,228
rs2388486,10,8057058,25000,5.857881870928175,0.0059132165635586,0.9901,6322.68,14840.91,5.14,29646,353
rs151323183,10,103533064,25000,5.708886867076654,0.0109356041355069,0.9901,8287.71,18154.81,4.37,29646,206
rs61828723,10,3844712,25000,5.608416959532788,0.011903405447946,0.9901,14086.06,21102.19,5.44,29646,322
rs386457469,10,31164963,25000,-5.559031455655116,-0.0055993032732473,0.9901,15482.00,31508.00,4.48,29646,431
