rsid,chrom,center_pos,window_half_bp,akbari_X,akbari_S,akbari_posterior,geom_mean_tmrca,arith_mean_tmrca,min_tmrca,n_pairs,n_sites
rs603424,10,102075479,25000,6.278590988387099,0.0073848426770744,0.9901,5362.72,8759.51,7.25,19503,320
rs199792565,10,114871555,25000,6.020693398344033,0.0183742092127763,0.9901,14123.43,21453.63,20.78,19503,460
rs72843998,10,104855261,25000,5.964096670251455,0.0104070951902063,0.9901,10771.01,16829.04,5.97,19503,440
rs2388486,10,8099021,25000,5.857881870928175,0.0059132165635586,0.9901,21801.96,27556.45,24.96,19503,634
rs151323183,10,105292821,25000,5.708886867076654,0.0109356041355069,0.9901,11296.42,21263.33,3.25,19503,417
rs61828723,10,3886904,25000,5.608416959532788,0.011903405447946,0.9901,20323.08,28778.31,14.57,19503,683
rs386457469,10,31453892,25000,-5.559031455655116,-0.0055993032732473,0.9901,14865.82,20569.10,6.17,19503,601
