rsid,chrom,center_pos,window_half_bp,akbari_X,akbari_S,akbari_posterior,geom_mean_tmrca,arith_mean_tmrca,min_tmrca,n_pairs,n_sites
rs603424,10,100315722,25000,6.278590988387099,0.0073848426770744,0.9901,14730.35,21725.15,22.17,19503,493
rs199792565,10,113111796,25000,6.020693398344033,0.0183742092127763,0.9901,11095.94,15163.53,6.71,19503,397
rs72843998,10,103095504,25000,5.964096670251455,0.0104070951902063,0.9901,3372.52,9572.96,3.25,19503,260
rs2388486,10,8057058,25000,5.857881870928175,0.0059132165635586,0.9901,20369.24,25621.95,35.30,19503,598
rs151323183,10,103533064,25000,5.708886867076654,0.0109356041355069,0.9901,12133.21,18026.20,9.32,19503,404
rs61828723,10,3844712,25000,5.608416959532788,0.011903405447946,0.9901,16134.59,20817.71,14.75,19503,539
rs386457469,10,31164963,25000,-5.559031455655116,-0.0055993032732473,0.9901,18519.64,26424.25,21.10,19503,558
