rsid,chrom,center_pos,window_half_bp,akbari_X,akbari_S,akbari_posterior,geom_mean_tmrca,arith_mean_tmrca,min_tmrca,n_pairs,n_sites
rs603424,10,102075479,25000,6.278590988387099,0.0073848426770744,0.9901,4693.17,8022.02,3.05,19503,286
rs199792565,10,114871555,25000,6.020693398344033,0.0183742092127763,0.9901,14763.25,21258.24,3.49,19503,497
rs72843998,10,104855261,25000,5.964096670251455,0.0104070951902063,0.9901,11419.37,17748.92,3.02,19503,475
rs2388486,10,8099021,25000,5.857881870928175,0.0059132165635586,0.9901,21637.42,27389.33,3.56,19503,651
rs151323183,10,105292821,25000,5.708886867076654,0.0109356041355069,0.9901,9979.65,19410.12,3.09,19503,383
rs61828723,10,3886904,25000,5.608416959532788,0.011903405447946,0.9901,18743.01,28172.02,3.16,19503,659
rs386457469,10,31453892,25000,-5.559031455655116,-0.0055993032732473,0.9901,15646.08,21571.79,3.04,19503,553
