rsid,chrom,center_pos,window_half_bp,akbari_X,akbari_S,akbari_posterior,geom_mean_tmrca,arith_mean_tmrca,min_tmrca,n_pairs,n_sites
rs603424,10,100315722,25000,6.278590988387099,0.0073848426770744,0.9901,13123.62,20981.69,3.20,19503,459
rs199792565,10,113111796,25000,6.020693398344033,0.0183742092127763,0.9901,11483.44,14723.13,6.09,19503,390
rs72843998,10,103095504,25000,5.964096670251455,0.0104070951902063,0.9901,3464.42,9648.94,3.03,19503,270
rs2388486,10,8057058,25000,5.857881870928175,0.0059132165635586,0.9901,19571.22,25154.25,3.32,19503,549
rs151323183,10,103533064,25000,5.708886867076654,0.0109356041355069,0.9901,11326.68,17051.07,3.02,19503,395
rs61828723,10,3844712,25000,5.608416959532788,0.011903405447946,0.9901,15165.21,19981.07,3.64,19503,533
rs386457469,10,31164963,25000,-5.559031455655116,-0.0055993032732473,0.9901,17563.54,25609.73,3.02,19503,536
