rsid,chrom,center_pos,window_half_bp,akbari_X,akbari_S,akbari_posterior,geom_mean_tmrca,arith_mean_tmrca,min_tmrca,n_pairs,n_sites
rs603424,10,102075479,25000,6.278590988387099,0.0073848426770744,0.9901,5899.92,10404.46,4.33,18721,255
rs199792565,10,114871555,25000,6.020693398344033,0.0183742092127763,0.9901,11819.29,23682.34,4.33,18721,311
rs72843998,10,104855261,25000,5.964096670251455,0.0104070951902063,0.9901,5125.54,16327.05,4.33,18721,301
rs2388486,10,8099021,25000,5.857881870928175,0.0059132165635586,0.9901,17115.70,28672.25,4.99,18721,502
rs151323183,10,105292821,25000,5.708886867076654,0.0109356041355069,0.9901,4094.22,14612.16,4.33,18721,285
rs61828723,10,3886904,25000,5.608416959532788,0.011903405447946,0.9901,22638.36,34316.51,5.31,18721,443
rs386457469,10,31453892,25000,-5.559031455655116,-0.0055993032732473,0.9901,1786.72,5974.48,4.43,18721,343
