rsid,chrom,center_pos,window_half_bp,akbari_X,akbari_S,akbari_posterior,geom_mean_tmrca,arith_mean_tmrca,min_tmrca,n_pairs,n_sites
rs603424,10,100315722,25000,6.278590988387099,0.0073848426770744,0.9901,6559.48,15418.59,4.32,18721,323
rs199792565,10,113111796,25000,6.020693398344033,0.0183742092127763,0.9901,8936.83,14735.97,4.33,18721,262
rs72843998,10,103095504,25000,5.964096670251455,0.0104070951902063,0.9901,6265.08,14412.65,4.58,18721,209
rs2388486,10,8057058,25000,5.857881870928175,0.0059132165635586,0.9901,12494.47,21091.42,5.06,18721,395
rs151323183,10,103533064,25000,5.708886867076654,0.0109356041355069,0.9901,8043.58,17263.90,4.32,18721,292
rs61828723,10,3844712,25000,5.608416959532788,0.011903405447946,0.9901,15992.32,23094.05,5.32,18721,369
rs386457469,10,31164963,25000,-5.559031455655116,-0.0055993032732473,0.9901,6729.19,15736.77,4.43,18721,428
