rsid,chrom,center_pos,window_half_bp,akbari_X,akbari_S,akbari_posterior,geom_mean_tmrca,arith_mean_tmrca,min_tmrca,n_pairs,n_sites
rs603424,10,100315722,25000,6.278590988387099,0.0073848426770744,0.9901,4787.36,13762.88,4.37,29646,305
rs199792565,10,113111796,25000,6.020693398344033,0.0183742092127763,0.9901,7500.86,14098.80,4.37,29646,263
rs72843998,10,103095504,25000,5.964096670251455,0.0104070951902063,0.9901,5920.56,14496.39,4.37,29646,194
rs2388486,10,8057058,25000,5.857881870928175,0.0059132165635586,0.9901,9595.20,18911.81,5.07,29646,329
rs151323183,10,103533064,25000,5.708886867076654,0.0109356041355069,0.9901,6378.12,15566.70,4.37,29646,234
rs61828723,10,3844712,25000,5.608416959532788,0.011903405447946,0.9901,14897.93,23392.21,6.91,29646,321
rs386457469,10,31164963,25000,-5.559031455655116,-0.0055993032732473,0.9901,4237.52,12335.54,4.48,29646,347
