rsid,chrom,center_pos,window_half_bp,akbari_X,akbari_S,akbari_posterior,geom_mean_tmrca,arith_mean_tmrca,min_tmrca,n_pairs,n_sites
rs603424,10,102075479,25000,6.278590988387099,0.0073848426770744,0.9901,5688.23,10533.76,4.37,29646,239
rs199792565,10,114871555,25000,6.020693398344033,0.0183742092127763,0.9901,8105.26,21195.25,4.37,29646,260
rs72843998,10,104855261,25000,5.964096670251455,0.0104070951902063,0.9901,3132.14,14201.55,4.37,29646,368
rs2388486,10,8099021,25000,5.857881870928175,0.0059132165635586,0.9901,15037.22,29372.78,5.10,29646,399
rs151323183,10,105292821,25000,5.708886867076654,0.0109356041355069,0.9901,4868.34,18169.64,4.37,29646,269
rs61828723,10,3886904,25000,5.608416959532788,0.011903405447946,0.9901,18214.65,33276.89,8.55,29646,412
rs386457469,10,31453892,25000,-5.559031455655116,-0.0055993032732473,0.9901,1052.41,2507.64,4.48,29646,292
