rsid,chrom,center_pos,window_half_bp,akbari_X,akbari_S,akbari_posterior,geom_mean_tmrca,arith_mean_tmrca,min_tmrca,n_pairs,n_sites
rs603424,10,100315722,25000,6.278590988387099,0.0073848426770744,0.9901,8941.74,17040.93,4.50,42486,327
rs199792565,10,113111796,25000,6.020693398344033,0.0183742092127763,0.9901,9699.72,14613.23,4.33,42486,285
rs72843998,10,103095504,25000,5.964096670251455,0.0104070951902063,0.9901,6709.72,14623.23,4.32,42486,265
rs2388486,10,8057058,25000,5.857881870928175,0.0059132165635586,0.9901,9862.00,19560.24,6.56,42486,402
rs151323183,10,103533064,25000,5.708886867076654,0.0109356041355069,0.9901,10000.54,19345.08,4.32,42486,260
rs61828723,10,3844712,25000,5.608416959532788,0.011903405447946,0.9901,13250.37,20587.90,5.32,42486,390
rs386457469,10,31164963,25000,-5.559031455655116,-0.0055993032732473,0.9901,14442.30,28182.77,4.43,42486,375
