rsid,chrom,center_pos,window_half_bp,akbari_X,akbari_S,akbari_posterior,geom_mean_tmrca,arith_mean_tmrca,min_tmrca,n_pairs,n_sites
rs603424,10,102075479,25000,6.278590988387099,0.0073848426770744,0.9901,5028.03,9279.48,4.33,42486,266
rs199792565,10,114871555,25000,6.020693398344033,0.0183742092127763,0.9901,7739.44,20581.79,4.33,42486,316
rs72843998,10,104855261,25000,5.964096670251455,0.0104070951902063,0.9901,11313.86,22959.47,4.32,42486,367
rs2388486,10,8099021,25000,5.857881870928175,0.0059132165635586,0.9901,13558.71,23995.61,8.29,42486,476
rs151323183,10,105292821,25000,5.708886867076654,0.0109356041355069,0.9901,8789.29,21770.80,4.33,42486,320
rs61828723,10,3886904,25000,5.608416959532788,0.011903405447946,0.9901,15327.67,30141.38,5.31,42486,480
rs386457469,10,31453892,25000,-5.559031455655116,-0.0055993032732473,0.9901,3597.54,9948.82,4.43,42486,292
