rsid,chrom,center_pos,window_half_bp,akbari_X,akbari_S,akbari_posterior,geom_mean_tmrca,arith_mean_tmrca,min_tmrca,n_pairs,n_sites
rs603424,10,102075479,25000,6.278590988387099,0.0073848426770744,0.9901,7081.08,11056.65,3.19,38503,298
rs199792565,10,114871555,25000,6.020693398344033,0.0183742092127763,0.9901,8885.54,20084.67,3.17,38503,377
rs72843998,10,104855261,25000,5.964096670251455,0.0104070951902063,0.9901,8800.52,18437.48,3.18,38503,385
rs2388486,10,8099021,25000,5.857881870928175,0.0059132165635586,0.9901,18132.96,27244.40,4.18,38503,548
rs151323183,10,105292821,25000,5.708886867076654,0.0109356041355069,0.9901,5545.24,16600.65,3.17,38503,349
rs61828723,10,3886904,25000,5.608416959532788,0.011903405447946,0.9901,19093.02,31104.95,4.32,38503,549
rs386457469,10,31453892,25000,-5.559031455655116,-0.0055993032732473,0.9901,3597.17,10126.46,3.66,38503,480
