rsid,chrom,center_pos,window_half_bp,akbari_X,akbari_S,akbari_posterior,geom_mean_tmrca,arith_mean_tmrca,min_tmrca,n_pairs,n_sites
rs603424,10,100315722,25000,6.278590988387099,0.0073848426770744,0.9901,8338.71,16296.48,3.18,38503,424
rs199792565,10,113111796,25000,6.020693398344033,0.0183742092127763,0.9901,9675.00,14659.53,3.17,38503,331
rs72843998,10,103095504,25000,5.964096670251455,0.0104070951902063,0.9901,6525.10,13979.82,3.18,38503,255
rs2388486,10,8057058,25000,5.857881870928175,0.0059132165635586,0.9901,13796.18,21880.06,4.15,38503,497
rs151323183,10,103533064,25000,5.708886867076654,0.0109356041355069,0.9901,10491.08,18299.14,3.18,38503,407
rs61828723,10,3844712,25000,5.608416959532788,0.011903405447946,0.9901,16367.11,22845.66,4.32,38503,447
rs386457469,10,31164963,25000,-5.559031455655116,-0.0055993032732473,0.9901,11345.50,20573.18,3.66,38503,533
