rsid,chrom,center_pos,window_half_bp,akbari_X,akbari_S,akbari_posterior,geom_mean_tmrca,arith_mean_tmrca,min_tmrca,n_pairs,n_sites
rs603424,10,102075479,25000,6.278590988387099,0.0073848426770744,0.9901,4841.55,9223.15,4.45,25878,220
rs199792565,10,114871555,25000,6.020693398344033,0.0183742092127763,0.9901,8797.74,21894.69,5.14,25878,295
rs72843998,10,104855261,25000,5.964096670251455,0.0104070951902063,0.9901,9808.44,22184.66,4.35,25878,351
rs2388486,10,8099021,25000,5.857881870928175,0.0059132165635586,0.9901,15278.06,26078.60,8.98,25878,468
rs151323183,10,105292821,25000,5.708886867076654,0.0109356041355069,0.9901,6919.40,19507.25,4.35,25878,287
rs61828723,10,3886904,25000,5.608416959532788,0.011903405447946,0.9901,14630.30,28896.27,5.83,25878,466
rs386457469,10,31453892,25000,-5.559031455655116,-0.0055993032732473,0.9901,3076.06,8601.88,4.46,25878,279
