rsid,chrom,center_pos,window_half_bp,akbari_X,akbari_S,akbari_posterior,geom_mean_tmrca,arith_mean_tmrca,min_tmrca,n_pairs,n_sites
rs603424,10,100315722,25000,6.278590988387099,0.0073848426770744,0.9901,7097.51,14670.43,34.58,22791,327
rs199792565,10,113111796,25000,6.020693398344033,0.0183742092127763,0.9901,10718.99,15916.68,41.98,22791,240
rs72843998,10,103095504,25000,5.964096670251455,0.0104070951902063,0.9901,7656.90,16065.14,10.50,22791,204
rs2388486,10,8057058,25000,5.857881870928175,0.0059132165635586,0.9901,13417.41,22796.24,37.82,22791,350
rs151323183,10,103533064,25000,5.708886867076654,0.0109356041355069,0.9901,8363.44,16544.09,18.98,22791,239
rs61828723,10,3844712,25000,5.608416959532788,0.011903405447946,0.9901,16341.01,23136.77,87.61,22791,346
rs386457469,10,31164963,25000,-5.559031455655116,-0.0055993032732473,0.9901,8009.35,17739.46,5.20,22791,352
