rsid,chrom,center_pos,window_half_bp,akbari_X,akbari_S,akbari_posterior,geom_mean_tmrca,arith_mean_tmrca,min_tmrca,n_pairs,n_sites
rs603424,10,100315722,25000,6.278590988387099,0.0073848426770744,0.9901,11292.46,20442.10,3.33,63190,510
rs199792565,10,113111796,25000,6.020693398344033,0.0183742092127763,0.9901,11009.85,15001.99,3.03,63190,409
rs72843998,10,103095504,25000,5.964096670251455,0.0104070951902063,0.9901,3475.17,9760.95,3.03,63190,288
rs2388486,10,8057058,25000,5.857881870928175,0.0059132165635586,0.9901,18993.38,25139.38,3.70,63190,594
rs151323183,10,103533064,25000,5.708886867076654,0.0109356041355069,0.9901,11422.38,17304.92,3.03,63190,439
rs61828723,10,3844712,25000,5.608416959532788,0.011903405447946,0.9901,16350.48,20957.11,3.18,63190,569
rs386457469,10,31164963,25000,-5.559031455655116,-0.0055993032732473,0.9901,18136.94,27089.98,3.12,63190,547
