rsid,chrom,center_pos,window_half_bp,akbari_X,akbari_S,akbari_posterior,geom_mean_tmrca,arith_mean_tmrca,min_tmrca,n_pairs,n_sites
rs603424,10,102075479,25000,6.278590988387099,0.0073848426770744,0.9901,4883.64,8264.82,3.03,63190,362
rs199792565,10,114871555,25000,6.020693398344033,0.0183742092127763,0.9901,14008.45,21206.27,3.03,63190,469
rs72843998,10,104855261,25000,5.964096670251455,0.0104070951902063,0.9901,11164.01,17575.41,3.03,63190,482
rs2388486,10,8099021,25000,5.857881870928175,0.0059132165635586,0.9901,21772.40,28192.87,4.18,63190,664
rs151323183,10,105292821,25000,5.708886867076654,0.0109356041355069,0.9901,9634.16,19393.14,3.03,63190,429
rs61828723,10,3886904,25000,5.608416959532788,0.011903405447946,0.9901,20282.85,28420.77,3.17,63190,689
rs386457469,10,31453892,25000,-5.559031455655116,-0.0055993032732473,0.9901,14867.68,21043.59,3.03,63190,615
