gene,chr,tmrca_cu_min_rank,tmrca_cu_min_pop,akbari_n_variants,akbari_max_posterior,akbari_n_post_ge_99,akbari_n_post_ge_90,akbari_n_post_ge_50,akbari_top_rsid,akbari_top_pos,akbari_top_S,akbari_top_P_X,akbari_top_FDR
GRK2,11,0.0022777836635236,GIH,539,0.9901,3,4,12,rs67501657,67204255,0.0050621734500166,2.117375033655207e-08,0.0099
BPIFA2,20,0.0092170780803051,GIH,509,0.9901,2,2,13,rs2424995,33164515,0.0230051868141794,1.283260209313189e-10,0.0099
SLC6A15,12,0.0031241726237754,CHS,1080,0.6443,0,0,3,rs148250918,84949504,0.0191330580921404,4.6578022135766405e-06,0.151
CCDC92,12,0.0082341691457713,CDX,879,0.9901,1,2,32,rs36183311,123862637,0.0053827099469321,1.9157793505643735e-10,0.0099
CLEC6A,12,0.0083935401614959,CDX,341,0.1723,0,0,0,rs34952569,8447903,0.0053619599095784,0.0026405840344911886,0.6906
SLC24A5,15,0.0009012830028628,GBR,737,0.2605,0,0,0,rs189009533,48214925,-0.0100524486599027,0.0005422408505585467,0.5518
LCT,2,0.0031751071598666,CEU,524,0.9901,199,200,202,rs6738563,135689188,-0.033140554455956,8.571295394898345e-47,0.0099
MCM6,2,0.0030692702545377,CEU,512,0.9901,225,226,227,rs1530559,135755629,-0.0231318138110715,6.04741996341011e-35,0.0099
ZRANB3,2,0.0019579827485844,CEU,1593,0.9901,229,255,289,rs4954130,135058732,0.0147705040519636,4.1144602338797764e-17,0.0099
DARS1,2,0.0020638196539133,CEU,553,0.9901,265,266,267,rs781180368,135805939,-0.0074725606988024,3.4917827002696006e-09,0.0099
ABCC11,16,0.0019625523789317,CHB,476,0.375,0,0,0,rs535818009,48276568,0.0209448729583096,0.00010474971506103998,0.407
MYEF2,15,0.0007422330611812,GBR,814,0.2605,0,0,0,rs189009533,48214925,-0.0100524486599027,0.0005422408505585467,0.5518
CTXN2,15,0.0007952497084084,GBR,690,0.4287,0,0,0,rs377754526,48295705,-0.0125402612042892,5.3172972303330695e-05,0.346
SHCBP1,16,0.0014868309260832,JPT,148,0.5277,0,0,1,rs56227132,46552134,0.012004077575439,1.668406372502479e-05,0.2449
NOTCH2NLR,1,0.0003173092178327,IBS,2,0.0722,0,0,0,rs587710546,120660669,0.0092637851672021,0.033373554625058505,0.8667
AMY1A,1,0.0006858348720654,ACB,1016,0.176,0,0,0,rs143020188,103603780,0.0173263608071272,0.002455491452497518,0.6838
AMY1B,1,0.0004235717689416,PEL,965,0.2381,0,0,0,rs191853890,103776116,0.0135107167063026,0.0007818958438564763,0.5839
