rsid,chrom,center_pos,window_half_bp,akbari_X,akbari_S,akbari_posterior,geom_mean_tmrca,arith_mean_tmrca,min_tmrca,n_pairs,n_sites
rs73165126,22,41917991,25000,-10.16262268957606,-0.0118604657841831,0.9901,11833.85,18261.47,8.54,10878,397
rs9616751,22,49828588,25000,-6.050963181831785,-0.0055174040079671,0.9901,17917.22,25679.03,20.95,10878,563
rs73162515,22,34593228,25000,6.000898998198009,0.0175274270866731,0.9901,22675.17,31843.58,11.38,10878,676
