rsid,chrom,center_pos,window_half_bp,akbari_X,akbari_S,akbari_posterior,geom_mean_tmrca,arith_mean_tmrca,min_tmrca,n_pairs,n_sites
rs73165126,22,42313995,25000,-10.16262268957606,-0.0118604657841831,0.9901,13865.14,22989.94,5.67,34191,275
rs9616751,22,50222236,25000,-6.050963181831785,-0.0055174040079671,0.9901,16615.49,24479.28,6.25,34191,438
rs73162515,22,34989220,25000,6.000898998198009,0.0175274270866731,0.9901,10430.76,19611.39,5.67,34191,402
