rsid,chrom,center_pos,window_half_bp,akbari_X,akbari_S,akbari_posterior,geom_mean_tmrca,arith_mean_tmrca,min_tmrca,n_pairs,n_sites
rs73165126,22,41917991,25000,-10.16262268957606,-0.0118604657841831,0.9901,2973.65,6561.83,17.90,17205,188
rs9616751,22,49828588,25000,-6.050963181831785,-0.0055174040079671,0.9901,3570.19,11582.65,77.67,17205,287
rs73162515,22,34593228,25000,6.000898998198009,0.0175274270866731,0.9901,13379.76,23480.14,14.31,17205,267
