rsid,chrom,center_pos,window_half_bp,akbari_X,akbari_S,akbari_posterior,geom_mean_tmrca,arith_mean_tmrca,min_tmrca,n_pairs,n_sites
rs73165126,22,42313995,25000,-10.16262268957606,-0.0118604657841831,0.9901,10634.65,20855.04,5.88,63903,251
rs9616751,22,50222236,25000,-6.050963181831785,-0.0055174040079671,0.9901,15909.72,23220.14,5.74,63903,431
rs73162515,22,34989220,25000,6.000898998198009,0.0175274270866731,0.9901,12456.44,19929.42,5.70,63903,341
