rsid,chrom,center_pos,window_half_bp,akbari_X,akbari_S,akbari_posterior,geom_mean_tmrca,arith_mean_tmrca,min_tmrca,n_pairs,n_sites
rs73165126,22,41917991,25000,-10.16262268957606,-0.0118604657841831,0.9901,12383.25,20013.99,4.43,44253,394
rs9616751,22,49828588,25000,-6.050963181831785,-0.0055174040079671,0.9901,19539.82,26461.10,5.14,44253,529
rs73162515,22,34593228,25000,6.000898998198009,0.0175274270866731,0.9901,23664.70,33727.89,4.42,44253,644
