rsid,chrom,center_pos,window_half_bp,akbari_X,akbari_S,akbari_posterior,geom_mean_tmrca,arith_mean_tmrca,min_tmrca,n_pairs,n_sites
rs73165126,22,42313995,25000,-10.16262268957606,-0.0118604657841831,0.9901,9665.26,20174.67,13.72,19503,208
rs9616751,22,50222236,25000,-6.050963181831785,-0.0055174040079671,0.9901,16923.03,23665.46,26.40,19503,374
rs73162515,22,34989220,25000,6.000898998198009,0.0175274270866731,0.9901,13912.97,22688.55,12.15,19503,296
