rsid,chrom,center_pos,window_half_bp,akbari_X,akbari_S,akbari_posterior,geom_mean_tmrca,arith_mean_tmrca,min_tmrca,n_pairs,n_sites
rs73165126,22,42313995,25000,-10.16262268957606,-0.0118604657841831,0.9901,10682.11,21260.06,11.26,16471,219
rs9616751,22,50222236,25000,-6.050963181831785,-0.0055174040079671,0.9901,16658.96,23876.78,25.90,16471,277
rs73162515,22,34989220,25000,6.000898998198009,0.0175274270866731,0.9901,12734.18,20450.82,6.36,16471,306
