rsid,chrom,center_pos,window_half_bp,akbari_X,akbari_S,akbari_posterior,geom_mean_tmrca,arith_mean_tmrca,min_tmrca,n_pairs,n_sites
rs73165126,22,41917991,25000,-10.16262268957606,-0.0118604657841831,0.9901,5604.46,13146.30,16.67,16471,258
rs9616751,22,49828588,25000,-6.050963181831785,-0.0055174040079671,0.9901,3970.51,13572.37,69.52,16471,286
rs73162515,22,34593228,25000,6.000898998198009,0.0175274270866731,0.9901,11313.25,21932.64,5.70,16471,332
