rsid,chrom,center_pos,window_half_bp,akbari_X,akbari_S,akbari_posterior,geom_mean_tmrca,arith_mean_tmrca,min_tmrca,n_pairs,n_sites
rs73165126,22,41917991,25000,-10.16262268957606,-0.0118604657841831,0.9901,3302.50,8318.51,5.75,29646,223
rs9616751,22,49828588,25000,-6.050963181831785,-0.0055174040079671,0.9901,4022.81,12873.95,11.03,29646,349
rs73162515,22,34593228,25000,6.000898998198009,0.0175274270866731,0.9901,13786.10,23818.64,5.75,29646,303
