rsid,chrom,center_pos,window_half_bp,akbari_X,akbari_S,akbari_posterior,geom_mean_tmrca,arith_mean_tmrca,min_tmrca,n_pairs,n_sites
rs73165126,22,42313995,25000,-10.16262268957606,-0.0118604657841831,0.9901,13300.43,23824.53,5.75,29646,197
rs9616751,22,50222236,25000,-6.050963181831785,-0.0055174040079671,0.9901,18559.14,28992.85,5.83,29646,389
rs73162515,22,34989220,25000,6.000898998198009,0.0175274270866731,0.9901,15250.83,24563.32,5.75,29646,309
