rsid,chrom,center_pos,window_half_bp,akbari_X,akbari_S,akbari_posterior,geom_mean_tmrca,arith_mean_tmrca,min_tmrca,n_pairs,n_sites
rs73165126,22,42313995,25000,-10.16262268957606,-0.0118604657841831,0.9901,14647.46,20349.75,29.75,19503,374
rs9616751,22,50222236,25000,-6.050963181831785,-0.0055174040079671,0.9901,15370.17,20705.62,31.33,19503,530
rs73162515,22,34989220,25000,6.000898998198009,0.0175274270866731,0.9901,20341.44,25808.66,15.92,19503,500
