rsid,chrom,center_pos,window_half_bp,akbari_X,akbari_S,akbari_posterior,geom_mean_tmrca,arith_mean_tmrca,min_tmrca,n_pairs,n_sites
rs73165126,22,41917991,25000,-10.16262268957606,-0.0118604657841831,0.9901,12174.55,19391.37,8.85,19503,405
rs9616751,22,49828588,25000,-6.050963181831785,-0.0055174040079671,0.9901,19591.60,26262.44,21.49,19503,480
rs73162515,22,34593228,25000,6.000898998198009,0.0175274270866731,0.9901,24325.50,33710.00,4.67,19503,663
