rsid,chrom,center_pos,window_half_bp,akbari_X,akbari_S,akbari_posterior,geom_mean_tmrca,arith_mean_tmrca,min_tmrca,n_pairs,n_sites
rs2608894,19,5848000,25000,10.961811607905585,0.0089774516206266,0.9901,18935.34,24590.36,5.56,26796,652
rs368565,19,49201217,25000,-6.724081464456344,-0.0068514659366293,0.9901,16255.42,26325.63,6.33,26796,787
rs7246865,19,17219105,25000,6.681494376653297,0.0064544243325002,0.9901,14170.99,23116.70,3.09,26796,604
rs2258380,19,41338988,25000,6.187798581155735,0.0073579367052183,0.9901,8063.96,14175.11,8.45,26796,492
rs144526132,19,45192348,25000,6.025124513333085,0.0051870529833474,0.9901,13212.39,20018.72,3.17,26796,636
rs6509859,19,54762408,25000,5.988864903815837,0.0060577021958896,0.9901,20084.97,34244.49,18.50,26796,1610
rs150494852,19,52116128,25000,5.628316292996826,0.0051954355332997,0.9901,13010.53,18587.90,3.18,26796,490
rs61759525,19,1602299,25000,5.512982130868836,0.014601246713385,0.9901,6036.98,10667.27,10.91,26796,575
rs17814543,19,55372375,25000,5.5024043238937965,0.0058299629851479,0.9901,17255.88,22505.52,14.99,26796,675
rs35586577,19,46377670,25000,5.475114516635349,0.0099807150134805,0.9901,11695.91,17148.61,5.49,26796,579
