rsid,chrom,center_pos,window_half_bp,akbari_X,akbari_S,akbari_posterior,geom_mean_tmrca,arith_mean_tmrca,min_tmrca,n_pairs,n_sites
rs2608894,19,5847989,25000,10.961811607905585,0.0089774516206266,0.9901,18935.34,24590.36,5.56,26796,652
rs368565,19,48697960,25000,-6.724081464456344,-0.0068514659366293,0.9901,19142.08,30924.71,6.50,26796,657
rs7246865,19,17108295,25000,6.681494376653297,0.0064544243325002,0.9901,12801.72,20814.91,5.38,26796,634
rs2258380,19,40833083,25000,6.187798581155735,0.0073579367052183,0.9901,14189.09,21182.50,6.18,26796,732
rs144526132,19,44689076,25000,6.025124513333085,0.0051870529833474,0.9901,14064.50,18374.73,6.24,26796,617
rs6509859,19,54258559,25000,5.988864903815837,0.0060577021958896,0.9901,24936.38,32411.21,33.01,26796,809
rs150494852,19,51612875,25000,5.628316292996826,0.0051954355332997,0.9901,13236.00,21577.97,5.59,26796,502
rs61759525,19,1602300,25000,5.512982130868836,0.014601246713385,0.9901,6036.98,10667.27,10.91,26796,575
rs17814543,19,54860920,25000,5.5024043238937965,0.0058299629851479,0.9901,22673.56,30812.52,15.52,26796,942
rs35586577,19,45874412,25000,5.475114516635349,0.0099807150134805,0.9901,12667.65,18572.14,5.60,26796,541
