rsid,chrom,center_pos,window_half_bp,akbari_X,akbari_S,akbari_posterior,geom_mean_tmrca,arith_mean_tmrca,min_tmrca,n_pairs,n_sites
rs2608894,19,5848000,25000,10.961811607905585,0.0089774516206266,0.9901,19648.52,25203.10,9.53,10878,593
rs368565,19,49201217,25000,-6.724081464456344,-0.0068514659366293,0.9901,13715.23,23922.74,13.04,10878,689
rs7246865,19,17219105,25000,6.681494376653297,0.0064544243325002,0.9901,14621.08,23156.32,3.24,10878,555
rs2258380,19,41338988,25000,6.187798581155735,0.0073579367052183,0.9901,8234.45,14144.79,11.88,10878,423
rs144526132,19,45192348,25000,6.025124513333085,0.0051870529833474,0.9901,14637.83,21128.50,3.33,10878,630
rs6509859,19,54762408,25000,5.988864903815837,0.0060577021958896,0.9901,24296.63,37014.85,103.98,10878,1519
rs150494852,19,52116128,25000,5.628316292996826,0.0051954355332997,0.9901,12207.15,17903.73,3.32,10878,441
rs61759525,19,1602299,25000,5.512982130868836,0.014601246713385,0.9901,4867.16,8310.73,22.27,10878,516
rs17814543,19,55372375,25000,5.5024043238937965,0.0058299629851479,0.9901,16552.56,22073.57,15.47,10878,575
rs35586577,19,46377670,25000,5.475114516635349,0.0099807150134805,0.9901,11288.33,17397.89,3.45,10878,462
