rsid,chrom,center_pos,window_half_bp,akbari_X,akbari_S,akbari_posterior,geom_mean_tmrca,arith_mean_tmrca,min_tmrca,n_pairs,n_sites
rs2608894,19,5847989,25000,10.961811607905585,0.0089774516206266,0.9901,19648.52,25203.10,9.53,10878,593
rs368565,19,48697960,25000,-6.724081464456344,-0.0068514659366293,0.9901,17506.43,29337.72,14.97,10878,583
rs7246865,19,17108295,25000,6.681494376653297,0.0064544243325002,0.9901,12829.90,21228.71,4.69,10878,561
rs2258380,19,40833083,25000,6.187798581155735,0.0073579367052183,0.9901,15651.65,21848.57,6.18,10878,641
rs144526132,19,44689076,25000,6.025124513333085,0.0051870529833474,0.9901,12809.92,17849.34,5.70,10878,540
rs6509859,19,54258559,25000,5.988864903815837,0.0060577021958896,0.9901,24795.82,32468.33,20.48,10878,752
rs150494852,19,51612875,25000,5.628316292996826,0.0051954355332997,0.9901,12061.92,20352.51,5.79,10878,458
rs61759525,19,1602300,25000,5.512982130868836,0.014601246713385,0.9901,4867.16,8310.73,22.27,10878,516
rs17814543,19,54860920,25000,5.5024043238937965,0.0058299629851479,0.9901,24336.61,32792.80,69.10,10878,879
rs35586577,19,45874412,25000,5.475114516635349,0.0099807150134805,0.9901,11686.65,17315.33,12.12,10878,456
