rsid,chrom,center_pos,window_half_bp,akbari_X,akbari_S,akbari_posterior,geom_mean_tmrca,arith_mean_tmrca,min_tmrca,n_pairs,n_sites
rs2608894,19,5848000,25000,10.961811607905585,0.0089774516206266,0.9901,16828.46,24307.88,4.21,34191,504
rs368565,19,49201217,25000,-6.724081464456344,-0.0068514659366293,0.9901,8365.23,17907.14,3.65,34191,531
rs7246865,19,17219105,25000,6.681494376653297,0.0064544243325002,0.9901,12813.33,23786.09,7.92,34191,428
rs2258380,19,41338988,25000,6.187798581155735,0.0073579367052183,0.9901,7646.13,15049.80,3.51,34191,370
rs144526132,19,45192348,25000,6.025124513333085,0.0051870529833474,0.9901,12622.25,21873.68,4.80,34191,420
rs6509859,19,54762408,25000,5.988864903815837,0.0060577021958896,0.9901,29031.35,44009.37,15.29,34191,1280
rs150494852,19,52116128,25000,5.628316292996826,0.0051954355332997,0.9901,8134.27,14815.07,3.40,34191,381
rs61759525,19,1602299,25000,5.512982130868836,0.014601246713385,0.9901,4381.70,7375.60,21.01,34191,292
rs17814543,19,55372375,25000,5.5024043238937965,0.0058299629851479,0.9901,6913.02,14356.22,3.37,34191,421
rs35586577,19,46377670,25000,5.475114516635349,0.0099807150134805,0.9901,9484.73,16938.03,3.46,34191,338
