rsid,chrom,center_pos,window_half_bp,akbari_X,akbari_S,akbari_posterior,geom_mean_tmrca,arith_mean_tmrca,min_tmrca,n_pairs,n_sites
rs2608894,19,5847989,25000,10.961811607905585,0.0089774516206266,0.9901,14800.60,23540.09,36.95,17205,368
rs368565,19,48697960,25000,-6.724081464456344,-0.0068514659366293,0.9901,4825.33,9606.47,23.78,17205,208
rs7246865,19,17108295,25000,6.681494376653297,0.0064544243325002,0.9901,11269.79,22252.41,54.84,17205,322
rs2258380,19,40833083,25000,6.187798581155735,0.0073579367052183,0.9901,15052.89,23622.37,16.97,17205,385
rs144526132,19,44689076,25000,6.025124513333085,0.0051870529833474,0.9901,8777.35,16363.05,38.72,17205,237
rs6509859,19,54258559,25000,5.988864903815837,0.0060577021958896,0.9901,17584.84,27446.37,117.93,17205,557
rs150494852,19,51612875,25000,5.628316292996826,0.0051954355332997,0.9901,10025.29,19760.80,12.38,17205,320
rs61759525,19,1602300,25000,5.512982130868836,0.014601246713385,0.9901,5576.20,9944.77,52.74,17205,198
rs17814543,19,54860920,25000,5.5024043238937965,0.0058299629851479,0.9901,18160.97,35895.33,146.64,17205,668
rs35586577,19,45874412,25000,5.475114516635349,0.0099807150134805,0.9901,10435.71,20088.43,31.80,17205,290
