rsid,chrom,center_pos,window_half_bp,akbari_X,akbari_S,akbari_posterior,geom_mean_tmrca,arith_mean_tmrca,min_tmrca,n_pairs,n_sites
rs2608894,19,5848000,25000,10.961811607905585,0.0089774516206266,0.9901,14800.60,23540.09,36.95,17205,368
rs368565,19,49201217,25000,-6.724081464456344,-0.0068514659366293,0.9901,5550.90,15162.89,55.95,17205,336
rs7246865,19,17219105,25000,6.681494376653297,0.0064544243325002,0.9901,10111.84,23450.00,61.51,17205,293
rs2258380,19,41338988,25000,6.187798581155735,0.0073579367052183,0.9901,6695.30,16414.89,55.67,17205,267
rs144526132,19,45192348,25000,6.025124513333085,0.0051870529833474,0.9901,9466.05,18748.72,33.04,17205,293
rs6509859,19,54762408,25000,5.988864903815837,0.0060577021958896,0.9901,16953.08,34475.25,139.22,17205,946
rs150494852,19,52116128,25000,5.628316292996826,0.0051954355332997,0.9901,7553.43,14491.96,9.69,17205,293
rs61759525,19,1602299,25000,5.512982130868836,0.014601246713385,0.9901,5576.20,9944.77,52.74,17205,198
rs17814543,19,55372375,25000,5.5024043238937965,0.0058299629851479,0.9901,3972.81,10970.97,98.36,17205,277
rs35586577,19,46377670,25000,5.475114516635349,0.0099807150134805,0.9901,10674.95,20184.44,4.87,17205,265
