rsid,chrom,center_pos,window_half_bp,akbari_X,akbari_S,akbari_posterior,geom_mean_tmrca,arith_mean_tmrca,min_tmrca,n_pairs,n_sites
rs2608894,19,5848000,25000,10.961811607905585,0.0089774516206266,0.9901,16521.80,25833.79,4.30,63903,449
rs368565,19,49201217,25000,-6.724081464456344,-0.0068514659366293,0.9901,8872.16,19186.71,3.66,63903,436
rs7246865,19,17219105,25000,6.681494376653297,0.0064544243325002,0.9901,12404.40,23886.37,4.07,63903,399
rs2258380,19,41338988,25000,6.187798581155735,0.0073579367052183,0.9901,6410.26,14060.34,3.53,63903,281
rs144526132,19,45192348,25000,6.025124513333085,0.0051870529833474,0.9901,11455.19,21472.59,3.49,63903,391
rs6509859,19,54762408,25000,5.988864903815837,0.0060577021958896,0.9901,26168.77,39927.58,10.51,63903,1151
rs150494852,19,52116128,25000,5.628316292996826,0.0051954355332997,0.9901,4774.42,10913.73,3.42,63903,346
rs61759525,19,1602299,25000,5.512982130868836,0.014601246713385,0.9901,4566.30,8054.82,8.52,63903,280
rs17814543,19,55372375,25000,5.5024043238937965,0.0058299629851479,0.9901,10688.47,18557.75,3.63,63903,425
rs35586577,19,46377670,25000,5.475114516635349,0.0099807150134805,0.9901,12147.39,20805.27,3.48,63903,307
