rsid,chrom,center_pos,window_half_bp,akbari_X,akbari_S,akbari_posterior,geom_mean_tmrca,arith_mean_tmrca,min_tmrca,n_pairs,n_sites
rs2608894,19,5847989,25000,10.961811607905585,0.0089774516206266,0.9901,16521.80,25833.79,4.30,63903,449
rs368565,19,48697960,25000,-6.724081464456344,-0.0068514659366293,0.9901,8165.76,20940.49,3.54,63903,327
rs7246865,19,17108295,25000,6.681494376653297,0.0064544243325002,0.9901,15997.80,25573.08,4.15,63903,460
rs2258380,19,40833083,25000,6.187798581155735,0.0073579367052183,0.9901,13765.10,22737.87,3.83,63903,530
rs144526132,19,44689076,25000,6.025124513333085,0.0051870529833474,0.9901,9600.22,17751.92,3.81,63903,354
rs6509859,19,54258559,25000,5.988864903815837,0.0060577021958896,0.9901,20840.81,33216.49,7.53,63903,625
rs150494852,19,51612875,25000,5.628316292996826,0.0051954355332997,0.9901,14492.62,23349.28,3.43,63903,354
rs61759525,19,1602300,25000,5.512982130868836,0.014601246713385,0.9901,4566.30,8054.82,8.52,63903,280
rs17814543,19,54860920,25000,5.5024043238937965,0.0058299629851479,0.9901,24542.44,36133.09,6.87,63903,748
rs35586577,19,45874412,25000,5.475114516635349,0.0099807150134805,0.9901,9419.30,17741.09,3.49,63903,344
