rsid,chrom,center_pos,window_half_bp,akbari_X,akbari_S,akbari_posterior,geom_mean_tmrca,arith_mean_tmrca,min_tmrca,n_pairs,n_sites
rs2608894,19,5848000,25000,10.961811607905585,0.0089774516206266,0.9901,12487.48,22567.09,44.90,21115,404
rs368565,19,49201217,25000,-6.724081464456344,-0.0068514659366293,0.9901,6178.31,15970.60,157.36,21115,349
rs7246865,19,17219105,25000,6.681494376653297,0.0064544243325002,0.9901,9167.35,20648.73,105.68,21115,325
rs2258380,19,41338988,25000,6.187798581155735,0.0073579367052183,0.9901,5994.38,15662.44,94.04,21115,243
rs144526132,19,45192348,25000,6.025124513333085,0.0051870529833474,0.9901,10512.25,19930.64,85.41,21115,305
rs6509859,19,54762408,25000,5.988864903815837,0.0060577021958896,0.9901,10961.56,26552.26,123.51,21115,825
rs150494852,19,52116128,25000,5.628316292996826,0.0051954355332997,0.9901,7448.67,14278.84,34.56,21115,298
rs61759525,19,1602299,25000,5.512982130868836,0.014601246713385,0.9901,5931.85,10276.31,133.10,21115,205
rs17814543,19,55372375,25000,5.5024043238937965,0.0058299629851479,0.9901,4624.95,12367.08,103.65,21115,280
rs35586577,19,46377670,25000,5.475114516635349,0.0099807150134805,0.9901,10296.75,20248.87,137.90,21115,269
