rsid,chrom,center_pos,window_half_bp,akbari_X,akbari_S,akbari_posterior,geom_mean_tmrca,arith_mean_tmrca,min_tmrca,n_pairs,n_sites
rs2608894,19,5847989,25000,10.961811607905585,0.0089774516206266,0.9901,12487.48,22567.09,44.90,21115,404
rs368565,19,48697960,25000,-6.724081464456344,-0.0068514659366293,0.9901,6449.10,12403.89,91.60,21115,273
rs7246865,19,17108295,25000,6.681494376653297,0.0064544243325002,0.9901,12895.12,23999.79,112.55,21115,373
rs2258380,19,40833083,25000,6.187798581155735,0.0073579367052183,0.9901,15522.55,24099.60,71.89,21115,406
rs144526132,19,44689076,25000,6.025124513333085,0.0051870529833474,0.9901,9017.04,16926.80,148.53,21115,256
rs6509859,19,54258559,25000,5.988864903815837,0.0060577021958896,0.9901,7285.87,17943.01,170.33,21115,568
rs150494852,19,51612875,25000,5.628316292996826,0.0051954355332997,0.9901,9521.31,19328.88,82.43,21115,339
rs61759525,19,1602300,25000,5.512982130868836,0.014601246713385,0.9901,5931.85,10276.31,133.10,21115,205
rs17814543,19,54860920,25000,5.5024043238937965,0.0058299629851479,0.9901,13364.85,33593.10,109.31,21115,640
rs35586577,19,45874412,25000,5.475114516635349,0.0099807150134805,0.9901,12040.98,21188.19,65.05,21115,327
