rsid,chrom,center_pos,window_half_bp,akbari_X,akbari_S,akbari_posterior,geom_mean_tmrca,arith_mean_tmrca,min_tmrca,n_pairs,n_sites
rs2608894,19,5848000,25000,10.961811607905585,0.0089774516206266,0.9901,12000.08,21964.61,5.14,52975,435
rs368565,19,49201217,25000,-6.724081464456344,-0.0068514659366293,0.9901,5346.18,14350.89,4.34,52975,379
rs7246865,19,17219105,25000,6.681494376653297,0.0064544243325002,0.9901,8814.16,21526.17,4.66,52975,327
rs2258380,19,41338988,25000,6.187798581155735,0.0073579367052183,0.9901,5233.14,14348.74,4.36,52975,283
rs144526132,19,45192348,25000,6.025124513333085,0.0051870529833474,0.9901,8943.09,17741.17,4.35,52975,368
rs6509859,19,54762408,25000,5.988864903815837,0.0060577021958896,0.9901,11990.93,28153.39,4.88,52975,913
rs150494852,19,52116128,25000,5.628316292996826,0.0051954355332997,0.9901,6881.20,13287.69,4.33,52975,326
rs61759525,19,1602299,25000,5.512982130868836,0.014601246713385,0.9901,6185.69,10434.98,9.05,52975,271
rs17814543,19,55372375,25000,5.5024043238937965,0.0058299629851479,0.9901,5072.30,13358.59,4.66,52975,350
rs35586577,19,46377670,25000,5.475114516635349,0.0099807150134805,0.9901,10179.44,19830.99,4.35,52975,294
