rsid,chrom,center_pos,window_half_bp,akbari_X,akbari_S,akbari_posterior,geom_mean_tmrca,arith_mean_tmrca,min_tmrca,n_pairs,n_sites
rs2608894,19,5847989,25000,10.961811607905585,0.0089774516206266,0.9901,12000.08,21964.61,5.14,52975,435
rs368565,19,48697960,25000,-6.724081464456344,-0.0068514659366293,0.9901,6237.07,11954.89,4.34,52975,253
rs7246865,19,17108295,25000,6.681494376653297,0.0064544243325002,0.9901,10757.90,22068.47,4.66,52975,391
rs2258380,19,40833083,25000,6.187798581155735,0.0073579367052183,0.9901,15599.40,23981.52,4.37,52975,459
rs144526132,19,44689076,25000,6.025124513333085,0.0051870529833474,0.9901,8937.95,16704.02,4.49,52975,274
rs6509859,19,54258559,25000,5.988864903815837,0.0060577021958896,0.9901,11750.02,22386.17,4.54,52975,612
rs150494852,19,51612875,25000,5.628316292996826,0.0051954355332997,0.9901,10643.27,20673.26,4.33,52975,342
rs61759525,19,1602300,25000,5.512982130868836,0.014601246713385,0.9901,6185.69,10434.98,9.05,52975,271
rs17814543,19,54860920,25000,5.5024043238937965,0.0058299629851479,0.9901,14697.45,33904.61,9.28,52975,680
rs35586577,19,45874412,25000,5.475114516635349,0.0099807150134805,0.9901,11224.78,20596.36,4.42,52975,325
