rsid,chrom,center_pos,window_half_bp,akbari_X,akbari_S,akbari_posterior,geom_mean_tmrca,arith_mean_tmrca,min_tmrca,n_pairs,n_sites
rs2608894,19,5847989,25000,10.961811607905585,0.0089774516206266,0.9901,16714.93,25548.87,4.17,34716,575
rs368565,19,48697960,25000,-6.724081464456344,-0.0068514659366293,0.9901,10014.25,21121.26,4.59,34716,489
rs7246865,19,17108295,25000,6.681494376653297,0.0064544243325002,0.9901,14945.59,24085.57,3.94,34716,523
rs2258380,19,40833083,25000,6.187798581155735,0.0073579367052183,0.9901,12450.44,20730.91,3.63,34716,565
rs144526132,19,44689076,25000,6.025124513333085,0.0051870529833474,0.9901,9557.36,17038.19,3.61,34716,456
rs6509859,19,54258559,25000,5.988864903815837,0.0060577021958896,0.9901,21114.25,33333.26,9.12,34716,615
rs150494852,19,51612875,25000,5.628316292996826,0.0051954355332997,0.9901,15781.51,24727.67,3.40,34716,435
rs61759525,19,1602300,25000,5.512982130868836,0.014601246713385,0.9901,5257.33,8861.94,9.08,34716,390
rs17814543,19,54860920,25000,5.5024043238937965,0.0058299629851479,0.9901,25475.33,36301.32,14.82,34716,829
rs35586577,19,45874412,25000,5.475114516635349,0.0099807150134805,0.9901,11186.12,19601.39,3.46,34716,403
