rsid,chrom,center_pos,window_half_bp,akbari_X,akbari_S,akbari_posterior,geom_mean_tmrca,arith_mean_tmrca,min_tmrca,n_pairs,n_sites
rs2608894,19,5848000,25000,10.961811607905585,0.0089774516206266,0.9901,16714.93,25548.87,4.17,34716,575
rs368565,19,49201217,25000,-6.724081464456344,-0.0068514659366293,0.9901,8162.59,17951.27,3.58,34716,584
rs7246865,19,17219105,25000,6.681494376653297,0.0064544243325002,0.9901,11785.87,22600.88,4.00,34716,465
rs2258380,19,41338988,25000,6.187798581155735,0.0073579367052183,0.9901,5988.23,13664.15,3.86,34716,368
rs144526132,19,45192348,25000,6.025124513333085,0.0051870529833474,0.9901,10038.06,19199.45,3.46,34716,541
rs6509859,19,54762408,25000,5.988864903815837,0.0060577021958896,0.9901,24956.36,39880.81,15.19,34716,1273
rs150494852,19,52116128,25000,5.628316292996826,0.0051954355332997,0.9901,8813.77,17289.14,3.40,34716,539
rs61759525,19,1602299,25000,5.512982130868836,0.014601246713385,0.9901,5257.33,8861.94,9.08,34716,390
rs17814543,19,55372375,25000,5.5024043238937965,0.0058299629851479,0.9901,12560.84,20609.58,3.37,34716,573
rs35586577,19,46377670,25000,5.475114516635349,0.0099807150134805,0.9901,11966.43,20479.77,3.46,34716,342
