rsid,chrom,center_pos,window_half_bp,akbari_X,akbari_S,akbari_posterior,geom_mean_tmrca,arith_mean_tmrca,min_tmrca,n_pairs,n_sites
rs2608894,19,5848000,25000,10.961811607905585,0.0089774516206266,0.9901,16731.93,23549.40,2.98,44253,611
rs368565,19,49201217,25000,-6.724081464456344,-0.0068514659366293,0.9901,15694.39,26605.57,6.48,44253,732
rs7246865,19,17219105,25000,6.681494376653297,0.0064544243325002,0.9901,13669.76,23429.23,5.65,44253,587
rs2258380,19,41338988,25000,6.187798581155735,0.0073579367052183,0.9901,8471.33,14464.48,5.72,44253,453
rs144526132,19,45192348,25000,6.025124513333085,0.0051870529833474,0.9901,14499.60,21154.95,3.09,44253,619
rs6509859,19,54762408,25000,5.988864903815837,0.0060577021958896,0.9901,17604.67,31413.58,15.19,44253,1501
rs150494852,19,52116128,25000,5.628316292996826,0.0051954355332997,0.9901,12738.64,18826.56,3.04,44253,467
rs61759525,19,1602299,25000,5.512982130868836,0.014601246713385,0.9901,5054.32,9271.80,6.63,44253,542
rs17814543,19,55372375,25000,5.5024043238937965,0.0058299629851479,0.9901,17291.27,22916.60,4.17,44253,659
rs35586577,19,46377670,25000,5.475114516635349,0.0099807150134805,0.9901,10101.13,16411.45,3.26,44253,475
