rsid,chrom,center_pos,window_half_bp,akbari_X,akbari_S,akbari_posterior,geom_mean_tmrca,arith_mean_tmrca,min_tmrca,n_pairs,n_sites
rs2608894,19,5847989,25000,10.961811607905585,0.0089774516206266,0.9901,16729.98,23546.83,2.98,44253,610
rs368565,19,48697960,25000,-6.724081464456344,-0.0068514659366293,0.9901,18383.91,30573.96,3.19,44253,592
rs7246865,19,17108295,25000,6.681494376653297,0.0064544243325002,0.9901,10665.13,19438.99,4.46,44253,572
rs2258380,19,40833083,25000,6.187798581155735,0.0073579367052183,0.9901,14270.00,21381.09,3.25,44253,688
rs144526132,19,44689076,25000,6.025124513333085,0.0051870529833474,0.9901,12802.90,17751.38,6.44,44253,575
rs6509859,19,54258559,25000,5.988864903815837,0.0060577021958896,0.9901,24257.71,32517.93,13.07,44253,788
rs150494852,19,51612875,25000,5.628316292996826,0.0051954355332997,0.9901,10370.42,19944.41,2.97,44253,424
rs61759525,19,1602300,25000,5.512982130868836,0.014601246713385,0.9901,5054.32,9271.80,6.63,44253,542
rs17814543,19,54860920,25000,5.5024043238937965,0.0058299629851479,0.9901,20102.75,30037.99,9.60,44253,921
rs35586577,19,45874412,25000,5.475114516635349,0.0099807150134805,0.9901,9944.78,16474.61,3.07,44253,503
