rsid,chrom,center_pos,window_half_bp,akbari_X,akbari_S,akbari_posterior,geom_mean_tmrca,arith_mean_tmrca,min_tmrca,n_pairs,n_sites
rs2608894,19,5848000,25000,10.961811607905585,0.0089774516206266,0.9901,16524.82,25872.89,8.28,19503,400
rs368565,19,49201217,25000,-6.724081464456344,-0.0068514659366293,0.9901,7501.65,16828.56,38.18,19503,432
rs7246865,19,17219105,25000,6.681494376653297,0.0064544243325002,0.9901,10675.78,21388.87,16.47,19503,361
rs2258380,19,41338988,25000,6.187798581155735,0.0073579367052183,0.9901,6729.41,14334.13,25.93,19503,266
rs144526132,19,45192348,25000,6.025124513333085,0.0051870529833474,0.9901,14458.77,25068.11,10.91,19503,332
rs6509859,19,54762408,25000,5.988864903815837,0.0060577021958896,0.9901,24578.93,39128.05,95.33,19503,1035
rs150494852,19,52116128,25000,5.628316292996826,0.0051954355332997,0.9901,5592.73,15176.13,3.72,19503,290
rs61759525,19,1602299,25000,5.512982130868836,0.014601246713385,0.9901,4469.60,8236.01,63.35,19503,203
rs17814543,19,55372375,25000,5.5024043238937965,0.0058299629851479,0.9901,9301.04,16828.02,43.23,19503,352
rs35586577,19,46377670,25000,5.475114516635349,0.0099807150134805,0.9901,13187.35,21860.16,4.05,19503,282
