rsid,chrom,center_pos,window_half_bp,akbari_X,akbari_S,akbari_posterior,geom_mean_tmrca,arith_mean_tmrca,min_tmrca,n_pairs,n_sites
rs2608894,19,5847989,25000,10.961811607905585,0.0089774516206266,0.9901,17353.28,26391.65,26.54,16471,402
rs368565,19,48697960,25000,-6.724081464456344,-0.0068514659366293,0.9901,9350.37,22262.04,10.94,16471,311
rs7246865,19,17108295,25000,6.681494376653297,0.0064544243325002,0.9901,15278.78,25429.94,49.84,16471,450
rs2258380,19,40833083,25000,6.187798581155735,0.0073579367052183,0.9901,13443.57,22244.47,33.31,16471,478
rs144526132,19,44689076,25000,6.025124513333085,0.0051870529833474,0.9901,8677.24,16787.03,24.44,16471,327
rs6509859,19,54258559,25000,5.988864903815837,0.0060577021958896,0.9901,20002.75,33024.10,65.28,16471,480
rs150494852,19,51612875,25000,5.628316292996826,0.0051954355332997,0.9901,13903.94,22783.55,18.88,16471,302
rs61759525,19,1602300,25000,5.512982130868836,0.014601246713385,0.9901,4107.06,7455.61,73.35,16471,234
rs17814543,19,54860920,25000,5.5024043238937965,0.0058299629851479,0.9901,24146.89,36068.80,53.34,16471,680
rs35586577,19,45874412,25000,5.475114516635349,0.0099807150134805,0.9901,10487.89,18917.54,17.74,16471,324
