rsid,chrom,center_pos,window_half_bp,akbari_X,akbari_S,akbari_posterior,geom_mean_tmrca,arith_mean_tmrca,min_tmrca,n_pairs,n_sites
rs2608894,19,5848000,25000,10.961811607905585,0.0089774516206266,0.9901,17617.43,25253.06,32.96,21115,434
rs368565,19,49201217,25000,-6.724081464456344,-0.0068514659366293,0.9901,9667.93,20124.00,50.40,21115,431
rs7246865,19,17219105,25000,6.681494376653297,0.0064544243325002,0.9901,13473.28,25094.24,20.20,21115,397
rs2258380,19,41338988,25000,6.187798581155735,0.0073579367052183,0.9901,7517.62,15464.35,13.14,21115,296
rs144526132,19,45192348,25000,6.025124513333085,0.0051870529833474,0.9901,13416.27,22897.29,18.76,21115,392
rs6509859,19,54762408,25000,5.988864903815837,0.0060577021958896,0.9901,32963.45,46705.92,36.75,21115,1360
rs150494852,19,52116128,25000,5.628316292996826,0.0051954355332997,0.9901,8849.04,16922.26,3.53,21115,324
rs61759525,19,1602299,25000,5.512982130868836,0.014601246713385,0.9901,4292.10,7487.08,48.19,21115,259
rs17814543,19,55372375,25000,5.5024043238937965,0.0058299629851479,0.9901,8833.97,16639.04,44.46,21115,399
rs35586577,19,46377670,25000,5.475114516635349,0.0099807150134805,0.9901,11762.33,19497.44,15.38,21115,329
