rsid,chrom,center_pos,window_half_bp,akbari_X,akbari_S,akbari_posterior,geom_mean_tmrca,arith_mean_tmrca,min_tmrca,n_pairs,n_sites
rs2608894,19,5847989,25000,10.961811607905585,0.0089774516206266,0.9901,17617.43,25253.06,32.96,21115,434
rs368565,19,48697960,25000,-6.724081464456344,-0.0068514659366293,0.9901,9749.68,19081.62,22.37,21115,338
rs7246865,19,17108295,25000,6.681494376653297,0.0064544243325002,0.9901,12573.52,22147.20,20.40,21115,442
rs2258380,19,40833083,25000,6.187798581155735,0.0073579367052183,0.9901,12455.59,21129.13,11.07,21115,515
rs144526132,19,44689076,25000,6.025124513333085,0.0051870529833474,0.9901,9330.07,16840.72,46.63,21115,348
rs6509859,19,54258559,25000,5.988864903815837,0.0060577021958896,0.9901,21983.29,34510.97,143.17,21115,682
rs150494852,19,51612875,25000,5.628316292996826,0.0051954355332997,0.9901,15933.04,23556.85,11.99,21115,363
rs61759525,19,1602300,25000,5.512982130868836,0.014601246713385,0.9901,4292.10,7487.08,48.19,21115,259
rs17814543,19,54860920,25000,5.5024043238937965,0.0058299629851479,0.9901,23143.49,36141.14,34.84,21115,767
rs35586577,19,45874412,25000,5.475114516635349,0.0099807150134805,0.9901,11642.89,19558.61,17.44,21115,367
