rsid,chrom,center_pos,window_half_bp,akbari_X,akbari_S,akbari_posterior,geom_mean_tmrca,arith_mean_tmrca,min_tmrca,n_pairs,n_sites
rs2608894,19,5848000,25000,10.961811607905585,0.0089774516206266,0.9901,17385.87,23639.28,4.77,63190,595
rs368565,19,49201217,25000,-6.724081464456344,-0.0068514659366293,0.9901,12445.70,22342.95,3.17,63190,737
rs7246865,19,17219105,25000,6.681494376653297,0.0064544243325002,0.9901,13079.79,22594.42,3.27,63190,606
rs2258380,19,41338988,25000,6.187798581155735,0.0073579367052183,0.9901,8576.55,14714.85,3.14,63190,469
rs144526132,19,45192348,25000,6.025124513333085,0.0051870529833474,0.9901,16333.65,22487.31,5.41,63190,635
rs6509859,19,54762408,25000,5.988864903815837,0.0060577021958896,0.9901,22377.08,34846.47,25.27,63190,1614
rs150494852,19,52116128,25000,5.628316292996826,0.0051954355332997,0.9901,13185.60,19390.14,3.06,63190,482
rs61759525,19,1602299,25000,5.512982130868836,0.014601246713385,0.9901,6107.83,10254.18,8.23,63190,622
rs17814543,19,55372375,25000,5.5024043238937965,0.0058299629851479,0.9901,16711.75,22681.64,8.38,63190,651
rs35586577,19,46377670,25000,5.475114516635349,0.0099807150134805,0.9901,12308.30,17975.61,3.05,63190,512
