rsid,chrom,center_pos,window_half_bp,akbari_X,akbari_S,akbari_posterior,geom_mean_tmrca,arith_mean_tmrca,min_tmrca,n_pairs,n_sites
rs2608894,19,5847989,25000,10.961811607905585,0.0089774516206266,0.9901,17385.87,23639.28,4.77,63190,595
rs368565,19,48697960,25000,-6.724081464456344,-0.0068514659366293,0.9901,18610.79,30331.40,9.02,63190,653
rs7246865,19,17108295,25000,6.681494376653297,0.0064544243325002,0.9901,11498.15,20160.78,3.18,63190,643
rs2258380,19,40833083,25000,6.187798581155735,0.0073579367052183,0.9901,16091.01,22272.97,5.71,63190,724
rs144526132,19,44689076,25000,6.025124513333085,0.0051870529833474,0.9901,13294.29,18020.09,7.23,63190,540
rs6509859,19,54258559,25000,5.988864903815837,0.0060577021958896,0.9901,23169.06,31343.22,23.79,63190,847
rs150494852,19,51612875,25000,5.628316292996826,0.0051954355332997,0.9901,14309.61,22363.14,3.17,63190,484
rs61759525,19,1602300,25000,5.512982130868836,0.014601246713385,0.9901,6107.83,10254.18,8.23,63190,622
rs17814543,19,54860920,25000,5.5024043238937965,0.0058299629851479,0.9901,21272.05,29289.68,16.80,63190,987
rs35586577,19,45874412,25000,5.475114516635349,0.0099807150134805,0.9901,11305.70,17106.03,3.06,63190,520
