rsid,chrom,center_pos,window_half_bp,akbari_X,akbari_S,akbari_posterior,geom_mean_tmrca,arith_mean_tmrca,min_tmrca,n_pairs,n_sites
rs2608894,19,5848000,25000,10.961811607905585,0.0089774516206266,0.9901,16739.94,25761.31,4.20,49141,478
rs368565,19,49201217,25000,-6.724081464456344,-0.0068514659366293,0.9901,9148.06,19409.02,3.44,49141,540
rs7246865,19,17219105,25000,6.681494376653297,0.0064544243325002,0.9901,11576.24,22127.75,3.97,49141,423
rs2258380,19,41338988,25000,6.187798581155735,0.0073579367052183,0.9901,6897.65,15148.81,3.68,49141,297
rs144526132,19,45192348,25000,6.025124513333085,0.0051870529833474,0.9901,10117.23,19424.64,3.54,49141,410
rs6509859,19,54762408,25000,5.988864903815837,0.0060577021958896,0.9901,24120.04,38873.61,8.04,49141,1157
rs150494852,19,52116128,25000,5.628316292996826,0.0051954355332997,0.9901,5381.41,12683.20,3.42,49141,416
rs61759525,19,1602299,25000,5.512982130868836,0.014601246713385,0.9901,4458.94,8069.16,9.45,49141,300
rs17814543,19,55372375,25000,5.5024043238937965,0.0058299629851479,0.9901,11172.37,18957.55,3.63,49141,427
rs35586577,19,46377670,25000,5.475114516635349,0.0099807150134805,0.9901,11431.25,20379.74,3.48,49141,320
