rsid,chrom,center_pos,window_half_bp,akbari_X,akbari_S,akbari_posterior,geom_mean_tmrca,arith_mean_tmrca,min_tmrca,n_pairs,n_sites
rs2608894,19,5847989,25000,10.961811607905585,0.0089774516206266,0.9901,16739.94,25761.31,4.20,49141,478
rs368565,19,48697960,25000,-6.724081464456344,-0.0068514659366293,0.9901,8785.76,19826.69,3.54,49141,430
rs7246865,19,17108295,25000,6.681494376653297,0.0064544243325002,0.9901,14577.83,24909.68,3.96,49141,530
rs2258380,19,40833083,25000,6.187798581155735,0.0073579367052183,0.9901,14025.42,22667.00,3.60,49141,561
rs144526132,19,44689076,25000,6.025124513333085,0.0051870529833474,0.9901,9239.11,17097.50,3.54,49141,358
rs6509859,19,54258559,25000,5.988864903815837,0.0060577021958896,0.9901,21227.34,34018.35,7.14,49141,559
rs150494852,19,51612875,25000,5.628316292996826,0.0051954355332997,0.9901,15861.50,24002.97,3.42,49141,385
rs61759525,19,1602300,25000,5.512982130868836,0.014601246713385,0.9901,4458.94,8069.16,9.45,49141,300
rs17814543,19,54860920,25000,5.5024043238937965,0.0058299629851479,0.9901,25057.24,36298.42,14.39,49141,727
rs35586577,19,45874412,25000,5.475114516635349,0.0099807150134805,0.9901,11543.04,20205.31,3.48,49141,352
