rsid,chrom,center_pos,window_half_bp,akbari_X,akbari_S,akbari_posterior,geom_mean_tmrca,arith_mean_tmrca,min_tmrca,n_pairs,n_sites
rs2608894,19,5848000,25000,10.961811607905585,0.0089774516206266,0.9901,15807.81,24312.29,4.47,22791,411
rs368565,19,49201217,25000,-6.724081464456344,-0.0068514659366293,0.9901,10533.32,20753.19,3.61,22791,436
rs7246865,19,17219105,25000,6.681494376653297,0.0064544243325002,0.9901,13470.31,25156.18,4.38,22791,371
rs2258380,19,41338988,25000,6.187798581155735,0.0073579367052183,0.9901,7235.53,14695.11,17.81,22791,302
rs144526132,19,45192348,25000,6.025124513333085,0.0051870529833474,0.9901,12954.78,21884.09,7.40,22791,413
rs6509859,19,54762408,25000,5.988864903815837,0.0060577021958896,0.9901,30473.99,45333.21,46.49,22791,1298
rs150494852,19,52116128,25000,5.628316292996826,0.0051954355332997,0.9901,9144.73,16550.35,7.19,22791,350
rs61759525,19,1602299,25000,5.512982130868836,0.014601246713385,0.9901,4513.63,7811.80,20.78,22791,269
rs17814543,19,55372375,25000,5.5024043238937965,0.0058299629851479,0.9901,9616.58,17690.67,23.19,22791,439
rs35586577,19,46377670,25000,5.475114516635349,0.0099807150134805,0.9901,8327.54,15857.46,10.70,22791,333
