rsid,chrom,center_pos,window_half_bp,akbari_X,akbari_S,akbari_posterior,geom_mean_tmrca,arith_mean_tmrca,min_tmrca,n_pairs,n_sites
rs2608894,19,5847989,25000,10.961811607905585,0.0089774516206266,0.9901,15807.81,24312.29,4.47,22791,411
rs368565,19,48697960,25000,-6.724081464456344,-0.0068514659366293,0.9901,8628.09,16591.62,9.03,22791,411
rs7246865,19,17108295,25000,6.681494376653297,0.0064544243325002,0.9901,12419.01,22256.24,4.12,22791,421
rs2258380,19,40833083,25000,6.187798581155735,0.0073579367052183,0.9901,12145.77,20804.48,15.59,22791,538
rs144526132,19,44689076,25000,6.025124513333085,0.0051870529833474,0.9901,10126.26,17881.86,21.60,22791,359
rs6509859,19,54258559,25000,5.988864903815837,0.0060577021958896,0.9901,23918.71,36013.65,28.52,22791,683
rs150494852,19,51612875,25000,5.628316292996826,0.0051954355332997,0.9901,15235.14,23200.38,7.69,22791,329
rs61759525,19,1602300,25000,5.512982130868836,0.014601246713385,0.9901,4513.63,7811.80,20.78,22791,269
rs17814543,19,54860920,25000,5.5024043238937965,0.0058299629851479,0.9901,26632.51,38558.01,32.16,22791,804
rs35586577,19,45874412,25000,5.475114516635349,0.0099807150134805,0.9901,10009.18,17452.93,7.09,22791,374
