rsid,chrom,center_pos,window_half_bp,akbari_X,akbari_S,akbari_posterior,geom_mean_tmrca,arith_mean_tmrca,min_tmrca,n_pairs,n_sites
rs2608894,19,5847989,25000,10.961811607905585,0.0089774516206266,0.9901,12837.37,22895.91,53.06,21528,355
rs368565,19,48697960,25000,-6.724081464456344,-0.0068514659366293,0.9901,6326.83,12508.17,62.48,21528,207
rs7246865,19,17108295,25000,6.681494376653297,0.0064544243325002,0.9901,11502.82,23023.54,56.42,21528,353
rs2258380,19,40833083,25000,6.187798581155735,0.0073579367052183,0.9901,14826.90,23408.31,28.78,21528,379
rs144526132,19,44689076,25000,6.025124513333085,0.0051870529833474,0.9901,9959.10,18124.78,81.97,21528,247
rs6509859,19,54258559,25000,5.988864903815837,0.0060577021958896,0.9901,8698.56,20858.21,207.12,21528,604
rs150494852,19,51612875,25000,5.628316292996826,0.0051954355332997,0.9901,10583.57,20794.67,31.38,21528,295
rs61759525,19,1602300,25000,5.512982130868836,0.014601246713385,0.9901,6080.29,10844.87,128.80,21528,196
rs17814543,19,54860920,25000,5.5024043238937965,0.0058299629851479,0.9901,16306.26,35974.80,90.86,21528,638
rs35586577,19,45874412,25000,5.475114516635349,0.0099807150134805,0.9901,12960.03,22944.03,61.46,21528,285
