rsid,chrom,center_pos,window_half_bp,akbari_X,akbari_S,akbari_posterior,geom_mean_tmrca,arith_mean_tmrca,min_tmrca,n_pairs,n_sites
rs2608894,19,5848000,25000,10.961811607905585,0.0089774516206266,0.9901,12837.37,22895.91,53.06,21528,355
rs368565,19,49201217,25000,-6.724081464456344,-0.0068514659366293,0.9901,3896.88,11210.68,57.70,21528,301
rs7246865,19,17219105,25000,6.681494376653297,0.0064544243325002,0.9901,8522.99,21387.01,32.93,21528,263
rs2258380,19,41338988,25000,6.187798581155735,0.0073579367052183,0.9901,5556.23,15277.13,59.89,21528,235
rs144526132,19,45192348,25000,6.025124513333085,0.0051870529833474,0.9901,8275.71,18029.38,58.74,21528,290
rs6509859,19,54762408,25000,5.988864903815837,0.0060577021958896,0.9901,11238.52,24930.97,96.26,21528,812
rs150494852,19,52116128,25000,5.628316292996826,0.0051954355332997,0.9901,6326.28,12757.84,4.83,21528,189
rs61759525,19,1602299,25000,5.512982130868836,0.014601246713385,0.9901,6080.29,10844.87,128.80,21528,196
rs17814543,19,55372375,25000,5.5024043238937965,0.0058299629851479,0.9901,3917.78,10899.26,110.52,21528,292
rs35586577,19,46377670,25000,5.475114516635349,0.0099807150134805,0.9901,12125.33,20908.33,17.64,21528,271
