rsid,chrom,center_pos,window_half_bp,akbari_X,akbari_S,akbari_posterior,geom_mean_tmrca,arith_mean_tmrca,min_tmrca,n_pairs,n_sites
rs2608894,19,5847989,25000,10.961811607905585,0.0089774516206266,0.9901,14371.41,23269.90,8.97,29646,422
rs368565,19,48697960,25000,-6.724081464456344,-0.0068514659366293,0.9901,4904.14,9939.10,4.51,29646,367
rs7246865,19,17108295,25000,6.681494376653297,0.0064544243325002,0.9901,11621.80,22760.83,4.76,29646,418
rs2258380,19,40833083,25000,6.187798581155735,0.0073579367052183,0.9901,13692.52,22507.13,4.48,29646,427
rs144526132,19,44689076,25000,6.025124513333085,0.0051870529833474,0.9901,8987.58,17232.82,8.21,29646,294
rs6509859,19,54258559,25000,5.988864903815837,0.0060577021958896,0.9901,15508.26,26393.15,4.81,29646,501
rs150494852,19,51612875,25000,5.628316292996826,0.0051954355332997,0.9901,10379.10,20790.12,4.35,29646,360
rs61759525,19,1602300,25000,5.512982130868836,0.014601246713385,0.9901,5603.68,9834.02,9.76,29646,231
rs17814543,19,54860920,25000,5.5024043238937965,0.0058299629851479,0.9901,20397.42,38396.54,21.53,29646,713
rs35586577,19,45874412,25000,5.475114516635349,0.0099807150134805,0.9901,12224.95,21687.81,4.45,29646,312
