rsid,chrom,center_pos,window_half_bp,akbari_X,akbari_S,akbari_posterior,geom_mean_tmrca,arith_mean_tmrca,min_tmrca,n_pairs,n_sites
rs2608894,19,5848000,25000,10.961811607905585,0.0089774516206266,0.9901,14371.41,23269.90,8.97,29646,422
rs368565,19,49201217,25000,-6.724081464456344,-0.0068514659366293,0.9901,6293.21,16559.07,4.50,29646,352
rs7246865,19,17219105,25000,6.681494376653297,0.0064544243325002,0.9901,9734.39,23123.05,4.87,29646,359
rs2258380,19,41338988,25000,6.187798581155735,0.0073579367052183,0.9901,6347.05,15714.72,4.38,29646,293
rs144526132,19,45192348,25000,6.025124513333085,0.0051870529833474,0.9901,9572.30,18422.36,4.67,29646,350
rs6509859,19,54762408,25000,5.988864903815837,0.0060577021958896,0.9901,12908.34,29018.94,9.41,29646,849
rs150494852,19,52116128,25000,5.628316292996826,0.0051954355332997,0.9901,6813.65,13995.27,4.35,29646,296
rs61759525,19,1602299,25000,5.512982130868836,0.014601246713385,0.9901,5603.68,9834.02,9.76,29646,231
rs17814543,19,55372375,25000,5.5024043238937965,0.0058299629851479,0.9901,4346.36,11207.45,7.98,29646,341
rs35586577,19,46377670,25000,5.475114516635349,0.0099807150134805,0.9901,10097.10,19022.79,4.77,29646,270
