rsid,chrom,center_pos,window_half_bp,akbari_X,akbari_S,akbari_posterior,geom_mean_tmrca,arith_mean_tmrca,min_tmrca,n_pairs,n_sites
rs2608894,19,5848000,25000,10.961811607905585,0.0089774516206266,0.9901,18602.02,24323.63,41.03,19503,611
rs368565,19,49201217,25000,-6.724081464456344,-0.0068514659366293,0.9901,14326.55,24571.32,58.13,19503,714
rs7246865,19,17219105,25000,6.681494376653297,0.0064544243325002,0.9901,15706.61,23561.15,18.94,19503,558
rs2258380,19,41338988,25000,6.187798581155735,0.0073579367052183,0.9901,8901.83,14829.61,27.89,19503,463
rs144526132,19,45192348,25000,6.025124513333085,0.0051870529833474,0.9901,15370.09,21696.14,38.82,19503,622
rs6509859,19,54762408,25000,5.988864903815837,0.0060577021958896,0.9901,23634.86,36241.63,116.40,19503,1783
rs150494852,19,52116128,25000,5.628316292996826,0.0051954355332997,0.9901,13343.61,19095.67,12.73,19503,507
rs61759525,19,1602299,25000,5.512982130868836,0.014601246713385,0.9901,5331.68,9184.89,59.85,19503,517
rs17814543,19,55372375,25000,5.5024043238937965,0.0058299629851479,0.9901,17333.34,23554.54,87.91,19503,631
rs35586577,19,46377670,25000,5.475114516635349,0.0099807150134805,0.9901,10696.18,16923.05,5.85,19503,497
