rsid,chrom,center_pos,window_half_bp,akbari_X,akbari_S,akbari_posterior,geom_mean_tmrca,arith_mean_tmrca,min_tmrca,n_pairs,n_sites
rs2608894,19,5847989,25000,10.961811607905585,0.0089774516206266,0.9901,18602.02,24323.63,41.03,19503,611
rs368565,19,48697960,25000,-6.724081464456344,-0.0068514659366293,0.9901,19398.34,31182.25,12.60,19503,646
rs7246865,19,17108295,25000,6.681494376653297,0.0064544243325002,0.9901,12290.58,20463.22,16.05,19503,596
rs2258380,19,40833083,25000,6.187798581155735,0.0073579367052183,0.9901,15860.09,21936.28,33.01,19503,652
rs144526132,19,44689076,25000,6.025124513333085,0.0051870529833474,0.9901,13065.01,17527.14,28.74,19503,580
rs6509859,19,54258559,25000,5.988864903815837,0.0060577021958896,0.9901,26109.01,32914.02,135.22,19503,789
rs150494852,19,51612875,25000,5.628316292996826,0.0051954355332997,0.9901,12075.79,20672.44,15.01,19503,437
rs61759525,19,1602300,25000,5.512982130868836,0.014601246713385,0.9901,5331.68,9184.89,59.85,19503,517
rs17814543,19,54860920,25000,5.5024043238937965,0.0058299629851479,0.9901,24287.33,31913.41,76.69,19503,1013
rs35586577,19,45874412,25000,5.475114516635349,0.0099807150134805,0.9901,11619.08,17780.33,22.34,19503,531
