rsid,chrom,center_pos,window_half_bp,akbari_X,akbari_S,akbari_posterior,geom_mean_tmrca,arith_mean_tmrca,min_tmrca,n_pairs,n_sites
rs2608894,19,5847989,25000,10.961811607905585,0.0089774516206266,0.9901,18461.09,24206.43,6.22,19503,601
rs368565,19,48697960,25000,-6.724081464456344,-0.0068514659366293,0.9901,19462.01,30728.37,12.96,19503,651
rs7246865,19,17108295,25000,6.681494376653297,0.0064544243325002,0.9901,12681.94,21150.56,7.11,19503,605
rs2258380,19,40833083,25000,6.187798581155735,0.0073579367052183,0.9901,16170.14,22532.77,3.20,19503,683
rs144526132,19,44689076,25000,6.025124513333085,0.0051870529833474,0.9901,13203.13,17855.32,17.74,19503,529
rs6509859,19,54258559,25000,5.988864903815837,0.0060577021958896,0.9901,24029.58,31671.60,30.81,19503,805
rs150494852,19,51612875,25000,5.628316292996826,0.0051954355332997,0.9901,12740.91,21263.98,3.27,19503,469
rs61759525,19,1602300,25000,5.512982130868836,0.014601246713385,0.9901,5694.08,9598.84,15.54,19503,557
rs17814543,19,54860920,25000,5.5024043238937965,0.0058299629851479,0.9901,22381.12,30403.55,50.93,19503,957
rs35586577,19,45874412,25000,5.475114516635349,0.0099807150134805,0.9901,12417.76,18306.79,3.22,19503,506
