rsid,chrom,center_pos,window_half_bp,akbari_X,akbari_S,akbari_posterior,geom_mean_tmrca,arith_mean_tmrca,min_tmrca,n_pairs,n_sites
rs2608894,19,5848000,25000,10.961811607905585,0.0089774516206266,0.9901,18461.09,24206.43,6.22,19503,601
rs368565,19,49201217,25000,-6.724081464456344,-0.0068514659366293,0.9901,16458.79,25999.12,19.42,19503,701
rs7246865,19,17219105,25000,6.681494376653297,0.0064544243325002,0.9901,14312.95,22773.44,6.18,19503,626
rs2258380,19,41338988,25000,6.187798581155735,0.0073579367052183,0.9901,8839.43,14977.82,11.81,19503,453
rs144526132,19,45192348,25000,6.025124513333085,0.0051870529833474,0.9901,15007.79,21475.37,5.66,19503,582
rs6509859,19,54762408,25000,5.988864903815837,0.0060577021958896,0.9901,22625.96,36382.01,34.44,19503,1553
rs150494852,19,52116128,25000,5.628316292996826,0.0051954355332997,0.9901,12809.10,18788.17,3.04,19503,463
rs61759525,19,1602299,25000,5.512982130868836,0.014601246713385,0.9901,5694.08,9598.84,15.54,19503,557
rs17814543,19,55372375,25000,5.5024043238937965,0.0058299629851479,0.9901,16833.84,21999.87,34.67,19503,611
rs35586577,19,46377670,25000,5.475114516635349,0.0099807150134805,0.9901,9938.01,16116.68,3.33,19503,434
