rsid,chrom,center_pos,window_half_bp,akbari_X,akbari_S,akbari_posterior,geom_mean_tmrca,arith_mean_tmrca,min_tmrca,n_pairs,n_sites
rs2608894,19,5848000,25000,10.961811607905585,0.0089774516206266,0.9901,13338.66,23588.25,4.20,18721,437
rs368565,19,49201217,25000,-6.724081464456344,-0.0068514659366293,0.9901,8432.32,19333.07,3.48,18721,580
rs7246865,19,17219105,25000,6.681494376653297,0.0064544243325002,0.9901,11567.91,24855.22,3.98,18721,397
rs2258380,19,41338988,25000,6.187798581155735,0.0073579367052183,0.9901,5686.80,13975.68,3.57,18721,296
rs144526132,19,45192348,25000,6.025124513333085,0.0051870529833474,0.9901,10273.12,20343.49,3.53,18721,479
rs6509859,19,54762408,25000,5.988864903815837,0.0060577021958896,0.9901,18861.00,35683.50,7.47,18721,1074
rs150494852,19,52116128,25000,5.628316292996826,0.0051954355332997,0.9901,7398.29,13951.24,3.41,18721,385
rs61759525,19,1602299,25000,5.512982130868836,0.014601246713385,0.9901,3902.20,7162.89,8.50,18721,226
rs17814543,19,55372375,25000,5.5024043238937965,0.0058299629851479,0.9901,9744.00,19071.31,5.45,18721,470
rs35586577,19,46377670,25000,5.475114516635349,0.0099807150134805,0.9901,11087.11,20015.70,3.54,18721,318
