rsid,chrom,center_pos,window_half_bp,akbari_X,akbari_S,akbari_posterior,geom_mean_tmrca,arith_mean_tmrca,min_tmrca,n_pairs,n_sites
rs2608894,19,5848000,25000,10.961811607905585,0.0089774516206266,0.9901,8330.26,20098.48,5.24,29646,414
rs368565,19,49201217,25000,-6.724081464456344,-0.0068514659366293,0.9901,3765.83,9971.48,4.66,29646,481
rs7246865,19,17219105,25000,6.681494376653297,0.0064544243325002,0.9901,7571.97,21829.83,5.08,29646,394
rs2258380,19,41338988,25000,6.187798581155735,0.0073579367052183,0.9901,3886.77,13042.69,4.38,29646,289
rs144526132,19,45192348,25000,6.025124513333085,0.0051870529833474,0.9901,8438.87,19621.18,4.45,29646,355
rs6509859,19,54762408,25000,5.988864903815837,0.0060577021958896,0.9901,7652.68,24465.04,9.21,29646,1005
rs150494852,19,52116128,25000,5.628316292996826,0.0051954355332997,0.9901,7340.77,15033.15,4.35,29646,338
rs61759525,19,1602299,25000,5.512982130868836,0.014601246713385,0.9901,6026.89,10817.56,9.92,29646,287
rs17814543,19,55372375,25000,5.5024043238937965,0.0058299629851479,0.9901,6508.99,16870.13,7.76,29646,395
rs35586577,19,46377670,25000,5.475114516635349,0.0099807150134805,0.9901,8589.68,20173.50,4.46,29646,247
