rsid,chrom,center_pos,window_half_bp,akbari_X,akbari_S,akbari_posterior,geom_mean_tmrca,arith_mean_tmrca,min_tmrca,n_pairs,n_sites
rs2608894,19,5847989,25000,10.961811607905585,0.0089774516206266,0.9901,8330.26,20098.48,5.24,29646,414
rs368565,19,48697960,25000,-6.724081464456344,-0.0068514659366293,0.9901,7878.37,16917.92,4.84,29646,366
rs7246865,19,17108295,25000,6.681494376653297,0.0064544243325002,0.9901,12660.95,25027.54,5.60,29646,428
rs2258380,19,40833083,25000,6.187798581155735,0.0073579367052183,0.9901,4776.82,14325.62,4.73,29646,463
rs144526132,19,44689076,25000,6.025124513333085,0.0051870529833474,0.9901,5910.80,12073.10,4.68,29646,311
rs6509859,19,54258559,25000,5.988864903815837,0.0060577021958896,0.9901,20532.05,33687.45,6.65,29646,582
rs150494852,19,51612875,25000,5.628316292996826,0.0051954355332997,0.9901,10841.63,22089.02,4.35,29646,364
rs61759525,19,1602300,25000,5.512982130868836,0.014601246713385,0.9901,6026.89,10817.56,9.92,29646,287
rs17814543,19,54860920,25000,5.5024043238937965,0.0058299629851479,0.9901,10313.54,29757.16,9.44,29646,679
rs35586577,19,45874412,25000,5.475114516635349,0.0099807150134805,0.9901,10333.26,21766.53,4.37,29646,330
