rsid,chrom,center_pos,window_half_bp,akbari_X,akbari_S,akbari_posterior,geom_mean_tmrca,arith_mean_tmrca,min_tmrca,n_pairs,n_sites
rs2608894,19,5847989,25000,10.961811607905585,0.0089774516206266,0.9901,17610.30,25244.22,4.24,42486,439
rs368565,19,48697960,25000,-6.724081464456344,-0.0068514659366293,0.9901,7839.13,18092.56,3.46,42486,426
rs7246865,19,17108295,25000,6.681494376653297,0.0064544243325002,0.9901,11972.12,22153.31,4.02,42486,456
rs2258380,19,40833083,25000,6.187798581155735,0.0073579367052183,0.9901,14363.49,22449.44,3.70,42486,540
rs144526132,19,44689076,25000,6.025124513333085,0.0051870529833474,0.9901,8693.17,16226.85,3.63,42486,382
rs6509859,19,54258559,25000,5.988864903815837,0.0060577021958896,0.9901,21870.37,33339.15,7.51,42486,721
rs150494852,19,51612875,25000,5.628316292996826,0.0051954355332997,0.9901,14295.17,22269.14,3.41,42486,396
rs61759525,19,1602300,25000,5.512982130868836,0.014601246713385,0.9901,4386.17,7524.56,8.72,42486,279
rs17814543,19,54860920,25000,5.5024043238937965,0.0058299629851479,0.9901,24014.83,36426.78,14.61,42486,816
rs35586577,19,45874412,25000,5.475114516635349,0.0099807150134805,0.9901,10087.16,17982.01,3.47,42486,388
