rsid,chrom,center_pos,window_half_bp,akbari_X,akbari_S,akbari_posterior,geom_mean_tmrca,arith_mean_tmrca,min_tmrca,n_pairs,n_sites
rs2608894,19,5848000,25000,10.961811607905585,0.0089774516206266,0.9901,17610.30,25244.22,4.24,42486,439
rs368565,19,49201217,25000,-6.724081464456344,-0.0068514659366293,0.9901,10560.52,20806.65,3.43,42486,517
rs7246865,19,17219105,25000,6.681494376653297,0.0064544243325002,0.9901,12885.45,23814.17,4.11,42486,419
rs2258380,19,41338988,25000,6.187798581155735,0.0073579367052183,0.9901,6505.62,13895.38,7.04,42486,309
rs144526132,19,45192348,25000,6.025124513333085,0.0051870529833474,0.9901,13403.55,22898.74,3.48,42486,412
rs6509859,19,54762408,25000,5.988864903815837,0.0060577021958896,0.9901,32893.31,46279.66,15.98,42486,1293
rs150494852,19,52116128,25000,5.628316292996826,0.0051954355332997,0.9901,8628.63,15852.98,3.41,42486,365
rs61759525,19,1602299,25000,5.512982130868836,0.014601246713385,0.9901,4386.17,7524.56,8.72,42486,279
rs17814543,19,55372375,25000,5.5024043238937965,0.0058299629851479,0.9901,9518.22,17324.24,6.59,42486,427
rs35586577,19,46377670,25000,5.475114516635349,0.0099807150134805,0.9901,8413.72,16059.45,3.65,42486,328
