rsid,chrom,center_pos,window_half_bp,akbari_X,akbari_S,akbari_posterior,geom_mean_tmrca,arith_mean_tmrca,min_tmrca,n_pairs,n_sites
rs2608894,19,5848000,25000,10.961811607905585,0.0089774516206266,0.9901,17963.60,25918.11,4.17,38503,558
rs368565,19,49201217,25000,-6.724081464456344,-0.0068514659366293,0.9901,9613.79,20071.69,7.56,38503,652
rs7246865,19,17219105,25000,6.681494376653297,0.0064544243325002,0.9901,13941.97,24380.27,4.09,38503,475
rs2258380,19,41338988,25000,6.187798581155735,0.0073579367052183,0.9901,7210.76,15180.81,3.50,38503,371
rs144526132,19,45192348,25000,6.025124513333085,0.0051870529833474,0.9901,12077.18,21069.81,3.46,38503,577
rs6509859,19,54762408,25000,5.988864903815837,0.0060577021958896,0.9901,22458.29,36582.30,7.06,38503,1450
rs150494852,19,52116128,25000,5.628316292996826,0.0051954355332997,0.9901,6427.54,13757.62,3.39,38503,505
rs61759525,19,1602299,25000,5.512982130868836,0.014601246713385,0.9901,5005.38,8932.49,7.89,38503,404
rs17814543,19,55372375,25000,5.5024043238937965,0.0058299629851479,0.9901,12772.57,20758.53,3.58,38503,538
rs35586577,19,46377670,25000,5.475114516635349,0.0099807150134805,0.9901,12208.23,19518.62,3.49,38503,441
