rsid,chrom,center_pos,window_half_bp,akbari_X,akbari_S,akbari_posterior,geom_mean_tmrca,arith_mean_tmrca,min_tmrca,n_pairs,n_sites
rs2608894,19,5848000,25000,10.961811607905585,0.0089774516206266,0.9901,17271.89,25185.11,4.67,25878,442
rs368565,19,49201217,25000,-6.724081464456344,-0.0068514659366293,0.9901,9587.08,19885.88,10.28,25878,435
rs7246865,19,17219105,25000,6.681494376653297,0.0064544243325002,0.9901,13532.33,25621.90,8.11,25878,394
rs2258380,19,41338988,25000,6.187798581155735,0.0073579367052183,0.9901,7059.90,14524.15,3.97,25878,323
rs144526132,19,45192348,25000,6.025124513333085,0.0051870529833474,0.9901,14054.33,23290.44,3.70,25878,411
rs6509859,19,54762408,25000,5.988864903815837,0.0060577021958896,0.9901,34507.76,48329.67,73.59,25878,1313
rs150494852,19,52116128,25000,5.628316292996826,0.0051954355332997,0.9901,8664.78,16339.77,3.41,25878,333
rs61759525,19,1602299,25000,5.512982130868836,0.014601246713385,0.9901,3683.50,6392.50,20.06,25878,251
rs17814543,19,55372375,25000,5.5024043238937965,0.0058299629851479,0.9901,7889.98,15523.22,6.91,25878,428
rs35586577,19,46377670,25000,5.475114516635349,0.0099807150134805,0.9901,8717.25,16152.25,7.06,25878,339
