rsid,chrom,center_pos,window_half_bp,akbari_X,akbari_S,akbari_posterior,geom_mean_tmrca,arith_mean_tmrca,min_tmrca,n_pairs,n_sites
rs2608894,19,5847989,25000,10.961811607905585,0.0089774516206266,0.9901,17271.89,25185.11,4.67,25878,442
rs368565,19,48697960,25000,-6.724081464456344,-0.0068514659366293,0.9901,8486.02,16402.46,5.96,25878,418
rs7246865,19,17108295,25000,6.681494376653297,0.0064544243325002,0.9901,11712.36,22124.85,4.49,25878,424
rs2258380,19,40833083,25000,6.187798581155735,0.0073579367052183,0.9901,12066.59,20900.04,5.11,25878,533
rs144526132,19,44689076,25000,6.025124513333085,0.0051870529833474,0.9901,10364.60,18392.69,7.53,25878,351
rs6509859,19,54258559,25000,5.988864903815837,0.0060577021958896,0.9901,24670.43,36077.05,17.11,25878,721
rs150494852,19,51612875,25000,5.628316292996826,0.0051954355332997,0.9901,16022.65,23692.11,3.41,25878,339
rs61759525,19,1602300,25000,5.512982130868836,0.014601246713385,0.9901,3683.50,6392.50,20.06,25878,251
rs17814543,19,54860920,25000,5.5024043238937965,0.0058299629851479,0.9901,26891.76,38253.29,19.29,25878,784
rs35586577,19,45874412,25000,5.475114516635349,0.0099807150134805,0.9901,10457.60,18401.74,3.68,25878,346
