rsid,chrom,center_pos,window_half_bp,akbari_X,akbari_S,akbari_posterior,geom_mean_tmrca,arith_mean_tmrca,min_tmrca,n_pairs,n_sites
rs2608894,19,5847989,25000,10.961811607905585,0.0089774516206266,0.9901,18195.69,26617.46,38.49,22791,459
rs368565,19,48697960,25000,-6.724081464456344,-0.0068514659366293,0.9901,8956.89,21720.67,28.35,22791,342
rs7246865,19,17108295,25000,6.681494376653297,0.0064544243325002,0.9901,14092.53,24097.29,53.22,22791,432
rs2258380,19,40833083,25000,6.187798581155735,0.0073579367052183,0.9901,14747.02,22964.84,36.85,22791,496
rs144526132,19,44689076,25000,6.025124513333085,0.0051870529833474,0.9901,9138.59,17018.15,80.24,22791,323
rs6509859,19,54258559,25000,5.988864903815837,0.0060577021958896,0.9901,20406.07,33047.83,71.04,22791,620
rs150494852,19,51612875,25000,5.628316292996826,0.0051954355332997,0.9901,15290.42,23864.14,72.87,22791,368
rs61759525,19,1602300,25000,5.512982130868836,0.014601246713385,0.9901,3305.00,6046.40,101.99,22791,219
rs17814543,19,54860920,25000,5.5024043238937965,0.0058299629851479,0.9901,28351.55,39451.60,162.18,22791,744
rs35586577,19,45874412,25000,5.475114516635349,0.0099807150134805,0.9901,9903.00,18003.84,19.64,22791,346
