rsid,chrom,center_pos,window_half_bp,akbari_X,akbari_S,akbari_posterior,geom_mean_tmrca,arith_mean_tmrca,min_tmrca,n_pairs,n_sites
rs2608894,19,5848000,25000,10.961811607905585,0.0089774516206266,0.9901,18195.69,26617.46,38.49,22791,459
rs368565,19,49201217,25000,-6.724081464456344,-0.0068514659366293,0.9901,9065.63,18925.29,71.27,22791,492
rs7246865,19,17219105,25000,6.681494376653297,0.0064544243325002,0.9901,13565.88,24753.52,55.87,22791,400
rs2258380,19,41338988,25000,6.187798581155735,0.0073579367052183,0.9901,6968.50,15028.04,15.69,22791,266
rs144526132,19,45192348,25000,6.025124513333085,0.0051870529833474,0.9901,10246.06,19903.78,62.58,22791,375
rs6509859,19,54762408,25000,5.988864903815837,0.0060577021958896,0.9901,30403.25,44357.75,173.64,22791,1205
rs150494852,19,52116128,25000,5.628316292996826,0.0051954355332997,0.9901,5133.03,11767.88,27.33,22791,308
rs61759525,19,1602299,25000,5.512982130868836,0.014601246713385,0.9901,3305.00,6046.40,101.99,22791,219
rs17814543,19,55372375,25000,5.5024043238937965,0.0058299629851479,0.9901,11073.27,19058.96,112.23,22791,391
rs35586577,19,46377670,25000,5.475114516635349,0.0099807150134805,0.9901,11642.67,20483.22,80.07,22791,280
