rsid,chrom,center_pos,window_half_bp,akbari_X,akbari_S,akbari_posterior,geom_mean_tmrca,arith_mean_tmrca,min_tmrca,n_pairs,n_sites
rs2608894,19,5847989,25000,10.961811607905585,0.0089774516206266,0.9901,18222.21,24297.78,3.16,63190,636
rs368565,19,48697960,25000,-6.724081464456344,-0.0068514659366293,0.9901,18648.12,30618.85,3.15,63190,639
rs7246865,19,17108295,25000,6.681494376653297,0.0064544243325002,0.9901,12595.50,20887.47,5.53,63190,652
rs2258380,19,40833083,25000,6.187798581155735,0.0073579367052183,0.9901,15682.55,22140.60,3.15,63190,766
rs144526132,19,44689076,25000,6.025124513333085,0.0051870529833474,0.9901,12701.12,17468.37,6.93,63190,595
rs6509859,19,54258559,25000,5.988864903815837,0.0060577021958896,0.9901,24981.27,33093.32,13.00,63190,767
rs150494852,19,51612875,25000,5.628316292996826,0.0051954355332997,0.9901,12220.61,21346.87,2.97,63190,457
rs61759525,19,1602300,25000,5.512982130868836,0.014601246713385,0.9901,4564.70,8024.64,7.05,63190,582
rs17814543,19,54860920,25000,5.5024043238937965,0.0058299629851479,0.9901,21656.23,30924.54,5.93,63190,965
rs35586577,19,45874412,25000,5.475114516635349,0.0099807150134805,0.9901,11676.62,17786.51,3.12,63190,523
