rsid,chrom,center_pos,window_half_bp,akbari_X,akbari_S,akbari_posterior,geom_mean_tmrca,arith_mean_tmrca,min_tmrca,n_pairs,n_sites
rs2608894,19,5848000,25000,10.961811607905585,0.0089774516206266,0.9901,18222.21,24297.78,3.16,63190,636
rs368565,19,49201217,25000,-6.724081464456344,-0.0068514659366293,0.9901,16790.97,26844.62,6.33,63190,799
rs7246865,19,17219105,25000,6.681494376653297,0.0064544243325002,0.9901,12528.24,22401.24,4.58,63190,598
rs2258380,19,41338988,25000,6.187798581155735,0.0073579367052183,0.9901,8252.39,14243.50,3.09,63190,474
rs144526132,19,45192348,25000,6.025124513333085,0.0051870529833474,0.9901,13822.31,20458.02,4.57,63190,640
rs6509859,19,54762408,25000,5.988864903815837,0.0060577021958896,0.9901,19282.81,33122.95,20.01,63190,1622
rs150494852,19,52116128,25000,5.628316292996826,0.0051954355332997,0.9901,12932.75,18701.62,3.09,63190,469
rs61759525,19,1602299,25000,5.512982130868836,0.014601246713385,0.9901,4564.70,8024.64,7.05,63190,582
rs17814543,19,55372375,25000,5.5024043238937965,0.0058299629851479,0.9901,17043.17,22739.96,6.32,63190,682
rs35586577,19,46377670,25000,5.475114516635349,0.0099807150134805,0.9901,10500.93,16793.01,2.98,63190,503
