rsid,chrom,center_pos,window_half_bp,akbari_X,akbari_S,akbari_posterior,geom_mean_tmrca,arith_mean_tmrca,min_tmrca,n_pairs,n_sites
rs11446223,16,90022484,25000,8.99087507599635,0.0178955560623209,0.9901,18694.10,24816.48,6.10,26796,732
rs143930250,16,89078897,25000,8.76026987911437,0.0117125396012164,0.9901,20107.27,32502.44,5.88,26796,852
rs111460975,16,89434541,25000,8.263016165630786,0.0185491825358093,0.9901,10741.28,15637.74,12.87,26796,535
chr16_67381383,16,67381383,25000,7.138652116986993,0.0134021335429675,0.9901,6620.01,12868.91,3.40,26796,253
rs200510516,16,31254532,25000,-7.080791720762887,-0.007841410160047,0.9901,15031.45,22892.40,3.97,26796,538
rs143586350,16,67734013,25000,7.029883163559094,0.0140104965177738,0.9901,5010.15,7864.22,5.15,26796,273
rs111402414,16,75571387,25000,-7.015498310754998,-0.0058856163222919,0.9901,11157.13,17076.54,3.24,26796,465
rs117999269,16,68229123,25000,6.564242748995681,0.0131207672667184,0.9901,5960.63,13562.49,3.36,26796,384
rs72807046,16,86001621,25000,6.5091025688010165,0.0182568842913381,0.9901,19765.27,24487.89,3.38,26796,661
rs6564702,16,79795641,25000,-6.201213049331312,-0.00565612972534,0.9901,17535.67,24128.93,3.24,26796,669
rs72771556,16,12502038,25000,6.1205797205485615,0.0048375619326431,0.9901,19578.98,25597.88,4.16,26796,679
rs145930990,16,68625842,25000,5.998956750573028,0.0168548366865594,0.9901,13772.22,19791.60,3.27,26796,475
rs5816206,16,23189672,25000,-5.827974695188849,-0.0047431871268291,0.9901,6763.67,14733.52,4.19,26796,474
rs11643278,16,28852584,25000,5.7997757082537325,0.0075102157125073,0.9901,11556.98,19151.05,64.60,26796,385
rs186956666,16,69002561,25000,5.668016195015696,0.0121786894457885,0.9901,7604.52,12281.84,3.53,26796,354
rs11861698,16,11856138,25000,5.664692700273386,0.0130001700489985,0.9901,14675.94,19964.92,5.21,26796,522
rs140937328,16,69499981,25000,5.558285987089924,0.0116422252632098,0.9901,17095.60,21899.76,5.79,26796,531
rs62050284,16,70696815,25000,5.507057611935834,0.0150917462138156,0.9901,10533.51,15941.11,3.25,26796,375
rs201574164,16,73282544,25000,5.502636518546928,0.0132376949678681,0.9901,20656.48,26204.05,3.50,26796,609
