rsid,chrom,center_pos,window_half_bp,akbari_X,akbari_S,akbari_posterior,geom_mean_tmrca,arith_mean_tmrca,min_tmrca,n_pairs,n_sites
rs11446223,16,89956076,25000,8.99087507599635,0.0178955560623209,0.9901,20813.75,27027.44,4.21,10878,615
rs143930250,16,89012489,25000,8.76026987911437,0.0117125396012164,0.9901,9377.36,18090.63,6.30,10878,670
rs111460975,16,89368133,25000,8.263016165630786,0.0185491825358093,0.9901,12587.78,18596.94,16.48,10878,525
chr16_67347480,16,67347480,25000,7.138652116986993,0.0134021335429675,0.9901,8008.71,14374.37,3.53,10878,268
rs200510516,16,31243211,25000,-7.080791720762887,-0.007841410160047,0.9901,10372.29,17923.46,7.88,10878,440
rs143586350,16,67700110,25000,7.029883163559094,0.0140104965177738,0.9901,6698.63,10851.58,5.77,10878,298
rs111402414,16,75537489,25000,-7.015498310754998,-0.0058856163222919,0.9901,17423.64,25876.04,4.58,10878,556
rs117999269,16,68195220,25000,6.564242748995681,0.0131207672667184,0.9901,5995.68,12030.19,5.75,10878,330
rs72807046,16,85968015,25000,6.5091025688010165,0.0182568842913381,0.9901,24051.87,29638.24,6.58,10878,614
rs6564702,16,79761744,25000,-6.201213049331312,-0.00565612972534,0.9901,21621.23,33456.10,3.22,10878,680
rs72771556,16,12408181,25000,6.1205797205485615,0.0048375619326431,0.9901,22165.58,31716.93,5.29,10878,724
rs145930990,16,68591939,25000,5.998956750573028,0.0168548366865594,0.9901,12654.39,19474.90,3.52,10878,479
rs5816206,16,23178351,25000,-5.827974695188849,-0.0047431871268291,0.9901,6844.73,13256.93,5.35,10878,402
rs11643278,16,28841263,25000,5.7997757082537325,0.0075102157125073,0.9901,9836.80,16596.62,20.63,10878,360
rs186956666,16,68968658,25000,5.668016195015696,0.0121786894457885,0.9901,5179.06,9302.75,3.61,10878,376
rs11861698,16,11762282,25000,5.664692700273386,0.0130001700489985,0.9901,12255.98,19207.84,7.79,10878,451
rs140937328,16,69466078,25000,5.558285987089924,0.0116422252632098,0.9901,13374.23,18426.27,5.13,10878,364
rs62050284,16,70662912,25000,5.507057611935834,0.0150917462138156,0.9901,16854.18,25099.44,3.39,10878,552
rs201574164,16,73248645,25000,5.502636518546928,0.0132376949678681,0.9901,16718.69,24484.27,3.56,10878,536
