rsid,chrom,center_pos,window_half_bp,akbari_X,akbari_S,akbari_posterior,geom_mean_tmrca,arith_mean_tmrca,min_tmrca,n_pairs,n_sites
rs11446223,16,90022484,25000,8.99087507599635,0.0178955560623209,0.9901,20872.06,26751.49,9.55,10878,678
rs143930250,16,89078897,25000,8.76026987911437,0.0117125396012164,0.9901,19146.75,32076.93,13.42,10878,714
rs111460975,16,89434541,25000,8.263016165630786,0.0185491825358093,0.9901,11120.03,16181.23,7.84,10878,440
chr16_67381383,16,67381383,25000,7.138652116986993,0.0134021335429675,0.9901,6419.85,12843.25,3.39,10878,213
rs200510516,16,31254532,25000,-7.080791720762887,-0.007841410160047,0.9901,12805.70,21064.69,8.14,10878,498
rs143586350,16,67734013,25000,7.029883163559094,0.0140104965177738,0.9901,5323.42,8233.68,4.98,10878,254
rs111402414,16,75571387,25000,-7.015498310754998,-0.0058856163222919,0.9901,11434.03,17782.18,5.55,10878,395
rs117999269,16,68229123,25000,6.564242748995681,0.0131207672667184,0.9901,6060.71,13097.89,3.40,10878,329
rs72807046,16,86001621,25000,6.5091025688010165,0.0182568842913381,0.9901,20410.72,24760.63,6.55,10878,572
rs6564702,16,79795641,25000,-6.201213049331312,-0.00565612972534,0.9901,18169.89,26614.35,3.23,10878,574
rs72771556,16,12502038,25000,6.1205797205485615,0.0048375619326431,0.9901,19818.96,25210.41,4.14,10878,689
rs145930990,16,68625842,25000,5.998956750573028,0.0168548366865594,0.9901,13608.41,18928.83,3.54,10878,483
rs5816206,16,23189672,25000,-5.827974695188849,-0.0047431871268291,0.9901,7729.18,15676.12,7.14,10878,394
rs11643278,16,28852584,25000,5.7997757082537325,0.0075102157125073,0.9901,9648.12,16410.50,16.73,10878,337
rs186956666,16,69002561,25000,5.668016195015696,0.0121786894457885,0.9901,6023.17,10364.21,3.90,10878,368
rs11861698,16,11856138,25000,5.664692700273386,0.0130001700489985,0.9901,15288.12,20411.27,9.89,10878,498
rs140937328,16,69499981,25000,5.558285987089924,0.0116422252632098,0.9901,17044.61,21825.91,5.91,10878,480
rs62050284,16,70696815,25000,5.507057611935834,0.0150917462138156,0.9901,10167.49,16035.47,3.42,10878,346
rs201574164,16,73282544,25000,5.502636518546928,0.0132376949678681,0.9901,20277.88,26355.57,3.60,10878,546
