rsid,chrom,center_pos,window_half_bp,akbari_X,akbari_S,akbari_posterior,geom_mean_tmrca,arith_mean_tmrca,min_tmrca,n_pairs,n_sites
rs11446223,16,89956076,25000,8.99087507599635,0.0178955560623209,0.9901,11672.07,19592.54,8.49,34191,431
rs143930250,16,89012489,25000,8.76026987911437,0.0117125396012164,0.9901,5969.85,13788.62,4.76,34191,469
rs111460975,16,89368133,25000,8.263016165630786,0.0185491825358093,0.9901,9038.25,15728.51,4.61,34191,316
chr16_67347480,16,67347480,25000,7.138652116986993,0.0134021335429675,0.9901,2746.49,7438.66,4.37,34191,219
rs200510516,16,31243211,25000,-7.080791720762887,-0.007841410160047,0.9901,5274.21,12522.26,4.49,34191,244
rs143586350,16,67700110,25000,7.029883163559094,0.0140104965177738,0.9901,2159.45,5981.14,4.37,34191,218
rs111402414,16,75537489,25000,-7.015498310754998,-0.0058856163222919,0.9901,12201.61,24139.69,4.87,34191,401
rs117999269,16,68195220,25000,6.564242748995681,0.0131207672667184,0.9901,3035.04,9573.95,4.38,34191,234
rs72807046,16,85968015,25000,6.5091025688010165,0.0182568842913381,0.9901,22529.71,30705.62,4.61,34191,450
rs6564702,16,79761744,25000,-6.201213049331312,-0.00565612972534,0.9901,14066.70,36039.78,4.37,34191,549
rs72771556,16,12408181,25000,6.1205797205485615,0.0048375619326431,0.9901,11657.53,26011.63,5.11,34191,541
rs145930990,16,68591939,25000,5.998956750573028,0.0168548366865594,0.9901,6333.83,14550.39,4.37,34191,253
rs5816206,16,23178351,25000,-5.827974695188849,-0.0047431871268291,0.9901,5499.32,16930.31,4.92,34191,360
rs11643278,16,28841263,25000,5.7997757082537325,0.0075102157125073,0.9901,8332.59,16751.76,13.77,34191,317
rs186956666,16,68968658,25000,5.668016195015696,0.0121786894457885,0.9901,3800.67,7376.96,4.37,34191,233
rs11861698,16,11762282,25000,5.664692700273386,0.0130001700489985,0.9901,13437.81,21000.99,5.89,34191,323
rs140937328,16,69466078,25000,5.558285987089924,0.0116422252632098,0.9901,14523.81,21424.38,4.56,34191,345
rs62050284,16,70662912,25000,5.507057611935834,0.0150917462138156,0.9901,13486.10,24045.01,4.63,34191,448
rs201574164,16,73248645,25000,5.502636518546928,0.0132376949678681,0.9901,14894.08,24698.03,4.38,34191,384
