rsid,chrom,center_pos,window_half_bp,akbari_X,akbari_S,akbari_posterior,geom_mean_tmrca,arith_mean_tmrca,min_tmrca,n_pairs,n_sites
rs11446223,16,90022484,25000,8.99087507599635,0.0178955560623209,0.9901,16738.93,26881.85,8.46,34191,492
rs143930250,16,89078897,25000,8.76026987911437,0.0117125396012164,0.9901,12679.29,30052.78,4.84,34191,511
rs111460975,16,89434541,25000,8.263016165630786,0.0185491825358093,0.9901,11077.68,17452.92,4.68,34191,360
chr16_67381383,16,67381383,25000,7.138652116986993,0.0134021335429675,0.9901,2225.70,6370.59,4.37,34191,193
rs200510516,16,31254532,25000,-7.080791720762887,-0.007841410160047,0.9901,6296.58,15155.48,4.49,34191,294
rs143586350,16,67734013,25000,7.029883163559094,0.0140104965177738,0.9901,1588.11,3977.16,4.38,34191,186
rs111402414,16,75571387,25000,-7.015498310754998,-0.0058856163222919,0.9901,8976.46,19253.98,6.01,34191,269
rs117999269,16,68229123,25000,6.564242748995681,0.0131207672667184,0.9901,3116.97,10083.52,4.37,34191,236
rs72807046,16,86001621,25000,6.5091025688010165,0.0182568842913381,0.9901,17280.90,22490.59,4.64,34191,359
rs6564702,16,79795641,25000,-6.201213049331312,-0.00565612972534,0.9901,12261.42,29926.86,4.38,34191,509
rs72771556,16,12502038,25000,6.1205797205485615,0.0048375619326431,0.9901,16635.36,25298.57,4.99,34191,473
rs145930990,16,68625842,25000,5.998956750573028,0.0168548366865594,0.9901,8226.72,16188.64,4.37,34191,279
rs5816206,16,23189672,25000,-5.827974695188849,-0.0047431871268291,0.9901,5725.10,17041.75,4.58,34191,372
rs11643278,16,28852584,25000,5.7997757082537325,0.0075102157125073,0.9901,7944.12,16410.21,13.73,34191,293
rs186956666,16,69002561,25000,5.668016195015696,0.0121786894457885,0.9901,4649.23,9281.58,4.37,34191,234
rs11861698,16,11856138,25000,5.664692700273386,0.0130001700489985,0.9901,12808.59,21508.64,4.86,34191,369
rs140937328,16,69499981,25000,5.558285987089924,0.0116422252632098,0.9901,17068.85,23277.86,4.60,34191,379
rs62050284,16,70696815,25000,5.507057611935834,0.0150917462138156,0.9901,7323.09,14824.14,4.68,34191,289
rs201574164,16,73282544,25000,5.502636518546928,0.0132376949678681,0.9901,19567.38,27646.97,4.37,34191,422
