rsid,chrom,center_pos,window_half_bp,akbari_X,akbari_S,akbari_posterior,geom_mean_tmrca,arith_mean_tmrca,min_tmrca,n_pairs,n_sites
rs11446223,16,89956076,25000,8.99087507599635,0.0178955560623209,0.9901,8786.87,24105.07,142.61,17205,276
rs143930250,16,89012489,25000,8.76026987911437,0.0117125396012164,0.9901,4150.74,7900.52,62.39,17205,230
rs111460975,16,89368133,25000,8.263016165630786,0.0185491825358093,0.9901,8902.92,15259.17,104.41,17205,252
chr16_67347480,16,67347480,25000,7.138652116986993,0.0134021335429675,0.9901,1514.91,2543.25,12.58,17205,155
rs200510516,16,31243211,25000,-7.080791720762887,-0.007841410160047,0.9901,5402.51,12900.84,27.12,17205,194
rs143586350,16,67700110,25000,7.029883163559094,0.0140104965177738,0.9901,818.83,1723.23,7.70,17205,121
rs111402414,16,75537489,25000,-7.015498310754998,-0.0058856163222919,0.9901,10741.55,25205.79,14.19,17205,349
rs117999269,16,68195220,25000,6.564242748995681,0.0131207672667184,0.9901,1425.58,5950.53,4.56,17205,169
rs72807046,16,85968015,25000,6.5091025688010165,0.0182568842913381,0.9901,17845.81,28382.81,41.68,17205,347
rs6564702,16,79761744,25000,-6.201213049331312,-0.00565612972534,0.9901,7831.76,29119.63,70.03,17205,461
rs72771556,16,12408181,25000,6.1205797205485615,0.0048375619326431,0.9901,22200.37,36718.96,21.38,17205,401
rs145930990,16,68591939,25000,5.998956750573028,0.0168548366865594,0.9901,5363.02,13865.71,9.41,17205,185
rs5816206,16,23178351,25000,-5.827974695188849,-0.0047431871268291,0.9901,4847.08,14793.25,23.77,17205,263
rs11643278,16,28841263,25000,5.7997757082537325,0.0075102157125073,0.9901,9293.56,16217.58,84.15,17205,291
rs186956666,16,68968658,25000,5.668016195015696,0.0121786894457885,0.9901,3767.50,7568.63,12.12,17205,187
rs11861698,16,11762282,25000,5.664692700273386,0.0130001700489985,0.9901,12745.66,22279.78,68.29,17205,227
rs140937328,16,69466078,25000,5.558285987089924,0.0116422252632098,0.9901,9887.24,18396.02,9.93,17205,273
rs62050284,16,70662912,25000,5.507057611935834,0.0150917462138156,0.9901,12239.85,24981.63,24.94,17205,260
rs201574164,16,73248645,25000,5.502636518546928,0.0132376949678681,0.9901,18064.70,28275.05,21.85,17205,328
