rsid,chrom,center_pos,window_half_bp,akbari_X,akbari_S,akbari_posterior,geom_mean_tmrca,arith_mean_tmrca,min_tmrca,n_pairs,n_sites
rs11446223,16,90022484,25000,8.99087507599635,0.0178955560623209,0.9901,11897.08,26814.90,111.11,17205,352
rs143930250,16,89078897,25000,8.76026987911437,0.0117125396012164,0.9901,13901.14,31162.47,50.49,17205,332
rs111460975,16,89434541,25000,8.263016165630786,0.0185491825358093,0.9901,12102.67,19350.13,103.88,17205,270
chr16_67381383,16,67381383,25000,7.138652116986993,0.0134021335429675,0.9901,1073.92,1981.97,12.43,17205,114
rs200510516,16,31254532,25000,-7.080791720762887,-0.007841410160047,0.9901,5803.73,14239.09,29.27,17205,235
rs143586350,16,67734013,25000,7.029883163559094,0.0140104965177738,0.9901,660.56,1204.42,8.35,17205,110
rs111402414,16,75571387,25000,-7.015498310754998,-0.0058856163222919,0.9901,7554.68,18898.09,17.86,17205,237
rs117999269,16,68229123,25000,6.564242748995681,0.0131207672667184,0.9901,1377.66,5909.42,4.59,17205,166
rs72807046,16,86001621,25000,6.5091025688010165,0.0182568842913381,0.9901,14711.86,20602.80,34.09,17205,251
rs6564702,16,79795641,25000,-6.201213049331312,-0.00565612972534,0.9901,7889.42,25616.80,65.00,17205,419
rs72771556,16,12502038,25000,6.1205797205485615,0.0048375619326431,0.9901,18150.68,27748.62,18.37,17205,384
rs145930990,16,68625842,25000,5.998956750573028,0.0168548366865594,0.9901,5993.43,14319.94,9.62,17205,213
rs5816206,16,23189672,25000,-5.827974695188849,-0.0047431871268291,0.9901,4815.91,14956.97,23.78,17205,284
rs11643278,16,28852584,25000,5.7997757082537325,0.0075102157125073,0.9901,9368.17,16320.82,83.75,17205,279
rs186956666,16,69002561,25000,5.668016195015696,0.0121786894457885,0.9901,4610.83,9411.70,11.94,17205,176
rs11861698,16,11856138,25000,5.664692700273386,0.0130001700489985,0.9901,10010.41,19929.19,64.78,17205,257
rs140937328,16,69499981,25000,5.558285987089924,0.0116422252632098,0.9901,12245.13,20438.39,13.34,17205,277
rs62050284,16,70696815,25000,5.507057611935834,0.0150917462138156,0.9901,7649.84,16487.26,8.21,17205,185
rs201574164,16,73282544,25000,5.502636518546928,0.0132376949678681,0.9901,18134.35,26731.24,18.42,17205,351
