rsid,chrom,center_pos,window_half_bp,akbari_X,akbari_S,akbari_posterior,geom_mean_tmrca,arith_mean_tmrca,min_tmrca,n_pairs,n_sites
rs11446223,16,89956076,25000,8.99087507599635,0.0178955560623209,0.9901,8945.15,18348.24,4.75,63903,394
rs143930250,16,89012489,25000,8.76026987911437,0.0117125396012164,0.9901,6878.66,14166.54,4.70,63903,358
rs111460975,16,89368133,25000,8.263016165630786,0.0185491825358093,0.9901,7638.59,15122.70,4.41,63903,296
chr16_67347480,16,67347480,25000,7.138652116986993,0.0134021335429675,0.9901,1945.91,5136.50,4.38,63903,208
rs200510516,16,31243211,25000,-7.080791720762887,-0.007841410160047,0.9901,6146.16,12829.56,4.50,63903,254
rs143586350,16,67700110,25000,7.029883163559094,0.0140104965177738,0.9901,1941.07,5196.45,4.39,63903,192
rs111402414,16,75537489,25000,-7.015498310754998,-0.0058856163222919,0.9901,7385.87,18892.42,4.38,63903,400
rs117999269,16,68195220,25000,6.564242748995681,0.0131207672667184,0.9901,2612.06,8381.70,4.39,63903,219
rs72807046,16,85968015,25000,6.5091025688010165,0.0182568842913381,0.9901,23161.32,33157.10,4.38,63903,402
rs6564702,16,79761744,25000,-6.201213049331312,-0.00565612972534,0.9901,5449.50,23212.82,4.38,63903,475
rs72771556,16,12408181,25000,6.1205797205485615,0.0048375619326431,0.9901,14663.53,30896.16,4.87,63903,456
rs145930990,16,68591939,25000,5.998956750573028,0.0168548366865594,0.9901,7247.70,15802.11,4.38,63903,289
rs5816206,16,23178351,25000,-5.827974695188849,-0.0047431871268291,0.9901,11280.57,22936.03,4.60,63903,324
rs11643278,16,28841263,25000,5.7997757082537325,0.0075102157125073,0.9901,9573.53,21068.23,8.44,63903,289
rs186956666,16,68968658,25000,5.668016195015696,0.0121786894457885,0.9901,5061.40,10586.17,4.38,63903,215
rs11861698,16,11762282,25000,5.664692700273386,0.0130001700489985,0.9901,10355.88,19191.62,5.02,63903,326
rs140937328,16,69466078,25000,5.558285987089924,0.0116422252632098,0.9901,13945.34,22449.86,4.39,63903,300
rs62050284,16,70662912,25000,5.507057611935834,0.0150917462138156,0.9901,11006.50,22362.88,4.41,63903,365
rs201574164,16,73248645,25000,5.502636518546928,0.0132376949678681,0.9901,12025.42,21309.83,4.39,63903,371
