rsid,chrom,center_pos,window_half_bp,akbari_X,akbari_S,akbari_posterior,geom_mean_tmrca,arith_mean_tmrca,min_tmrca,n_pairs,n_sites
rs11446223,16,90022484,25000,8.99087507599635,0.0178955560623209,0.9901,13718.21,25933.40,4.82,63903,461
rs143930250,16,89078897,25000,8.76026987911437,0.0117125396012164,0.9901,10669.66,25651.76,4.43,63903,459
rs111460975,16,89434541,25000,8.263016165630786,0.0185491825358093,0.9901,8494.99,16416.82,4.45,63903,307
chr16_67381383,16,67381383,25000,7.138652116986993,0.0134021335429675,0.9901,1509.16,4226.33,4.38,63903,169
rs200510516,16,31254532,25000,-7.080791720762887,-0.007841410160047,0.9901,7498.67,15657.71,4.50,63903,306
rs143586350,16,67734013,25000,7.029883163559094,0.0140104965177738,0.9901,1386.72,3158.64,4.39,63903,157
rs111402414,16,75571387,25000,-7.015498310754998,-0.0058856163222919,0.9901,4601.64,11709.73,4.38,63903,251
rs117999269,16,68229123,25000,6.564242748995681,0.0131207672667184,0.9901,2376.33,8590.11,4.38,63903,223
rs72807046,16,86001621,25000,6.5091025688010165,0.0182568842913381,0.9901,14948.29,21908.55,4.38,63903,313
rs6564702,16,79795641,25000,-6.201213049331312,-0.00565612972534,0.9901,5978.07,20458.19,4.39,63903,458
rs72771556,16,12502038,25000,6.1205797205485615,0.0048375619326431,0.9901,12966.30,22135.69,4.87,63903,425
rs145930990,16,68625842,25000,5.998956750573028,0.0168548366865594,0.9901,8876.70,17651.62,4.39,63903,321
rs5816206,16,23189672,25000,-5.827974695188849,-0.0047431871268291,0.9901,12346.05,25228.47,4.60,63903,347
rs11643278,16,28852584,25000,5.7997757082537325,0.0075102157125073,0.9901,9325.15,20753.68,4.90,63903,271
rs186956666,16,69002561,25000,5.668016195015696,0.0121786894457885,0.9901,6236.48,11970.08,4.40,63903,210
rs11861698,16,11856138,25000,5.664692700273386,0.0130001700489985,0.9901,10908.27,20270.31,4.88,63903,334
rs140937328,16,69499981,25000,5.558285987089924,0.0116422252632098,0.9901,16998.82,24091.45,4.39,63903,340
rs62050284,16,70696815,25000,5.507057611935834,0.0150917462138156,0.9901,8377.35,16628.97,4.38,63903,309
rs201574164,16,73282544,25000,5.502636518546928,0.0132376949678681,0.9901,16642.83,26080.18,4.39,63903,419
