rsid,chrom,center_pos,window_half_bp,akbari_X,akbari_S,akbari_posterior,geom_mean_tmrca,arith_mean_tmrca,min_tmrca,n_pairs,n_sites
rs11446223,16,89956076,25000,8.99087507599635,0.0178955560623209,0.9901,7409.19,20409.28,150.62,21115,285
rs143930250,16,89012489,25000,8.76026987911437,0.0117125396012164,0.9901,3855.62,6525.34,149.87,21115,273
rs111460975,16,89368133,25000,8.263016165630786,0.0185491825358093,0.9901,8907.92,15452.60,126.86,21115,257
chr16_67347480,16,67347480,25000,7.138652116986993,0.0134021335429675,0.9901,1338.48,2326.37,15.93,21115,153
rs200510516,16,31243211,25000,-7.080791720762887,-0.007841410160047,0.9901,3015.33,9097.10,37.70,21115,199
rs143586350,16,67700110,25000,7.029883163559094,0.0140104965177738,0.9901,695.16,1081.29,9.08,21115,97
rs111402414,16,75537489,25000,-7.015498310754998,-0.0058856163222919,0.9901,5447.68,17848.57,19.18,21115,326
rs117999269,16,68195220,25000,6.564242748995681,0.0131207672667184,0.9901,1507.14,7022.95,9.62,21115,174
rs72807046,16,85968015,25000,6.5091025688010165,0.0182568842913381,0.9901,19611.88,29307.07,97.88,21115,369
rs6564702,16,79761744,25000,-6.201213049331312,-0.00565612972534,0.9901,5460.55,23973.35,101.73,21115,424
rs72771556,16,12408181,25000,6.1205797205485615,0.0048375619326431,0.9901,20163.60,35041.34,76.76,21115,427
rs145930990,16,68591939,25000,5.998956750573028,0.0168548366865594,0.9901,5702.18,14138.58,8.81,21115,198
rs5816206,16,23178351,25000,-5.827974695188849,-0.0047431871268291,0.9901,4532.64,15043.65,86.60,21115,313
rs11643278,16,28841263,25000,5.7997757082537325,0.0075102157125073,0.9901,9629.00,18010.27,80.66,21115,292
rs186956666,16,68968658,25000,5.668016195015696,0.0121786894457885,0.9901,3341.35,6613.01,31.12,21115,178
rs11861698,16,11762282,25000,5.664692700273386,0.0130001700489985,0.9901,10810.31,21154.73,110.95,21115,237
rs140937328,16,69466078,25000,5.558285987089924,0.0116422252632098,0.9901,10028.94,18587.00,19.44,21115,274
rs62050284,16,70662912,25000,5.507057611935834,0.0150917462138156,0.9901,14258.87,25675.03,29.17,21115,311
rs201574164,16,73248645,25000,5.502636518546928,0.0132376949678681,0.9901,16945.31,27713.38,23.29,21115,286
