rsid,chrom,center_pos,window_half_bp,akbari_X,akbari_S,akbari_posterior,geom_mean_tmrca,arith_mean_tmrca,min_tmrca,n_pairs,n_sites
rs11446223,16,90022484,25000,8.99087507599635,0.0178955560623209,0.9901,9863.38,24156.81,176.59,21115,400
rs143930250,16,89078897,25000,8.76026987911437,0.0117125396012164,0.9901,12595.78,29018.95,131.00,21115,358
rs111460975,16,89434541,25000,8.263016165630786,0.0185491825358093,0.9901,12312.74,19600.72,129.79,21115,262
chr16_67381383,16,67381383,25000,7.138652116986993,0.0134021335429675,0.9901,902.94,1748.90,13.59,21115,121
rs200510516,16,31254532,25000,-7.080791720762887,-0.007841410160047,0.9901,3011.62,8991.17,51.14,21115,243
rs143586350,16,67734013,25000,7.029883163559094,0.0140104965177738,0.9901,545.46,759.78,9.84,21115,80
rs111402414,16,75571387,25000,-7.015498310754998,-0.0058856163222919,0.9901,4148.44,13703.23,24.00,21115,241
rs117999269,16,68229123,25000,6.564242748995681,0.0131207672667184,0.9901,1357.03,6905.16,10.56,21115,170
rs72807046,16,86001621,25000,6.5091025688010165,0.0182568842913381,0.9901,15952.61,22224.51,348.29,21115,271
rs6564702,16,79795641,25000,-6.201213049331312,-0.00565612972534,0.9901,6799.27,24127.12,92.34,21115,366
rs72771556,16,12502038,25000,6.1205797205485615,0.0048375619326431,0.9901,15098.48,24816.20,70.81,21115,381
rs145930990,16,68625842,25000,5.998956750573028,0.0168548366865594,0.9901,6781.63,15428.71,11.87,21115,235
rs5816206,16,23189672,25000,-5.827974695188849,-0.0047431871268291,0.9901,4512.44,15493.62,86.05,21115,331
rs11643278,16,28852584,25000,5.7997757082537325,0.0075102157125073,0.9901,9535.77,17912.39,80.91,21115,280
rs186956666,16,69002561,25000,5.668016195015696,0.0121786894457885,0.9901,4329.84,8894.43,33.42,21115,188
rs11861698,16,11856138,25000,5.664692700273386,0.0130001700489985,0.9901,7698.50,16225.59,162.38,21115,275
rs140937328,16,69499981,25000,5.558285987089924,0.0116422252632098,0.9901,12942.01,20851.31,23.55,21115,284
rs62050284,16,70696815,25000,5.507057611935834,0.0150917462138156,0.9901,6865.18,14330.70,19.75,21115,207
rs201574164,16,73282544,25000,5.502636518546928,0.0132376949678681,0.9901,18016.20,27092.39,34.18,21115,337
