rsid,chrom,center_pos,window_half_bp,akbari_X,akbari_S,akbari_posterior,geom_mean_tmrca,arith_mean_tmrca,min_tmrca,n_pairs,n_sites
rs11446223,16,89956076,25000,8.99087507599635,0.0178955560623209,0.9901,7861.98,21725.99,4.75,52975,285
rs143930250,16,89012489,25000,8.76026987911437,0.0117125396012164,0.9901,3506.60,5543.80,4.62,52975,251
rs111460975,16,89368133,25000,8.263016165630786,0.0185491825358093,0.9901,9065.16,15546.34,6.21,52975,278
chr16_67347480,16,67347480,25000,7.138652116986993,0.0134021335429675,0.9901,1222.48,1628.65,4.42,52975,135
rs200510516,16,31243211,25000,-7.080791720762887,-0.007841410160047,0.9901,3972.64,11029.65,4.54,52975,235
rs143586350,16,67700110,25000,7.029883163559094,0.0140104965177738,0.9901,706.86,1315.01,4.42,52975,120
rs111402414,16,75537489,25000,-7.015498310754998,-0.0058856163222919,0.9901,5044.45,16760.66,4.42,52975,361
rs117999269,16,68195220,25000,6.564242748995681,0.0131207672667184,0.9901,1592.19,7129.13,4.42,52975,207
rs72807046,16,85968015,25000,6.5091025688010165,0.0182568842913381,0.9901,17134.38,27207.51,4.42,52975,388
rs6564702,16,79761744,25000,-6.201213049331312,-0.00565612972534,0.9901,7837.69,29569.00,4.42,52975,478
rs72771556,16,12408181,25000,6.1205797205485615,0.0048375619326431,0.9901,20461.75,35233.79,4.93,52975,455
rs145930990,16,68591939,25000,5.998956750573028,0.0168548366865594,0.9901,4318.73,11275.31,4.42,52975,230
rs5816206,16,23178351,25000,-5.827974695188849,-0.0047431871268291,0.9901,5657.73,17816.39,4.64,52975,326
rs11643278,16,28841263,25000,5.7997757082537325,0.0075102157125073,0.9901,9180.14,16680.79,4.86,52975,333
rs186956666,16,68968658,25000,5.668016195015696,0.0121786894457885,0.9901,3817.38,7570.37,4.42,52975,191
rs11861698,16,11762282,25000,5.664692700273386,0.0130001700489985,0.9901,9459.00,19745.17,4.94,52975,251
rs140937328,16,69466078,25000,5.558285987089924,0.0116422252632098,0.9901,10831.99,18940.46,4.42,52975,288
rs62050284,16,70662912,25000,5.507057611935834,0.0150917462138156,0.9901,14459.60,25917.83,4.42,52975,342
rs201574164,16,73248645,25000,5.502636518546928,0.0132376949678681,0.9901,16996.31,27835.08,4.42,52975,361
