rsid,chrom,center_pos,window_half_bp,akbari_X,akbari_S,akbari_posterior,geom_mean_tmrca,arith_mean_tmrca,min_tmrca,n_pairs,n_sites
rs11446223,16,90022484,25000,8.99087507599635,0.0178955560623209,0.9901,8395.15,23141.39,4.82,52975,429
rs143930250,16,89078897,25000,8.76026987911437,0.0117125396012164,0.9901,12675.81,29387.64,4.56,52975,368
rs111460975,16,89434541,25000,8.263016165630786,0.0185491825358093,0.9901,12216.63,19175.02,8.45,52975,298
chr16_67381383,16,67381383,25000,7.138652116986993,0.0134021335429675,0.9901,860.67,1187.44,4.42,52975,113
rs200510516,16,31254532,25000,-7.080791720762887,-0.007841410160047,0.9901,4145.75,11409.64,4.54,52975,276
rs143586350,16,67734013,25000,7.029883163559094,0.0140104965177738,0.9901,543.97,850.09,4.42,52975,89
rs111402414,16,75571387,25000,-7.015498310754998,-0.0058856163222919,0.9901,4216.01,13405.95,4.42,52975,270
rs117999269,16,68229123,25000,6.564242748995681,0.0131207672667184,0.9901,1480.26,6967.96,4.42,52975,196
rs72807046,16,86001621,25000,6.5091025688010165,0.0182568842913381,0.9901,14698.11,21233.28,4.42,52975,302
rs6564702,16,79795641,25000,-6.201213049331312,-0.00565612972534,0.9901,8594.32,27231.15,4.42,52975,432
rs72771556,16,12502038,25000,6.1205797205485615,0.0048375619326431,0.9901,17997.08,27083.37,4.92,52975,428
rs145930990,16,68625842,25000,5.998956750573028,0.0168548366865594,0.9901,4985.40,12386.68,4.42,52975,275
rs5816206,16,23189672,25000,-5.827974695188849,-0.0047431871268291,0.9901,5663.87,18339.89,4.64,52975,350
rs11643278,16,28852584,25000,5.7997757082537325,0.0075102157125073,0.9901,9160.76,16644.50,4.86,52975,319
rs186956666,16,69002561,25000,5.668016195015696,0.0121786894457885,0.9901,4714.13,9528.13,4.42,52975,204
rs11861698,16,11856138,25000,5.664692700273386,0.0130001700489985,0.9901,8687.65,18474.46,4.94,52975,300
rs140937328,16,69499981,25000,5.558285987089924,0.0116422252632098,0.9901,13318.02,20931.99,4.42,52975,286
rs62050284,16,70696815,25000,5.507057611935834,0.0150917462138156,0.9901,6830.32,13862.97,4.42,52975,215
rs201574164,16,73282544,25000,5.502636518546928,0.0132376949678681,0.9901,17596.61,26333.81,4.42,52975,376
