rsid,chrom,center_pos,window_half_bp,akbari_X,akbari_S,akbari_posterior,geom_mean_tmrca,arith_mean_tmrca,min_tmrca,n_pairs,n_sites
rs11446223,16,90022484,25000,8.99087507599635,0.0178955560623209,0.9901,16421.54,27562.51,4.81,34716,584
rs143930250,16,89078897,25000,8.76026987911437,0.0117125396012164,0.9901,12789.97,28033.69,4.40,34716,630
rs111460975,16,89434541,25000,8.263016165630786,0.0185491825358093,0.9901,10041.98,16815.41,4.73,34716,377
chr16_67381383,16,67381383,25000,7.138652116986993,0.0134021335429675,0.9901,1975.04,6111.28,4.37,34716,223
rs200510516,16,31254532,25000,-7.080791720762887,-0.007841410160047,0.9901,8469.93,16969.78,4.48,34716,399
rs143586350,16,67734013,25000,7.029883163559094,0.0140104965177738,0.9901,2329.01,4897.31,4.37,34716,190
rs111402414,16,75571387,25000,-7.015498310754998,-0.0058856163222919,0.9901,7646.60,17481.07,4.37,34716,325
rs117999269,16,68229123,25000,6.564242748995681,0.0131207672667184,0.9901,4802.35,14169.84,4.37,34716,302
rs72807046,16,86001621,25000,6.5091025688010165,0.0182568842913381,0.9901,14336.70,20923.70,4.37,34716,506
rs6564702,16,79795641,25000,-6.201213049331312,-0.00565612972534,0.9901,7740.34,23162.57,4.37,34716,520
rs72771556,16,12502038,25000,6.1205797205485615,0.0048375619326431,0.9901,11647.00,20411.03,4.84,34716,496
rs145930990,16,68625842,25000,5.998956750573028,0.0168548366865594,0.9901,9189.84,17496.73,4.37,34716,401
rs5816206,16,23189672,25000,-5.827974695188849,-0.0047431871268291,0.9901,9153.14,21695.16,4.65,34716,410
rs11643278,16,28852584,25000,5.7997757082537325,0.0075102157125073,0.9901,9813.05,21000.54,8.26,34716,318
rs186956666,16,69002561,25000,5.668016195015696,0.0121786894457885,0.9901,5519.66,10124.09,4.37,34716,279
rs11861698,16,11856138,25000,5.664692700273386,0.0130001700489985,0.9901,12683.01,21277.15,5.01,34716,359
rs140937328,16,69499981,25000,5.558285987089924,0.0116422252632098,0.9901,16906.41,23825.90,4.39,34716,418
rs62050284,16,70696815,25000,5.507057611935834,0.0150917462138156,0.9901,9254.24,16488.75,4.37,34716,303
rs201574164,16,73282544,25000,5.502636518546928,0.0132376949678681,0.9901,17610.28,26395.60,4.37,34716,430
