rsid,chrom,center_pos,window_half_bp,akbari_X,akbari_S,akbari_posterior,geom_mean_tmrca,arith_mean_tmrca,min_tmrca,n_pairs,n_sites
rs11446223,16,89956076,25000,8.99087507599635,0.0178955560623209,0.9901,8344.62,16693.62,4.74,34716,530
rs143930250,16,89012489,25000,8.76026987911437,0.0117125396012164,0.9901,5694.37,12202.22,4.37,34716,527
rs111460975,16,89368133,25000,8.263016165630786,0.0185491825358093,0.9901,9138.28,15849.77,4.60,34716,426
chr16_67347480,16,67347480,25000,7.138652116986993,0.0134021335429675,0.9901,2523.11,7225.15,4.37,34716,278
rs200510516,16,31243211,25000,-7.080791720762887,-0.007841410160047,0.9901,7024.15,14331.74,4.48,34716,359
rs143586350,16,67700110,25000,7.029883163559094,0.0140104965177738,0.9901,3374.65,7888.52,4.37,34716,225
rs111402414,16,75537489,25000,-7.015498310754998,-0.0058856163222919,0.9901,11729.63,23796.96,4.37,34716,499
rs117999269,16,68195220,25000,6.564242748995681,0.0131207672667184,0.9901,5073.34,13603.71,4.37,34716,286
rs72807046,16,85968015,25000,6.5091025688010165,0.0182568842913381,0.9901,22331.33,31350.63,4.37,34716,520
rs6564702,16,79761744,25000,-6.201213049331312,-0.00565612972534,0.9901,7820.53,25679.31,4.37,34716,591
rs72771556,16,12408181,25000,6.1205797205485615,0.0048375619326431,0.9901,12638.70,28469.85,4.84,34716,582
rs145930990,16,68591939,25000,5.998956750573028,0.0168548366865594,0.9901,8119.85,16373.81,4.37,34716,447
rs5816206,16,23178351,25000,-5.827974695188849,-0.0047431871268291,0.9901,8480.74,20108.24,4.64,34716,416
rs11643278,16,28841263,25000,5.7997757082537325,0.0075102157125073,0.9901,10106.02,21367.44,9.66,34716,331
rs186956666,16,68968658,25000,5.668016195015696,0.0121786894457885,0.9901,4816.55,9290.41,4.37,34716,328
rs11861698,16,11762282,25000,5.664692700273386,0.0130001700489985,0.9901,9972.22,18644.31,5.07,34716,381
rs140937328,16,69466078,25000,5.558285987089924,0.0116422252632098,0.9901,12596.91,20684.92,4.37,34716,376
rs62050284,16,70662912,25000,5.507057611935834,0.0150917462138156,0.9901,11774.55,21946.86,4.63,34716,477
rs201574164,16,73248645,25000,5.502636518546928,0.0132376949678681,0.9901,14722.38,24005.56,4.37,34716,413
