rsid,chrom,center_pos,window_half_bp,akbari_X,akbari_S,akbari_posterior,geom_mean_tmrca,arith_mean_tmrca,min_tmrca,n_pairs,n_sites
rs11446223,16,89956076,25000,8.99087507599635,0.0178955560623209,0.9901,21720.04,28396.79,8.85,44253,606
rs143930250,16,89012489,25000,8.76026987911437,0.0117125396012164,0.9901,8214.25,17134.64,6.74,44253,737
rs111460975,16,89368133,25000,8.263016165630786,0.0185491825358093,0.9901,13503.34,19841.12,6.36,44253,576
chr16_67347480,16,67347480,25000,7.138652116986993,0.0134021335429675,0.9901,8771.32,14991.65,3.28,44253,307
rs200510516,16,31243211,25000,-7.080791720762887,-0.007841410160047,0.9901,10860.79,18324.34,4.01,44253,478
rs143586350,16,67700110,25000,7.029883163559094,0.0140104965177738,0.9901,6836.61,11371.15,3.28,44253,264
rs111402414,16,75537489,25000,-7.015498310754998,-0.0058856163222919,0.9901,15339.05,24501.71,3.23,44253,580
rs117999269,16,68195220,25000,6.564242748995681,0.0131207672667184,0.9901,5678.02,11895.37,3.27,44253,382
rs72807046,16,85968015,25000,6.5091025688010165,0.0182568842913381,0.9901,21657.89,28197.22,3.31,44253,659
rs6564702,16,79761744,25000,-6.201213049331312,-0.00565612972534,0.9901,21697.41,33544.33,3.21,44253,658
rs72771556,16,12408181,25000,6.1205797205485615,0.0048375619326431,0.9901,20307.49,30763.91,4.13,44253,767
rs145930990,16,68591939,25000,5.998956750573028,0.0168548366865594,0.9901,12255.66,20415.09,3.27,44253,462
rs5816206,16,23178351,25000,-5.827974695188849,-0.0047431871268291,0.9901,5473.41,11691.10,3.76,44253,418
rs11643278,16,28841263,25000,5.7997757082537325,0.0075102157125073,0.9901,9294.20,15765.39,21.53,44253,380
rs186956666,16,68968658,25000,5.668016195015696,0.0121786894457885,0.9901,7948.15,13601.82,3.26,44253,373
rs11861698,16,11762282,25000,5.664692700273386,0.0130001700489985,0.9901,12451.05,19940.89,3.98,44253,507
rs140937328,16,69466078,25000,5.558285987089924,0.0116422252632098,0.9901,12443.20,18061.19,3.51,44253,386
rs62050284,16,70662912,25000,5.507057611935834,0.0150917462138156,0.9901,15496.81,24264.77,5.91,44253,544
rs201574164,16,73248645,25000,5.502636518546928,0.0132376949678681,0.9901,17382.64,25921.61,3.25,44253,560
