rsid,chrom,center_pos,window_half_bp,akbari_X,akbari_S,akbari_posterior,geom_mean_tmrca,arith_mean_tmrca,min_tmrca,n_pairs,n_sites
rs11446223,16,90022484,25000,8.99087507599635,0.0178955560623209,0.9901,17710.84,24314.13,6.10,44253,657
rs143930250,16,89078897,25000,8.76026987911437,0.0117125396012164,0.9901,20105.14,33377.60,3.80,44253,746
rs111460975,16,89434541,25000,8.263016165630786,0.0185491825358093,0.9901,10341.16,15341.26,6.41,44253,479
chr16_67381383,16,67381383,25000,7.138652116986993,0.0134021335429675,0.9901,6691.19,13044.09,3.28,44253,227
rs200510516,16,31254532,25000,-7.080791720762887,-0.007841410160047,0.9901,13464.98,21673.77,4.09,44253,523
rs143586350,16,67734013,25000,7.029883163559094,0.0140104965177738,0.9901,5397.62,8589.22,3.28,44253,241
rs111402414,16,75571387,25000,-7.015498310754998,-0.0058856163222919,0.9901,10941.46,17217.01,3.23,44253,423
rs117999269,16,68229123,25000,6.564242748995681,0.0131207672667184,0.9901,5589.98,12798.80,3.27,44253,357
rs72807046,16,86001621,25000,6.5091025688010165,0.0182568842913381,0.9901,19485.77,24696.80,3.34,44253,631
rs6564702,16,79795641,25000,-6.201213049331312,-0.00565612972534,0.9901,15492.54,22211.80,3.21,44253,597
rs72771556,16,12502038,25000,6.1205797205485615,0.0048375619326431,0.9901,19922.51,25974.36,4.07,44253,671
rs145930990,16,68625842,25000,5.998956750573028,0.0168548366865594,0.9901,13052.33,19361.24,3.27,44253,457
rs5816206,16,23189672,25000,-5.827974695188849,-0.0047431871268291,0.9901,6137.73,14246.51,3.76,44253,415
rs11643278,16,28852584,25000,5.7997757082537325,0.0075102157125073,0.9901,9020.83,15531.09,21.62,44253,351
rs186956666,16,69002561,25000,5.668016195015696,0.0121786894457885,0.9901,7209.15,12252.49,3.26,44253,346
rs11861698,16,11856138,25000,5.664692700273386,0.0130001700489985,0.9901,14904.86,20346.11,3.98,44253,490
rs140937328,16,69499981,25000,5.558285987089924,0.0116422252632098,0.9901,15889.93,21683.86,3.26,44253,484
rs62050284,16,70696815,25000,5.507057611935834,0.0150917462138156,0.9901,9314.68,15506.00,3.37,44253,337
rs201574164,16,73282544,25000,5.502636518546928,0.0132376949678681,0.9901,19104.09,26197.14,3.24,44253,563
