rsid,chrom,center_pos,window_half_bp,akbari_X,akbari_S,akbari_posterior,geom_mean_tmrca,arith_mean_tmrca,min_tmrca,n_pairs,n_sites
rs11446223,16,89956076,25000,8.99087507599635,0.0178955560623209,0.9901,8979.32,18219.17,15.26,19503,283
rs143930250,16,89012489,25000,8.76026987911437,0.0117125396012164,0.9901,7752.67,15372.28,15.52,19503,287
rs111460975,16,89368133,25000,8.263016165630786,0.0185491825358093,0.9901,8375.82,15745.15,40.81,19503,212
chr16_67347480,16,67347480,25000,7.138652116986993,0.0134021335429675,0.9901,2086.77,5870.92,4.39,19503,163
rs200510516,16,31243211,25000,-7.080791720762887,-0.007841410160047,0.9901,6890.83,14180.19,12.63,19503,185
rs143586350,16,67700110,25000,7.029883163559094,0.0140104965177738,0.9901,1983.82,4976.70,4.44,19503,150
rs111402414,16,75537489,25000,-7.015498310754998,-0.0058856163222919,0.9901,9517.93,22103.62,4.73,19503,344
rs117999269,16,68195220,25000,6.564242748995681,0.0131207672667184,0.9901,3050.28,10357.54,4.64,19503,194
rs72807046,16,85968015,25000,6.5091025688010165,0.0182568842913381,0.9901,20610.16,31187.46,9.14,19503,328
rs6564702,16,79761744,25000,-6.201213049331312,-0.00565612972534,0.9901,6082.42,24727.29,11.41,19503,416
rs72771556,16,12408181,25000,6.1205797205485615,0.0048375619326431,0.9901,12738.24,30460.16,9.10,19503,359
rs145930990,16,68591939,25000,5.998956750573028,0.0168548366865594,0.9901,7313.59,15848.23,4.91,19503,221
rs5816206,16,23178351,25000,-5.827974695188849,-0.0047431871268291,0.9901,13455.40,25069.08,10.06,19503,295
rs11643278,16,28841263,25000,5.7997757082537325,0.0075102157125073,0.9901,9237.07,20779.05,17.16,19503,244
rs186956666,16,68968658,25000,5.668016195015696,0.0121786894457885,0.9901,4883.14,10648.89,5.03,19503,165
rs11861698,16,11762282,25000,5.664692700273386,0.0130001700489985,0.9901,10285.67,19701.83,47.07,19503,257
rs140937328,16,69466078,25000,5.558285987089924,0.0116422252632098,0.9901,13344.28,22089.07,6.14,19503,286
rs62050284,16,70662912,25000,5.507057611935834,0.0150917462138156,0.9901,11535.85,23027.13,17.07,19503,314
rs201574164,16,73248645,25000,5.502636518546928,0.0132376949678681,0.9901,12861.96,22131.45,13.93,19503,279
