rsid,chrom,center_pos,window_half_bp,akbari_X,akbari_S,akbari_posterior,geom_mean_tmrca,arith_mean_tmrca,min_tmrca,n_pairs,n_sites
rs11446223,16,90022484,25000,8.99087507599635,0.0178955560623209,0.9901,18069.35,30202.13,29.52,19503,408
rs143930250,16,89078897,25000,8.76026987911437,0.0117125396012164,0.9901,11976.00,27094.13,24.75,19503,372
rs111460975,16,89434541,25000,8.263016165630786,0.0185491825358093,0.9901,9215.63,17197.94,36.76,19503,241
chr16_67381383,16,67381383,25000,7.138652116986993,0.0134021335429675,0.9901,1852.39,5389.51,4.39,19503,132
rs200510516,16,31254532,25000,-7.080791720762887,-0.007841410160047,0.9901,8422.27,17028.59,12.54,19503,247
rs143586350,16,67734013,25000,7.029883163559094,0.0140104965177738,0.9901,1385.47,2980.44,4.48,19503,116
rs111402414,16,75571387,25000,-7.015498310754998,-0.0058856163222919,0.9901,5786.34,13585.37,4.77,19503,222
rs117999269,16,68229123,25000,6.564242748995681,0.0131207672667184,0.9901,2888.38,10032.88,4.68,19503,208
rs72807046,16,86001621,25000,6.5091025688010165,0.0182568842913381,0.9901,15934.98,23065.28,9.42,19503,265
rs6564702,16,79795641,25000,-6.201213049331312,-0.00565612972534,0.9901,6575.78,22426.49,13.01,19503,397
rs72771556,16,12502038,25000,6.1205797205485615,0.0048375619326431,0.9901,13156.24,22570.16,5.24,19503,386
rs145930990,16,68625842,25000,5.998956750573028,0.0168548366865594,0.9901,8892.74,17829.29,4.79,19503,265
rs5816206,16,23189672,25000,-5.827974695188849,-0.0047431871268291,0.9901,14440.15,27293.49,9.33,19503,311
rs11643278,16,28852584,25000,5.7997757082537325,0.0075102157125073,0.9901,8987.89,20493.69,18.98,19503,230
rs186956666,16,69002561,25000,5.668016195015696,0.0121786894457885,0.9901,6227.26,12427.63,5.82,19503,180
rs11861698,16,11856138,25000,5.664692700273386,0.0130001700489985,0.9901,12060.77,21045.68,44.64,19503,273
rs140937328,16,69499981,25000,5.558285987089924,0.0116422252632098,0.9901,16907.88,24501.28,8.03,19503,304
rs62050284,16,70696815,25000,5.507057611935834,0.0150917462138156,0.9901,8622.88,16853.11,12.90,19503,240
rs201574164,16,73282544,25000,5.502636518546928,0.0132376949678681,0.9901,16819.28,26649.30,18.70,19503,329
