rsid,chrom,center_pos,window_half_bp,akbari_X,akbari_S,akbari_posterior,geom_mean_tmrca,arith_mean_tmrca,min_tmrca,n_pairs,n_sites
rs11446223,16,90022484,25000,8.99087507599635,0.0178955560623209,0.9901,16850.29,28397.76,29.28,16471,450
rs143930250,16,89078897,25000,8.76026987911437,0.0117125396012164,0.9901,12419.49,28207.39,35.11,16471,436
rs111460975,16,89434541,25000,8.263016165630786,0.0185491825358093,0.9901,10130.73,17838.14,47.34,16471,244
chr16_67381383,16,67381383,25000,7.138652116986993,0.0134021335429675,0.9901,1410.93,3892.39,5.00,16471,152
rs200510516,16,31254532,25000,-7.080791720762887,-0.007841410160047,0.9901,7843.51,16263.14,36.61,16471,267
rs143586350,16,67734013,25000,7.029883163559094,0.0140104965177738,0.9901,1380.27,3171.19,4.65,16471,135
rs111402414,16,75571387,25000,-7.015498310754998,-0.0058856163222919,0.9901,5115.50,12837.45,24.71,16471,223
rs117999269,16,68229123,25000,6.564242748995681,0.0131207672667184,0.9901,2310.41,8253.79,4.50,16471,198
rs72807046,16,86001621,25000,6.5091025688010165,0.0182568842913381,0.9901,15016.01,21742.08,30.55,16471,280
rs6564702,16,79795641,25000,-6.201213049331312,-0.00565612972534,0.9901,8697.71,25382.56,19.00,16471,446
rs72771556,16,12502038,25000,6.1205797205485615,0.0048375619326431,0.9901,12827.16,21955.71,27.56,16471,388
rs145930990,16,68625842,25000,5.998956750573028,0.0168548366865594,0.9901,10050.94,18863.53,12.03,16471,334
rs5816206,16,23189672,25000,-5.827974695188849,-0.0047431871268291,0.9901,12557.15,25519.74,23.40,16471,306
rs11643278,16,28852584,25000,5.7997757082537325,0.0075102157125073,0.9901,9566.56,20651.80,58.61,16471,231
rs186956666,16,69002561,25000,5.668016195015696,0.0121786894457885,0.9901,5653.21,10515.74,4.64,16471,215
rs11861698,16,11856138,25000,5.664692700273386,0.0130001700489985,0.9901,9437.35,18885.17,26.27,16471,267
rs140937328,16,69499981,25000,5.558285987089924,0.0116422252632098,0.9901,17395.49,24276.47,14.42,16471,291
rs62050284,16,70696815,25000,5.507057611935834,0.0150917462138156,0.9901,10148.41,18346.27,8.41,16471,262
rs201574164,16,73282544,25000,5.502636518546928,0.0132376949678681,0.9901,16435.26,26033.75,12.78,16471,351
