rsid,chrom,center_pos,window_half_bp,akbari_X,akbari_S,akbari_posterior,geom_mean_tmrca,arith_mean_tmrca,min_tmrca,n_pairs,n_sites
rs11446223,16,89956076,25000,8.99087507599635,0.0178955560623209,0.9901,10850.95,21304.06,28.32,16471,399
rs143930250,16,89012489,25000,8.76026987911437,0.0117125396012164,0.9901,7421.82,15055.17,38.95,16471,281
rs111460975,16,89368133,25000,8.263016165630786,0.0185491825358093,0.9901,8229.79,15556.91,33.57,16471,270
chr16_67347480,16,67347480,25000,7.138652116986993,0.0134021335429675,0.9901,1829.57,4555.28,4.78,16471,184
rs200510516,16,31243211,25000,-7.080791720762887,-0.007841410160047,0.9901,6542.07,13452.74,41.82,16471,202
rs143586350,16,67700110,25000,7.029883163559094,0.0140104965177738,0.9901,1994.83,5238.94,4.62,16471,180
rs111402414,16,75537489,25000,-7.015498310754998,-0.0058856163222919,0.9901,8096.42,20302.54,25.76,16471,350
rs117999269,16,68195220,25000,6.564242748995681,0.0131207672667184,0.9901,2503.73,7946.52,4.46,16471,192
rs72807046,16,85968015,25000,6.5091025688010165,0.0182568842913381,0.9901,23359.00,33343.28,27.71,16471,356
rs6564702,16,79761744,25000,-6.201213049331312,-0.00565612972534,0.9901,9125.61,30589.36,18.70,16471,455
rs72771556,16,12408181,25000,6.1205797205485615,0.0048375619326431,0.9901,15284.71,31737.97,54.11,16471,404
rs145930990,16,68591939,25000,5.998956750573028,0.0168548366865594,0.9901,8743.91,17681.08,9.49,16471,364
rs5816206,16,23178351,25000,-5.827974695188849,-0.0047431871268291,0.9901,11486.61,23384.95,34.91,16471,286
rs11643278,16,28841263,25000,5.7997757082537325,0.0075102157125073,0.9901,9824.40,21092.66,66.98,16471,240
rs186956666,16,68968658,25000,5.668016195015696,0.0121786894457885,0.9901,4345.88,8522.26,4.61,16471,215
rs11861698,16,11762282,25000,5.664692700273386,0.0130001700489985,0.9901,11305.05,20004.47,27.23,16471,262
rs140937328,16,69466078,25000,5.558285987089924,0.0116422252632098,0.9901,13320.63,21856.40,13.72,16471,283
rs62050284,16,70662912,25000,5.507057611935834,0.0150917462138156,0.9901,13769.87,24675.40,13.56,16471,351
rs201574164,16,73248645,25000,5.502636518546928,0.0132376949678681,0.9901,12629.12,22085.73,12.92,16471,311
