rsid,chrom,center_pos,window_half_bp,akbari_X,akbari_S,akbari_posterior,geom_mean_tmrca,arith_mean_tmrca,min_tmrca,n_pairs,n_sites
rs11446223,16,89956076,25000,8.99087507599635,0.0178955560623209,0.9901,14272.14,23441.65,29.87,21115,442
rs143930250,16,89012489,25000,8.76026987911437,0.0117125396012164,0.9901,5220.27,10976.73,32.31,21115,461
rs111460975,16,89368133,25000,8.263016165630786,0.0185491825358093,0.9901,8654.15,15238.61,34.65,21115,293
chr16_67347480,16,67347480,25000,7.138652116986993,0.0134021335429675,0.9901,2970.09,8149.24,9.08,21115,210
rs200510516,16,31243211,25000,-7.080791720762887,-0.007841410160047,0.9901,5859.34,13078.34,14.14,21115,244
rs143586350,16,67700110,25000,7.029883163559094,0.0140104965177738,0.9901,2419.38,6854.22,11.14,21115,212
rs111402414,16,75537489,25000,-7.015498310754998,-0.0058856163222919,0.9901,12340.13,24329.58,11.37,21115,346
rs117999269,16,68195220,25000,6.564242748995681,0.0131207672667184,0.9901,2897.83,8707.81,4.66,21115,195
rs72807046,16,85968015,25000,6.5091025688010165,0.0182568842913381,0.9901,23591.63,32033.87,50.53,21115,418
rs6564702,16,79761744,25000,-6.201213049331312,-0.00565612972534,0.9901,15182.38,36691.76,14.33,21115,500
rs72771556,16,12408181,25000,6.1205797205485615,0.0048375619326431,0.9901,12401.47,26472.27,9.29,21115,494
rs145930990,16,68591939,25000,5.998956750573028,0.0168548366865594,0.9901,7762.10,15989.95,9.35,21115,337
rs5816206,16,23178351,25000,-5.827974695188849,-0.0047431871268291,0.9901,5533.77,16460.55,8.87,21115,323
rs11643278,16,28841263,25000,5.7997757082537325,0.0075102157125073,0.9901,9261.03,20157.45,76.61,21115,281
rs186956666,16,68968658,25000,5.668016195015696,0.0121786894457885,0.9901,3862.74,7178.66,9.44,21115,214
rs11861698,16,11762282,25000,5.664692700273386,0.0130001700489985,0.9901,14174.08,21623.67,21.34,21115,300
rs140937328,16,69466078,25000,5.558285987089924,0.0116422252632098,0.9901,14863.52,22231.81,8.84,21115,322
rs62050284,16,70662912,25000,5.507057611935834,0.0150917462138156,0.9901,13497.35,24071.37,23.75,21115,410
rs201574164,16,73248645,25000,5.502636518546928,0.0132376949678681,0.9901,14437.20,23973.80,18.21,21115,344
