rsid,chrom,center_pos,window_half_bp,akbari_X,akbari_S,akbari_posterior,geom_mean_tmrca,arith_mean_tmrca,min_tmrca,n_pairs,n_sites
rs11446223,16,90022484,25000,8.99087507599635,0.0178955560623209,0.9901,16872.45,26991.30,60.14,21115,502
rs143930250,16,89078897,25000,8.76026987911437,0.0117125396012164,0.9901,11884.84,28483.28,46.39,21115,517
rs111460975,16,89434541,25000,8.263016165630786,0.0185491825358093,0.9901,11177.71,18187.33,33.13,21115,299
chr16_67381383,16,67381383,25000,7.138652116986993,0.0134021335429675,0.9901,2342.15,6867.75,10.07,21115,172
rs200510516,16,31254532,25000,-7.080791720762887,-0.007841410160047,0.9901,7293.50,16415.72,14.15,21115,289
rs143586350,16,67734013,25000,7.029883163559094,0.0140104965177738,0.9901,1785.39,4502.18,12.03,21115,167
rs111402414,16,75571387,25000,-7.015498310754998,-0.0058856163222919,0.9901,9242.93,19177.50,11.28,21115,242
rs117999269,16,68229123,25000,6.564242748995681,0.0131207672667184,0.9901,3080.33,9414.98,4.70,21115,217
rs72807046,16,86001621,25000,6.5091025688010165,0.0182568842913381,0.9901,15801.00,21317.53,44.46,21115,293
rs6564702,16,79795641,25000,-6.201213049331312,-0.00565612972534,0.9901,13122.57,30276.31,15.02,21115,483
rs72771556,16,12502038,25000,6.1205797205485615,0.0048375619326431,0.9901,16155.36,25484.39,5.71,21115,456
rs145930990,16,68625842,25000,5.998956750573028,0.0168548366865594,0.9901,9286.34,17493.97,8.33,21115,333
rs5816206,16,23189672,25000,-5.827974695188849,-0.0047431871268291,0.9901,5848.67,17333.54,5.12,21115,332
rs11643278,16,28852584,25000,5.7997757082537325,0.0075102157125073,0.9901,8884.54,19717.45,81.21,21115,266
rs186956666,16,69002561,25000,5.668016195015696,0.0121786894457885,0.9901,4533.04,8852.87,9.39,21115,201
rs11861698,16,11856138,25000,5.664692700273386,0.0130001700489985,0.9901,12853.36,21684.55,21.31,21115,329
rs140937328,16,69499981,25000,5.558285987089924,0.0116422252632098,0.9901,17607.98,23948.25,17.51,21115,354
rs62050284,16,70696815,25000,5.507057611935834,0.0150917462138156,0.9901,8176.09,15878.63,7.21,21115,269
rs201574164,16,73282544,25000,5.502636518546928,0.0132376949678681,0.9901,18523.03,27064.29,18.08,21115,397
