rsid,chrom,center_pos,window_half_bp,akbari_X,akbari_S,akbari_posterior,geom_mean_tmrca,arith_mean_tmrca,min_tmrca,n_pairs,n_sites
rs11446223,16,89956076,25000,8.99087507599635,0.0178955560623209,0.9901,19473.04,26566.65,8.52,63190,636
rs143930250,16,89012489,25000,8.76026987911437,0.0117125396012164,0.9901,12179.64,21808.25,3.34,63190,697
rs111460975,16,89368133,25000,8.263016165630786,0.0185491825358093,0.9901,14601.13,20279.79,6.43,63190,619
chr16_67347480,16,67347480,25000,7.138652116986993,0.0134021335429675,0.9901,8446.92,14733.99,3.28,63190,321
rs200510516,16,31243211,25000,-7.080791720762887,-0.007841410160047,0.9901,13438.76,21653.68,4.21,63190,465
rs143586350,16,67700110,25000,7.029883163559094,0.0140104965177738,0.9901,6044.38,10513.52,3.28,63190,273
rs111402414,16,75537489,25000,-7.015498310754998,-0.0058856163222919,0.9901,18530.57,26418.99,3.23,63190,651
rs117999269,16,68195220,25000,6.564242748995681,0.0131207672667184,0.9901,5951.03,12354.49,3.27,63190,381
rs72807046,16,85968015,25000,6.5091025688010165,0.0182568842913381,0.9901,22421.52,28971.18,3.43,63190,680
rs6564702,16,79761744,25000,-6.201213049331312,-0.00565612972534,0.9901,20917.59,32517.95,3.23,63190,688
rs72771556,16,12408181,25000,6.1205797205485615,0.0048375619326431,0.9901,17783.79,28227.33,4.03,63190,828
rs145930990,16,68591939,25000,5.998956750573028,0.0168548366865594,0.9901,12608.72,20900.70,3.35,63190,496
rs5816206,16,23178351,25000,-5.827974695188849,-0.0047431871268291,0.9901,6675.11,13481.49,4.16,63190,508
rs11643278,16,28841263,25000,5.7997757082537325,0.0075102157125073,0.9901,9017.01,15347.40,27.57,63190,431
rs186956666,16,68968658,25000,5.668016195015696,0.0121786894457885,0.9901,7858.26,13789.98,3.45,63190,406
rs11861698,16,11762282,25000,5.664692700273386,0.0130001700489985,0.9901,10901.23,19176.46,4.15,63190,473
rs140937328,16,69466078,25000,5.558285987089924,0.0116422252632098,0.9901,12138.15,17789.98,3.32,63190,421
rs62050284,16,70662912,25000,5.507057611935834,0.0150917462138156,0.9901,16714.55,24823.45,3.55,63190,573
rs201574164,16,73248645,25000,5.502636518546928,0.0132376949678681,0.9901,14324.49,22835.68,3.25,63190,566
