rsid,chrom,center_pos,window_half_bp,akbari_X,akbari_S,akbari_posterior,geom_mean_tmrca,arith_mean_tmrca,min_tmrca,n_pairs,n_sites
rs11446223,16,90022484,25000,8.99087507599635,0.0178955560623209,0.9901,11513.06,23300.92,4.77,49141,507
rs143930250,16,89078897,25000,8.76026987911437,0.0117125396012164,0.9901,11888.84,26490.72,4.76,49141,552
rs111460975,16,89434541,25000,8.263016165630786,0.0185491825358093,0.9901,8770.09,16275.58,4.41,49141,305
chr16_67381383,16,67381383,25000,7.138652116986993,0.0134021335429675,0.9901,1671.90,4766.83,4.38,49141,209
rs200510516,16,31254532,25000,-7.080791720762887,-0.007841410160047,0.9901,7784.20,16033.03,4.50,49141,326
rs143586350,16,67734013,25000,7.029883163559094,0.0140104965177738,0.9901,1697.94,3972.43,4.38,49141,206
rs111402414,16,75571387,25000,-7.015498310754998,-0.0058856163222919,0.9901,4442.16,11324.41,4.38,49141,276
rs117999269,16,68229123,25000,6.564242748995681,0.0131207672667184,0.9901,3401.61,11657.46,4.38,49141,250
rs72807046,16,86001621,25000,6.5091025688010165,0.0182568842913381,0.9901,15507.45,21826.08,4.38,49141,408
rs6564702,16,79795641,25000,-6.201213049331312,-0.00565612972534,0.9901,7436.24,23410.92,4.39,49141,526
rs72771556,16,12502038,25000,6.1205797205485615,0.0048375619326431,0.9901,13679.01,22566.55,4.86,49141,469
rs145930990,16,68625842,25000,5.998956750573028,0.0168548366865594,0.9901,11710.89,20021.82,4.38,49141,359
rs5816206,16,23189672,25000,-5.827974695188849,-0.0047431871268291,0.9901,11821.50,24717.94,4.59,49141,395
rs11643278,16,28852584,25000,5.7997757082537325,0.0075102157125073,0.9901,8718.19,18825.65,4.98,49141,320
rs186956666,16,69002561,25000,5.668016195015696,0.0121786894457885,0.9901,6253.68,11513.66,4.38,49141,234
rs11861698,16,11856138,25000,5.664692700273386,0.0130001700489985,0.9901,11476.02,20113.02,4.86,49141,421
rs140937328,16,69499981,25000,5.558285987089924,0.0116422252632098,0.9901,17581.06,24369.83,4.42,49141,355
rs62050284,16,70696815,25000,5.507057611935834,0.0150917462138156,0.9901,10143.80,18008.30,4.38,49141,359
rs201574164,16,73282544,25000,5.502636518546928,0.0132376949678681,0.9901,16241.58,25469.76,4.38,49141,444
