rsid,chrom,center_pos,window_half_bp,akbari_X,akbari_S,akbari_posterior,geom_mean_tmrca,arith_mean_tmrca,min_tmrca,n_pairs,n_sites
rs11446223,16,89956076,25000,8.99087507599635,0.0178955560623209,0.9901,7753.97,17603.13,7.16,49141,432
rs143930250,16,89012489,25000,8.76026987911437,0.0117125396012164,0.9901,6682.69,14011.99,4.69,49141,469
rs111460975,16,89368133,25000,8.263016165630786,0.0185491825358093,0.9901,7638.82,14470.63,5.38,49141,307
chr16_67347480,16,67347480,25000,7.138652116986993,0.0134021335429675,0.9901,1978.64,5304.00,4.38,49141,237
rs200510516,16,31243211,25000,-7.080791720762887,-0.007841410160047,0.9901,5994.24,12318.10,4.50,49141,281
rs143586350,16,67700110,25000,7.029883163559094,0.0140104965177738,0.9901,2428.78,6148.06,4.38,49141,238
rs111402414,16,75537489,25000,-7.015498310754998,-0.0058856163222919,0.9901,7311.45,19094.51,4.38,49141,407
rs117999269,16,68195220,25000,6.564242748995681,0.0131207672667184,0.9901,3580.20,11034.12,4.39,49141,245
rs72807046,16,85968015,25000,6.5091025688010165,0.0182568842913381,0.9901,22728.87,32597.40,4.38,49141,458
rs6564702,16,79761744,25000,-6.201213049331312,-0.00565612972534,0.9901,6855.86,25052.76,4.38,49141,553
rs72771556,16,12408181,25000,6.1205797205485615,0.0048375619326431,0.9901,14633.80,31461.24,4.86,49141,455
rs145930990,16,68591939,25000,5.998956750573028,0.0168548366865594,0.9901,10216.70,19069.53,4.38,49141,332
rs5816206,16,23178351,25000,-5.827974695188849,-0.0047431871268291,0.9901,10894.95,22645.74,4.59,49141,394
rs11643278,16,28841263,25000,5.7997757082537325,0.0075102157125073,0.9901,8922.19,19202.65,4.96,49141,335
rs186956666,16,68968658,25000,5.668016195015696,0.0121786894457885,0.9901,4719.45,9622.54,4.38,49141,222
rs11861698,16,11762282,25000,5.664692700273386,0.0130001700489985,0.9901,11635.73,20069.20,4.87,49141,357
rs140937328,16,69466078,25000,5.558285987089924,0.0116422252632098,0.9901,12774.34,21389.50,4.39,49141,315
rs62050284,16,70662912,25000,5.507057611935834,0.0150917462138156,0.9901,12753.93,23806.44,4.51,49141,495
rs201574164,16,73248645,25000,5.502636518546928,0.0132376949678681,0.9901,12555.54,21446.36,4.39,49141,398
