rsid,chrom,center_pos,window_half_bp,akbari_X,akbari_S,akbari_posterior,geom_mean_tmrca,arith_mean_tmrca,min_tmrca,n_pairs,n_sites
rs11446223,16,89956076,25000,8.99087507599635,0.0178955560623209,0.9901,13112.35,21505.49,8.98,22791,464
rs143930250,16,89012489,25000,8.76026987911437,0.0117125396012164,0.9901,5402.52,11264.19,14.14,22791,464
rs111460975,16,89368133,25000,8.263016165630786,0.0185491825358093,0.9901,9411.55,16358.65,12.94,22791,274
chr16_67347480,16,67347480,25000,7.138652116986993,0.0134021335429675,0.9901,3017.82,8292.24,12.63,22791,212
rs200510516,16,31243211,25000,-7.080791720762887,-0.007841410160047,0.9901,6201.24,13690.24,20.66,22791,245
rs143586350,16,67700110,25000,7.029883163559094,0.0140104965177738,0.9901,2899.82,7536.78,13.97,22791,226
rs111402414,16,75537489,25000,-7.015498310754998,-0.0058856163222919,0.9901,11819.27,23643.87,10.33,22791,379
rs117999269,16,68195220,25000,6.564242748995681,0.0131207672667184,0.9901,3598.46,10776.64,12.13,22791,212
rs72807046,16,85968015,25000,6.5091025688010165,0.0182568842913381,0.9901,23668.33,32260.18,7.96,22791,432
rs6564702,16,79761744,25000,-6.201213049331312,-0.00565612972534,0.9901,11641.91,33721.79,4.39,22791,507
rs72771556,16,12408181,25000,6.1205797205485615,0.0048375619326431,0.9901,13816.66,28364.28,5.34,22791,513
rs145930990,16,68591939,25000,5.998956750573028,0.0168548366865594,0.9901,5554.76,12717.64,4.65,22791,262
rs5816206,16,23178351,25000,-5.827974695188849,-0.0047431871268291,0.9901,8875.04,21403.54,28.61,22791,336
rs11643278,16,28841263,25000,5.7997757082537325,0.0075102157125073,0.9901,10336.26,19902.53,73.96,22791,315
rs186956666,16,68968658,25000,5.668016195015696,0.0121786894457885,0.9901,3452.01,6847.96,4.60,22791,195
rs11861698,16,11762282,25000,5.664692700273386,0.0130001700489985,0.9901,13607.07,21348.64,12.49,22791,326
rs140937328,16,69466078,25000,5.558285987089924,0.0116422252632098,0.9901,13531.81,21301.63,8.63,22791,310
rs62050284,16,70662912,25000,5.507057611935834,0.0150917462138156,0.9901,13626.86,23994.15,4.70,22791,401
rs201574164,16,73248645,25000,5.502636518546928,0.0132376949678681,0.9901,14883.47,24524.25,8.97,22791,409
