rsid,chrom,center_pos,window_half_bp,akbari_X,akbari_S,akbari_posterior,geom_mean_tmrca,arith_mean_tmrca,min_tmrca,n_pairs,n_sites
rs11446223,16,90022484,25000,8.99087507599635,0.0178955560623209,0.9901,15499.64,25589.19,8.92,22791,473
rs143930250,16,89078897,25000,8.76026987911437,0.0117125396012164,0.9901,11545.46,28073.78,14.58,22791,514
rs111460975,16,89434541,25000,8.263016165630786,0.0185491825358093,0.9901,11310.17,17933.90,12.60,22791,314
chr16_67381383,16,67381383,25000,7.138652116986993,0.0134021335429675,0.9901,2559.73,7482.94,12.64,22791,174
rs200510516,16,31254532,25000,-7.080791720762887,-0.007841410160047,0.9901,7913.54,17478.15,20.64,22791,293
rs143586350,16,67734013,25000,7.029883163559094,0.0140104965177738,0.9901,2038.37,4948.91,13.89,22791,193
rs111402414,16,75571387,25000,-7.015498310754998,-0.0058856163222919,0.9901,9691.46,19662.66,11.00,22791,267
rs117999269,16,68229123,25000,6.564242748995681,0.0131207672667184,0.9901,3709.22,11520.87,11.86,22791,220
rs72807046,16,86001621,25000,6.5091025688010165,0.0182568842913381,0.9901,16504.40,21545.38,7.97,22791,313
rs6564702,16,79795641,25000,-6.201213049331312,-0.00565612972534,0.9901,11138.93,29359.85,4.41,22791,459
rs72771556,16,12502038,25000,6.1205797205485615,0.0048375619326431,0.9901,16331.75,25328.70,7.25,22791,463
rs145930990,16,68625842,25000,5.998956750573028,0.0168548366865594,0.9901,7197.23,14993.74,4.71,22791,289
rs5816206,16,23189672,25000,-5.827974695188849,-0.0047431871268291,0.9901,8962.56,21373.15,9.83,22791,346
rs11643278,16,28852584,25000,5.7997757082537325,0.0075102157125073,0.9901,9926.16,19661.33,70.67,22791,289
rs186956666,16,69002561,25000,5.668016195015696,0.0121786894457885,0.9901,4646.10,9281.48,4.67,22791,209
rs11861698,16,11856138,25000,5.664692700273386,0.0130001700489985,0.9901,11752.57,21286.40,18.98,22791,294
rs140937328,16,69499981,25000,5.558285987089924,0.0116422252632098,0.9901,16971.92,23451.65,8.60,22791,340
rs62050284,16,70696815,25000,5.507057611935834,0.0150917462138156,0.9901,8856.46,16985.11,4.79,22791,294
rs201574164,16,73282544,25000,5.502636518546928,0.0132376949678681,0.9901,19345.98,27589.57,9.78,22791,432
