rsid,chrom,center_pos,window_half_bp,akbari_X,akbari_S,akbari_posterior,geom_mean_tmrca,arith_mean_tmrca,min_tmrca,n_pairs,n_sites
rs11446223,16,90022484,25000,8.99087507599635,0.0178955560623209,0.9901,8648.55,22327.60,37.23,21528,387
rs143930250,16,89078897,25000,8.76026987911437,0.0117125396012164,0.9901,12552.45,30465.86,49.54,21528,336
rs111460975,16,89434541,25000,8.263016165630786,0.0185491825358093,0.9901,11371.25,17897.19,40.65,21528,268
chr16_67381383,16,67381383,25000,7.138652116986993,0.0134021335429675,0.9901,823.38,1204.41,14.05,21528,83
rs200510516,16,31254532,25000,-7.080791720762887,-0.007841410160047,0.9901,4258.23,11596.81,39.49,21528,194
rs143586350,16,67734013,25000,7.029883163559094,0.0140104965177738,0.9901,651.62,1130.87,12.13,21528,72
rs111402414,16,75571387,25000,-7.015498310754998,-0.0058856163222919,0.9901,4890.20,15612.25,56.47,21528,233
rs117999269,16,68229123,25000,6.564242748995681,0.0131207672667184,0.9901,1715.47,8200.56,14.70,21528,152
rs72807046,16,86001621,25000,6.5091025688010165,0.0182568842913381,0.9901,16349.71,23042.38,107.11,21528,255
rs6564702,16,79795641,25000,-6.201213049331312,-0.00565612972534,0.9901,7084.50,24925.22,47.11,21528,365
rs72771556,16,12502038,25000,6.1205797205485615,0.0048375619326431,0.9901,15767.33,26087.38,12.94,21528,347
rs145930990,16,68625842,25000,5.998956750573028,0.0168548366865594,0.9901,4681.68,11112.03,17.80,21528,233
rs5816206,16,23189672,25000,-5.827974695188849,-0.0047431871268291,0.9901,3615.21,13714.17,12.50,21528,308
rs11643278,16,28852584,25000,5.7997757082537325,0.0075102157125073,0.9901,8798.39,16622.75,31.19,21528,235
rs186956666,16,69002561,25000,5.668016195015696,0.0121786894457885,0.9901,5146.35,10429.56,23.29,21528,173
rs11861698,16,11856138,25000,5.664692700273386,0.0130001700489985,0.9901,9097.60,17804.06,21.86,21528,254
rs140937328,16,69499981,25000,5.558285987089924,0.0116422252632098,0.9901,13710.57,21639.13,32.39,21528,268
rs62050284,16,70696815,25000,5.507057611935834,0.0150917462138156,0.9901,7173.58,14882.43,18.47,21528,183
rs201574164,16,73282544,25000,5.502636518546928,0.0132376949678681,0.9901,16939.01,25789.35,105.48,21528,323
