rsid,chrom,center_pos,window_half_bp,akbari_X,akbari_S,akbari_posterior,geom_mean_tmrca,arith_mean_tmrca,min_tmrca,n_pairs,n_sites
rs11446223,16,89956076,25000,8.99087507599635,0.0178955560623209,0.9901,4968.84,14141.30,62.20,21528,279
rs143930250,16,89012489,25000,8.76026987911437,0.0117125396012164,0.9901,3595.60,5912.96,84.50,21528,216
rs111460975,16,89368133,25000,8.263016165630786,0.0185491825358093,0.9901,9470.32,15974.17,45.31,21528,208
chr16_67347480,16,67347480,25000,7.138652116986993,0.0134021335429675,0.9901,1171.48,1693.97,14.07,21528,92
rs200510516,16,31243211,25000,-7.080791720762887,-0.007841410160047,0.9901,3943.33,10773.47,36.74,21528,185
rs143586350,16,67700110,25000,7.029883163559094,0.0140104965177738,0.9901,848.13,1891.74,17.09,21528,101
rs111402414,16,75537489,25000,-7.015498310754998,-0.0058856163222919,0.9901,6354.15,20247.21,70.07,21528,313
rs117999269,16,68195220,25000,6.564242748995681,0.0131207672667184,0.9901,1831.61,8290.66,13.64,21528,164
rs72807046,16,85968015,25000,6.5091025688010165,0.0182568842913381,0.9901,20994.90,30010.53,92.75,21528,370
rs6564702,16,79761744,25000,-6.201213049331312,-0.00565612972534,0.9901,7263.07,27579.59,45.86,21528,444
rs72771556,16,12408181,25000,6.1205797205485615,0.0048375619326431,0.9901,18017.33,34053.52,16.21,21528,389
rs145930990,16,68591939,25000,5.998956750573028,0.0168548366865594,0.9901,3805.09,10662.52,14.96,21528,179
rs5816206,16,23178351,25000,-5.827974695188849,-0.0047431871268291,0.9901,3634.65,13138.48,19.21,21528,292
rs11643278,16,28841263,25000,5.7997757082537325,0.0075102157125073,0.9901,8828.39,16744.89,32.51,21528,241
rs186956666,16,68968658,25000,5.668016195015696,0.0121786894457885,0.9901,4175.23,8656.63,22.73,21528,180
rs11861698,16,11762282,25000,5.664692700273386,0.0130001700489985,0.9901,12555.84,21989.88,29.80,21528,224
rs140937328,16,69466078,25000,5.558285987089924,0.0116422252632098,0.9901,11046.57,19500.52,9.28,21528,284
rs62050284,16,70662912,25000,5.507057611935834,0.0150917462138156,0.9901,13187.41,24403.78,18.56,21528,295
rs201574164,16,73248645,25000,5.502636518546928,0.0132376949678681,0.9901,16558.97,26876.71,106.76,21528,287
