rsid,chrom,center_pos,window_half_bp,akbari_X,akbari_S,akbari_posterior,geom_mean_tmrca,arith_mean_tmrca,min_tmrca,n_pairs,n_sites
rs11446223,16,89956076,25000,8.99087507599635,0.0178955560623209,0.9901,8586.39,23078.10,9.67,29646,290
rs143930250,16,89012489,25000,8.76026987911437,0.0117125396012164,0.9901,3774.53,7425.64,4.82,29646,241
rs111460975,16,89368133,25000,8.263016165630786,0.0185491825358093,0.9901,8118.00,14548.73,8.47,29646,272
chr16_67347480,16,67347480,25000,7.138652116986993,0.0134021335429675,0.9901,1503.21,2288.51,4.42,29646,110
rs200510516,16,31243211,25000,-7.080791720762887,-0.007841410160047,0.9901,5058.13,12740.88,4.54,29646,204
rs143586350,16,67700110,25000,7.029883163559094,0.0140104965177738,0.9901,958.58,1692.42,4.56,29646,121
rs111402414,16,75537489,25000,-7.015498310754998,-0.0058856163222919,0.9901,6839.63,20544.84,4.42,29646,358
rs117999269,16,68195220,25000,6.564242748995681,0.0131207672667184,0.9901,1361.09,5222.96,4.42,29646,199
rs72807046,16,85968015,25000,6.5091025688010165,0.0182568842913381,0.9901,16730.18,27040.66,4.44,29646,366
rs6564702,16,79761744,25000,-6.201213049331312,-0.00565612972534,0.9901,8462.16,30784.66,4.42,29646,465
rs72771556,16,12408181,25000,6.1205797205485615,0.0048375619326431,0.9901,20665.07,35511.70,4.93,29646,464
rs145930990,16,68591939,25000,5.998956750573028,0.0168548366865594,0.9901,5146.76,12956.28,4.42,29646,236
rs5816206,16,23178351,25000,-5.827974695188849,-0.0047431871268291,0.9901,5608.26,15481.15,4.77,29646,348
rs11643278,16,28841263,25000,5.7997757082537325,0.0075102157125073,0.9901,8238.83,14806.17,13.42,29646,303
rs186956666,16,68968658,25000,5.668016195015696,0.0121786894457885,0.9901,3864.48,7579.03,4.42,29646,202
rs11861698,16,11762282,25000,5.664692700273386,0.0130001700489985,0.9901,10849.72,20924.37,4.95,29646,242
rs140937328,16,69466078,25000,5.558285987089924,0.0116422252632098,0.9901,11271.86,19263.48,5.36,29646,297
rs62050284,16,70662912,25000,5.507057611935834,0.0150917462138156,0.9901,15512.12,27080.47,4.63,29646,299
rs201574164,16,73248645,25000,5.502636518546928,0.0132376949678681,0.9901,15628.16,26950.05,4.54,29646,310
