rsid,chrom,center_pos,window_half_bp,akbari_X,akbari_S,akbari_posterior,geom_mean_tmrca,arith_mean_tmrca,min_tmrca,n_pairs,n_sites
rs11446223,16,90022484,25000,8.99087507599635,0.0178955560623209,0.9901,10858.66,26291.15,15.38,29646,375
rs143930250,16,89078897,25000,8.76026987911437,0.0117125396012164,0.9901,13744.54,30268.97,6.18,29646,360
rs111460975,16,89434541,25000,8.263016165630786,0.0185491825358093,0.9901,10102.61,17008.44,8.46,29646,283
chr16_67381383,16,67381383,25000,7.138652116986993,0.0134021335429675,0.9901,1094.80,1731.47,4.42,29646,96
rs200510516,16,31254532,25000,-7.080791720762887,-0.007841410160047,0.9901,5006.31,12820.82,4.54,29646,257
rs143586350,16,67734013,25000,7.029883163559094,0.0140104965177738,0.9901,730.36,1138.46,4.59,29646,93
rs111402414,16,75571387,25000,-7.015498310754998,-0.0058856163222919,0.9901,5130.27,15866.42,4.42,29646,252
rs117999269,16,68229123,25000,6.564242748995681,0.0131207672667184,0.9901,1222.37,5125.09,4.42,29646,174
rs72807046,16,86001621,25000,6.5091025688010165,0.0182568842913381,0.9901,14517.71,20537.27,4.46,29646,285
rs6564702,16,79795641,25000,-6.201213049331312,-0.00565612972534,0.9901,9130.29,27880.14,4.42,29646,444
rs72771556,16,12502038,25000,6.1205797205485615,0.0048375619326431,0.9901,19503.29,28142.42,4.92,29646,419
rs145930990,16,68625842,25000,5.998956750573028,0.0168548366865594,0.9901,6036.85,14189.74,4.42,29646,256
rs5816206,16,23189672,25000,-5.827974695188849,-0.0047431871268291,0.9901,5882.02,16508.42,4.78,29646,364
rs11643278,16,28852584,25000,5.7997757082537325,0.0075102157125073,0.9901,8272.40,14865.30,13.39,29646,282
rs186956666,16,69002561,25000,5.668016195015696,0.0121786894457885,0.9901,4692.35,9439.80,4.42,29646,186
rs11861698,16,11856138,25000,5.664692700273386,0.0130001700489985,0.9901,10314.15,20312.54,4.95,29646,264
rs140937328,16,69499981,25000,5.558285987089924,0.0116422252632098,0.9901,13686.83,21378.58,6.22,29646,288
rs62050284,16,70696815,25000,5.507057611935834,0.0150917462138156,0.9901,8766.25,17456.88,4.52,29646,203
rs201574164,16,73282544,25000,5.502636518546928,0.0132376949678681,0.9901,15714.09,24937.59,4.57,29646,357
