rsid,chrom,center_pos,window_half_bp,akbari_X,akbari_S,akbari_posterior,geom_mean_tmrca,arith_mean_tmrca,min_tmrca,n_pairs,n_sites
rs11446223,16,89956076,25000,8.99087507599635,0.0178955560623209,0.9901,22444.12,28249.51,31.99,19503,654
rs143930250,16,89012489,25000,8.76026987911437,0.0117125396012164,0.9901,12530.27,22344.00,53.09,19503,789
rs111460975,16,89368133,25000,8.263016165630786,0.0185491825358093,0.9901,14051.01,19020.42,60.59,19503,659
chr16_67347480,16,67347480,25000,7.138652116986993,0.0134021335429675,0.9901,9310.30,15125.51,9.04,19503,302
rs200510516,16,31243211,25000,-7.080791720762887,-0.007841410160047,0.9901,13198.59,21107.10,20.86,19503,457
rs143586350,16,67700110,25000,7.029883163559094,0.0140104965177738,0.9901,8135.83,12190.83,19.45,19503,323
rs111402414,16,75537489,25000,-7.015498310754998,-0.0058856163222919,0.9901,15887.62,24685.45,6.39,19503,587
rs117999269,16,68195220,25000,6.564242748995681,0.0131207672667184,0.9901,7114.67,12895.75,3.58,19503,374
rs72807046,16,85968015,25000,6.5091025688010165,0.0182568842913381,0.9901,25004.91,30713.31,58.70,19503,627
rs6564702,16,79761744,25000,-6.201213049331312,-0.00565612972534,0.9901,22118.34,33575.22,6.39,19503,697
rs72771556,16,12408181,25000,6.1205797205485615,0.0048375619326431,0.9901,20301.68,29538.74,14.66,19503,821
rs145930990,16,68591939,25000,5.998956750573028,0.0168548366865594,0.9901,13234.49,21361.06,3.67,19503,505
rs5816206,16,23178351,25000,-5.827974695188849,-0.0047431871268291,0.9901,8431.08,16719.34,7.37,19503,494
rs11643278,16,28841263,25000,5.7997757082537325,0.0075102157125073,0.9901,9719.84,16832.41,67.42,19503,366
rs186956666,16,68968658,25000,5.668016195015696,0.0121786894457885,0.9901,6988.76,12080.90,7.44,19503,388
rs11861698,16,11762282,25000,5.664692700273386,0.0130001700489985,0.9901,12652.99,19967.58,26.30,19503,481
rs140937328,16,69466078,25000,5.558285987089924,0.0116422252632098,0.9901,12245.50,17725.14,9.30,19503,377
rs62050284,16,70662912,25000,5.507057611935834,0.0150917462138156,0.9901,14910.14,23970.06,34.55,19503,564
rs201574164,16,73248645,25000,5.502636518546928,0.0132376949678681,0.9901,17617.56,25288.12,11.26,19503,532
