rsid,chrom,center_pos,window_half_bp,akbari_X,akbari_S,akbari_posterior,geom_mean_tmrca,arith_mean_tmrca,min_tmrca,n_pairs,n_sites
rs11446223,16,90022484,25000,8.99087507599635,0.0178955560623209,0.9901,19827.93,25590.84,52.32,19503,682
rs143930250,16,89078897,25000,8.76026987911437,0.0117125396012164,0.9901,24579.15,35667.22,31.08,19503,814
rs111460975,16,89434541,25000,8.263016165630786,0.0185491825358093,0.9901,11910.01,16766.45,68.87,19503,547
chr16_67381383,16,67381383,25000,7.138652116986993,0.0134021335429675,0.9901,6850.38,12817.94,15.49,19503,228
rs200510516,16,31254532,25000,-7.080791720762887,-0.007841410160047,0.9901,15072.93,23613.91,24.06,19503,499
rs143586350,16,67734013,25000,7.029883163559094,0.0140104965177738,0.9901,6746.30,9811.58,14.08,19503,267
rs111402414,16,75571387,25000,-7.015498310754998,-0.0058856163222919,0.9901,10661.35,16984.77,7.07,19503,418
rs117999269,16,68229123,25000,6.564242748995681,0.0131207672667184,0.9901,7652.39,14258.52,3.71,19503,370
rs72807046,16,86001621,25000,6.5091025688010165,0.0182568842913381,0.9901,21304.77,26005.77,58.61,19503,655
rs6564702,16,79795641,25000,-6.201213049331312,-0.00565612972534,0.9901,15224.41,21874.03,6.36,19503,631
rs72771556,16,12502038,25000,6.1205797205485615,0.0048375619326431,0.9901,20951.21,26592.00,19.05,19503,689
rs145930990,16,68625842,25000,5.998956750573028,0.0168548366865594,0.9901,13578.11,20087.51,4.87,19503,483
rs5816206,16,23189672,25000,-5.827974695188849,-0.0047431871268291,0.9901,9161.39,18666.82,7.58,19503,491
rs11643278,16,28852584,25000,5.7997757082537325,0.0075102157125073,0.9901,9475.98,16570.90,59.33,19503,348
rs186956666,16,69002561,25000,5.668016195015696,0.0121786894457885,0.9901,7046.91,11548.09,8.77,19503,360
rs11861698,16,11856138,25000,5.664692700273386,0.0130001700489985,0.9901,15220.35,20454.99,20.09,19503,513
rs140937328,16,69499981,25000,5.558285987089924,0.0116422252632098,0.9901,15399.14,21090.53,10.02,19503,476
rs62050284,16,70696815,25000,5.507057611935834,0.0150917462138156,0.9901,8374.94,13818.97,16.78,19503,376
rs201574164,16,73282544,25000,5.502636518546928,0.0132376949678681,0.9901,20031.97,26364.98,14.31,19503,558
