rsid,chrom,center_pos,window_half_bp,akbari_X,akbari_S,akbari_posterior,geom_mean_tmrca,arith_mean_tmrca,min_tmrca,n_pairs,n_sites
rs11446223,16,89956076,25000,8.99087507599635,0.0178955560623209,0.9901,21042.61,27728.02,9.86,19503,618
rs143930250,16,89012489,25000,8.76026987911437,0.0117125396012164,0.9901,10956.49,20233.02,13.18,19503,695
rs111460975,16,89368133,25000,8.263016165630786,0.0185491825358093,0.9901,14906.53,20599.96,16.92,19503,563
chr16_67347480,16,67347480,25000,7.138652116986993,0.0134021335429675,0.9901,10202.25,15753.00,3.25,19503,300
rs200510516,16,31243211,25000,-7.080791720762887,-0.007841410160047,0.9901,12870.91,20647.89,9.36,19503,440
rs143586350,16,67700110,25000,7.029883163559094,0.0140104965177738,0.9901,7129.89,11053.81,3.26,19503,277
rs111402414,16,75537489,25000,-7.015498310754998,-0.0058856163222919,0.9901,18083.13,26127.12,3.40,19503,580
rs117999269,16,68195220,25000,6.564242748995681,0.0131207672667184,0.9901,9950.26,16773.61,3.25,19503,389
rs72807046,16,85968015,25000,6.5091025688010165,0.0182568842913381,0.9901,21930.59,28688.13,6.49,19503,612
rs6564702,16,79761744,25000,-6.201213049331312,-0.00565612972534,0.9901,22762.09,33687.08,3.24,19503,691
rs72771556,16,12408181,25000,6.1205797205485615,0.0048375619326431,0.9901,17082.99,27297.62,8.18,19503,864
rs145930990,16,68591939,25000,5.998956750573028,0.0168548366865594,0.9901,12711.36,20104.48,3.50,19503,480
rs5816206,16,23178351,25000,-5.827974695188849,-0.0047431871268291,0.9901,6131.97,12376.76,3.73,19503,429
rs11643278,16,28841263,25000,5.7997757082537325,0.0075102157125073,0.9901,11543.44,18823.60,54.35,19503,381
rs186956666,16,68968658,25000,5.668016195015696,0.0121786894457885,0.9901,8312.05,13523.17,5.23,19503,330
rs11861698,16,11762282,25000,5.664692700273386,0.0130001700489985,0.9901,12648.83,20460.13,4.49,19503,466
rs140937328,16,69466078,25000,5.558285987089924,0.0116422252632098,0.9901,11934.97,17326.49,9.21,19503,406
rs62050284,16,70662912,25000,5.507057611935834,0.0150917462138156,0.9901,17545.02,25294.93,10.52,19503,519
rs201574164,16,73248645,25000,5.502636518546928,0.0132376949678681,0.9901,16028.15,24124.13,3.59,19503,538
