rsid,chrom,center_pos,window_half_bp,akbari_X,akbari_S,akbari_posterior,geom_mean_tmrca,arith_mean_tmrca,min_tmrca,n_pairs,n_sites
rs11446223,16,90022484,25000,8.99087507599635,0.0178955560623209,0.9901,16422.64,23738.15,9.66,19503,635
rs143930250,16,89078897,25000,8.76026987911437,0.0117125396012164,0.9901,24279.74,35973.26,13.45,19503,805
rs111460975,16,89434541,25000,8.263016165630786,0.0185491825358093,0.9901,11754.68,16583.76,16.86,19503,485
chr16_67381383,16,67381383,25000,7.138652116986993,0.0134021335429675,0.9901,7829.38,13369.13,3.25,19503,239
rs200510516,16,31254532,25000,-7.080791720762887,-0.007841410160047,0.9901,15542.31,23983.00,6.65,19503,484
rs143586350,16,67734013,25000,7.029883163559094,0.0140104965177738,0.9901,5558.83,8260.96,3.29,19503,251
rs111402414,16,75571387,25000,-7.015498310754998,-0.0058856163222919,0.9901,12847.28,18783.90,3.43,19503,406
rs117999269,16,68229123,25000,6.564242748995681,0.0131207672667184,0.9901,9719.43,17300.84,3.25,19503,357
rs72807046,16,86001621,25000,6.5091025688010165,0.0182568842913381,0.9901,20248.28,25302.56,6.46,19503,638
rs6564702,16,79795641,25000,-6.201213049331312,-0.00565612972534,0.9901,15236.33,20966.82,3.26,19503,512
rs72771556,16,12502038,25000,6.1205797205485615,0.0048375619326431,0.9901,19690.26,25037.45,4.08,19503,661
rs145930990,16,68625842,25000,5.998956750573028,0.0168548366865594,0.9901,13581.52,19479.66,3.54,19503,478
rs5816206,16,23189672,25000,-5.827974695188849,-0.0047431871268291,0.9901,6565.19,14313.78,3.73,19503,428
rs11643278,16,28852584,25000,5.7997757082537325,0.0075102157125073,0.9901,11389.57,18735.17,35.07,19503,353
rs186956666,16,69002561,25000,5.668016195015696,0.0121786894457885,0.9901,8209.33,13215.30,6.23,19503,306
rs11861698,16,11856138,25000,5.664692700273386,0.0130001700489985,0.9901,14759.24,19932.31,8.52,19503,451
rs140937328,16,69499981,25000,5.558285987089924,0.0116422252632098,0.9901,16436.42,21650.12,9.58,19503,511
rs62050284,16,70696815,25000,5.507057611935834,0.0150917462138156,0.9901,11150.31,17105.75,6.08,19503,320
rs201574164,16,73282544,25000,5.502636518546928,0.0132376949678681,0.9901,19569.94,25886.16,3.91,19503,543
