rsid,chrom,center_pos,window_half_bp,akbari_X,akbari_S,akbari_posterior,geom_mean_tmrca,arith_mean_tmrca,min_tmrca,n_pairs,n_sites
rs11446223,16,90022484,25000,8.99087507599635,0.0178955560623209,0.9901,19880.66,31538.99,4.81,18721,505
rs143930250,16,89078897,25000,8.76026987911437,0.0117125396012164,0.9901,8788.16,23693.88,5.16,18721,421
rs111460975,16,89434541,25000,8.263016165630786,0.0185491825358093,0.9901,9700.69,17413.32,7.44,18721,259
chr16_67381383,16,67381383,25000,7.138652116986993,0.0134021335429675,0.9901,1389.53,3665.18,4.38,18721,180
rs200510516,16,31254532,25000,-7.080791720762887,-0.007841410160047,0.9901,5998.91,14352.76,4.50,18721,308
rs143586350,16,67734013,25000,7.029883163559094,0.0140104965177738,0.9901,1443.43,3419.55,4.39,18721,143
rs111402414,16,75571387,25000,-7.015498310754998,-0.0058856163222919,0.9901,8009.54,18628.94,4.38,18721,248
rs117999269,16,68229123,25000,6.564242748995681,0.0131207672667184,0.9901,2993.24,10466.69,4.38,18721,231
rs72807046,16,86001621,25000,6.5091025688010165,0.0182568842913381,0.9901,14844.81,21294.58,4.38,18721,339
rs6564702,16,79795641,25000,-6.201213049331312,-0.00565612972534,0.9901,6861.55,22419.03,4.39,18721,452
rs72771556,16,12502038,25000,6.1205797205485615,0.0048375619326431,0.9901,11476.97,20692.96,4.87,18721,398
rs145930990,16,68625842,25000,5.998956750573028,0.0168548366865594,0.9901,7347.08,16470.34,4.38,18721,241
rs5816206,16,23189672,25000,-5.827974695188849,-0.0047431871268291,0.9901,12364.36,26087.95,4.60,18721,286
rs11643278,16,28852584,25000,5.7997757082537325,0.0075102157125073,0.9901,9641.10,21564.98,8.73,18721,224
rs186956666,16,69002561,25000,5.668016195015696,0.0121786894457885,0.9901,4360.34,8192.08,4.38,18721,181
rs11861698,16,11856138,25000,5.664692700273386,0.0130001700489985,0.9901,12726.46,22049.52,7.11,18721,268
rs140937328,16,69499981,25000,5.558285987089924,0.0116422252632098,0.9901,14848.55,23012.85,4.38,18721,364
rs62050284,16,70696815,25000,5.507057611935834,0.0150917462138156,0.9901,9617.67,18343.77,4.51,18721,299
rs201574164,16,73282544,25000,5.502636518546928,0.0132376949678681,0.9901,18988.97,27409.05,4.74,18721,393
