rsid,chrom,center_pos,window_half_bp,akbari_X,akbari_S,akbari_posterior,geom_mean_tmrca,arith_mean_tmrca,min_tmrca,n_pairs,n_sites
rs11446223,16,89956076,25000,8.99087507599635,0.0178955560623209,0.9901,9442.29,19418.10,4.74,18721,433
rs143930250,16,89012489,25000,8.76026987911437,0.0117125396012164,0.9901,5163.34,10372.68,8.25,18721,311
rs111460975,16,89368133,25000,8.263016165630786,0.0185491825358093,0.9901,8954.63,16278.55,4.87,18721,255
chr16_67347480,16,67347480,25000,7.138652116986993,0.0134021335429675,0.9901,1877.65,4548.54,4.38,18721,210
rs200510516,16,31243211,25000,-7.080791720762887,-0.007841410160047,0.9901,5228.58,12858.28,4.50,18721,275
rs143586350,16,67700110,25000,7.029883163559094,0.0140104965177738,0.9901,2317.12,5760.83,4.38,18721,171
rs111402414,16,75537489,25000,-7.015498310754998,-0.0058856163222919,0.9901,11121.05,24415.85,4.38,18721,384
rs117999269,16,68195220,25000,6.564242748995681,0.0131207672667184,0.9901,3193.48,10236.46,4.39,18721,216
rs72807046,16,85968015,25000,6.5091025688010165,0.0182568842913381,0.9901,21845.77,31848.41,4.54,18721,452
rs6564702,16,79761744,25000,-6.201213049331312,-0.00565612972534,0.9901,5437.63,21947.37,4.38,18721,504
rs72771556,16,12408181,25000,6.1205797205485615,0.0048375619326431,0.9901,13766.37,30535.93,4.87,18721,452
rs145930990,16,68591939,25000,5.998956750573028,0.0168548366865594,0.9901,6194.38,15346.90,4.38,18721,230
rs5816206,16,23178351,25000,-5.827974695188849,-0.0047431871268291,0.9901,12084.21,25201.75,4.60,18721,267
rs11643278,16,28841263,25000,5.7997757082537325,0.0075102157125073,0.9901,10028.52,21826.67,8.74,18721,244
rs186956666,16,68968658,25000,5.668016195015696,0.0121786894457885,0.9901,3438.52,6020.54,4.38,18721,202
rs11861698,16,11762282,25000,5.664692700273386,0.0130001700489985,0.9901,9427.77,18998.48,5.30,18721,279
rs140937328,16,69466078,25000,5.558285987089924,0.0116422252632098,0.9901,10644.16,19988.12,4.38,18721,320
rs62050284,16,70662912,25000,5.507057611935834,0.0150917462138156,0.9901,10427.60,21023.37,4.65,18721,419
rs201574164,16,73248645,25000,5.502636518546928,0.0132376949678681,0.9901,14136.20,23196.64,4.69,18721,384
