rsid,chrom,center_pos,window_half_bp,akbari_X,akbari_S,akbari_posterior,geom_mean_tmrca,arith_mean_tmrca,min_tmrca,n_pairs,n_sites
rs11446223,16,90022484,25000,8.99087507599635,0.0178955560623209,0.9901,12818.15,27133.59,6.83,29646,471
rs143930250,16,89078897,25000,8.76026987911437,0.0117125396012164,0.9901,7582.91,22726.94,8.67,29646,433
rs111460975,16,89434541,25000,8.263016165630786,0.0185491825358093,0.9901,8003.21,16744.95,11.83,29646,268
chr16_67381383,16,67381383,25000,7.138652116986993,0.0134021335429675,0.9901,967.05,2560.39,5.64,29646,150
rs200510516,16,31254532,25000,-7.080791720762887,-0.007841410160047,0.9901,5575.20,14781.32,5.65,29646,298
rs143586350,16,67734013,25000,7.029883163559094,0.0140104965177738,0.9901,952.90,2430.51,5.65,29646,111
rs111402414,16,75571387,25000,-7.015498310754998,-0.0058856163222919,0.9901,5964.50,18348.66,5.64,29646,246
rs117999269,16,68229123,25000,6.564242748995681,0.0131207672667184,0.9901,1823.94,7352.44,5.64,29646,248
rs72807046,16,86001621,25000,6.5091025688010165,0.0182568842913381,0.9901,10836.32,17896.82,5.93,29646,312
rs6564702,16,79795641,25000,-6.201213049331312,-0.00565612972534,0.9901,6691.72,24587.85,5.65,29646,386
rs72771556,16,12502038,25000,6.1205797205485615,0.0048375619326431,0.9901,11322.40,20864.91,5.65,29646,409
rs145930990,16,68625842,25000,5.998956750573028,0.0168548366865594,0.9901,5629.87,14950.82,5.65,29646,247
rs5816206,16,23189672,25000,-5.827974695188849,-0.0047431871268291,0.9901,9656.08,24665.78,5.65,29646,279
rs11643278,16,28852584,25000,5.7997757082537325,0.0075102157125073,0.9901,3550.41,15191.41,10.96,29646,234
rs186956666,16,69002561,25000,5.668016195015696,0.0121786894457885,0.9901,4005.91,8670.89,5.65,29646,229
rs11861698,16,11856138,25000,5.664692700273386,0.0130001700489985,0.9901,14027.82,24380.58,5.65,29646,311
rs140937328,16,69499981,25000,5.558285987089924,0.0116422252632098,0.9901,12555.17,22930.72,5.65,29646,317
rs62050284,16,70696815,25000,5.507057611935834,0.0150917462138156,0.9901,7324.23,18222.98,5.64,29646,200
rs201574164,16,73282544,25000,5.502636518546928,0.0132376949678681,0.9901,15161.08,26003.58,5.65,29646,376
