rsid,chrom,center_pos,window_half_bp,akbari_X,akbari_S,akbari_posterior,geom_mean_tmrca,arith_mean_tmrca,min_tmrca,n_pairs,n_sites
rs11446223,16,89956076,25000,8.99087507599635,0.0178955560623209,0.9901,4436.29,11751.85,10.91,29646,354
rs143930250,16,89012489,25000,8.76026987911437,0.0117125396012164,0.9901,3707.13,6823.45,6.90,29646,337
rs111460975,16,89368133,25000,8.263016165630786,0.0185491825358093,0.9901,7887.69,15992.85,12.68,29646,236
chr16_67347480,16,67347480,25000,7.138652116986993,0.0134021335429675,0.9901,1310.59,3079.87,5.65,29646,184
rs200510516,16,31243211,25000,-7.080791720762887,-0.007841410160047,0.9901,5159.85,14172.55,5.65,29646,250
rs143586350,16,67700110,25000,7.029883163559094,0.0140104965177738,0.9901,1513.38,4329.35,5.64,29646,154
rs111402414,16,75537489,25000,-7.015498310754998,-0.0058856163222919,0.9901,6967.09,20583.69,5.65,29646,354
rs117999269,16,68195220,25000,6.564242748995681,0.0131207672667184,0.9901,2165.72,7596.26,5.65,29646,229
rs72807046,16,85968015,25000,6.5091025688010165,0.0182568842913381,0.9901,14613.04,26855.93,5.88,29646,386
rs6564702,16,79761744,25000,-6.201213049331312,-0.00565612972534,0.9901,8059.18,31666.60,5.64,29646,428
rs72771556,16,12408181,25000,6.1205797205485615,0.0048375619326431,0.9901,13840.14,31052.33,5.65,29646,398
rs145930990,16,68591939,25000,5.998956750573028,0.0168548366865594,0.9901,4930.87,13947.62,5.64,29646,211
rs5816206,16,23178351,25000,-5.827974695188849,-0.0047431871268291,0.9901,9599.97,24970.39,5.65,29646,255
rs11643278,16,28841263,25000,5.7997757082537325,0.0075102157125073,0.9901,3784.44,15482.04,10.44,29646,245
rs186956666,16,68968658,25000,5.668016195015696,0.0121786894457885,0.9901,3295.13,6601.39,5.65,29646,234
rs11861698,16,11762282,25000,5.664692700273386,0.0130001700489985,0.9901,7824.67,18150.59,5.65,29646,327
rs140937328,16,69466078,25000,5.558285987089924,0.0116422252632098,0.9901,10035.79,20223.17,5.65,29646,272
rs62050284,16,70662912,25000,5.507057611935834,0.0150917462138156,0.9901,8425.82,20820.74,5.64,29646,328
rs201574164,16,73248645,25000,5.502636518546928,0.0132376949678681,0.9901,15160.72,26425.69,5.65,29646,299
