rsid,chrom,center_pos,window_half_bp,akbari_X,akbari_S,akbari_posterior,geom_mean_tmrca,arith_mean_tmrca,min_tmrca,n_pairs,n_sites
rs11446223,16,90022484,25000,8.99087507599635,0.0178955560623209,0.9901,17477.30,27522.49,4.80,42486,502
rs143930250,16,89078897,25000,8.76026987911437,0.0117125396012164,0.9901,12210.17,28593.16,4.61,42486,572
rs111460975,16,89434541,25000,8.263016165630786,0.0185491825358093,0.9901,10763.80,17619.75,4.52,42486,320
chr16_67381383,16,67381383,25000,7.138652116986993,0.0134021335429675,0.9901,2413.75,6929.75,4.37,42486,192
rs200510516,16,31254532,25000,-7.080791720762887,-0.007841410160047,0.9901,7248.00,16038.74,4.49,42486,307
rs143586350,16,67734013,25000,7.029883163559094,0.0140104965177738,0.9901,1659.87,3917.13,4.38,42486,184
rs111402414,16,75571387,25000,-7.015498310754998,-0.0058856163222919,0.9901,8717.51,18818.87,4.37,42486,279
rs117999269,16,68229123,25000,6.564242748995681,0.0131207672667184,0.9901,4255.57,12758.21,4.37,42486,255
rs72807046,16,86001621,25000,6.5091025688010165,0.0182568842913381,0.9901,16597.95,21972.44,4.70,42486,330
rs6564702,16,79795641,25000,-6.201213049331312,-0.00565612972534,0.9901,11514.10,30246.78,4.38,42486,476
rs72771556,16,12502038,25000,6.1205797205485615,0.0048375619326431,0.9901,15855.74,24747.91,4.85,42486,484
rs145930990,16,68625842,25000,5.998956750573028,0.0168548366865594,0.9901,8515.39,16711.07,4.37,42486,354
rs5816206,16,23189672,25000,-5.827974695188849,-0.0047431871268291,0.9901,7752.89,19448.55,4.58,42486,365
rs11643278,16,28852584,25000,5.7997757082537325,0.0075102157125073,0.9901,7289.10,15506.34,18.00,42486,300
rs186956666,16,69002561,25000,5.668016195015696,0.0121786894457885,0.9901,5239.23,10688.03,4.38,42486,218
rs11861698,16,11856138,25000,5.664692700273386,0.0130001700489985,0.9901,12631.08,21192.47,4.86,42486,366
rs140937328,16,69499981,25000,5.558285987089924,0.0116422252632098,0.9901,16921.10,23485.59,4.41,42486,362
rs62050284,16,70696815,25000,5.507057611935834,0.0150917462138156,0.9901,8293.83,16305.41,4.37,42486,315
rs201574164,16,73282544,25000,5.502636518546928,0.0132376949678681,0.9901,18854.31,27286.98,4.57,42486,434
