rsid,chrom,center_pos,window_half_bp,akbari_X,akbari_S,akbari_posterior,geom_mean_tmrca,arith_mean_tmrca,min_tmrca,n_pairs,n_sites
rs11446223,16,89956076,25000,8.99087507599635,0.0178955560623209,0.9901,13351.75,22123.31,4.74,42486,482
rs143930250,16,89012489,25000,8.76026987911437,0.0117125396012164,0.9901,5188.32,10605.12,4.54,42486,462
rs111460975,16,89368133,25000,8.263016165630786,0.0185491825358093,0.9901,9293.36,16317.38,4.44,42486,332
chr16_67347480,16,67347480,25000,7.138652116986993,0.0134021335429675,0.9901,2867.81,7854.09,4.37,42486,229
rs200510516,16,31243211,25000,-7.080791720762887,-0.007841410160047,0.9901,5721.08,12625.40,4.76,42486,275
rs143586350,16,67700110,25000,7.029883163559094,0.0140104965177738,0.9901,2500.32,6514.39,4.37,42486,225
rs111402414,16,75537489,25000,-7.015498310754998,-0.0058856163222919,0.9901,11461.32,22885.88,4.37,42486,388
rs117999269,16,68195220,25000,6.564242748995681,0.0131207672667184,0.9901,4298.18,12361.81,4.38,42486,248
rs72807046,16,85968015,25000,6.5091025688010165,0.0182568842913381,0.9901,23767.38,32400.09,4.62,42486,421
rs6564702,16,79761744,25000,-6.201213049331312,-0.00565612972534,0.9901,11949.14,34394.35,4.37,42486,503
rs72771556,16,12408181,25000,6.1205797205485615,0.0048375619326431,0.9901,15597.55,30312.46,4.86,42486,518
rs145930990,16,68591939,25000,5.998956750573028,0.0168548366865594,0.9901,6693.61,14675.34,4.40,42486,371
rs5816206,16,23178351,25000,-5.827974695188849,-0.0047431871268291,0.9901,7044.75,17944.68,4.58,42486,341
rs11643278,16,28841263,25000,5.7997757082537325,0.0075102157125073,0.9901,7702.41,15910.73,17.99,42486,325
rs186956666,16,68968658,25000,5.668016195015696,0.0121786894457885,0.9901,4553.97,9207.43,4.37,42486,223
rs11861698,16,11762282,25000,5.664692700273386,0.0130001700489985,0.9901,13323.01,21351.66,4.86,42486,349
rs140937328,16,69466078,25000,5.558285987089924,0.0116422252632098,0.9901,13501.07,21110.71,4.38,42486,329
rs62050284,16,70662912,25000,5.507057611935834,0.0150917462138156,0.9901,13182.97,23868.89,4.37,42486,448
rs201574164,16,73248645,25000,5.502636518546928,0.0132376949678681,0.9901,13533.23,22609.69,4.53,42486,382
