rsid,chrom,center_pos,window_half_bp,akbari_X,akbari_S,akbari_posterior,geom_mean_tmrca,arith_mean_tmrca,min_tmrca,n_pairs,n_sites
rs11446223,16,89956076,25000,8.99087507599635,0.0178955560623209,0.9901,11773.01,21281.40,4.61,38503,584
rs143930250,16,89012489,25000,8.76026987911437,0.0117125396012164,0.9901,6142.71,12741.65,4.67,38503,536
rs111460975,16,89368133,25000,8.263016165630786,0.0185491825358093,0.9901,8599.89,15194.52,4.59,38503,532
chr16_67347480,16,67347480,25000,7.138652116986993,0.0134021335429675,0.9901,2676.34,7536.61,4.36,38503,291
rs200510516,16,31243211,25000,-7.080791720762887,-0.007841410160047,0.9901,5978.70,12831.64,4.47,38503,409
rs143586350,16,67700110,25000,7.029883163559094,0.0140104965177738,0.9901,3651.56,8347.55,4.36,38503,299
rs111402414,16,75537489,25000,-7.015498310754998,-0.0058856163222919,0.9901,12130.13,23797.63,4.36,38503,480
rs117999269,16,68195220,25000,6.564242748995681,0.0131207672667184,0.9901,4533.82,12132.15,4.36,38503,359
rs72807046,16,85968015,25000,6.5091025688010165,0.0182568842913381,0.9901,21134.77,30024.45,4.36,38503,582
rs6564702,16,79761744,25000,-6.201213049331312,-0.00565612972534,0.9901,7306.31,25448.61,4.36,38503,591
rs72771556,16,12408181,25000,6.1205797205485615,0.0048375619326431,0.9901,14863.98,29782.14,4.81,38503,691
rs145930990,16,68591939,25000,5.998956750573028,0.0168548366865594,0.9901,8409.18,16100.08,4.36,38503,406
rs5816206,16,23178351,25000,-5.827974695188849,-0.0047431871268291,0.9901,9185.21,19940.74,4.56,38503,383
rs11643278,16,28841263,25000,5.7997757082537325,0.0075102157125073,0.9901,10000.10,20116.04,7.86,38503,359
rs186956666,16,68968658,25000,5.668016195015696,0.0121786894457885,0.9901,5537.30,10055.50,4.36,38503,347
rs11861698,16,11762282,25000,5.664692700273386,0.0130001700489985,0.9901,11499.41,19333.84,5.03,38503,422
rs140937328,16,69466078,25000,5.558285987089924,0.0116422252632098,0.9901,13653.85,20748.52,4.37,38503,378
rs62050284,16,70662912,25000,5.507057611935834,0.0150917462138156,0.9901,12881.12,23058.21,4.45,38503,545
rs201574164,16,73248645,25000,5.502636518546928,0.0132376949678681,0.9901,12401.63,20955.19,4.36,38503,418
