rsid,chrom,center_pos,window_half_bp,akbari_X,akbari_S,akbari_posterior,geom_mean_tmrca,arith_mean_tmrca,min_tmrca,n_pairs,n_sites
rs11446223,16,90022484,25000,8.99087507599635,0.0178955560623209,0.9901,16010.82,25979.23,4.67,38503,651
rs143930250,16,89078897,25000,8.76026987911437,0.0117125396012164,0.9901,13291.41,27936.47,4.36,38503,659
rs111460975,16,89434541,25000,8.263016165630786,0.0185491825358093,0.9901,9376.04,15989.67,4.83,38503,455
chr16_67381383,16,67381383,25000,7.138652116986993,0.0134021335429675,0.9901,2094.35,6701.58,4.36,38503,225
rs200510516,16,31254532,25000,-7.080791720762887,-0.007841410160047,0.9901,7538.96,15950.85,4.47,38503,457
rs143586350,16,67734013,25000,7.029883163559094,0.0140104965177738,0.9901,2532.88,5414.20,4.36,38503,276
rs111402414,16,75571387,25000,-7.015498310754998,-0.0058856163222919,0.9901,8006.35,16986.49,4.36,38503,319
rs117999269,16,68229123,25000,6.564242748995681,0.0131207672667184,0.9901,3977.97,12159.22,4.36,38503,351
rs72807046,16,86001621,25000,6.5091025688010165,0.0182568842913381,0.9901,14299.05,20535.97,4.36,38503,543
rs6564702,16,79795641,25000,-6.201213049331312,-0.00565612972534,0.9901,7386.69,23012.55,4.36,38503,562
rs72771556,16,12502038,25000,6.1205797205485615,0.0048375619326431,0.9901,13156.68,21503.81,4.81,38503,565
rs145930990,16,68625842,25000,5.998956750573028,0.0168548366865594,0.9901,9647.34,17621.81,4.36,38503,376
rs5816206,16,23189672,25000,-5.827974695188849,-0.0047431871268291,0.9901,10195.05,22236.44,4.56,38503,380
rs11643278,16,28852584,25000,5.7997757082537325,0.0075102157125073,0.9901,9676.05,19649.11,7.85,38503,348
rs186956666,16,69002561,25000,5.668016195015696,0.0121786894457885,0.9901,6832.45,11461.97,4.36,38503,352
rs11861698,16,11856138,25000,5.664692700273386,0.0130001700489985,0.9901,11280.75,19340.46,5.15,38503,408
rs140937328,16,69499981,25000,5.558285987089924,0.0116422252632098,0.9901,18030.73,24092.32,4.38,38503,464
rs62050284,16,70696815,25000,5.507057611935834,0.0150917462138156,0.9901,9739.63,17032.29,4.47,38503,320
rs201574164,16,73282544,25000,5.502636518546928,0.0132376949678681,0.9901,18490.58,26629.97,4.36,38503,483
