rsid,chrom,center_pos,window_half_bp,akbari_X,akbari_S,akbari_posterior,geom_mean_tmrca,arith_mean_tmrca,min_tmrca,n_pairs,n_sites
rs11446223,16,90022484,25000,8.99087507599635,0.0178955560623209,0.9901,16690.89,26389.50,8.52,25878,468
rs143930250,16,89078897,25000,8.76026987911437,0.0117125396012164,0.9901,12423.57,28804.28,4.51,25878,549
rs111460975,16,89434541,25000,8.263016165630786,0.0185491825358093,0.9901,10943.21,17769.03,4.90,25878,284
chr16_67381383,16,67381383,25000,7.138652116986993,0.0134021335429675,0.9901,3595.86,9719.96,4.67,25878,195
rs200510516,16,31254532,25000,-7.080791720762887,-0.007841410160047,0.9901,7497.68,16978.34,4.61,25878,332
rs143586350,16,67734013,25000,7.029883163559094,0.0140104965177738,0.9901,2460.02,5673.75,4.38,25878,183
rs111402414,16,75571387,25000,-7.015498310754998,-0.0058856163222919,0.9901,10523.82,20844.40,8.45,25878,267
rs117999269,16,68229123,25000,6.564242748995681,0.0131207672667184,0.9901,4835.77,12860.58,4.38,25878,236
rs72807046,16,86001621,25000,6.5091025688010165,0.0182568842913381,0.9901,16391.17,21879.23,4.38,25878,331
rs6564702,16,79795641,25000,-6.201213049331312,-0.00565612972534,0.9901,9971.31,28107.39,4.38,25878,468
rs72771556,16,12502038,25000,6.1205797205485615,0.0048375619326431,0.9901,16006.61,24926.81,9.55,25878,415
rs145930990,16,68625842,25000,5.998956750573028,0.0168548366865594,0.9901,8490.31,16611.59,4.38,25878,343
rs5816206,16,23189672,25000,-5.827974695188849,-0.0047431871268291,0.9901,7198.58,18996.21,8.53,25878,355
rs11643278,16,28852584,25000,5.7997757082537325,0.0075102157125073,0.9901,6087.50,14192.57,13.85,25878,272
rs186956666,16,69002561,25000,5.668016195015696,0.0121786894457885,0.9901,4525.37,8822.06,4.38,25878,206
rs11861698,16,11856138,25000,5.664692700273386,0.0130001700489985,0.9901,12233.03,21278.35,4.98,25878,305
rs140937328,16,69499981,25000,5.558285987089924,0.0116422252632098,0.9901,17784.21,24064.48,4.38,25878,349
rs62050284,16,70696815,25000,5.507057611935834,0.0150917462138156,0.9901,6567.92,14482.84,4.64,25878,270
rs201574164,16,73282544,25000,5.502636518546928,0.0132376949678681,0.9901,19785.14,28240.23,4.38,25878,429
