rsid,chrom,center_pos,window_half_bp,akbari_X,akbari_S,akbari_posterior,geom_mean_tmrca,arith_mean_tmrca,min_tmrca,n_pairs,n_sites
rs11446223,16,90022484,25000,8.99087507599635,0.0178955560623209,0.9901,11536.90,22685.22,50.86,22791,468
rs143930250,16,89078897,25000,8.76026987911437,0.0117125396012164,0.9901,10444.29,25410.55,65.15,22791,462
rs111460975,16,89434541,25000,8.263016165630786,0.0185491825358093,0.9901,8866.35,16701.51,57.96,22791,282
chr16_67381383,16,67381383,25000,7.138652116986993,0.0134021335429675,0.9901,1461.33,4275.67,8.30,22791,175
rs200510516,16,31254532,25000,-7.080791720762887,-0.007841410160047,0.9901,7527.23,15372.67,15.16,22791,303
rs143586350,16,67734013,25000,7.029883163559094,0.0140104965177738,0.9901,1512.13,3525.71,9.11,22791,168
rs111402414,16,75571387,25000,-7.015498310754998,-0.0058856163222919,0.9901,5120.68,13159.62,16.77,22791,226
rs117999269,16,68229123,25000,6.564242748995681,0.0131207672667184,0.9901,3308.78,11216.23,4.64,22791,218
rs72807046,16,86001621,25000,6.5091025688010165,0.0182568842913381,0.9901,15436.26,21675.91,9.09,22791,291
rs6564702,16,79795641,25000,-6.201213049331312,-0.00565612972534,0.9901,9244.20,26991.13,22.06,22791,422
rs72771556,16,12502038,25000,6.1205797205485615,0.0048375619326431,0.9901,13642.76,22211.28,21.38,22791,400
rs145930990,16,68625842,25000,5.998956750573028,0.0168548366865594,0.9901,10445.89,18985.58,4.77,22791,391
rs5816206,16,23189672,25000,-5.827974695188849,-0.0047431871268291,0.9901,10789.78,23481.50,19.64,22791,340
rs11643278,16,28852584,25000,5.7997757082537325,0.0075102157125073,0.9901,8834.83,19123.71,28.96,22791,247
rs186956666,16,69002561,25000,5.668016195015696,0.0121786894457885,0.9901,5724.39,11039.34,7.97,22791,216
rs11861698,16,11856138,25000,5.664692700273386,0.0130001700489985,0.9901,10975.45,19717.96,93.10,22791,315
rs140937328,16,69499981,25000,5.558285987089924,0.0116422252632098,0.9901,18336.23,24603.92,21.47,22791,348
rs62050284,16,70696815,25000,5.507057611935834,0.0150917462138156,0.9901,9176.95,17101.78,11.42,22791,287
rs201574164,16,73282544,25000,5.502636518546928,0.0132376949678681,0.9901,16500.64,25738.65,86.23,22791,377
