rsid,chrom,center_pos,window_half_bp,akbari_X,akbari_S,akbari_posterior,geom_mean_tmrca,arith_mean_tmrca,min_tmrca,n_pairs,n_sites
rs11446223,16,89956076,25000,8.99087507599635,0.0178955560623209,0.9901,8282.23,18092.57,52.81,22791,394
rs143930250,16,89012489,25000,8.76026987911437,0.0117125396012164,0.9901,7164.35,14685.52,72.87,22791,329
rs111460975,16,89368133,25000,8.263016165630786,0.0185491825358093,0.9901,7740.54,15384.07,54.82,22791,284
chr16_67347480,16,67347480,25000,7.138652116986993,0.0134021335429675,0.9901,1800.69,4863.97,9.16,22791,216
rs200510516,16,31243211,25000,-7.080791720762887,-0.007841410160047,0.9901,6119.76,12419.49,15.30,22791,273
rs143586350,16,67700110,25000,7.029883163559094,0.0140104965177738,0.9901,2098.11,5584.29,9.02,22791,197
rs111402414,16,75537489,25000,-7.015498310754998,-0.0058856163222919,0.9901,8274.37,20393.23,19.40,22791,352
rs117999269,16,68195220,25000,6.564242748995681,0.0131207672667184,0.9901,3323.51,10648.27,8.06,22791,208
rs72807046,16,85968015,25000,6.5091025688010165,0.0182568842913381,0.9901,23646.26,33132.60,12.83,22791,385
rs6564702,16,79761744,25000,-6.201213049331312,-0.00565612972534,0.9901,8776.81,30257.41,20.46,22791,444
rs72771556,16,12408181,25000,6.1205797205485615,0.0048375619326431,0.9901,15315.32,31191.06,35.78,22791,470
rs145930990,16,68591939,25000,5.998956750573028,0.0168548366865594,0.9901,8736.63,17240.86,8.45,22791,387
rs5816206,16,23178351,25000,-5.827974695188849,-0.0047431871268291,0.9901,9619.13,21165.31,19.67,22791,328
rs11643278,16,28841263,25000,5.7997757082537325,0.0075102157125073,0.9901,9129.53,19477.35,28.81,22791,263
rs186956666,16,68968658,25000,5.668016195015696,0.0121786894457885,0.9901,4569.98,9430.83,10.99,22791,226
rs11861698,16,11762282,25000,5.664692700273386,0.0130001700489985,0.9901,10752.07,19495.07,85.58,22791,298
rs140937328,16,69466078,25000,5.558285987089924,0.0116422252632098,0.9901,13867.27,21905.75,14.39,22791,312
rs62050284,16,70662912,25000,5.507057611935834,0.0150917462138156,0.9901,11790.92,23263.80,15.71,22791,427
rs201574164,16,73248645,25000,5.502636518546928,0.0132376949678681,0.9901,12368.66,21485.57,79.70,22791,338
