rsid,chrom,center_pos,window_half_bp,akbari_X,akbari_S,akbari_posterior,geom_mean_tmrca,arith_mean_tmrca,min_tmrca,n_pairs,n_sites
rs11446223,16,90022484,25000,8.99087507599635,0.0178955560623209,0.9901,19492.54,25610.82,8.18,63190,721
rs143930250,16,89078897,25000,8.76026987911437,0.0117125396012164,0.9901,21026.07,33483.09,6.41,63190,843
rs111460975,16,89434541,25000,8.263016165630786,0.0185491825358093,0.9901,10242.64,15489.80,6.19,63190,507
chr16_67381383,16,67381383,25000,7.138652116986993,0.0134021335429675,0.9901,6961.20,12988.08,3.27,63190,237
rs200510516,16,31254532,25000,-7.080791720762887,-0.007841410160047,0.9901,14893.26,23575.94,3.73,63190,543
rs143586350,16,67734013,25000,7.029883163559094,0.0140104965177738,0.9901,5523.01,8544.21,3.27,63190,254
rs111402414,16,75571387,25000,-7.015498310754998,-0.0058856163222919,0.9901,10900.68,18142.94,3.24,63190,446
rs117999269,16,68229123,25000,6.564242748995681,0.0131207672667184,0.9901,6910.42,14243.50,3.26,63190,381
rs72807046,16,86001621,25000,6.5091025688010165,0.0182568842913381,0.9901,21179.30,26232.42,3.18,63190,702
rs6564702,16,79795641,25000,-6.201213049331312,-0.00565612972534,0.9901,16197.52,22008.91,3.20,63190,648
rs72771556,16,12502038,25000,6.1205797205485615,0.0048375619326431,0.9901,19476.41,25949.19,4.11,63190,697
rs145930990,16,68625842,25000,5.998956750573028,0.0168548366865594,0.9901,14022.65,20230.01,3.26,63190,495
rs5816206,16,23189672,25000,-5.827974695188849,-0.0047431871268291,0.9901,5758.40,12836.07,3.75,63190,444
rs11643278,16,28852584,25000,5.7997757082537325,0.0075102157125073,0.9901,8781.46,15579.90,15.00,63190,370
rs186956666,16,69002561,25000,5.668016195015696,0.0121786894457885,0.9901,7582.58,12420.36,3.26,63190,372
rs11861698,16,11856138,25000,5.664692700273386,0.0130001700489985,0.9901,14302.26,19800.16,3.96,63190,524
rs140937328,16,69499981,25000,5.558285987089924,0.0116422252632098,0.9901,16093.75,21508.33,3.29,63190,492
rs62050284,16,70696815,25000,5.507057611935834,0.0150917462138156,0.9901,9282.35,15558.11,3.33,63190,319
rs201574164,16,73282544,25000,5.502636518546928,0.0132376949678681,0.9901,19058.51,25790.99,3.28,63190,577
