rsid,chrom,center_pos,window_half_bp,akbari_X,akbari_S,akbari_posterior,geom_mean_tmrca,arith_mean_tmrca,min_tmrca,n_pairs,n_sites
rs11446223,16,89956076,25000,8.99087507599635,0.0178955560623209,0.9901,21668.84,27842.90,6.35,63190,686
rs143930250,16,89012489,25000,8.76026987911437,0.0117125396012164,0.9901,8809.49,17926.41,3.57,63190,773
rs111460975,16,89368133,25000,8.263016165630786,0.0185491825358093,0.9901,13513.80,19322.66,6.23,63190,629
chr16_67347480,16,67347480,25000,7.138652116986993,0.0134021335429675,0.9901,9034.67,14958.49,3.27,63190,314
rs200510516,16,31243211,25000,-7.080791720762887,-0.007841410160047,0.9901,12612.02,20674.53,3.72,63190,491
rs143586350,16,67700110,25000,7.029883163559094,0.0140104965177738,0.9901,7040.36,11335.77,3.27,63190,293
rs111402414,16,75537489,25000,-7.015498310754998,-0.0058856163222919,0.9901,15270.95,25112.46,3.22,63190,609
rs117999269,16,68195220,25000,6.564242748995681,0.0131207672667184,0.9901,6969.50,13440.19,3.26,63190,392
rs72807046,16,85968015,25000,6.5091025688010165,0.0182568842913381,0.9901,23020.75,29139.48,3.26,63190,693
rs6564702,16,79761744,25000,-6.201213049331312,-0.00565612972534,0.9901,22586.23,33086.11,3.20,63190,694
rs72771556,16,12408181,25000,6.1205797205485615,0.0048375619326431,0.9901,16329.95,27877.22,4.04,63190,797
rs145930990,16,68591939,25000,5.998956750573028,0.0168548366865594,0.9901,13508.48,21637.19,3.26,63190,496
rs5816206,16,23178351,25000,-5.827974695188849,-0.0047431871268291,0.9901,5120.38,10405.07,3.75,63190,447
rs11643278,16,28841263,25000,5.7997757082537325,0.0075102157125073,0.9901,9041.90,15874.91,14.82,63190,394
rs186956666,16,68968658,25000,5.668016195015696,0.0121786894457885,0.9901,7790.39,13080.57,3.25,63190,399
rs11861698,16,11762282,25000,5.664692700273386,0.0130001700489985,0.9901,11601.33,19685.60,3.96,63190,533
rs140937328,16,69466078,25000,5.558285987089924,0.0116422252632098,0.9901,13240.86,18287.93,3.26,63190,424
rs62050284,16,70662912,25000,5.507057611935834,0.0150917462138156,0.9901,14838.80,23877.67,3.46,63190,533
rs201574164,16,73248645,25000,5.502636518546928,0.0132376949678681,0.9901,15706.23,24474.99,3.26,63190,553
