rsid,chrom,center_pos,window_half_bp,akbari_X,akbari_S,akbari_posterior,geom_mean_tmrca,arith_mean_tmrca,min_tmrca,n_pairs,n_sites
rs4816636,21,39654583,25000,-6.58205325906243,-0.0060556736670282,0.9901,12618.13,21648.79,5.60,34191,336
rs4817984,21,39093140,25000,-6.172373457614871,-0.0051111485755817,0.9901,16220.31,22989.00,4.47,34191,274
rs79719039,21,16979332,25000,5.552428401678857,0.0112594725089989,0.9901,10441.77,19753.74,4.77,34191,370
