rsid,chrom,center_pos,window_half_bp,akbari_X,akbari_S,akbari_posterior,geom_mean_tmrca,arith_mean_tmrca,min_tmrca,n_pairs,n_sites
rs4816636,21,39654583,25000,-6.58205325906243,-0.0060556736670282,0.9901,10757.66,20374.16,56.35,21115,270
rs4817984,21,39093140,25000,-6.172373457614871,-0.0051111485755817,0.9901,16348.13,23712.30,72.15,21115,211
rs79719039,21,16979332,25000,5.552428401678857,0.0112594725089989,0.9901,12372.49,23084.99,27.76,21115,274
