rsid,chrom,center_pos,window_half_bp,akbari_X,akbari_S,akbari_posterior,geom_mean_tmrca,arith_mean_tmrca,min_tmrca,n_pairs,n_sites
rs4816636,21,41026510,25000,-6.58205325906243,-0.0060556736670282,0.9901,10894.37,21410.77,176.82,21115,265
rs4817984,21,40465066,25000,-6.172373457614871,-0.0051111485755817,0.9901,15776.26,26590.90,111.99,21115,301
rs79719039,21,18351652,25000,5.552428401678857,0.0112594725089989,0.9901,11237.67,19136.24,154.11,21115,229
