rsid,chrom,center_pos,window_half_bp,akbari_X,akbari_S,akbari_posterior,geom_mean_tmrca,arith_mean_tmrca,min_tmrca,n_pairs,n_sites
rs4816636,21,41026510,25000,-6.58205325906243,-0.0060556736670282,0.9901,14575.61,22460.83,5.64,49141,341
rs4817984,21,40465066,25000,-6.172373457614871,-0.0051111485755817,0.9901,13405.43,22447.68,5.65,49141,401
rs79719039,21,18351652,25000,5.552428401678857,0.0112594725089989,0.9901,17625.26,25585.28,5.64,49141,315
