rsid,chrom,center_pos,window_half_bp,akbari_X,akbari_S,akbari_posterior,geom_mean_tmrca,arith_mean_tmrca,min_tmrca,n_pairs,n_sites
rs4816636,21,39654583,25000,-6.58205325906243,-0.0060556736670282,0.9901,13319.53,22233.67,5.64,49141,302
rs4817984,21,39093140,25000,-6.172373457614871,-0.0051111485755817,0.9901,16662.90,23886.68,5.64,49141,328
rs79719039,21,16979332,25000,5.552428401678857,0.0112594725089989,0.9901,11016.38,21799.39,5.64,49141,318
