rsid,chrom,center_pos,window_half_bp,akbari_X,akbari_S,akbari_posterior,geom_mean_tmrca,arith_mean_tmrca,min_tmrca,n_pairs,n_sites
rs4816636,21,41026510,25000,-6.58205325906243,-0.0060556736670282,0.9901,17229.18,25004.54,4.52,22791,316
rs4817984,21,40465066,25000,-6.172373457614871,-0.0051111485755817,0.9901,16178.54,25657.28,4.75,22791,358
rs79719039,21,18351652,25000,5.552428401678857,0.0112594725089989,0.9901,15681.72,23166.35,7.74,22791,268
