rsid,chrom,center_pos,window_half_bp,akbari_X,akbari_S,akbari_posterior,geom_mean_tmrca,arith_mean_tmrca,min_tmrca,n_pairs,n_sites
rs4816636,21,41026510,25000,-6.58205325906243,-0.0060556736670282,0.9901,15874.81,20501.22,3.51,19503,471
rs4817984,21,40465066,25000,-6.172373457614871,-0.0051111485755817,0.9901,19278.83,25713.79,3.87,19503,565
rs79719039,21,18351652,25000,5.552428401678857,0.0112594725089989,0.9901,19343.92,25110.17,4.61,19503,475
