rsid,chrom,center_pos,window_half_bp,akbari_X,akbari_S,akbari_posterior,geom_mean_tmrca,arith_mean_tmrca,min_tmrca,n_pairs,n_sites
rs4816636,21,39654583,25000,-6.58205325906243,-0.0060556736670282,0.9901,8519.67,19300.86,5.79,29646,256
rs4817984,21,39093140,25000,-6.172373457614871,-0.0051111485755817,0.9901,13206.20,23233.50,5.69,29646,294
rs79719039,21,16979332,25000,5.552428401678857,0.0112594725089989,0.9901,14920.36,25727.03,5.69,29646,309
