rsid,chrom,center_pos,window_half_bp,akbari_X,akbari_S,akbari_posterior,geom_mean_tmrca,arith_mean_tmrca,min_tmrca,n_pairs,n_sites
rs2385094,8,125344207,25000,-7.74742805818961,-0.0076256884192594,0.9901,10900.86,15769.93,3.02,26796,502
rs2921098,8,8508736,25000,6.096119500509,0.005020266576606,0.9901,21129.49,28863.72,21.30,26796,711
rs146120306,8,52205098,25000,6.013028428083168,0.0071398316127233,0.9901,11519.69,19485.95,3.10,26796,455
rs4841233,8,9823930,25000,5.948414906457482,0.0081981797559816,0.9901,15765.47,28767.60,3.20,26796,852
rs79007531,8,9012094,25000,5.895642417071577,0.0132102630825873,0.9901,18891.65,27482.84,3.36,26796,944
rs111281369,8,144210989,25000,5.834389261978554,0.0113194168279853,0.9901,11037.91,19098.54,4.52,26796,529
rs4840504,8,10674167,25000,-5.759226134045239,-0.0083360935369793,0.9901,18182.25,24154.69,3.29,26796,705
rs17153607,8,11657684,25000,5.701962905153927,0.0059339898840477,0.9901,20389.08,25286.78,5.61,26796,758
rs7844616,8,71824339,25000,-5.6903861162587015,-0.0082318627524347,0.9901,17284.83,24849.77,4.97,26796,610
rs113700152,8,86421504,25000,5.664539543410999,0.0046666992017003,0.9901,10801.01,17532.60,3.03,26796,455
rs12543924,8,21907232,25000,-5.640134055741875,-0.0046172421671647,0.9901,12575.16,18202.45,3.02,26796,485
rs76613515,8,1054014,25000,5.617668556683739,0.0250441050562521,0.9901,16674.30,23853.31,48.93,26796,772
rs146987041,8,14457977,25000,5.52386158462782,0.01978869740821,0.9901,19424.46,29267.31,3.12,26796,902
rs57737477,8,10322818,25000,5.46868951246926,0.0057085377672629,0.9901,18221.12,23909.62,3.10,26796,586
