rsid,chrom,center_pos,window_half_bp,akbari_X,akbari_S,akbari_posterior,geom_mean_tmrca,arith_mean_tmrca,min_tmrca,n_pairs,n_sites
rs2385094,8,126356449,25000,-7.74742805818961,-0.0076256884192594,0.9901,19459.06,30430.83,3.26,26796,727
rs2921098,8,8366246,25000,6.096119500509,0.005020266576606,0.9901,16176.30,21394.00,22.21,26796,527
rs146120306,8,53117658,25000,6.013028428083168,0.0071398316127233,0.9901,18644.84,30260.97,3.03,26796,602
rs4841233,8,9681440,25000,5.948414906457482,0.0081981797559816,0.9901,6928.55,15371.73,4.23,26796,480
rs79007531,8,8869604,25000,5.895642417071577,0.0132102630825873,0.9901,18450.73,24754.99,3.20,26796,737
rs111281369,8,145265892,25000,5.834389261978554,0.0113194168279853,0.9901,,,,0,0
rs4840504,8,10531677,25000,-5.759226134045239,-0.0083360935369793,0.9901,22686.61,30519.61,3.20,26796,741
rs17153607,8,11515193,25000,5.701962905153927,0.0059339898840477,0.9901,18170.94,25418.03,3.34,26796,817
rs7844616,8,72736574,25000,-5.6903861162587015,-0.0082318627524347,0.9901,8587.72,14597.77,3.18,26796,446
rs113700152,8,87433733,25000,5.664539543410999,0.0046666992017003,0.9901,14109.68,21555.75,3.02,26796,709
rs12543924,8,21764743,25000,-5.640134055741875,-0.0046172421671647,0.9901,19804.45,25556.32,3.05,26796,653
rs76613515,8,1004014,25000,5.617668556683739,0.0250441050562521,0.9901,12699.64,18337.58,47.45,26796,681
rs146987041,8,14315486,25000,5.52386158462782,0.01978869740821,0.9901,17619.16,27059.72,3.09,26796,758
rs57737477,8,10180328,25000,5.46868951246926,0.0057085377672629,0.9901,16879.37,23103.17,3.02,26796,567
