rsid,chrom,center_pos,window_half_bp,akbari_X,akbari_S,akbari_posterior,geom_mean_tmrca,arith_mean_tmrca,min_tmrca,n_pairs,n_sites
rs2385094,8,126356449,25000,-7.74742805818961,-0.0076256884192594,0.9901,20807.01,31251.30,4.54,10878,677
rs2921098,8,8366246,25000,6.096119500509,0.005020266576606,0.9901,15874.43,21446.33,23.11,10878,438
rs146120306,8,53117658,25000,6.013028428083168,0.0071398316127233,0.9901,19933.77,31315.86,5.16,10878,574
rs4841233,8,9681440,25000,5.948414906457482,0.0081981797559816,0.9901,6905.43,15707.24,4.33,10878,472
rs79007531,8,8869604,25000,5.895642417071577,0.0132102630825873,0.9901,18671.49,25237.47,7.29,10878,669
rs111281369,8,145265892,25000,5.834389261978554,0.0113194168279853,0.9901,,,,0,0
rs4840504,8,10531677,25000,-5.759226134045239,-0.0083360935369793,0.9901,22734.85,30816.01,4.27,10878,707
rs17153607,8,11515193,25000,5.701962905153927,0.0059339898840477,0.9901,19258.73,26113.68,3.96,10878,761
rs7844616,8,72736574,25000,-5.6903861162587015,-0.0082318627524347,0.9901,9204.22,15388.43,3.21,10878,402
rs113700152,8,87433733,25000,5.664539543410999,0.0046666992017003,0.9901,14319.91,22127.70,3.45,10878,635
rs12543924,8,21764743,25000,-5.640134055741875,-0.0046172421671647,0.9901,20033.69,25840.50,6.39,10878,591
rs76613515,8,1004014,25000,5.617668556683739,0.0250441050562521,0.9901,14418.31,20070.13,32.79,10878,636
rs146987041,8,14315486,25000,5.52386158462782,0.01978869740821,0.9901,19489.17,28563.64,4.06,10878,619
rs57737477,8,10180328,25000,5.46868951246926,0.0057085377672629,0.9901,16984.54,23356.11,4.00,10878,540
