rsid,chrom,center_pos,window_half_bp,akbari_X,akbari_S,akbari_posterior,geom_mean_tmrca,arith_mean_tmrca,min_tmrca,n_pairs,n_sites
rs2385094,8,125344207,25000,-7.74742805818961,-0.0076256884192594,0.9901,11328.60,16275.17,3.84,10878,459
rs2921098,8,8508736,25000,6.096119500509,0.005020266576606,0.9901,21777.15,29125.63,22.34,10878,621
rs146120306,8,52205098,25000,6.013028428083168,0.0071398316127233,0.9901,10047.44,18141.70,3.44,10878,425
rs4841233,8,9823930,25000,5.948414906457482,0.0081981797559816,0.9901,14878.26,27874.63,4.14,10878,655
rs79007531,8,9012094,25000,5.895642417071577,0.0132102630825873,0.9901,18148.13,26514.69,6.87,10878,780
rs111281369,8,144210989,25000,5.834389261978554,0.0113194168279853,0.9901,10125.14,18161.17,3.55,10878,489
rs4840504,8,10674167,25000,-5.759226134045239,-0.0083360935369793,0.9901,19332.19,25364.62,4.68,10878,541
rs17153607,8,11657684,25000,5.701962905153927,0.0059339898840477,0.9901,19940.92,25355.27,4.11,10878,581
rs7844616,8,71824339,25000,-5.6903861162587015,-0.0082318627524347,0.9901,17347.97,25211.77,3.22,10878,537
rs113700152,8,86421504,25000,5.664539543410999,0.0046666992017003,0.9901,10907.32,17585.46,3.39,10878,398
rs12543924,8,21907232,25000,-5.640134055741875,-0.0046172421671647,0.9901,13727.65,19287.12,3.72,10878,479
rs76613515,8,1054014,25000,5.617668556683739,0.0250441050562521,0.9901,17649.40,24763.30,34.08,10878,729
rs146987041,8,14457977,25000,5.52386158462782,0.01978869740821,0.9901,20977.83,31157.25,3.85,10878,758
rs57737477,8,10322818,25000,5.46868951246926,0.0057085377672629,0.9901,18422.98,24225.23,4.15,10878,529
