rsid,chrom,center_pos,window_half_bp,akbari_X,akbari_S,akbari_posterior,geom_mean_tmrca,arith_mean_tmrca,min_tmrca,n_pairs,n_sites
rs2385094,8,125344207,25000,-7.74742805818961,-0.0076256884192594,0.9901,9736.57,19115.24,4.34,34191,313
rs2921098,8,8508736,25000,6.096119500509,0.005020266576606,0.9901,18045.08,29792.22,25.44,34191,448
rs146120306,8,52205098,25000,6.013028428083168,0.0071398316127233,0.9901,4563.42,12345.69,4.35,34191,335
rs4841233,8,9823930,25000,5.948414906457482,0.0081981797559816,0.9901,11015.88,27746.73,8.62,34191,533
rs79007531,8,9012094,25000,5.895642417071577,0.0132102630825873,0.9901,12505.63,26760.47,5.35,34191,508
rs111281369,8,144210989,25000,5.834389261978554,0.0113194168279853,0.9901,4093.34,8555.24,4.82,34191,260
rs4840504,8,10674167,25000,-5.759226134045239,-0.0083360935369793,0.9901,8043.49,15057.75,4.89,34191,427
rs17153607,8,11657684,25000,5.701962905153927,0.0059339898840477,0.9901,15171.51,23118.70,4.99,34191,418
rs7844616,8,71824339,25000,-5.6903861162587015,-0.0082318627524347,0.9901,13176.37,25515.25,4.35,34191,399
rs113700152,8,86421504,25000,5.664539543410999,0.0046666992017003,0.9901,8265.21,19176.90,4.35,34191,302
rs12543924,8,21907232,25000,-5.640134055741875,-0.0046172421671647,0.9901,10324.96,19124.47,4.71,34191,350
rs76613515,8,1054014,25000,5.617668556683739,0.0250441050562521,0.9901,15395.48,24060.31,32.05,34191,535
rs146987041,8,14457977,25000,5.52386158462782,0.01978869740821,0.9901,5914.11,15524.41,4.83,34191,483
rs57737477,8,10322818,25000,5.46868951246926,0.0057085377672629,0.9901,16942.42,24895.45,4.89,34191,472
