rsid,chrom,center_pos,window_half_bp,akbari_X,akbari_S,akbari_posterior,geom_mean_tmrca,arith_mean_tmrca,min_tmrca,n_pairs,n_sites
rs2385094,8,126356449,25000,-7.74742805818961,-0.0076256884192594,0.9901,10516.46,21087.91,4.35,34191,324
rs2921098,8,8366246,25000,6.096119500509,0.005020266576606,0.9901,11058.61,20908.29,29.52,34191,361
rs146120306,8,53117658,25000,6.013028428083168,0.0071398316127233,0.9901,15682.97,34546.31,4.35,34191,452
rs4841233,8,9681440,25000,5.948414906457482,0.0081981797559816,0.9901,9411.14,18968.95,8.17,34191,343
rs79007531,8,8869604,25000,5.895642417071577,0.0132102630825873,0.9901,12812.93,19953.97,6.74,34191,445
rs111281369,8,145265892,25000,5.834389261978554,0.0113194168279853,0.9901,,,,0,0
rs4840504,8,10531677,25000,-5.759226134045239,-0.0083360935369793,0.9901,18007.64,30738.83,4.87,34191,466
rs17153607,8,11515193,25000,5.701962905153927,0.0059339898840477,0.9901,12521.55,23334.75,4.85,34191,396
rs7844616,8,72736574,25000,-5.6903861162587015,-0.0082318627524347,0.9901,10335.59,20237.09,4.34,34191,292
rs113700152,8,87433733,25000,5.664539543410999,0.0046666992017003,0.9901,7935.41,17497.94,4.34,34191,340
rs12543924,8,21764743,25000,-5.640134055741875,-0.0046172421671647,0.9901,12239.47,23021.79,4.57,34191,456
rs76613515,8,1004014,25000,5.617668556683739,0.0250441050562521,0.9901,13952.45,21602.76,23.41,34191,471
rs146987041,8,14315486,25000,5.52386158462782,0.01978869740821,0.9901,13601.77,28205.73,4.76,34191,500
rs57737477,8,10180328,25000,5.46868951246926,0.0057085377672629,0.9901,12713.20,22177.32,4.90,34191,409
