rsid,chrom,center_pos,window_half_bp,akbari_X,akbari_S,akbari_posterior,geom_mean_tmrca,arith_mean_tmrca,min_tmrca,n_pairs,n_sites
rs2385094,8,126356449,25000,-7.74742805818961,-0.0076256884192594,0.9901,8338.16,19188.98,13.19,17205,260
rs2921098,8,8366246,25000,6.096119500509,0.005020266576606,0.9901,8821.12,20342.85,70.99,17205,234
rs146120306,8,53117658,25000,6.013028428083168,0.0071398316127233,0.9901,14062.03,33564.22,14.45,17205,360
rs4841233,8,9681440,25000,5.948414906457482,0.0081981797559816,0.9901,12454.06,23785.89,39.64,17205,289
rs79007531,8,8869604,25000,5.895642417071577,0.0132102630825873,0.9901,12487.48,20229.56,46.06,17205,254
rs111281369,8,145265892,25000,5.834389261978554,0.0113194168279853,0.9901,,,,0,0
rs4840504,8,10531677,25000,-5.759226134045239,-0.0083360935369793,0.9901,15768.71,31427.28,5.51,17205,333
rs17153607,8,11515193,25000,5.701962905153927,0.0059339898840477,0.9901,6146.90,17699.27,20.58,17205,289
rs7844616,8,72736574,25000,-5.6903861162587015,-0.0082318627524347,0.9901,7684.98,18943.27,21.86,17205,247
rs113700152,8,87433733,25000,5.664539543410999,0.0046666992017003,0.9901,7203.29,17333.77,6.81,17205,252
rs12543924,8,21764743,25000,-5.640134055741875,-0.0046172421671647,0.9901,17831.09,27893.67,25.42,17205,379
rs76613515,8,1004014,25000,5.617668556683739,0.0250441050562521,0.9901,9404.98,19105.75,99.23,17205,358
rs146987041,8,14315486,25000,5.52386158462782,0.01978869740821,0.9901,20158.18,33922.01,19.06,17205,406
rs57737477,8,10180328,25000,5.46868951246926,0.0057085377672629,0.9901,7404.55,20148.35,11.16,17205,204
