rsid,chrom,center_pos,window_half_bp,akbari_X,akbari_S,akbari_posterior,geom_mean_tmrca,arith_mean_tmrca,min_tmrca,n_pairs,n_sites
rs2385094,8,125344207,25000,-7.74742805818961,-0.0076256884192594,0.9901,8905.09,20146.16,11.80,17205,231
rs2921098,8,8508736,25000,6.096119500509,0.005020266576606,0.9901,14698.62,26734.57,86.54,17205,346
rs146120306,8,52205098,25000,6.013028428083168,0.0071398316127233,0.9901,4913.10,13486.58,8.42,17205,235
rs4841233,8,9823930,25000,5.948414906457482,0.0081981797559816,0.9901,16833.02,37263.46,10.83,17205,404
rs79007531,8,9012094,25000,5.895642417071577,0.0132102630825873,0.9901,9377.77,22700.15,29.55,17205,320
rs111281369,8,144210989,25000,5.834389261978554,0.0113194168279853,0.9901,2700.32,6470.06,36.62,17205,187
rs4840504,8,10674167,25000,-5.759226134045239,-0.0083360935369793,0.9901,3219.66,6880.35,9.78,17205,300
rs17153607,8,11657684,25000,5.701962905153927,0.0059339898840477,0.9901,8089.38,16929.18,45.62,17205,260
rs7844616,8,71824339,25000,-5.6903861162587015,-0.0082318627524347,0.9901,7426.57,19601.08,7.28,17205,279
rs113700152,8,86421504,25000,5.664539543410999,0.0046666992017003,0.9901,6888.48,18651.53,16.98,17205,248
rs12543924,8,21907232,25000,-5.640134055741875,-0.0046172421671647,0.9901,9677.75,18266.39,12.94,17205,282
rs76613515,8,1054014,25000,5.617668556683739,0.0250441050562521,0.9901,11380.45,22967.18,131.93,17205,391
rs146987041,8,14457977,25000,5.52386158462782,0.01978869740821,0.9901,8435.45,18271.32,14.41,17205,347
rs57737477,8,10322818,25000,5.46868951246926,0.0057085377672629,0.9901,10336.36,20035.47,9.39,17205,241
