rsid,chrom,center_pos,window_half_bp,akbari_X,akbari_S,akbari_posterior,geom_mean_tmrca,arith_mean_tmrca,min_tmrca,n_pairs,n_sites
rs2385094,8,125344207,25000,-7.74742805818961,-0.0076256884192594,0.9901,11062.62,20801.35,4.37,63903,327
rs2921098,8,8508736,25000,6.096119500509,0.005020266576606,0.9901,19901.46,32494.53,26.08,63903,443
rs146120306,8,52205098,25000,6.013028428083168,0.0071398316127233,0.9901,4168.16,10527.12,4.37,63903,324
rs4841233,8,9823930,25000,5.948414906457482,0.0081981797559816,0.9901,8961.91,24265.10,4.94,63903,496
rs79007531,8,9012094,25000,5.895642417071577,0.0132102630825873,0.9901,13237.34,25024.76,4.97,63903,410
rs111281369,8,144210989,25000,5.834389261978554,0.0113194168279853,0.9901,4577.77,9622.05,4.37,63903,285
rs4840504,8,10674167,25000,-5.759226134045239,-0.0083360935369793,0.9901,7431.08,14047.28,4.91,63903,261
rs17153607,8,11657684,25000,5.701962905153927,0.0059339898840477,0.9901,16433.92,24831.88,4.87,63903,400
rs7844616,8,71824339,25000,-5.6903861162587015,-0.0082318627524347,0.9901,15698.34,28459.98,4.37,63903,396
rs113700152,8,86421504,25000,5.664539543410999,0.0046666992017003,0.9901,9475.27,20878.08,4.37,63903,275
rs12543924,8,21907232,25000,-5.640134055741875,-0.0046172421671647,0.9901,10006.12,18185.35,4.59,63903,305
rs76613515,8,1054014,25000,5.617668556683739,0.0250441050562521,0.9901,12364.40,21386.68,26.48,63903,469
rs146987041,8,14457977,25000,5.52386158462782,0.01978869740821,0.9901,10396.84,23814.28,4.74,63903,424
rs57737477,8,10322818,25000,5.46868951246926,0.0057085377672629,0.9901,17599.16,27680.75,4.93,63903,458
