rsid,chrom,center_pos,window_half_bp,akbari_X,akbari_S,akbari_posterior,geom_mean_tmrca,arith_mean_tmrca,min_tmrca,n_pairs,n_sites
rs2385094,8,126356449,25000,-7.74742805818961,-0.0076256884192594,0.9901,7742.78,18460.74,4.37,63903,331
rs2921098,8,8366246,25000,6.096119500509,0.005020266576606,0.9901,12518.44,21800.70,30.91,63903,311
rs146120306,8,53117658,25000,6.013028428083168,0.0071398316127233,0.9901,15758.61,35034.72,4.37,63903,441
rs4841233,8,9681440,25000,5.948414906457482,0.0081981797559816,0.9901,5007.34,14192.26,5.03,63903,358
rs79007531,8,8869604,25000,5.895642417071577,0.0132102630825873,0.9901,12607.63,20791.67,4.98,63903,388
rs111281369,8,145265892,25000,5.834389261978554,0.0113194168279853,0.9901,,,,0,0
rs4840504,8,10531677,25000,-5.759226134045239,-0.0083360935369793,0.9901,18845.10,32629.15,4.92,63903,462
rs17153607,8,11515193,25000,5.701962905153927,0.0059339898840477,0.9901,14205.72,24645.41,4.88,63903,459
rs7844616,8,72736574,25000,-5.6903861162587015,-0.0082318627524347,0.9901,8396.84,18757.32,4.37,63903,263
rs113700152,8,87433733,25000,5.664539543410999,0.0046666992017003,0.9901,10582.23,21572.13,4.37,63903,297
rs12543924,8,21764743,25000,-5.640134055741875,-0.0046172421671647,0.9901,11339.07,22584.25,4.60,63903,370
rs76613515,8,1004014,25000,5.617668556683739,0.0250441050562521,0.9901,12410.25,20313.86,21.86,63903,467
rs146987041,8,14315486,25000,5.52386158462782,0.01978869740821,0.9901,17004.79,31229.16,4.74,63903,430
rs57737477,8,10180328,25000,5.46868951246926,0.0057085377672629,0.9901,8082.07,17983.59,4.94,63903,342
