rsid,chrom,center_pos,window_half_bp,akbari_X,akbari_S,akbari_posterior,geom_mean_tmrca,arith_mean_tmrca,min_tmrca,n_pairs,n_sites
rs2385094,8,125344207,25000,-7.74742805818961,-0.0076256884192594,0.9901,8728.92,20357.34,8.77,21115,259
rs2921098,8,8508736,25000,6.096119500509,0.005020266576606,0.9901,13715.60,25008.42,271.54,21115,379
rs146120306,8,52205098,25000,6.013028428083168,0.0071398316127233,0.9901,3542.72,10716.91,37.14,21115,238
rs4841233,8,9823930,25000,5.948414906457482,0.0081981797559816,0.9901,14273.21,33252.84,41.90,21115,435
rs79007531,8,9012094,25000,5.895642417071577,0.0132102630825873,0.9901,9509.27,23272.07,44.14,21115,404
rs111281369,8,144210989,25000,5.834389261978554,0.0113194168279853,0.9901,2578.92,5951.78,66.24,21115,180
rs4840504,8,10674167,25000,-5.759226134045239,-0.0083360935369793,0.9901,3671.43,8276.71,111.38,21115,324
rs17153607,8,11657684,25000,5.701962905153927,0.0059339898840477,0.9901,11435.08,21632.85,65.59,21115,295
rs7844616,8,71824339,25000,-5.6903861162587015,-0.0082318627524347,0.9901,5832.13,17215.31,33.39,21115,345
rs113700152,8,86421504,25000,5.664539543410999,0.0046666992017003,0.9901,6095.41,18061.96,40.73,21115,237
rs12543924,8,21907232,25000,-5.640134055741875,-0.0046172421671647,0.9901,10613.95,19713.40,70.10,21115,311
rs76613515,8,1054014,25000,5.617668556683739,0.0250441050562521,0.9901,10467.76,21627.24,115.00,21115,433
rs146987041,8,14457977,25000,5.52386158462782,0.01978869740821,0.9901,7616.56,17777.99,26.77,21115,356
rs57737477,8,10322818,25000,5.46868951246926,0.0057085377672629,0.9901,9937.30,19218.54,16.24,21115,312
