rsid,chrom,center_pos,window_half_bp,akbari_X,akbari_S,akbari_posterior,geom_mean_tmrca,arith_mean_tmrca,min_tmrca,n_pairs,n_sites
rs2385094,8,126356449,25000,-7.74742805818961,-0.0076256884192594,0.9901,7472.83,18471.75,4.37,52975,315
rs2921098,8,8366246,25000,6.096119500509,0.005020266576606,0.9901,7175.80,17439.92,32.28,52975,324
rs146120306,8,53117658,25000,6.013028428083168,0.0071398316127233,0.9901,14456.76,33671.91,4.38,52975,418
rs4841233,8,9681440,25000,5.948414906457482,0.0081981797559816,0.9901,11641.64,22200.05,4.97,52975,329
rs79007531,8,8869604,25000,5.895642417071577,0.0132102630825873,0.9901,12151.10,19832.16,5.00,52975,330
rs111281369,8,145265892,25000,5.834389261978554,0.0113194168279853,0.9901,,,,0,0
rs4840504,8,10531677,25000,-5.759226134045239,-0.0083360935369793,0.9901,16429.14,32055.01,4.94,52975,358
rs17153607,8,11515193,25000,5.701962905153927,0.0059339898840477,0.9901,6009.33,17590.66,4.90,52975,376
rs7844616,8,72736574,25000,-5.6903861162587015,-0.0082318627524347,0.9901,7942.06,19270.12,4.37,52975,268
rs113700152,8,87433733,25000,5.664539543410999,0.0046666992017003,0.9901,6355.75,16576.53,4.37,52975,261
rs12543924,8,21764743,25000,-5.640134055741875,-0.0046172421671647,0.9901,17776.62,28277.46,4.61,52975,455
rs76613515,8,1004014,25000,5.617668556683739,0.0250441050562521,0.9901,10329.50,20197.02,17.87,52975,439
rs146987041,8,14315486,25000,5.52386158462782,0.01978869740821,0.9901,17435.17,31585.08,4.75,52975,460
rs57737477,8,10180328,25000,5.46868951246926,0.0057085377672629,0.9901,7841.01,20078.99,4.96,52975,280
