rsid,chrom,center_pos,window_half_bp,akbari_X,akbari_S,akbari_posterior,geom_mean_tmrca,arith_mean_tmrca,min_tmrca,n_pairs,n_sites
rs2385094,8,125344207,25000,-7.74742805818961,-0.0076256884192594,0.9901,7134.58,18712.86,4.37,52975,267
rs2921098,8,8508736,25000,6.096119500509,0.005020266576606,0.9901,15881.55,27449.87,26.79,52975,414
rs146120306,8,52205098,25000,6.013028428083168,0.0071398316127233,0.9901,3704.18,11066.21,4.38,52975,253
rs4841233,8,9823930,25000,5.948414906457482,0.0081981797559816,0.9901,14980.30,34873.25,4.97,52975,490
rs79007531,8,9012094,25000,5.895642417071577,0.0132102630825873,0.9901,10139.34,24476.32,5.00,52975,373
rs111281369,8,144210989,25000,5.834389261978554,0.0113194168279853,0.9901,2746.31,6690.96,4.38,52975,194
rs4840504,8,10674167,25000,-5.759226134045239,-0.0083360935369793,0.9901,3520.58,7250.47,4.93,52975,318
rs17153607,8,11657684,25000,5.701962905153927,0.0059339898840477,0.9901,11697.15,21073.87,4.90,52975,319
rs7844616,8,71824339,25000,-5.6903861162587015,-0.0082318627524347,0.9901,6884.06,18628.53,4.37,52975,362
rs113700152,8,86421504,25000,5.664539543410999,0.0046666992017003,0.9901,6209.56,17684.26,4.38,52975,243
rs12543924,8,21907232,25000,-5.640134055741875,-0.0046172421671647,0.9901,10093.77,18858.90,4.60,52975,325
rs76613515,8,1054014,25000,5.617668556683739,0.0250441050562521,0.9901,12077.61,23218.87,18.03,52975,460
rs146987041,8,14457977,25000,5.52386158462782,0.01978869740821,0.9901,7025.32,17007.66,4.75,52975,426
rs57737477,8,10322818,25000,5.46868951246926,0.0057085377672629,0.9901,9800.97,18935.10,4.95,52975,286
