rsid,chrom,center_pos,window_half_bp,akbari_X,akbari_S,akbari_posterior,geom_mean_tmrca,arith_mean_tmrca,min_tmrca,n_pairs,n_sites
rs2385094,8,125344207,25000,-7.74742805818961,-0.0076256884192594,0.9901,9952.69,19977.96,4.34,34716,366
rs2921098,8,8508736,25000,6.096119500509,0.005020266576606,0.9901,20070.09,31710.94,23.93,34716,471
rs146120306,8,52205098,25000,6.013028428083168,0.0071398316127233,0.9901,5424.62,13371.18,4.35,34716,371
rs4841233,8,9823930,25000,5.948414906457482,0.0081981797559816,0.9901,9686.19,24376.66,4.89,34716,674
rs79007531,8,9012094,25000,5.895642417071577,0.0132102630825873,0.9901,12513.88,23961.01,5.01,34716,424
rs111281369,8,144210989,25000,5.834389261978554,0.0113194168279853,0.9901,4971.68,10835.25,4.35,34716,401
rs4840504,8,10674167,25000,-5.759226134045239,-0.0083360935369793,0.9901,7588.30,14050.20,4.86,34716,454
rs17153607,8,11657684,25000,5.701962905153927,0.0059339898840477,0.9901,17372.06,25439.55,4.83,34716,469
rs7844616,8,71824339,25000,-5.6903861162587015,-0.0082318627524347,0.9901,18221.80,29484.37,4.34,34716,498
rs113700152,8,86421504,25000,5.664539543410999,0.0046666992017003,0.9901,8634.10,19974.57,4.35,34716,380
rs12543924,8,21907232,25000,-5.640134055741875,-0.0046172421671647,0.9901,9070.98,17640.32,4.56,34716,309
rs76613515,8,1054014,25000,5.617668556683739,0.0250441050562521,0.9901,14326.81,23527.66,16.06,34716,608
rs146987041,8,14457977,25000,5.52386158462782,0.01978869740821,0.9901,12196.81,23603.28,4.70,34716,583
rs57737477,8,10322818,25000,5.46868951246926,0.0057085377672629,0.9901,17242.00,26548.07,4.88,34716,420
