rsid,chrom,center_pos,window_half_bp,akbari_X,akbari_S,akbari_posterior,geom_mean_tmrca,arith_mean_tmrca,min_tmrca,n_pairs,n_sites
rs2385094,8,126356449,25000,-7.74742805818961,-0.0076256884192594,0.9901,7524.49,18970.38,5.93,19503,279
rs2921098,8,8366246,25000,6.096119500509,0.005020266576606,0.9901,11295.15,20632.43,35.29,19503,256
rs146120306,8,53117658,25000,6.013028428083168,0.0071398316127233,0.9901,14302.88,34532.46,7.90,19503,355
rs4841233,8,9681440,25000,5.948414906457482,0.0081981797559816,0.9901,6490.99,16764.41,10.25,19503,264
rs79007531,8,8869604,25000,5.895642417071577,0.0132102630825873,0.9901,11427.02,18802.50,5.60,19503,321
rs111281369,8,145265892,25000,5.834389261978554,0.0113194168279853,0.9901,,,,0,0
rs4840504,8,10531677,25000,-5.759226134045239,-0.0083360935369793,0.9901,18465.44,32878.47,5.30,19503,380
rs17153607,8,11515193,25000,5.701962905153927,0.0059339898840477,0.9901,15119.42,26332.86,9.82,19503,274
rs7844616,8,72736574,25000,-5.6903861162587015,-0.0082318627524347,0.9901,8621.42,19543.99,4.40,19503,195
rs113700152,8,87433733,25000,5.664539543410999,0.0046666992017003,0.9901,11506.83,22700.81,4.59,19503,243
rs12543924,8,21764743,25000,-5.640134055741875,-0.0046172421671647,0.9901,11055.99,22226.24,19.62,19503,362
rs76613515,8,1004014,25000,5.617668556683739,0.0250441050562521,0.9901,12583.31,20871.13,55.21,19503,401
rs146987041,8,14315486,25000,5.52386158462782,0.01978869740821,0.9901,15718.46,30461.82,4.96,19503,380
rs57737477,8,10180328,25000,5.46868951246926,0.0057085377672629,0.9901,8999.04,19526.06,4.97,19503,283
