rsid,chrom,center_pos,window_half_bp,akbari_X,akbari_S,akbari_posterior,geom_mean_tmrca,arith_mean_tmrca,min_tmrca,n_pairs,n_sites
rs2385094,8,126356449,25000,-7.74742805818961,-0.0076256884192594,0.9901,8761.86,19561.24,13.91,16471,263
rs2921098,8,8366246,25000,6.096119500509,0.005020266576606,0.9901,12073.93,21485.53,50.67,16471,298
rs146120306,8,53117658,25000,6.013028428083168,0.0071398316127233,0.9901,15691.54,35251.74,9.00,16471,414
rs4841233,8,9681440,25000,5.948414906457482,0.0081981797559816,0.9901,5175.33,14849.91,48.97,16471,278
rs79007531,8,8869604,25000,5.895642417071577,0.0132102630825873,0.9901,11289.99,19614.02,22.07,16471,344
rs111281369,8,145265892,25000,5.834389261978554,0.0113194168279853,0.9901,,,,0,0
rs4840504,8,10531677,25000,-5.759226134045239,-0.0083360935369793,0.9901,19478.92,33257.08,10.22,16471,432
rs17153607,8,11515193,25000,5.701962905153927,0.0059339898840477,0.9901,13185.95,23910.81,9.22,16471,332
rs7844616,8,72736574,25000,-5.6903861162587015,-0.0082318627524347,0.9901,8034.18,18609.52,29.96,16471,204
rs113700152,8,87433733,25000,5.664539543410999,0.0046666992017003,0.9901,10545.28,21480.95,4.80,16471,243
rs12543924,8,21764743,25000,-5.640134055741875,-0.0046172421671647,0.9901,9466.72,20386.78,16.47,16471,347
rs76613515,8,1004014,25000,5.617668556683739,0.0250441050562521,0.9901,13345.81,21244.01,41.02,16471,387
rs146987041,8,14315486,25000,5.52386158462782,0.01978869740821,0.9901,14952.08,29195.72,14.40,16471,383
rs57737477,8,10180328,25000,5.46868951246926,0.0057085377672629,0.9901,8850.50,18867.62,15.12,16471,340
