rsid,chrom,center_pos,window_half_bp,akbari_X,akbari_S,akbari_posterior,geom_mean_tmrca,arith_mean_tmrca,min_tmrca,n_pairs,n_sites
rs2385094,8,125344207,25000,-7.74742805818961,-0.0076256884192594,0.9901,11722.70,21471.84,4.83,16471,300
rs2921098,8,8508736,25000,6.096119500509,0.005020266576606,0.9901,20347.39,32892.42,49.89,16471,437
rs146120306,8,52205098,25000,6.013028428083168,0.0071398316127233,0.9901,4421.19,12244.74,8.66,16471,293
rs4841233,8,9823930,25000,5.948414906457482,0.0081981797559816,0.9901,8603.92,23323.08,17.22,16471,432
rs79007531,8,9012094,25000,5.895642417071577,0.0132102630825873,0.9901,14253.46,25738.14,27.14,16471,404
rs111281369,8,144210989,25000,5.834389261978554,0.0113194168279853,0.9901,4314.76,9393.16,8.79,16471,186
rs4840504,8,10674167,25000,-5.759226134045239,-0.0083360935369793,0.9901,9158.86,16302.06,29.92,16471,209
rs17153607,8,11657684,25000,5.701962905153927,0.0059339898840477,0.9901,17126.90,25094.53,6.71,16471,353
rs7844616,8,71824339,25000,-5.6903861162587015,-0.0082318627524347,0.9901,17043.23,29699.53,9.13,16471,355
rs113700152,8,86421504,25000,5.664539543410999,0.0046666992017003,0.9901,9830.83,21196.13,12.77,16471,227
rs12543924,8,21907232,25000,-5.640134055741875,-0.0046172421671647,0.9901,11754.09,20811.93,13.57,16471,262
rs76613515,8,1054014,25000,5.617668556683739,0.0250441050562521,0.9901,12586.79,21289.67,42.15,16471,412
rs146987041,8,14457977,25000,5.52386158462782,0.01978869740821,0.9901,10708.17,24269.81,13.64,16471,374
rs57737477,8,10322818,25000,5.46868951246926,0.0057085377672629,0.9901,17893.70,27948.24,18.19,16471,369
