rsid,chrom,center_pos,window_half_bp,akbari_X,akbari_S,akbari_posterior,geom_mean_tmrca,arith_mean_tmrca,min_tmrca,n_pairs,n_sites
rs2385094,8,126356449,25000,-7.74742805818961,-0.0076256884192594,0.9901,11691.36,21851.23,8.14,21115,283
rs2921098,8,8366246,25000,6.096119500509,0.005020266576606,0.9901,11477.12,21204.30,34.78,21115,330
rs146120306,8,53117658,25000,6.013028428083168,0.0071398316127233,0.9901,15063.04,34141.57,8.52,21115,448
rs4841233,8,9681440,25000,5.948414906457482,0.0081981797559816,0.9901,8385.80,17975.38,9.60,21115,357
rs79007531,8,8869604,25000,5.895642417071577,0.0132102630825873,0.9901,15489.19,23325.77,15.86,21115,391
rs111281369,8,145265892,25000,5.834389261978554,0.0113194168279853,0.9901,,,,0,0
rs4840504,8,10531677,25000,-5.759226134045239,-0.0083360935369793,0.9901,16590.72,29651.64,8.99,21115,406
rs17153607,8,11515193,25000,5.701962905153927,0.0059339898840477,0.9901,13678.61,24072.41,9.27,21115,450
rs7844616,8,72736574,25000,-5.6903861162587015,-0.0082318627524347,0.9901,11074.41,21219.20,4.51,21115,253
rs113700152,8,87433733,25000,5.664539543410999,0.0046666992017003,0.9901,9152.68,19482.55,4.72,21115,295
rs12543924,8,21764743,25000,-5.640134055741875,-0.0046172421671647,0.9901,13897.49,24719.60,12.65,21115,444
rs76613515,8,1004014,25000,5.617668556683739,0.0250441050562521,0.9901,14213.47,21513.26,124.75,21115,459
rs146987041,8,14315486,25000,5.52386158462782,0.01978869740821,0.9901,10539.78,26832.89,4.89,21115,423
rs57737477,8,10180328,25000,5.46868951246926,0.0057085377672629,0.9901,12681.19,22196.08,9.75,21115,343
