rsid,chrom,center_pos,window_half_bp,akbari_X,akbari_S,akbari_posterior,geom_mean_tmrca,arith_mean_tmrca,min_tmrca,n_pairs,n_sites
rs2385094,8,125344207,25000,-7.74742805818961,-0.0076256884192594,0.9901,11173.88,20039.47,4.82,21115,330
rs2921098,8,8508736,25000,6.096119500509,0.005020266576606,0.9901,18715.50,30568.16,34.10,21115,455
rs146120306,8,52205098,25000,6.013028428083168,0.0071398316127233,0.9901,3546.49,9361.36,10.44,21115,313
rs4841233,8,9823930,25000,5.948414906457482,0.0081981797559816,0.9901,9999.60,27737.10,5.68,21115,524
rs79007531,8,9012094,25000,5.895642417071577,0.0132102630825873,0.9901,13952.01,27632.56,9.29,21115,456
rs111281369,8,144210989,25000,5.834389261978554,0.0113194168279853,0.9901,3995.35,8040.77,18.86,21115,224
rs4840504,8,10674167,25000,-5.759226134045239,-0.0083360935369793,0.9901,9891.43,17946.82,5.45,21115,346
rs17153607,8,11657684,25000,5.701962905153927,0.0059339898840477,0.9901,17356.36,24967.31,8.01,21115,404
rs7844616,8,71824339,25000,-5.6903861162587015,-0.0082318627524347,0.9901,13309.71,26091.31,13.73,21115,370
rs113700152,8,86421504,25000,5.664539543410999,0.0046666992017003,0.9901,9081.73,20212.72,14.46,21115,289
rs12543924,8,21907232,25000,-5.640134055741875,-0.0046172421671647,0.9901,10289.01,19198.36,9.43,21115,328
rs76613515,8,1054014,25000,5.617668556683739,0.0250441050562521,0.9901,14026.71,22958.29,125.05,21115,472
rs146987041,8,14457977,25000,5.52386158462782,0.01978869740821,0.9901,6153.46,16545.75,5.13,21115,433
rs57737477,8,10322818,25000,5.46868951246926,0.0057085377672629,0.9901,15995.31,25155.25,9.74,21115,419
