rsid,chrom,center_pos,window_half_bp,akbari_X,akbari_S,akbari_posterior,geom_mean_tmrca,arith_mean_tmrca,min_tmrca,n_pairs,n_sites
rs2385094,8,125344207,25000,-7.74742805818961,-0.0076256884192594,0.9901,10312.87,14922.99,3.02,63190,509
rs2921098,8,8508736,25000,6.096119500509,0.005020266576606,0.9901,19863.85,28054.31,20.11,63190,655
rs146120306,8,52205098,25000,6.013028428083168,0.0071398316127233,0.9901,10154.09,18233.41,3.03,63190,438
rs4841233,8,9823930,25000,5.948414906457482,0.0081981797559816,0.9901,16754.83,29575.01,3.02,63190,912
rs79007531,8,9012094,25000,5.895642417071577,0.0132102630825873,0.9901,17348.97,26330.99,3.02,63190,851
rs111281369,8,144210989,25000,5.834389261978554,0.0113194168279853,0.9901,8982.01,18143.01,3.19,63190,543
rs4840504,8,10674167,25000,-5.759226134045239,-0.0083360935369793,0.9901,18934.60,24967.31,3.11,63190,683
rs17153607,8,11657684,25000,5.701962905153927,0.0059339898840477,0.9901,19850.64,25146.96,3.04,63190,693
rs7844616,8,71824339,25000,-5.6903861162587015,-0.0082318627524347,0.9901,15869.55,24016.01,3.02,63190,567
rs113700152,8,86421504,25000,5.664539543410999,0.0046666992017003,0.9901,8345.44,15237.63,3.03,63190,409
rs12543924,8,21907232,25000,-5.640134055741875,-0.0046172421671647,0.9901,12530.65,18374.02,3.02,63190,478
rs76613515,8,1054014,25000,5.617668556683739,0.0250441050562521,0.9901,18824.56,25912.76,27.68,63190,881
rs146987041,8,14457977,25000,5.52386158462782,0.01978869740821,0.9901,21247.57,30654.93,3.02,63190,813
rs57737477,8,10322818,25000,5.46868951246926,0.0057085377672629,0.9901,16674.14,22978.59,3.03,63190,582
