rsid,chrom,center_pos,window_half_bp,akbari_X,akbari_S,akbari_posterior,geom_mean_tmrca,arith_mean_tmrca,min_tmrca,n_pairs,n_sites
rs2385094,8,126356449,25000,-7.74742805818961,-0.0076256884192594,0.9901,10041.42,21587.82,4.36,49141,474
rs2921098,8,8366246,25000,6.096119500509,0.005020266576606,0.9901,11588.78,21114.67,31.34,49141,323
rs146120306,8,53117658,25000,6.013028428083168,0.0071398316127233,0.9901,16654.95,35126.73,4.37,49141,467
rs4841233,8,9681440,25000,5.948414906457482,0.0081981797559816,0.9901,4703.58,13302.15,4.94,49141,313
rs79007531,8,8869604,25000,5.895642417071577,0.0132102630825873,0.9901,12623.03,20960.15,5.04,49141,403
rs111281369,8,145265892,25000,5.834389261978554,0.0113194168279853,0.9901,,,,0,0
rs4840504,8,10531677,25000,-5.759226134045239,-0.0083360935369793,0.9901,18943.19,32763.25,4.91,49141,478
rs17153607,8,11515193,25000,5.701962905153927,0.0059339898840477,0.9901,14637.50,24986.72,4.87,49141,504
rs7844616,8,72736574,25000,-5.6903861162587015,-0.0082318627524347,0.9901,6837.18,16727.56,4.37,49141,273
rs113700152,8,87433733,25000,5.664539543410999,0.0046666992017003,0.9901,11469.05,22086.00,4.37,49141,424
rs12543924,8,21764743,25000,-5.640134055741875,-0.0046172421671647,0.9901,9188.77,20197.25,4.60,49141,371
rs76613515,8,1004014,25000,5.617668556683739,0.0250441050562521,0.9901,13464.20,21499.70,16.63,49141,491
rs146987041,8,14315486,25000,5.52386158462782,0.01978869740821,0.9901,17125.95,31843.54,4.73,49141,480
rs57737477,8,10180328,25000,5.46868951246926,0.0057085377672629,0.9901,8989.70,18840.93,4.93,49141,366
