rsid,chrom,center_pos,window_half_bp,akbari_X,akbari_S,akbari_posterior,geom_mean_tmrca,arith_mean_tmrca,min_tmrca,n_pairs,n_sites
rs2385094,8,125344207,25000,-7.74742805818961,-0.0076256884192594,0.9901,10408.67,20061.70,4.37,49141,369
rs2921098,8,8508736,25000,6.096119500509,0.005020266576606,0.9901,19530.63,32242.45,26.11,49141,480
rs146120306,8,52205098,25000,6.013028428083168,0.0071398316127233,0.9901,4727.49,13098.48,4.37,49141,323
rs4841233,8,9823930,25000,5.948414906457482,0.0081981797559816,0.9901,9116.01,23752.41,4.94,49141,535
rs79007531,8,9012094,25000,5.895642417071577,0.0132102630825873,0.9901,14256.74,25382.48,5.21,49141,437
rs111281369,8,144210989,25000,5.834389261978554,0.0113194168279853,0.9901,4256.80,8949.12,4.40,49141,293
rs4840504,8,10674167,25000,-5.759226134045239,-0.0083360935369793,0.9901,7746.89,13909.87,4.90,49141,405
rs17153607,8,11657684,25000,5.701962905153927,0.0059339898840477,0.9901,16666.69,24733.44,5.00,49141,446
rs7844616,8,71824339,25000,-5.6903861162587015,-0.0082318627524347,0.9901,15446.62,28326.90,4.37,49141,395
rs113700152,8,86421504,25000,5.664539543410999,0.0046666992017003,0.9901,10173.57,21409.43,4.37,49141,315
rs12543924,8,21907232,25000,-5.640134055741875,-0.0046172421671647,0.9901,10486.51,19114.95,4.59,49141,291
rs76613515,8,1054014,25000,5.617668556683739,0.0250441050562521,0.9901,13039.50,22017.42,16.73,49141,568
rs146987041,8,14457977,25000,5.52386158462782,0.01978869740821,0.9901,10328.94,23528.46,4.73,49141,566
rs57737477,8,10322818,25000,5.46868951246926,0.0057085377672629,0.9901,16528.68,26851.00,4.92,49141,436
