rsid,chrom,center_pos,window_half_bp,akbari_X,akbari_S,akbari_posterior,geom_mean_tmrca,arith_mean_tmrca,min_tmrca,n_pairs,n_sites
rs2385094,8,125344207,25000,-7.74742805818961,-0.0076256884192594,0.9901,10627.96,19246.30,5.94,22791,327
rs2921098,8,8508736,25000,6.096119500509,0.005020266576606,0.9901,17659.25,29335.38,34.89,22791,465
rs146120306,8,52205098,25000,6.013028428083168,0.0071398316127233,0.9901,4016.75,11279.89,12.04,22791,288
rs4841233,8,9823930,25000,5.948414906457482,0.0081981797559816,0.9901,11220.26,28081.71,4.93,22791,530
rs79007531,8,9012094,25000,5.895642417071577,0.0132102630825873,0.9901,14397.84,27545.33,16.16,22791,462
rs111281369,8,144210989,25000,5.834389261978554,0.0113194168279853,0.9901,4235.41,8927.66,13.96,22791,234
rs4840504,8,10674167,25000,-5.759226134045239,-0.0083360935369793,0.9901,8809.30,16417.89,6.83,22791,369
rs17153607,8,11657684,25000,5.701962905153927,0.0059339898840477,0.9901,15234.73,23047.50,10.25,22791,368
rs7844616,8,71824339,25000,-5.6903861162587015,-0.0082318627524347,0.9901,12874.50,25950.42,5.93,22791,375
rs113700152,8,86421504,25000,5.664539543410999,0.0046666992017003,0.9901,9381.84,20469.42,4.36,22791,255
rs12543924,8,21907232,25000,-5.640134055741875,-0.0046172421671647,0.9901,10861.94,19778.21,8.09,22791,321
rs76613515,8,1054014,25000,5.617668556683739,0.0250441050562521,0.9901,15369.95,24236.10,38.45,22791,509
rs146987041,8,14457977,25000,5.52386158462782,0.01978869740821,0.9901,7745.98,18851.30,5.16,22791,414
rs57737477,8,10322818,25000,5.46868951246926,0.0057085377672629,0.9901,17475.96,26066.67,4.99,22791,423
