rsid,chrom,center_pos,window_half_bp,akbari_X,akbari_S,akbari_posterior,geom_mean_tmrca,arith_mean_tmrca,min_tmrca,n_pairs,n_sites
rs2385094,8,126356449,25000,-7.74742805818961,-0.0076256884192594,0.9901,12340.25,22698.17,5.46,22791,318
rs2921098,8,8366246,25000,6.096119500509,0.005020266576606,0.9901,9753.16,19781.39,36.18,22791,364
rs146120306,8,53117658,25000,6.013028428083168,0.0071398316127233,0.9901,16083.56,34898.83,6.51,22791,409
rs4841233,8,9681440,25000,5.948414906457482,0.0081981797559816,0.9901,9888.68,19828.85,9.14,22791,365
rs79007531,8,8869604,25000,5.895642417071577,0.0132102630825873,0.9901,14573.03,21874.77,11.17,22791,417
rs111281369,8,145265892,25000,5.834389261978554,0.0113194168279853,0.9901,,,,0,0
rs4840504,8,10531677,25000,-5.759226134045239,-0.0083360935369793,0.9901,15751.32,28735.55,5.26,22791,405
rs17153607,8,11515193,25000,5.701962905153927,0.0059339898840477,0.9901,15302.52,25093.02,10.16,22791,421
rs7844616,8,72736574,25000,-5.6903861162587015,-0.0082318627524347,0.9901,10376.41,20445.92,8.37,22791,270
rs113700152,8,87433733,25000,5.664539543410999,0.0046666992017003,0.9901,7871.27,17967.45,4.35,22791,304
rs12543924,8,21764743,25000,-5.640134055741875,-0.0046172421671647,0.9901,12697.84,23119.33,17.37,22791,462
rs76613515,8,1004014,25000,5.617668556683739,0.0250441050562521,0.9901,13821.53,21313.35,38.58,22791,468
rs146987041,8,14315486,25000,5.52386158462782,0.01978869740821,0.9901,10680.82,26170.68,12.53,22791,466
rs57737477,8,10180328,25000,5.46868951246926,0.0057085377672629,0.9901,12628.65,21897.75,4.92,22791,339
