rsid,chrom,center_pos,window_half_bp,akbari_X,akbari_S,akbari_posterior,geom_mean_tmrca,arith_mean_tmrca,min_tmrca,n_pairs,n_sites
rs2385094,8,126356449,25000,-7.74742805818961,-0.0076256884192594,0.9901,4835.36,14710.00,29.83,21528,234
rs2921098,8,8366246,25000,6.096119500509,0.005020266576606,0.9901,6047.23,16674.09,74.38,21528,221
rs146120306,8,53117658,25000,6.013028428083168,0.0071398316127233,0.9901,16479.72,36493.05,12.60,21528,376
rs4841233,8,9681440,25000,5.948414906457482,0.0081981797559816,0.9901,12357.58,23435.49,15.67,21528,286
rs79007531,8,8869604,25000,5.895642417071577,0.0132102630825873,0.9901,11611.31,19644.81,45.68,21528,257
rs111281369,8,145265892,25000,5.834389261978554,0.0113194168279853,0.9901,,,,0,0
rs4840504,8,10531677,25000,-5.759226134045239,-0.0083360935369793,0.9901,17117.85,31800.63,34.52,21528,322
rs17153607,8,11515193,25000,5.701962905153927,0.0059339898840477,0.9901,5965.51,17108.74,101.22,21528,242
rs7844616,8,72736574,25000,-5.6903861162587015,-0.0082318627524347,0.9901,7353.83,18762.09,23.29,21528,234
rs113700152,8,87433733,25000,5.664539543410999,0.0046666992017003,0.9901,5401.77,15280.84,4.65,21528,221
rs12543924,8,21764743,25000,-5.640134055741875,-0.0046172421671647,0.9901,18473.83,29211.40,26.64,21528,396
rs76613515,8,1004014,25000,5.617668556683739,0.0250441050562521,0.9901,10680.77,20823.32,81.50,21528,370
rs146987041,8,14315486,25000,5.52386158462782,0.01978869740821,0.9901,15554.25,30721.36,26.24,21528,383
rs57737477,8,10180328,25000,5.46868951246926,0.0057085377672629,0.9901,9544.09,21862.68,36.17,21528,241
