rsid,chrom,center_pos,window_half_bp,akbari_X,akbari_S,akbari_posterior,geom_mean_tmrca,arith_mean_tmrca,min_tmrca,n_pairs,n_sites
rs2385094,8,125344207,25000,-7.74742805818961,-0.0076256884192594,0.9901,9458.69,21764.68,4.83,21528,229
rs2921098,8,8508736,25000,6.096119500509,0.005020266576606,0.9901,14549.86,26184.76,80.66,21528,338
rs146120306,8,52205098,25000,6.013028428083168,0.0071398316127233,0.9901,2804.85,7616.50,8.29,21528,234
rs4841233,8,9823930,25000,5.948414906457482,0.0081981797559816,0.9901,14455.07,34971.67,9.25,21528,431
rs79007531,8,9012094,25000,5.895642417071577,0.0132102630825873,0.9901,7681.90,20190.60,27.93,21528,300
rs111281369,8,144210989,25000,5.834389261978554,0.0113194168279853,0.9901,3069.88,7310.16,75.69,21528,203
rs4840504,8,10674167,25000,-5.759226134045239,-0.0083360935369793,0.9901,5210.62,12291.57,23.72,21528,284
rs17153607,8,11657684,25000,5.701962905153927,0.0059339898840477,0.9901,9251.12,19056.30,81.15,21528,268
rs7844616,8,71824339,25000,-5.6903861162587015,-0.0082318627524347,0.9901,7001.95,19357.02,40.91,21528,296
rs113700152,8,86421504,25000,5.664539543410999,0.0046666992017003,0.9901,6291.39,18569.76,11.12,21528,193
rs12543924,8,21907232,25000,-5.640134055741875,-0.0046172421671647,0.9901,10394.38,19396.45,20.24,21528,291
rs76613515,8,1054014,25000,5.617668556683739,0.0250441050562521,0.9901,12730.37,23787.64,80.84,21528,404
rs146987041,8,14457977,25000,5.52386158462782,0.01978869740821,0.9901,9014.36,19634.23,19.95,21528,348
rs57737477,8,10322818,25000,5.46868951246926,0.0057085377672629,0.9901,10534.83,19184.78,35.05,21528,268
