rsid,chrom,center_pos,window_half_bp,akbari_X,akbari_S,akbari_posterior,geom_mean_tmrca,arith_mean_tmrca,min_tmrca,n_pairs,n_sites
rs2385094,8,125344207,25000,-7.74742805818961,-0.0076256884192594,0.9901,7976.79,19546.95,4.37,29646,236
rs2921098,8,8508736,25000,6.096119500509,0.005020266576606,0.9901,15493.62,27792.28,26.60,29646,408
rs146120306,8,52205098,25000,6.013028428083168,0.0071398316127233,0.9901,4793.54,13815.92,4.67,29646,246
rs4841233,8,9823930,25000,5.948414906457482,0.0081981797559816,0.9901,11891.96,31218.87,4.97,29646,465
rs79007531,8,9012094,25000,5.895642417071577,0.0132102630825873,0.9901,8802.77,22108.19,5.00,29646,322
rs111281369,8,144210989,25000,5.834389261978554,0.0113194168279853,0.9901,2892.88,6642.00,4.38,29646,195
rs4840504,8,10674167,25000,-5.759226134045239,-0.0083360935369793,0.9901,3799.99,7898.82,5.24,29646,350
rs17153607,8,11657684,25000,5.701962905153927,0.0059339898840477,0.9901,11940.57,21253.15,5.16,29646,318
rs7844616,8,71824339,25000,-5.6903861162587015,-0.0082318627524347,0.9901,9295.01,22154.53,4.37,29646,353
rs113700152,8,86421504,25000,5.664539543410999,0.0046666992017003,0.9901,7244.79,18888.52,4.38,29646,252
rs12543924,8,21907232,25000,-5.640134055741875,-0.0046172421671647,0.9901,10733.97,19299.59,4.60,29646,293
rs76613515,8,1054014,25000,5.617668556683739,0.0250441050562521,0.9901,10726.13,22359.10,26.38,29646,409
rs146987041,8,14457977,25000,5.52386158462782,0.01978869740821,0.9901,7375.41,16993.68,4.89,29646,376
rs57737477,8,10322818,25000,5.46868951246926,0.0057085377672629,0.9901,10184.84,19749.09,4.99,29646,360
