rsid,chrom,center_pos,window_half_bp,akbari_X,akbari_S,akbari_posterior,geom_mean_tmrca,arith_mean_tmrca,min_tmrca,n_pairs,n_sites
rs2385094,8,126356449,25000,-7.74742805818961,-0.0076256884192594,0.9901,8448.00,19241.71,4.37,29646,281
rs2921098,8,8366246,25000,6.096119500509,0.005020266576606,0.9901,8207.38,18976.19,32.03,29646,298
rs146120306,8,53117658,25000,6.013028428083168,0.0071398316127233,0.9901,14212.97,33246.12,4.38,29646,368
rs4841233,8,9681440,25000,5.948414906457482,0.0081981797559816,0.9901,11937.00,22844.16,4.97,29646,302
rs79007531,8,8869604,25000,5.895642417071577,0.0132102630825873,0.9901,11643.95,19085.88,5.01,29646,346
rs111281369,8,145265892,25000,5.834389261978554,0.0113194168279853,0.9901,,,,0,0
rs4840504,8,10531677,25000,-5.759226134045239,-0.0083360935369793,0.9901,16242.51,31197.61,5.04,29646,394
rs17153607,8,11515193,25000,5.701962905153927,0.0059339898840477,0.9901,6257.84,18577.12,4.97,29646,318
rs7844616,8,72736574,25000,-5.6903861162587015,-0.0082318627524347,0.9901,6879.24,17529.40,4.37,29646,273
rs113700152,8,87433733,25000,5.664539543410999,0.0046666992017003,0.9901,6953.10,17056.51,4.37,29646,272
rs12543924,8,21764743,25000,-5.640134055741875,-0.0046172421671647,0.9901,16366.88,27265.38,4.61,29646,436
rs76613515,8,1004014,25000,5.617668556683739,0.0250441050562521,0.9901,8718.79,18535.23,26.68,29646,378
rs146987041,8,14315486,25000,5.52386158462782,0.01978869740821,0.9901,18610.54,32891.28,4.76,29646,439
rs57737477,8,10180328,25000,5.46868951246926,0.0057085377672629,0.9901,8065.85,20554.85,4.96,29646,264
