rsid,chrom,center_pos,window_half_bp,akbari_X,akbari_S,akbari_posterior,geom_mean_tmrca,arith_mean_tmrca,min_tmrca,n_pairs,n_sites
rs2385094,8,125344207,25000,-7.74742805818961,-0.0076256884192594,0.9901,10806.52,15438.23,12.37,19503,450
rs2921098,8,8508736,25000,6.096119500509,0.005020266576606,0.9901,22222.99,29523.51,34.17,19503,676
rs146120306,8,52205098,25000,6.013028428083168,0.0071398316127233,0.9901,10195.14,18375.77,8.46,19503,400
rs4841233,8,9823930,25000,5.948414906457482,0.0081981797559816,0.9901,21353.75,32956.50,9.38,19503,846
rs79007531,8,9012094,25000,5.895642417071577,0.0132102630825873,0.9901,17360.33,26852.68,11.04,19503,695
rs111281369,8,144210989,25000,5.834389261978554,0.0113194168279853,0.9901,12303.81,19944.50,9.45,19503,534
rs4840504,8,10674167,25000,-5.759226134045239,-0.0083360935369793,0.9901,18152.25,24234.25,9.54,19503,673
rs17153607,8,11657684,25000,5.701962905153927,0.0059339898840477,0.9901,19816.25,25027.77,7.56,19503,660
rs7844616,8,71824339,25000,-5.6903861162587015,-0.0082318627524347,0.9901,17688.12,25232.49,6.08,19503,587
rs113700152,8,86421504,25000,5.664539543410999,0.0046666992017003,0.9901,11757.78,18251.80,5.69,19503,422
rs12543924,8,21907232,25000,-5.640134055741875,-0.0046172421671647,0.9901,12942.80,18352.25,37.99,19503,458
rs76613515,8,1054014,25000,5.617668556683739,0.0250441050562521,0.9901,16593.63,23933.01,82.79,19503,770
rs146987041,8,14457977,25000,5.52386158462782,0.01978869740821,0.9901,19123.29,28828.27,6.43,19503,821
rs57737477,8,10322818,25000,5.46868951246926,0.0057085377672629,0.9901,17812.00,23612.33,9.24,19503,551
