rsid,chrom,center_pos,window_half_bp,akbari_X,akbari_S,akbari_posterior,geom_mean_tmrca,arith_mean_tmrca,min_tmrca,n_pairs,n_sites
rs2385094,8,125344207,25000,-7.74742805818961,-0.0076256884192594,0.9901,10372.95,15509.95,6.03,19503,447
rs2921098,8,8508736,25000,6.096119500509,0.005020266576606,0.9901,21675.52,29411.55,23.92,19503,660
rs146120306,8,52205098,25000,6.013028428083168,0.0071398316127233,0.9901,11361.55,19084.31,3.04,19503,405
rs4841233,8,9823930,25000,5.948414906457482,0.0081981797559816,0.9901,19293.67,31340.78,5.21,19503,819
rs79007531,8,9012094,25000,5.895642417071577,0.0132102630825873,0.9901,18440.00,27548.20,3.02,19503,773
rs111281369,8,144210989,25000,5.834389261978554,0.0113194168279853,0.9901,9526.02,18767.36,3.12,19503,481
rs4840504,8,10674167,25000,-5.759226134045239,-0.0083360935369793,0.9901,19249.89,25403.03,3.08,19503,614
rs17153607,8,11657684,25000,5.701962905153927,0.0059339898840477,0.9901,20405.42,25637.10,4.86,19503,666
rs7844616,8,71824339,25000,-5.6903861162587015,-0.0082318627524347,0.9901,16675.34,24424.90,4.36,19503,564
rs113700152,8,86421504,25000,5.664539543410999,0.0046666992017003,0.9901,8597.61,15658.09,3.10,19503,378
rs12543924,8,21907232,25000,-5.640134055741875,-0.0046172421671647,0.9901,13069.43,19019.02,3.24,19503,475
rs76613515,8,1054014,25000,5.617668556683739,0.0250441050562521,0.9901,18651.53,26096.50,52.60,19503,703
rs146987041,8,14457977,25000,5.52386158462782,0.01978869740821,0.9901,21534.43,30914.78,3.16,19503,774
rs57737477,8,10322818,25000,5.46868951246926,0.0057085377672629,0.9901,18010.78,23402.66,3.02,19503,524
