rsid,chrom,center_pos,window_half_bp,akbari_X,akbari_S,akbari_posterior,geom_mean_tmrca,arith_mean_tmrca,min_tmrca,n_pairs,n_sites
rs2385094,8,126356449,25000,-7.74742805818961,-0.0076256884192594,0.9901,19270.19,29879.78,3.23,19503,676
rs2921098,8,8366246,25000,6.096119500509,0.005020266576606,0.9901,16359.18,21773.23,50.15,19503,501
rs146120306,8,53117658,25000,6.013028428083168,0.0071398316127233,0.9901,19105.04,30051.33,3.46,19503,576
rs4841233,8,9681440,25000,5.948414906457482,0.0081981797559816,0.9901,9507.87,18144.10,3.29,19503,463
rs79007531,8,8869604,25000,5.895642417071577,0.0132102630825873,0.9901,17823.87,25238.80,7.58,19503,656
rs111281369,8,145265892,25000,5.834389261978554,0.0113194168279853,0.9901,,,,0,0
rs4840504,8,10531677,25000,-5.759226134045239,-0.0083360935369793,0.9901,23630.98,30452.99,3.02,19503,701
rs17153607,8,11515193,25000,5.701962905153927,0.0059339898840477,0.9901,19717.57,26489.23,3.26,19503,778
rs7844616,8,72736574,25000,-5.6903861162587015,-0.0082318627524347,0.9901,8460.88,14531.11,3.02,19503,403
rs113700152,8,87433733,25000,5.664539543410999,0.0046666992017003,0.9901,14183.38,21248.21,5.48,19503,680
rs12543924,8,21764743,25000,-5.640134055741875,-0.0046172421671647,0.9901,20548.58,26291.63,3.13,19503,566
rs76613515,8,1004014,25000,5.617668556683739,0.0250441050562521,0.9901,14343.16,19976.83,53.78,19503,635
rs146987041,8,14315486,25000,5.52386158462782,0.01978869740821,0.9901,18671.37,27844.11,3.32,19503,678
rs57737477,8,10180328,25000,5.46868951246926,0.0057085377672629,0.9901,18253.40,23839.10,3.02,19503,521
