rsid,chrom,center_pos,window_half_bp,akbari_X,akbari_S,akbari_posterior,geom_mean_tmrca,arith_mean_tmrca,min_tmrca,n_pairs,n_sites
rs2385094,8,125344207,25000,-7.74742805818961,-0.0076256884192594,0.9901,8697.71,19909.68,4.36,18721,354
rs2921098,8,8508736,25000,6.096119500509,0.005020266576606,0.9901,16932.53,29244.66,25.50,18721,441
rs146120306,8,52205098,25000,6.013028428083168,0.0071398316127233,0.9901,4985.48,13256.03,4.37,18721,323
rs4841233,8,9823930,25000,5.948414906457482,0.0081981797559816,0.9901,12607.43,28308.79,4.95,18721,484
rs79007531,8,9012094,25000,5.895642417071577,0.0132102630825873,0.9901,6983.63,18154.84,5.01,18721,359
rs111281369,8,144210989,25000,5.834389261978554,0.0113194168279853,0.9901,4647.87,10825.14,4.36,18721,300
rs4840504,8,10674167,25000,-5.759226134045239,-0.0083360935369793,0.9901,6882.14,13201.76,4.90,18721,323
rs17153607,8,11657684,25000,5.701962905153927,0.0059339898840477,0.9901,16478.30,24994.78,5.02,18721,400
rs7844616,8,71824339,25000,-5.6903861162587015,-0.0082318627524347,0.9901,16595.39,29529.72,4.36,18721,382
rs113700152,8,86421504,25000,5.664539543410999,0.0046666992017003,0.9901,6256.93,17958.21,4.36,18721,305
rs12543924,8,21907232,25000,-5.640134055741875,-0.0046172421671647,0.9901,8077.13,16760.65,4.59,18721,295
rs76613515,8,1054014,25000,5.617668556683739,0.0250441050562521,0.9901,13404.17,23824.02,15.63,18721,503
rs146987041,8,14457977,25000,5.52386158462782,0.01978869740821,0.9901,12319.15,24906.51,4.73,18721,414
rs57737477,8,10322818,25000,5.46868951246926,0.0057085377672629,0.9901,14940.37,25064.22,4.93,18721,370
