rsid,chrom,center_pos,window_half_bp,akbari_X,akbari_S,akbari_posterior,geom_mean_tmrca,arith_mean_tmrca,min_tmrca,n_pairs,n_sites
rs2385094,8,125344207,25000,-7.74742805818961,-0.0076256884192594,0.9901,11065.90,19672.52,4.35,42486,344
rs2921098,8,8508736,25000,6.096119500509,0.005020266576606,0.9901,20767.24,31684.49,25.15,42486,475
rs146120306,8,52205098,25000,6.013028428083168,0.0071398316127233,0.9901,4226.37,10931.17,4.36,42486,323
rs4841233,8,9823930,25000,5.948414906457482,0.0081981797559816,0.9901,9809.17,26652.85,4.92,42486,554
rs79007531,8,9012094,25000,5.895642417071577,0.0132102630825873,0.9901,13772.47,25762.16,4.98,42486,503
rs111281369,8,144210989,25000,5.834389261978554,0.0113194168279853,0.9901,3904.02,8268.24,4.36,42486,262
rs4840504,8,10674167,25000,-5.759226134045239,-0.0083360935369793,0.9901,8886.44,15883.65,4.88,42486,386
rs17153607,8,11657684,25000,5.701962905153927,0.0059339898840477,0.9901,17246.91,24653.25,4.84,42486,430
rs7844616,8,71824339,25000,-5.6903861162587015,-0.0082318627524347,0.9901,15353.08,27489.65,4.35,42486,396
rs113700152,8,86421504,25000,5.664539543410999,0.0046666992017003,0.9901,8689.72,19808.75,4.36,42486,300
rs12543924,8,21907232,25000,-5.640134055741875,-0.0046172421671647,0.9901,7481.43,15951.76,4.58,42486,338
rs76613515,8,1054014,25000,5.617668556683739,0.0250441050562521,0.9901,14717.62,24229.73,26.19,42486,555
rs146987041,8,14457977,25000,5.52386158462782,0.01978869740821,0.9901,8201.47,19925.04,4.72,42486,478
rs57737477,8,10322818,25000,5.46868951246926,0.0057085377672629,0.9901,18723.84,26672.17,4.90,42486,478
