rsid,chrom,center_pos,window_half_bp,akbari_X,akbari_S,akbari_posterior,geom_mean_tmrca,arith_mean_tmrca,min_tmrca,n_pairs,n_sites
rs2385094,8,126356449,25000,-7.74742805818961,-0.0076256884192594,0.9901,10717.33,21510.08,4.35,42486,323
rs2921098,8,8366246,25000,6.096119500509,0.005020266576606,0.9901,11551.65,21089.01,28.22,42486,344
rs146120306,8,53117658,25000,6.013028428083168,0.0071398316127233,0.9901,16181.86,34950.62,4.36,42486,463
rs4841233,8,9681440,25000,5.948414906457482,0.0081981797559816,0.9901,9162.24,18850.86,7.08,42486,310
rs79007531,8,8869604,25000,5.895642417071577,0.0132102630825873,0.9901,15107.90,22426.15,5.07,42486,444
rs111281369,8,145265892,25000,5.834389261978554,0.0113194168279853,0.9901,,,,0,0
rs4840504,8,10531677,25000,-5.759226134045239,-0.0083360935369793,0.9901,16383.36,29250.55,4.89,42486,467
rs17153607,8,11515193,25000,5.701962905153927,0.0059339898840477,0.9901,15266.52,25218.49,4.85,42486,494
rs7844616,8,72736574,25000,-5.6903861162587015,-0.0082318627524347,0.9901,9680.90,20066.68,4.35,42486,291
rs113700152,8,87433733,25000,5.664539543410999,0.0046666992017003,0.9901,10306.47,20616.64,4.35,42486,322
rs12543924,8,21764743,25000,-5.640134055741875,-0.0046172421671647,0.9901,12164.28,23430.18,4.63,42486,472
rs76613515,8,1004014,25000,5.617668556683739,0.0250441050562521,0.9901,13989.09,21553.80,26.75,42486,503
rs146987041,8,14315486,25000,5.52386158462782,0.01978869740821,0.9901,12179.87,27636.78,4.72,42486,512
rs57737477,8,10180328,25000,5.46868951246926,0.0057085377672629,0.9901,12161.08,21847.64,4.91,42486,391
