rsid,chrom,center_pos,window_half_bp,akbari_X,akbari_S,akbari_posterior,geom_mean_tmrca,arith_mean_tmrca,min_tmrca,n_pairs,n_sites
rs2385094,8,126356449,25000,-7.74742805818961,-0.0076256884192594,0.9901,9454.00,22713.03,3.17,38503,635
rs2921098,8,8366246,25000,6.096119500509,0.005020266576606,0.9901,13254.52,21490.91,27.36,38503,479
rs146120306,8,53117658,25000,6.013028428083168,0.0071398316127233,0.9901,18142.21,33932.29,3.41,38503,533
rs4841233,8,9681440,25000,5.948414906457482,0.0081981797559816,0.9901,6484.38,16380.89,4.13,38503,396
rs79007531,8,8869604,25000,5.895642417071577,0.0132102630825873,0.9901,14040.99,22288.98,4.13,38503,557
rs111281369,8,145265892,25000,5.834389261978554,0.0113194168279853,0.9901,,,,0,0
rs4840504,8,10531677,25000,-5.759226134045239,-0.0083360935369793,0.9901,18944.91,31226.26,4.11,38503,606
rs17153607,8,11515193,25000,5.701962905153927,0.0059339898840477,0.9901,13269.75,23375.32,4.09,38503,595
rs7844616,8,72736574,25000,-5.6903861162587015,-0.0082318627524347,0.9901,9973.52,18710.62,3.29,38503,366
rs113700152,8,87433733,25000,5.664539543410999,0.0046666992017003,0.9901,11314.00,21469.25,3.22,38503,553
rs12543924,8,21764743,25000,-5.640134055741875,-0.0046172421671647,0.9901,13127.80,23179.92,3.84,38503,520
rs76613515,8,1004014,25000,5.617668556683739,0.0250441050562521,0.9901,13165.18,20866.20,14.81,38503,559
rs146987041,8,14315486,25000,5.52386158462782,0.01978869740821,0.9901,19068.15,31024.23,3.96,38503,591
rs57737477,8,10180328,25000,5.46868951246926,0.0057085377672629,0.9901,10380.42,19624.20,4.12,38503,495
