rsid,chrom,center_pos,window_half_bp,akbari_X,akbari_S,akbari_posterior,geom_mean_tmrca,arith_mean_tmrca,min_tmrca,n_pairs,n_sites
rs2385094,8,125344207,25000,-7.74742805818961,-0.0076256884192594,0.9901,9767.73,18892.78,3.17,38503,425
rs2921098,8,8508736,25000,6.096119500509,0.005020266576606,0.9901,21980.81,32227.30,23.03,38503,573
rs146120306,8,52205098,25000,6.013028428083168,0.0071398316127233,0.9901,5011.04,13097.33,3.42,38503,402
rs4841233,8,9823930,25000,5.948414906457482,0.0081981797559816,0.9901,11391.75,26663.74,4.12,38503,697
rs79007531,8,9012094,25000,5.895642417071577,0.0132102630825873,0.9901,16569.20,27498.06,4.12,38503,684
rs111281369,8,144210989,25000,5.834389261978554,0.0113194168279853,0.9901,5162.71,11000.77,3.17,38503,468
rs4840504,8,10674167,25000,-5.759226134045239,-0.0083360935369793,0.9901,7733.17,14141.10,4.11,38503,472
rs17153607,8,11657684,25000,5.701962905153927,0.0059339898840477,0.9901,17755.89,25250.37,4.18,38503,548
rs7844616,8,71824339,25000,-5.6903861162587015,-0.0082318627524347,0.9901,15434.12,26388.35,3.29,38503,519
rs113700152,8,86421504,25000,5.664539543410999,0.0046666992017003,0.9901,10166.57,20131.99,3.23,38503,404
rs12543924,8,21907232,25000,-5.640134055741875,-0.0046172421671647,0.9901,9017.06,17052.61,3.84,38503,427
rs76613515,8,1054014,25000,5.617668556683739,0.0250441050562521,0.9901,12750.22,21627.95,14.61,38503,706
rs146987041,8,14457977,25000,5.52386158462782,0.01978869740821,0.9901,13874.82,25919.31,3.96,38503,722
rs57737477,8,10322818,25000,5.46868951246926,0.0057085377672629,0.9901,16142.19,25389.01,4.12,38503,530
