rsid,chrom,center_pos,window_half_bp,akbari_X,akbari_S,akbari_posterior,geom_mean_tmrca,arith_mean_tmrca,min_tmrca,n_pairs,n_sites
rs2385094,8,126356449,25000,-7.74742805818961,-0.0076256884192594,0.9901,11120.78,21886.05,4.35,25878,330
rs2921098,8,8366246,25000,6.096119500509,0.005020266576606,0.9901,12442.99,21795.03,30.44,25878,389
rs146120306,8,53117658,25000,6.013028428083168,0.0071398316127233,0.9901,16390.80,35111.38,4.37,25878,437
rs4841233,8,9681440,25000,5.948414906457482,0.0081981797559816,0.9901,9200.05,19184.87,4.92,25878,350
rs79007531,8,8869604,25000,5.895642417071577,0.0132102630825873,0.9901,14836.65,22142.71,5.01,25878,410
rs111281369,8,145265892,25000,5.834389261978554,0.0113194168279853,0.9901,,,,0,0
rs4840504,8,10531677,25000,-5.759226134045239,-0.0083360935369793,0.9901,16370.83,29115.65,4.89,25878,440
rs17153607,8,11515193,25000,5.701962905153927,0.0059339898840477,0.9901,15325.94,25840.97,4.92,25878,442
rs7844616,8,72736574,25000,-5.6903861162587015,-0.0082318627524347,0.9901,10491.04,20485.22,4.42,25878,269
rs113700152,8,87433733,25000,5.664539543410999,0.0046666992017003,0.9901,9289.42,19373.73,4.35,25878,328
rs12543924,8,21764743,25000,-5.640134055741875,-0.0046172421671647,0.9901,13454.25,23595.04,4.57,25878,442
rs76613515,8,1004014,25000,5.617668556683739,0.0250441050562521,0.9901,13765.94,20850.53,36.89,25878,457
rs146987041,8,14315486,25000,5.52386158462782,0.01978869740821,0.9901,10620.77,25760.04,4.80,25878,495
rs57737477,8,10180328,25000,5.46868951246926,0.0057085377672629,0.9901,12985.39,22393.12,5.03,25878,357
