rsid,chrom,center_pos,window_half_bp,akbari_X,akbari_S,akbari_posterior,geom_mean_tmrca,arith_mean_tmrca,min_tmrca,n_pairs,n_sites
rs2385094,8,125344207,25000,-7.74742805818961,-0.0076256884192594,0.9901,10936.43,20503.02,4.90,25878,284
rs2921098,8,8508736,25000,6.096119500509,0.005020266576606,0.9901,19659.32,30696.56,24.98,25878,501
rs146120306,8,52205098,25000,6.013028428083168,0.0071398316127233,0.9901,4647.56,12517.46,4.44,25878,301
rs4841233,8,9823930,25000,5.948414906457482,0.0081981797559816,0.9901,10736.10,27284.16,4.96,25878,537
rs79007531,8,9012094,25000,5.895642417071577,0.0132102630825873,0.9901,16192.89,29838.54,5.19,25878,477
rs111281369,8,144210989,25000,5.834389261978554,0.0113194168279853,0.9901,3924.44,8294.19,4.35,25878,248
rs4840504,8,10674167,25000,-5.759226134045239,-0.0083360935369793,0.9901,9156.93,16283.48,4.88,25878,368
rs17153607,8,11657684,25000,5.701962905153927,0.0059339898840477,0.9901,16191.32,23694.51,5.10,25878,404
rs7844616,8,71824339,25000,-5.6903861162587015,-0.0082318627524347,0.9901,11830.62,24436.01,4.35,25878,363
rs113700152,8,86421504,25000,5.664539543410999,0.0046666992017003,0.9901,9283.78,20652.81,4.74,25878,281
rs12543924,8,21907232,25000,-5.640134055741875,-0.0046172421671647,0.9901,10514.04,19151.69,4.57,25878,327
rs76613515,8,1054014,25000,5.617668556683739,0.0250441050562521,0.9901,15257.64,23894.63,42.55,25878,522
rs146987041,8,14457977,25000,5.52386158462782,0.01978869740821,0.9901,6626.11,16732.08,4.72,25878,455
rs57737477,8,10322818,25000,5.46868951246926,0.0057085377672629,0.9901,17447.36,25506.57,5.24,25878,450
