rsid,chrom,center_pos,window_half_bp,akbari_X,akbari_S,akbari_posterior,geom_mean_tmrca,arith_mean_tmrca,min_tmrca,n_pairs,n_sites
rs2385094,8,126356449,25000,-7.74742805818961,-0.0076256884192594,0.9901,7159.10,17198.81,9.07,22791,304
rs2921098,8,8366246,25000,6.096119500509,0.005020266576606,0.9901,11718.89,21303.11,39.97,22791,302
rs146120306,8,53117658,25000,6.013028428083168,0.0071398316127233,0.9901,16264.09,35191.35,15.02,22791,411
rs4841233,8,9681440,25000,5.948414906457482,0.0081981797559816,0.9901,5202.81,14898.97,26.38,22791,275
rs79007531,8,8869604,25000,5.895642417071577,0.0132102630825873,0.9901,12984.08,21229.84,21.78,22791,372
rs111281369,8,145265892,25000,5.834389261978554,0.0113194168279853,0.9901,,,,0,0
rs4840504,8,10531677,25000,-5.759226134045239,-0.0083360935369793,0.9901,18616.61,32265.59,5.33,22791,421
rs17153607,8,11515193,25000,5.701962905153927,0.0059339898840477,0.9901,15921.20,26599.57,20.84,22791,453
rs7844616,8,72736574,25000,-5.6903861162587015,-0.0082318627524347,0.9901,8793.97,18952.56,8.79,22791,260
rs113700152,8,87433733,25000,5.664539543410999,0.0046666992017003,0.9901,9728.78,20568.92,14.37,22791,270
rs12543924,8,21764743,25000,-5.640134055741875,-0.0046172421671647,0.9901,10056.54,21438.20,76.27,22791,365
rs76613515,8,1004014,25000,5.617668556683739,0.0250441050562521,0.9901,12660.76,20829.46,104.00,22791,392
rs146987041,8,14315486,25000,5.52386158462782,0.01978869740821,0.9901,18629.78,32866.11,13.88,22791,440
rs57737477,8,10180328,25000,5.46868951246926,0.0057085377672629,0.9901,8872.57,18779.80,10.32,22791,309
