rsid,chrom,center_pos,window_half_bp,akbari_X,akbari_S,akbari_posterior,geom_mean_tmrca,arith_mean_tmrca,min_tmrca,n_pairs,n_sites
rs2385094,8,125344207,25000,-7.74742805818961,-0.0076256884192594,0.9901,10679.48,20637.91,12.11,22791,341
rs2921098,8,8508736,25000,6.096119500509,0.005020266576606,0.9901,21111.36,32996.32,40.05,22791,484
rs146120306,8,52205098,25000,6.013028428083168,0.0071398316127233,0.9901,5380.40,14103.61,17.17,22791,325
rs4841233,8,9823930,25000,5.948414906457482,0.0081981797559816,0.9901,9512.71,26132.28,6.78,22791,471
rs79007531,8,9012094,25000,5.895642417071577,0.0132102630825873,0.9901,13543.66,24586.93,26.04,22791,430
rs111281369,8,144210989,25000,5.834389261978554,0.0113194168279853,0.9901,3899.96,8242.79,40.29,22791,226
rs4840504,8,10674167,25000,-5.759226134045239,-0.0083360935369793,0.9901,7449.64,13405.40,8.47,22791,241
rs17153607,8,11657684,25000,5.701962905153927,0.0059339898840477,0.9901,17510.63,25760.87,20.84,22791,401
rs7844616,8,71824339,25000,-5.6903861162587015,-0.0082318627524347,0.9901,16090.80,29009.64,24.75,22791,369
rs113700152,8,86421504,25000,5.664539543410999,0.0046666992017003,0.9901,10345.29,21508.14,31.49,22791,266
rs12543924,8,21907232,25000,-5.640134055741875,-0.0046172421671647,0.9901,10292.71,18832.88,24.12,22791,271
rs76613515,8,1054014,25000,5.617668556683739,0.0250441050562521,0.9901,13359.75,21921.67,102.86,22791,478
rs146987041,8,14457977,25000,5.52386158462782,0.01978869740821,0.9901,11732.92,24717.44,8.88,22791,439
rs57737477,8,10322818,25000,5.46868951246926,0.0057085377672629,0.9901,16862.77,26979.81,10.20,22791,392
