rsid,chrom,center_pos,window_half_bp,akbari_X,akbari_S,akbari_posterior,geom_mean_tmrca,arith_mean_tmrca,min_tmrca,n_pairs,n_sites
rs2385094,8,126356449,25000,-7.74742805818961,-0.0076256884192594,0.9901,20447.85,32675.77,3.02,63190,746
rs2921098,8,8366246,25000,6.096119500509,0.005020266576606,0.9901,16224.92,21756.64,22.17,63190,531
rs146120306,8,53117658,25000,6.013028428083168,0.0071398316127233,0.9901,18194.18,30132.76,3.03,63190,603
rs4841233,8,9681440,25000,5.948414906457482,0.0081981797559816,0.9901,7711.71,16411.90,3.02,63190,573
rs79007531,8,8869604,25000,5.895642417071577,0.0132102630825873,0.9901,18030.58,25073.15,3.08,63190,712
rs111281369,8,145265892,25000,5.834389261978554,0.0113194168279853,0.9901,,,,0,0
rs4840504,8,10531677,25000,-5.759226134045239,-0.0083360935369793,0.9901,21593.54,30077.65,3.03,63190,720
rs17153607,8,11515193,25000,5.701962905153927,0.0059339898840477,0.9901,17912.01,25678.76,3.08,63190,809
rs7844616,8,72736574,25000,-5.6903861162587015,-0.0082318627524347,0.9901,7708.33,14528.87,3.02,63190,460
rs113700152,8,87433733,25000,5.664539543410999,0.0046666992017003,0.9901,14704.35,22382.13,3.02,63190,718
rs12543924,8,21764743,25000,-5.640134055741875,-0.0046172421671647,0.9901,19498.50,26142.47,3.03,63190,639
rs76613515,8,1004014,25000,5.617668556683739,0.0250441050562521,0.9901,13179.66,19098.95,12.51,63190,736
rs146987041,8,14315486,25000,5.52386158462782,0.01978869740821,0.9901,17535.21,26902.26,3.03,63190,709
rs57737477,8,10180328,25000,5.46868951246926,0.0057085377672629,0.9901,16717.71,23331.51,3.02,63190,599
